event_id,machine_id,start_time,end_time,type,reason_code,order_id
1,28,2026-05-24 23:56:00,2026-05-25 02:42:00,unplanned,MAT-01,
2,35,2026-04-03 02:39:00,2026-04-03 03:46:00,unplanned,MEC-02,4026.0
3,1,2026-04-20 12:30:00,2026-04-20 13:13:00,planned,MEC-02,2189.0
4,30,2026-05-24 02:30:00,2026-05-24 04:25:00,planned,CAL-01,
5,43,2026-05-31 13:14:00,2026-05-31 13:46:00,unplanned,CAL-01,
6,6,2026-02-19 14:00:00,2026-02-19 16:06:00,unplanned,CAL-01,1981.0
7,49,2026-01-12 23:38:00,2026-01-12 23:47:00,planned,MEC-02,
8,7,2026-04-15 04:05:00,2026-04-15 06:54:00,unplanned,MAT-01,
9,44,2026-03-25 16:26:00,2026-03-25 16:57:00,unplanned,ELEC-01,
10,29,2026-06-11 14:40:00,2026-06-11 14:46:00,unplanned,MEC-02,1916.0
11,22,2026-03-17 20:13:00,2026-03-17 20:48:00,unplanned,MAT-01,3365.0
12,20,2026-02-12 12:14:00,2026-02-12 14:05:00,planned,MEC-02,5583.0
13,32,2026-06-25 02:00:00,2026-06-25 04:03:00,planned,MEC-01,
14,47,2026-06-13 19:36:00,2026-06-13 20:24:00,planned,CAL-01,572.0
15,25,2026-05-27 23:34:00,2026-05-28 01:45:00,unplanned,MEC-01,4920.0
16,15,2026-03-15 14:15:00,2026-03-15 16:56:00,planned,CAL-01,
17,12,2026-01-19 03:32:00,2026-01-19 04:56:00,unplanned,MEC-02,
18,6,2026-02-25 08:09:00,2026-02-25 09:11:00,planned,MAT-01,2229.0
19,40,2026-03-07 02:22:00,2026-03-07 04:33:00,unplanned,MEC-01,6989.0
20,32,2026-04-28 14:27:00,2026-04-28 14:45:00,planned,MAT-01,9269.0
21,45,2026-05-08 13:22:00,2026-05-08 16:08:00,unplanned,ELEC-01,4381.0
22,27,2026-05-08 09:22:00,2026-05-08 12:08:00,unplanned,CAL-01,3491.0
23,50,2026-01-05 16:34:00,2026-01-05 18:07:00,unplanned,MAT-01,2036.0
24,45,2026-06-22 00:48:00,2026-06-22 01:33:00,planned,MAT-01,725.0
25,26,2026-01-08 23:35:00,2026-01-09 00:04:00,planned,MEC-02,4535.0
26,17,2026-03-15 07:32:00,2026-03-15 09:53:00,planned,ELEC-01,5700.0
27,49,2026-05-01 15:44:00,2026-05-01 17:27:00,unplanned,ELEC-01,4206.0
28,16,2026-03-31 13:29:00,2026-03-31 15:56:00,planned,MEC-02,8411.0
29,36,2026-05-16 07:26:00,2026-05-16 09:33:00,unplanned,MAT-01,9120.0
30,18,2026-03-03 18:04:00,2026-03-03 20:20:00,unplanned,MAT-01,1812.0
31,36,2026-05-17 16:34:00,2026-05-17 19:21:00,unplanned,MEC-01,
32,39,2026-02-16 02:40:00,2026-02-16 03:37:00,planned,MEC-02,9061.0
33,30,2026-03-10 22:33:00,2026-03-10 23:38:00,planned,ELEC-01,2809.0
34,42,2026-03-28 22:26:00,2026-03-28 22:35:00,planned,MEC-02,6177.0
35,15,2026-02-11 04:30:00,2026-02-11 06:47:00,unplanned,MEC-01,9955.0
36,19,2026-02-09 16:19:00,2026-02-09 16:53:00,planned,CAL-01,4686.0
37,12,2026-06-04 17:17:00,2026-06-04 17:27:00,unplanned,MEC-02,
38,26,2026-01-11 10:28:00,2026-01-11 13:27:00,planned,MAT-01,
39,15,2026-03-20 16:49:00,2026-03-20 17:47:00,unplanned,MAT-01,1548.0
40,44,2026-01-08 23:49:00,2026-01-09 02:18:00,unplanned,MEC-01,6855.0
41,5,2026-03-05 05:17:00,2026-03-05 08:14:00,planned,CAL-01,8178.0
42,13,2026-01-14 00:40:00,2026-01-14 01:22:00,planned,MEC-02,2421.0
43,12,2026-06-18 23:28:00,2026-06-19 00:17:00,unplanned,ELEC-01,8814.0
44,10,2026-06-11 11:09:00,2026-06-11 13:35:00,unplanned,CAL-01,
45,27,2026-06-22 19:01:00,2026-06-22 21:15:00,planned,CAL-01,8545.0
46,35,2026-06-02 22:02:00,2026-06-02 22:19:00,unplanned,MAT-01,9218.0
47,26,2026-01-16 05:16:00,2026-01-16 05:54:00,planned,CAL-01,
48,32,2026-03-17 00:12:00,2026-03-17 00:36:00,unplanned,MAT-01,
49,12,2026-01-12 01:27:00,2026-01-12 03:50:00,planned,CAL-01,
50,39,2026-01-31 04:39:00,2026-01-31 06:40:00,planned,MEC-02,2766.0
51,9,2026-01-05 23:30:00,2026-01-06 00:51:00,unplanned,ELEC-01,9980.0
52,44,2026-05-21 16:32:00,2026-05-21 17:39:00,planned,MEC-01,
53,3,2026-06-27 03:46:00,2026-06-27 06:14:00,unplanned,ELEC-01,7307.0
54,5,2026-01-22 09:22:00,2026-01-22 11:13:00,unplanned,MEC-01,4515.0
55,37,2026-01-05 15:19:00,2026-01-05 16:43:00,unplanned,CAL-01,8531.0
56,14,2026-02-20 19:26:00,2026-02-20 19:45:00,unplanned,MAT-01,
57,4,2026-06-18 22:32:00,2026-06-18 23:36:00,unplanned,MEC-02,2854.0
58,27,2026-01-18 06:19:00,2026-01-18 07:45:00,unplanned,MEC-01,988.0
59,3,2026-02-21 06:53:00,2026-02-21 07:11:00,unplanned,MAT-01,8821.0
60,2,2026-01-26 00:49:00,2026-01-26 01:33:00,planned,MAT-01,
61,3,2026-05-30 20:56:00,2026-05-30 23:40:00,planned,MEC-02,5771.0
62,3,2026-05-05 16:23:00,2026-05-05 16:46:00,unplanned,MEC-02,2583.0
63,12,2026-02-09 04:30:00,2026-02-09 04:47:00,planned,MAT-01,8987.0
64,13,2026-01-17 10:11:00,2026-01-17 12:00:00,unplanned,MEC-01,703.0
65,1,2026-02-08 08:27:00,2026-02-08 08:55:00,planned,CAL-01,4866.0
66,2,2026-06-07 20:50:00,2026-06-07 22:10:00,unplanned,MEC-02,
67,3,2026-01-18 22:17:00,2026-01-19 01:15:00,unplanned,ELEC-01,7253.0
68,19,2026-01-21 14:14:00,2026-01-21 16:21:00,planned,MAT-01,
69,38,2026-01-10 20:28:00,2026-01-10 22:28:00,unplanned,MEC-02,6164.0
70,44,2026-06-21 02:41:00,2026-06-21 04:37:00,planned,CAL-01,
71,45,2026-06-20 15:54:00,2026-06-20 16:00:00,planned,ELEC-01,5838.0
72,17,2026-04-04 23:18:00,2026-04-05 00:56:00,planned,MAT-01,9349.0
73,42,2026-03-01 21:52:00,2026-03-01 23:18:00,planned,CAL-01,3374.0
74,12,2026-04-22 09:17:00,2026-04-22 11:00:00,unplanned,ELEC-01,9820.0
75,10,2026-03-01 16:25:00,2026-03-01 19:06:00,unplanned,MAT-01,9851.0
76,7,2026-06-03 20:03:00,2026-06-03 22:42:00,unplanned,MAT-01,
77,18,2026-02-13 23:20:00,2026-02-14 01:52:00,planned,MAT-01,7566.0
78,18,2026-04-26 23:48:00,2026-04-27 02:24:00,planned,ELEC-01,1898.0
79,37,2026-02-14 08:53:00,2026-02-14 11:06:00,planned,MEC-01,8517.0
80,1,2026-06-22 08:03:00,2026-06-22 08:54:00,planned,MAT-01,2171.0
81,29,2026-06-15 15:38:00,2026-06-15 16:45:00,planned,MEC-01,9929.0
82,8,2026-03-28 23:01:00,2026-03-29 01:23:00,planned,MAT-01,8874.0
83,12,2026-03-07 16:33:00,2026-03-07 17:49:00,unplanned,MEC-01,1701.0
84,15,2026-01-12 03:21:00,2026-01-12 05:05:00,planned,CAL-01,
85,12,2026-01-08 10:26:00,2026-01-08 10:53:00,unplanned,MAT-01,4367.0
86,21,2026-03-31 07:42:00,2026-03-31 09:36:00,planned,MAT-01,8442.0
87,1,2026-04-14 16:58:00,2026-04-14 18:32:00,planned,CAL-01,9408.0
88,12,2026-01-12 05:56:00,2026-01-12 06:54:00,unplanned,CAL-01,7420.0
89,14,2026-02-24 03:23:00,2026-02-24 06:10:00,unplanned,MAT-01,3417.0
90,44,2026-01-13 06:51:00,2026-01-13 09:46:00,unplanned,MAT-01,7738.0
91,46,2026-05-06 14:19:00,2026-05-06 15:30:00,planned,MEC-02,
92,34,2026-01-15 03:45:00,2026-01-15 04:50:00,planned,MEC-01,6581.0
93,1,2026-05-09 05:43:00,2026-05-09 07:48:00,planned,CAL-01,
94,15,2026-06-01 15:07:00,2026-06-01 16:59:00,planned,MEC-02,3845.0
95,7,2026-06-03 14:39:00,2026-06-03 15:17:00,unplanned,MAT-01,1086.0
96,9,2026-04-13 02:25:00,2026-04-13 04:18:00,planned,ELEC-01,5969.0
97,40,2026-03-10 04:46:00,2026-03-10 06:37:00,planned,MEC-02,8621.0
98,12,2026-05-07 02:44:00,2026-05-07 05:22:00,unplanned,MAT-01,
99,34,2026-05-27 04:38:00,2026-05-27 06:52:00,unplanned,MEC-02,
100,16,2026-05-17 06:45:00,2026-05-17 09:27:00,planned,MEC-02,2785.0
101,42,2026-06-10 15:21:00,2026-06-10 17:26:00,unplanned,MAT-01,6519.0
102,24,2026-03-21 17:55:00,2026-03-21 19:26:00,unplanned,MEC-02,480.0
103,28,2026-06-27 08:03:00,2026-06-27 10:57:00,unplanned,MEC-02,9783.0
104,42,2026-01-03 22:01:00,2026-01-04 00:00:00,unplanned,MEC-02,1910.0
105,5,2026-01-25 12:16:00,2026-01-25 12:37:00,unplanned,MEC-01,
106,28,2026-01-14 16:47:00,2026-01-14 18:38:00,unplanned,MEC-01,6883.0
107,23,2026-01-16 02:31:00,2026-01-16 03:58:00,planned,ELEC-01,103.0
108,2,2026-01-16 15:07:00,2026-01-16 15:21:00,unplanned,MEC-02,
109,13,2026-05-30 07:11:00,2026-05-30 09:22:00,unplanned,MEC-02,
110,15,2026-03-30 06:16:00,2026-03-30 07:37:00,unplanned,CAL-01,7581.0
111,33,2026-04-18 00:50:00,2026-04-18 01:51:00,unplanned,MAT-01,8426.0
112,4,2026-04-02 22:09:00,2026-04-03 00:11:00,planned,MEC-01,4441.0
113,13,2026-02-16 05:35:00,2026-02-16 06:41:00,unplanned,MEC-01,
114,22,2026-02-23 23:44:00,2026-02-24 01:52:00,planned,CAL-01,8455.0
115,26,2026-01-12 16:15:00,2026-01-12 17:09:00,unplanned,CAL-01,9245.0
116,24,2026-04-30 07:36:00,2026-04-30 08:16:00,planned,MEC-01,
117,23,2026-01-07 19:42:00,2026-01-07 19:55:00,planned,MAT-01,
118,16,2026-05-17 07:46:00,2026-05-17 10:42:00,unplanned,CAL-01,3686.0
119,35,2026-02-21 00:08:00,2026-02-21 02:47:00,unplanned,ELEC-01,4299.0
120,11,2026-03-04 03:58:00,2026-03-04 04:14:00,unplanned,MAT-01,5544.0
121,15,2026-03-10 09:07:00,2026-03-10 10:05:00,unplanned,MEC-01,
122,22,2026-03-19 15:53:00,2026-03-19 17:57:00,planned,MEC-02,8333.0
123,36,2026-05-19 16:52:00,2026-05-19 18:44:00,unplanned,MEC-02,6057.0
124,22,2026-05-16 02:21:00,2026-05-16 02:48:00,unplanned,MEC-01,4504.0
125,32,2026-01-22 13:16:00,2026-01-22 15:51:00,planned,CAL-01,7012.0
126,36,2026-02-01 16:09:00,2026-02-01 18:51:00,planned,MEC-01,3489.0
127,45,2026-04-05 14:51:00,2026-04-05 17:00:00,unplanned,MEC-02,6548.0
128,4,2026-03-10 16:03:00,2026-03-10 18:34:00,unplanned,MEC-02,3934.0
129,47,2026-06-20 06:27:00,2026-06-20 08:45:00,unplanned,MAT-01,4083.0
130,15,2026-01-22 00:23:00,2026-01-22 00:44:00,planned,MAT-01,9251.0
131,7,2026-03-09 03:48:00,2026-03-09 06:46:00,planned,CAL-01,
132,19,2026-02-27 21:10:00,2026-02-27 22:27:00,planned,ELEC-01,
133,39,2026-03-28 11:32:00,2026-03-28 12:26:00,planned,MEC-02,
134,19,2026-03-16 08:39:00,2026-03-16 10:14:00,planned,MEC-02,8758.0
135,23,2026-01-05 19:12:00,2026-01-05 20:58:00,planned,ELEC-01,8576.0
136,18,2026-03-29 08:33:00,2026-03-29 09:11:00,planned,MEC-01,7122.0
137,13,2026-06-16 18:08:00,2026-06-16 20:34:00,unplanned,CAL-01,2368.0
138,11,2026-05-14 14:51:00,2026-05-14 15:17:00,unplanned,ELEC-01,
139,16,2026-03-17 22:38:00,2026-03-17 23:41:00,planned,CAL-01,1487.0
140,4,2026-03-13 04:30:00,2026-03-13 04:49:00,unplanned,CAL-01,2489.0
141,43,2026-01-11 10:20:00,2026-01-11 10:55:00,unplanned,MAT-01,
142,38,2026-04-21 19:08:00,2026-04-21 20:37:00,unplanned,CAL-01,
143,37,2026-02-04 14:58:00,2026-02-04 16:54:00,planned,MEC-01,8115.0
144,17,2026-06-13 18:29:00,2026-06-13 19:25:00,planned,MEC-02,2524.0
145,32,2026-02-21 05:40:00,2026-02-21 07:14:00,unplanned,ELEC-01,
146,48,2026-03-18 17:21:00,2026-03-18 18:29:00,unplanned,MEC-02,516.0
147,34,2026-01-24 15:06:00,2026-01-24 16:09:00,unplanned,MEC-02,
148,40,2026-01-10 14:05:00,2026-01-10 17:04:00,unplanned,CAL-01,
149,28,2026-04-13 05:31:00,2026-04-13 07:32:00,unplanned,MEC-01,5600.0
150,2,2026-03-10 23:14:00,2026-03-11 00:43:00,planned,MEC-02,
151,6,2026-02-20 19:16:00,2026-02-20 20:55:00,planned,MEC-02,6955.0
152,9,2026-03-17 09:19:00,2026-03-17 09:42:00,unplanned,MAT-01,1983.0
153,49,2026-04-14 19:51:00,2026-04-14 20:16:00,unplanned,CAL-01,2957.0
154,46,2026-04-22 20:46:00,2026-04-22 21:07:00,planned,MAT-01,8908.0
155,24,2026-01-23 15:12:00,2026-01-23 16:21:00,planned,MAT-01,
156,48,2026-05-16 09:33:00,2026-05-16 12:15:00,unplanned,MEC-01,6049.0
157,41,2026-04-16 16:00:00,2026-04-16 18:25:00,planned,CAL-01,
158,16,2026-04-12 21:40:00,2026-04-12 23:33:00,unplanned,ELEC-01,2748.0
159,46,2026-04-11 19:58:00,2026-04-11 20:50:00,unplanned,MEC-01,
160,12,2026-01-03 18:03:00,2026-01-03 19:02:00,unplanned,MAT-01,
161,29,2026-06-26 03:18:00,2026-06-26 03:31:00,planned,MAT-01,3954.0
162,45,2026-02-22 18:34:00,2026-02-22 20:45:00,planned,MEC-02,3543.0
163,26,2026-05-08 06:02:00,2026-05-08 08:43:00,planned,MEC-01,4263.0
164,21,2026-04-01 05:42:00,2026-04-01 07:02:00,planned,MEC-01,9704.0
165,13,2026-02-06 13:41:00,2026-02-06 15:05:00,planned,MEC-01,5661.0
166,39,2026-06-24 00:28:00,2026-06-24 01:26:00,unplanned,MEC-01,797.0
167,43,2026-05-20 00:24:00,2026-05-20 02:10:00,planned,ELEC-01,2697.0
168,50,2026-05-31 16:07:00,2026-05-31 19:06:00,planned,CAL-01,8220.0
169,41,2026-03-04 08:31:00,2026-03-04 09:21:00,unplanned,MEC-02,
170,9,2026-01-02 18:06:00,2026-01-02 19:43:00,planned,ELEC-01,6786.0
171,25,2026-02-16 21:44:00,2026-02-17 00:04:00,planned,MAT-01,3796.0
172,12,2026-05-16 22:27:00,2026-05-16 23:22:00,unplanned,MEC-01,
173,5,2026-03-02 22:12:00,2026-03-03 00:20:00,planned,MAT-01,458.0
174,39,2026-03-15 00:51:00,2026-03-15 03:50:00,unplanned,CAL-01,8679.0
175,6,2026-03-27 15:39:00,2026-03-27 18:10:00,unplanned,MEC-01,2329.0
176,9,2026-05-11 05:01:00,2026-05-11 06:19:00,planned,MEC-01,2495.0
177,25,2026-04-15 03:27:00,2026-04-15 04:36:00,planned,ELEC-01,
178,42,2026-02-15 11:18:00,2026-02-15 12:28:00,unplanned,MEC-02,
179,42,2026-06-25 20:56:00,2026-06-25 21:03:00,unplanned,CAL-01,309.0
180,49,2026-04-04 00:07:00,2026-04-04 00:40:00,planned,CAL-01,1298.0
181,26,2026-03-05 06:46:00,2026-03-05 07:26:00,planned,MEC-02,
182,45,2026-05-04 18:58:00,2026-05-04 21:49:00,planned,ELEC-01,4345.0
183,26,2026-03-08 12:04:00,2026-03-08 13:39:00,unplanned,CAL-01,7173.0
184,46,2026-02-12 05:46:00,2026-02-12 08:20:00,unplanned,MAT-01,1504.0
185,21,2026-03-16 19:05:00,2026-03-16 19:40:00,planned,MEC-02,8882.0
186,48,2026-01-16 20:45:00,2026-01-16 23:17:00,planned,MAT-01,2196.0
187,49,2026-06-19 23:22:00,2026-06-20 01:13:00,unplanned,MEC-02,
188,31,2026-04-30 00:50:00,2026-04-30 01:20:00,planned,MEC-02,7106.0
189,49,2026-02-02 14:33:00,2026-02-02 16:19:00,unplanned,CAL-01,892.0
190,19,2026-03-16 12:00:00,2026-03-16 14:17:00,unplanned,CAL-01,
191,33,2026-03-04 06:29:00,2026-03-04 06:59:00,unplanned,MAT-01,3946.0
192,32,2026-05-26 08:00:00,2026-05-26 10:00:00,unplanned,MAT-01,
193,23,2026-03-02 01:25:00,2026-03-02 02:21:00,planned,MEC-01,2188.0
194,27,2026-05-02 04:03:00,2026-05-02 04:38:00,planned,MAT-01,
195,33,2026-02-24 08:42:00,2026-02-24 09:20:00,planned,MEC-01,9548.0
196,30,2026-01-13 06:25:00,2026-01-13 07:47:00,unplanned,MEC-02,
197,4,2026-01-07 21:29:00,2026-01-07 23:27:00,planned,CAL-01,3243.0
198,21,2026-04-08 16:49:00,2026-04-08 17:32:00,unplanned,ELEC-01,6231.0
199,4,2026-05-23 20:18:00,2026-05-23 20:49:00,unplanned,MEC-02,150.0
200,37,2026-02-11 21:55:00,2026-02-11 23:18:00,unplanned,MAT-01,7056.0
201,21,2026-05-25 14:22:00,2026-05-25 16:21:00,unplanned,MEC-01,
202,8,2026-05-11 00:35:00,2026-05-11 03:15:00,unplanned,MEC-01,
203,47,2026-03-10 01:24:00,2026-03-10 02:13:00,unplanned,MAT-01,
204,27,2026-04-09 01:41:00,2026-04-09 02:04:00,unplanned,MEC-02,7123.0
205,7,2026-03-01 02:57:00,2026-03-01 05:06:00,planned,CAL-01,
206,44,2026-05-05 20:44:00,2026-05-05 21:26:00,planned,MEC-01,867.0
207,30,2026-06-09 22:06:00,2026-06-09 23:59:00,planned,ELEC-01,4018.0
208,31,2026-01-30 03:44:00,2026-01-30 05:56:00,unplanned,MEC-01,8161.0
209,44,2026-06-22 03:27:00,2026-06-22 05:40:00,planned,CAL-01,3339.0
210,40,2026-03-05 21:20:00,2026-03-05 23:33:00,planned,MEC-02,8041.0
211,38,2026-03-24 04:09:00,2026-03-24 04:35:00,planned,MEC-02,1878.0
212,50,2026-02-08 02:58:00,2026-02-08 04:58:00,planned,MAT-01,5272.0
213,4,2026-06-23 18:52:00,2026-06-23 21:20:00,planned,ELEC-01,1240.0
214,38,2026-03-08 15:48:00,2026-03-08 18:23:00,unplanned,CAL-01,7242.0
215,26,2026-02-28 02:41:00,2026-02-28 03:52:00,unplanned,MEC-01,9351.0
216,41,2026-03-06 16:55:00,2026-03-06 18:51:00,planned,CAL-01,2379.0
217,18,2026-04-21 14:09:00,2026-04-21 16:59:00,unplanned,MAT-01,4865.0
218,8,2026-04-20 13:42:00,2026-04-20 13:52:00,planned,ELEC-01,
219,46,2026-02-24 18:24:00,2026-02-24 20:55:00,planned,MAT-01,6474.0
220,29,2026-04-23 13:02:00,2026-04-23 13:29:00,planned,ELEC-01,681.0
221,2,2026-06-20 13:08:00,2026-06-20 13:30:00,planned,ELEC-01,3833.0
222,11,2026-05-12 17:32:00,2026-05-12 19:57:00,unplanned,MAT-01,
223,24,2026-03-06 18:30:00,2026-03-06 19:59:00,planned,MEC-02,2397.0
224,46,2026-06-29 16:29:00,2026-06-29 18:34:00,planned,MEC-01,2811.0
225,45,2026-03-13 15:47:00,2026-03-13 17:49:00,planned,MAT-01,2038.0
226,43,2026-04-27 03:57:00,2026-04-27 05:54:00,planned,MAT-01,636.0
227,5,2026-02-21 20:44:00,2026-02-21 22:09:00,unplanned,CAL-01,9022.0
228,13,2026-05-28 10:19:00,2026-05-28 12:23:00,planned,MEC-02,
229,7,2026-05-24 21:05:00,2026-05-24 22:55:00,planned,CAL-01,8912.0
230,34,2026-02-15 09:25:00,2026-02-15 10:52:00,planned,MEC-02,2057.0
231,11,2026-01-13 00:37:00,2026-01-13 00:58:00,unplanned,MEC-02,2348.0
232,10,2026-05-12 19:18:00,2026-05-12 20:57:00,unplanned,MEC-02,
233,37,2026-06-12 18:11:00,2026-06-12 19:20:00,planned,MEC-01,1140.0
234,47,2026-01-22 20:14:00,2026-01-22 21:13:00,planned,MEC-01,8232.0
235,24,2026-01-19 07:56:00,2026-01-19 08:02:00,unplanned,MEC-02,
236,37,2026-02-04 23:52:00,2026-02-05 02:27:00,unplanned,ELEC-01,5350.0
237,31,2026-06-12 07:55:00,2026-06-12 09:00:00,planned,MEC-02,
238,3,2026-01-27 17:17:00,2026-01-27 19:51:00,planned,MEC-01,
239,6,2026-03-28 00:34:00,2026-03-28 02:17:00,planned,ELEC-01,4181.0
240,19,2026-06-21 20:53:00,2026-06-21 22:38:00,unplanned,MEC-02,
241,30,2026-05-16 07:58:00,2026-05-16 10:24:00,planned,MAT-01,
242,22,2026-01-23 14:27:00,2026-01-23 16:13:00,planned,ELEC-01,1783.0
243,2,2026-03-16 01:18:00,2026-03-16 02:14:00,planned,MAT-01,5149.0
244,40,2026-02-20 23:11:00,2026-02-20 23:17:00,planned,ELEC-01,1476.0
245,43,2026-05-12 16:45:00,2026-05-12 18:33:00,unplanned,MEC-02,7649.0
246,20,2026-01-21 10:18:00,2026-01-21 12:17:00,planned,MEC-02,
247,19,2026-03-21 03:41:00,2026-03-21 04:33:00,planned,MEC-01,
248,19,2026-03-15 07:02:00,2026-03-15 08:53:00,planned,MEC-02,8399.0
249,40,2026-05-09 07:31:00,2026-05-09 10:04:00,unplanned,CAL-01,
250,10,2026-01-11 19:22:00,2026-01-11 20:30:00,planned,MAT-01,5857.0
251,6,2026-01-03 16:39:00,2026-01-03 18:04:00,unplanned,CAL-01,
252,16,2026-01-12 07:33:00,2026-01-12 07:47:00,unplanned,MEC-01,3662.0
253,22,2026-05-02 12:02:00,2026-05-02 14:29:00,planned,MEC-01,3311.0
254,11,2026-06-08 01:57:00,2026-06-08 04:05:00,planned,MAT-01,1761.0
255,44,2026-04-14 12:35:00,2026-04-14 15:13:00,planned,CAL-01,679.0
256,47,2026-04-16 00:33:00,2026-04-16 02:01:00,unplanned,ELEC-01,9913.0
257,29,2026-02-28 09:30:00,2026-02-28 12:27:00,unplanned,ELEC-01,
258,15,2026-01-11 11:51:00,2026-01-11 14:00:00,planned,MEC-01,3937.0
259,47,2026-01-16 09:07:00,2026-01-16 09:17:00,planned,CAL-01,6753.0
260,23,2026-06-01 14:21:00,2026-06-01 14:31:00,unplanned,CAL-01,9577.0
261,12,2026-04-27 08:56:00,2026-04-27 09:10:00,planned,MEC-01,7258.0
262,27,2026-03-28 03:15:00,2026-03-28 04:29:00,planned,MAT-01,8197.0
263,35,2026-04-16 23:45:00,2026-04-17 02:26:00,unplanned,MAT-01,
264,32,2026-03-18 01:22:00,2026-03-18 01:48:00,unplanned,MAT-01,
265,11,2026-01-05 14:42:00,2026-01-05 16:09:00,planned,MAT-01,4360.0
266,33,2026-06-11 19:03:00,2026-06-11 20:22:00,planned,MAT-01,
267,14,2026-01-07 15:33:00,2026-01-07 18:32:00,unplanned,MAT-01,3789.0
268,14,2026-01-22 08:22:00,2026-01-22 10:59:00,planned,CAL-01,3581.0
269,41,2026-06-21 02:48:00,2026-06-21 04:49:00,planned,ELEC-01,8749.0
270,15,2026-04-23 07:34:00,2026-04-23 08:37:00,unplanned,MEC-02,7239.0
271,5,2026-01-12 20:30:00,2026-01-12 22:52:00,unplanned,CAL-01,
272,37,2026-06-15 14:34:00,2026-06-15 15:28:00,unplanned,ELEC-01,
273,46,2026-06-17 03:40:00,2026-06-17 04:30:00,planned,MEC-02,2345.0
274,47,2026-06-11 17:17:00,2026-06-11 20:15:00,planned,MEC-01,2313.0
275,28,2026-04-09 09:10:00,2026-04-09 11:51:00,planned,ELEC-01,8503.0
276,43,2026-04-06 11:08:00,2026-04-06 12:23:00,unplanned,ELEC-01,8298.0
277,20,2026-04-17 11:38:00,2026-04-17 13:15:00,planned,MAT-01,7144.0
278,11,2026-01-24 00:54:00,2026-01-24 03:44:00,unplanned,MEC-01,350.0
279,41,2026-03-28 20:11:00,2026-03-28 20:24:00,unplanned,MEC-02,2826.0
280,31,2026-05-05 19:47:00,2026-05-05 22:20:00,planned,MEC-01,8351.0
281,15,2026-04-23 08:35:00,2026-04-23 11:22:00,planned,MEC-01,
282,49,2026-02-21 04:39:00,2026-02-21 05:07:00,planned,MAT-01,1835.0
283,35,2026-05-07 15:44:00,2026-05-07 17:25:00,planned,MEC-01,6508.0
284,5,2026-04-21 07:13:00,2026-04-21 09:13:00,unplanned,MAT-01,9834.0
285,6,2026-02-01 10:44:00,2026-02-01 11:06:00,planned,MEC-01,7556.0
286,23,2026-04-19 10:15:00,2026-04-19 13:08:00,unplanned,MAT-01,
287,23,2026-04-27 10:55:00,2026-04-27 12:52:00,unplanned,CAL-01,1519.0
288,28,2026-04-26 13:37:00,2026-04-26 14:45:00,planned,MEC-02,9482.0
289,31,2026-01-26 12:03:00,2026-01-26 13:40:00,planned,CAL-01,
290,6,2026-05-26 09:02:00,2026-05-26 11:38:00,unplanned,ELEC-01,7815.0
291,16,2026-01-05 06:30:00,2026-01-05 09:10:00,unplanned,ELEC-01,7450.0
292,32,2026-05-31 04:20:00,2026-05-31 04:59:00,planned,CAL-01,807.0
293,29,2026-01-13 22:45:00,2026-01-14 00:06:00,planned,MAT-01,8328.0
294,9,2026-06-06 11:36:00,2026-06-06 12:56:00,unplanned,MEC-02,8221.0
295,13,2026-04-30 23:34:00,2026-05-01 00:15:00,unplanned,MEC-01,
296,41,2026-06-18 08:12:00,2026-06-18 09:37:00,unplanned,MEC-02,4131.0
297,21,2026-02-02 06:38:00,2026-02-02 07:52:00,unplanned,MAT-01,7536.0
298,1,2026-02-21 02:16:00,2026-02-21 04:56:00,unplanned,ELEC-01,
299,42,2026-06-10 03:34:00,2026-06-10 05:25:00,unplanned,MEC-01,8996.0
300,41,2026-04-21 13:21:00,2026-04-21 14:44:00,planned,ELEC-01,8758.0
301,26,2026-05-19 15:54:00,2026-05-19 17:13:00,unplanned,MAT-01,
302,24,2026-05-31 04:20:00,2026-05-31 05:15:00,planned,MAT-01,
303,10,2026-03-29 14:50:00,2026-03-29 17:06:00,planned,CAL-01,
304,8,2026-05-17 14:48:00,2026-05-17 17:48:00,unplanned,CAL-01,4588.0
305,19,2026-06-14 04:08:00,2026-06-14 04:51:00,planned,MEC-02,3005.0
306,16,2026-02-04 07:40:00,2026-02-04 09:43:00,planned,MEC-02,4066.0
307,40,2026-04-25 21:06:00,2026-04-25 23:04:00,unplanned,MEC-01,7604.0
308,1,2026-06-05 22:24:00,2026-06-06 01:18:00,planned,ELEC-01,7130.0
309,1,2026-04-01 15:01:00,2026-04-01 15:34:00,unplanned,MEC-01,4756.0
310,24,2026-04-04 05:18:00,2026-04-04 05:25:00,unplanned,MEC-01,7813.0
311,27,2026-04-16 20:31:00,2026-04-16 22:46:00,unplanned,MAT-01,6389.0
312,15,2026-04-04 01:02:00,2026-04-04 03:15:00,unplanned,MEC-01,4395.0
313,11,2026-06-29 13:58:00,2026-06-29 15:45:00,unplanned,CAL-01,3083.0
314,23,2026-05-05 18:03:00,2026-05-05 18:31:00,unplanned,ELEC-01,
315,12,2026-02-12 10:12:00,2026-02-12 12:50:00,planned,ELEC-01,5845.0
316,35,2026-04-28 09:51:00,2026-04-28 10:34:00,planned,ELEC-01,75.0
317,46,2026-04-09 21:24:00,2026-04-09 21:40:00,planned,MAT-01,2174.0
318,50,2026-06-24 20:24:00,2026-06-24 22:31:00,planned,MEC-02,3344.0
319,20,2026-05-28 00:12:00,2026-05-28 01:00:00,planned,MEC-01,8238.0
320,7,2026-05-25 08:07:00,2026-05-25 10:51:00,unplanned,MEC-02,9796.0
321,11,2026-04-22 00:55:00,2026-04-22 02:34:00,planned,CAL-01,1237.0
322,47,2026-05-22 14:53:00,2026-05-22 16:17:00,unplanned,CAL-01,
323,37,2026-02-24 11:53:00,2026-02-24 12:01:00,unplanned,MAT-01,1421.0
324,42,2026-05-07 10:29:00,2026-05-07 12:00:00,planned,ELEC-01,
325,41,2026-05-22 14:38:00,2026-05-22 17:07:00,planned,MAT-01,
326,39,2026-01-11 07:18:00,2026-01-11 10:03:00,unplanned,ELEC-01,4290.0
327,5,2026-02-27 06:19:00,2026-02-27 09:11:00,planned,MEC-01,7234.0
328,3,2026-06-16 06:26:00,2026-06-16 08:11:00,unplanned,CAL-01,5320.0
329,36,2026-06-16 23:37:00,2026-06-17 00:55:00,planned,MEC-01,3606.0
330,38,2026-04-02 03:18:00,2026-04-02 05:13:00,planned,MEC-01,8368.0
331,7,2026-05-06 20:07:00,2026-05-06 22:17:00,unplanned,CAL-01,8493.0
332,18,2026-01-13 14:12:00,2026-01-13 16:15:00,planned,MAT-01,4080.0
333,39,2026-02-03 19:54:00,2026-02-03 20:12:00,unplanned,ELEC-01,1980.0
334,36,2026-02-24 10:22:00,2026-02-24 11:45:00,planned,MEC-01,1209.0
335,10,2026-01-04 17:28:00,2026-01-04 19:09:00,planned,MEC-01,5338.0
336,43,2026-02-28 06:03:00,2026-02-28 08:06:00,unplanned,CAL-01,
337,34,2026-02-01 18:32:00,2026-02-01 21:16:00,planned,MAT-01,9061.0
338,40,2026-06-10 12:49:00,2026-06-10 14:06:00,unplanned,MAT-01,
339,40,2026-03-18 08:01:00,2026-03-18 09:58:00,unplanned,MEC-02,7743.0
340,8,2026-02-15 09:21:00,2026-02-15 09:32:00,unplanned,MAT-01,4267.0
341,12,2026-01-25 21:54:00,2026-01-25 22:39:00,unplanned,MAT-01,1338.0
342,40,2026-05-23 21:42:00,2026-05-23 23:00:00,planned,MEC-01,
343,5,2026-05-31 17:01:00,2026-05-31 19:20:00,unplanned,MAT-01,3115.0
344,46,2026-05-07 22:39:00,2026-05-07 22:49:00,unplanned,MEC-01,9641.0
345,42,2026-02-22 18:44:00,2026-02-22 20:58:00,unplanned,ELEC-01,9379.0
346,19,2026-03-03 07:25:00,2026-03-03 08:24:00,planned,MEC-01,4649.0
347,43,2026-02-26 04:44:00,2026-02-26 06:44:00,planned,MEC-02,5814.0
348,39,2026-04-05 11:22:00,2026-04-05 11:55:00,unplanned,MEC-01,
349,50,2026-02-05 00:52:00,2026-02-05 02:50:00,unplanned,CAL-01,
350,14,2026-02-04 03:23:00,2026-02-04 03:52:00,planned,MEC-01,4080.0
351,2,2026-05-10 20:51:00,2026-05-10 22:20:00,planned,MEC-01,2473.0
352,34,2026-01-26 03:07:00,2026-01-26 04:31:00,planned,CAL-01,7049.0
353,40,2026-05-20 03:17:00,2026-05-20 04:57:00,unplanned,MEC-01,3659.0
354,5,2026-03-19 03:13:00,2026-03-19 03:50:00,planned,MEC-01,4502.0
355,46,2026-05-17 06:10:00,2026-05-17 07:02:00,unplanned,MAT-01,693.0
356,50,2026-06-21 20:35:00,2026-06-21 20:49:00,planned,ELEC-01,2590.0
357,37,2026-02-23 02:48:00,2026-02-23 04:45:00,planned,MAT-01,
358,19,2026-06-11 08:00:00,2026-06-11 09:57:00,unplanned,CAL-01,1249.0
359,7,2026-04-19 20:38:00,2026-04-19 21:03:00,planned,CAL-01,
360,6,2026-05-03 21:20:00,2026-05-03 22:04:00,planned,MAT-01,5601.0
361,49,2026-02-14 05:46:00,2026-02-14 06:30:00,unplanned,MAT-01,4947.0
362,10,2026-04-09 09:31:00,2026-04-09 10:28:00,planned,MAT-01,6638.0
363,26,2026-03-22 02:08:00,2026-03-22 04:52:00,unplanned,CAL-01,5287.0
364,42,2026-04-09 15:45:00,2026-04-09 17:28:00,planned,ELEC-01,4987.0
365,33,2026-03-11 00:04:00,2026-03-11 02:11:00,unplanned,CAL-01,754.0
366,8,2026-03-01 05:04:00,2026-03-01 05:56:00,unplanned,CAL-01,9192.0
367,23,2026-06-28 22:37:00,2026-06-29 01:01:00,unplanned,CAL-01,
368,31,2026-06-15 07:29:00,2026-06-15 09:23:00,unplanned,MAT-01,
369,38,2026-04-25 13:25:00,2026-04-25 14:25:00,planned,CAL-01,4214.0
370,18,2026-06-27 22:33:00,2026-06-27 22:49:00,planned,MAT-01,
371,12,2026-05-15 15:30:00,2026-05-15 15:51:00,unplanned,CAL-01,
372,20,2026-05-20 05:14:00,2026-05-20 07:13:00,unplanned,ELEC-01,2921.0
373,13,2026-03-14 07:39:00,2026-03-14 08:33:00,unplanned,ELEC-01,567.0
374,8,2026-05-17 17:38:00,2026-05-17 19:30:00,unplanned,MEC-02,4445.0
375,43,2026-01-16 12:49:00,2026-01-16 15:41:00,planned,ELEC-01,1725.0
376,17,2026-05-26 03:06:00,2026-05-26 04:48:00,planned,MEC-02,
377,15,2026-04-25 20:03:00,2026-04-25 22:01:00,planned,MEC-01,5883.0
378,15,2026-01-02 17:17:00,2026-01-02 18:02:00,planned,MEC-01,3279.0
379,38,2026-06-19 07:50:00,2026-06-19 08:36:00,planned,MEC-02,
380,2,2026-01-07 12:56:00,2026-01-07 14:16:00,unplanned,MEC-01,4699.0
381,3,2026-06-10 11:36:00,2026-06-10 12:05:00,planned,ELEC-01,
382,34,2026-04-04 16:48:00,2026-04-04 19:05:00,unplanned,CAL-01,5264.0
383,41,2026-01-01 16:54:00,2026-01-01 18:22:00,planned,MAT-01,7214.0
384,23,2026-05-31 02:04:00,2026-05-31 03:25:00,planned,CAL-01,
385,16,2026-06-02 22:46:00,2026-06-02 23:52:00,unplanned,ELEC-01,4847.0
386,43,2026-02-02 03:13:00,2026-02-02 04:36:00,unplanned,ELEC-01,1857.0
387,43,2026-02-04 13:02:00,2026-02-04 14:34:00,unplanned,MEC-01,8607.0
388,42,2026-06-13 08:26:00,2026-06-13 10:17:00,planned,ELEC-01,3753.0
389,5,2026-02-12 12:20:00,2026-02-12 15:13:00,unplanned,CAL-01,
390,49,2026-06-09 10:27:00,2026-06-09 11:17:00,unplanned,MEC-01,5500.0
391,6,2026-05-23 08:10:00,2026-05-23 10:29:00,planned,ELEC-01,3841.0
392,15,2026-03-03 00:02:00,2026-03-03 01:57:00,unplanned,MEC-02,8396.0
393,20,2026-06-09 10:40:00,2026-06-09 13:26:00,planned,CAL-01,
394,38,2026-04-18 20:47:00,2026-04-18 22:16:00,planned,MEC-01,2121.0
395,19,2026-02-25 04:30:00,2026-02-25 06:24:00,planned,CAL-01,5747.0
396,34,2026-01-18 10:25:00,2026-01-18 13:22:00,planned,ELEC-01,9485.0
397,13,2026-03-30 08:44:00,2026-03-30 09:12:00,unplanned,MAT-01,1118.0
398,30,2026-06-07 04:04:00,2026-06-07 05:02:00,planned,MAT-01,5502.0
399,10,2026-01-18 15:15:00,2026-01-18 17:27:00,unplanned,MEC-01,367.0
400,4,2026-01-30 05:31:00,2026-01-30 08:03:00,planned,ELEC-01,6963.0
401,50,2026-01-18 04:09:00,2026-01-18 05:04:00,unplanned,MEC-01,
402,25,2026-04-26 23:44:00,2026-04-27 00:11:00,unplanned,MEC-01,318.0
403,30,2026-02-05 12:58:00,2026-02-05 14:36:00,planned,ELEC-01,
404,2,2026-04-20 13:24:00,2026-04-20 15:55:00,unplanned,MEC-02,3016.0
405,6,2026-01-28 08:29:00,2026-01-28 10:29:00,unplanned,MEC-01,245.0
406,16,2026-06-23 17:29:00,2026-06-23 18:18:00,unplanned,MEC-02,9875.0
407,13,2026-04-04 12:19:00,2026-04-04 14:35:00,planned,MEC-01,2377.0
408,40,2026-04-02 20:57:00,2026-04-02 21:16:00,unplanned,CAL-01,1147.0
409,17,2026-06-26 09:27:00,2026-06-26 12:21:00,planned,MEC-02,
410,47,2026-06-26 10:58:00,2026-06-26 12:49:00,unplanned,CAL-01,8896.0
411,22,2026-02-13 04:19:00,2026-02-13 04:38:00,unplanned,MAT-01,4449.0
412,34,2026-05-30 22:29:00,2026-05-31 00:58:00,planned,MAT-01,9217.0
413,11,2026-04-27 18:41:00,2026-04-27 19:04:00,unplanned,MAT-01,3663.0
414,9,2026-01-23 15:11:00,2026-01-23 16:46:00,planned,MEC-01,
415,47,2026-06-05 18:12:00,2026-06-05 19:54:00,planned,CAL-01,9196.0
416,41,2026-06-18 08:25:00,2026-06-18 08:33:00,unplanned,MEC-01,2730.0
417,18,2026-04-09 15:29:00,2026-04-09 16:45:00,planned,ELEC-01,
418,18,2026-05-05 21:20:00,2026-05-06 00:20:00,planned,MEC-01,7917.0
419,47,2026-01-10 00:33:00,2026-01-10 01:35:00,unplanned,MEC-01,1307.0
420,41,2026-03-18 12:59:00,2026-03-18 14:41:00,unplanned,CAL-01,5088.0
421,5,2026-01-15 07:45:00,2026-01-15 07:59:00,planned,MAT-01,257.0
422,29,2026-05-17 07:11:00,2026-05-17 08:39:00,planned,CAL-01,6334.0
423,33,2026-01-12 16:35:00,2026-01-12 17:59:00,unplanned,CAL-01,7535.0
424,10,2026-04-10 10:21:00,2026-04-10 12:28:00,unplanned,MEC-01,1750.0
425,11,2026-04-10 20:47:00,2026-04-10 21:49:00,planned,CAL-01,2784.0
426,42,2026-03-09 23:01:00,2026-03-10 01:20:00,planned,MEC-01,
427,16,2026-05-09 15:59:00,2026-05-09 17:31:00,unplanned,ELEC-01,4100.0
428,3,2026-02-27 00:50:00,2026-02-27 03:44:00,planned,ELEC-01,9234.0
429,17,2026-02-26 20:53:00,2026-02-26 21:41:00,planned,MAT-01,
430,44,2026-02-20 15:58:00,2026-02-20 16:46:00,planned,CAL-01,
431,37,2026-05-11 04:37:00,2026-05-11 07:10:00,unplanned,CAL-01,
432,36,2026-02-23 20:19:00,2026-02-23 22:05:00,unplanned,MEC-02,3421.0
433,12,2026-02-27 04:42:00,2026-02-27 04:58:00,planned,MEC-01,
434,48,2026-06-24 05:51:00,2026-06-24 06:32:00,planned,ELEC-01,2824.0
435,50,2026-01-02 03:42:00,2026-01-02 06:15:00,planned,MEC-01,8490.0
436,8,2026-03-13 11:21:00,2026-03-13 11:29:00,planned,CAL-01,1775.0
437,34,2026-03-13 06:51:00,2026-03-13 08:14:00,unplanned,MEC-01,7268.0
438,36,2026-01-07 01:23:00,2026-01-07 03:33:00,planned,ELEC-01,9824.0
439,46,2026-02-10 20:41:00,2026-02-10 22:42:00,unplanned,ELEC-01,8450.0
440,30,2026-04-05 15:33:00,2026-04-05 17:42:00,planned,MEC-02,6964.0
441,1,2026-03-30 17:09:00,2026-03-30 18:04:00,planned,MEC-01,615.0
442,27,2026-06-29 15:34:00,2026-06-29 18:09:00,planned,MEC-02,6846.0
443,23,2026-04-21 04:36:00,2026-04-21 05:42:00,unplanned,ELEC-01,1832.0
444,13,2026-05-13 12:31:00,2026-05-13 14:53:00,planned,ELEC-01,7141.0
445,13,2026-06-27 04:03:00,2026-06-27 06:06:00,unplanned,MAT-01,1527.0
446,29,2026-05-12 05:26:00,2026-05-12 05:56:00,planned,ELEC-01,5759.0
447,9,2026-01-18 07:58:00,2026-01-18 08:47:00,planned,MEC-01,
448,39,2026-05-10 21:26:00,2026-05-10 22:47:00,planned,CAL-01,
449,25,2026-04-20 09:28:00,2026-04-20 09:59:00,planned,MEC-02,
450,7,2026-02-20 21:34:00,2026-02-20 23:59:00,unplanned,CAL-01,1532.0
451,16,2026-04-14 16:13:00,2026-04-14 16:52:00,unplanned,MAT-01,5257.0
452,45,2026-01-21 20:18:00,2026-01-21 21:32:00,planned,MEC-02,3672.0
453,36,2026-04-03 23:30:00,2026-04-03 23:37:00,unplanned,MEC-02,5948.0
454,22,2026-03-09 16:08:00,2026-03-09 19:03:00,unplanned,MAT-01,
455,36,2026-01-14 08:54:00,2026-01-14 08:59:00,planned,MAT-01,3305.0
456,35,2026-06-24 17:46:00,2026-06-24 18:10:00,planned,MAT-01,7657.0
457,32,2026-04-17 20:47:00,2026-04-17 22:33:00,unplanned,MAT-01,
458,48,2026-02-27 16:34:00,2026-02-27 17:52:00,unplanned,MEC-01,
459,3,2026-02-20 22:21:00,2026-02-21 00:19:00,unplanned,MAT-01,5744.0
460,42,2026-02-23 23:20:00,2026-02-24 00:26:00,planned,MAT-01,4460.0
461,17,2026-04-12 12:30:00,2026-04-12 14:18:00,unplanned,ELEC-01,
462,13,2026-05-22 20:18:00,2026-05-22 22:40:00,planned,MAT-01,2542.0
463,24,2026-04-28 22:55:00,2026-04-29 01:21:00,unplanned,MAT-01,9294.0
464,5,2026-01-05 03:00:00,2026-01-05 04:24:00,planned,MEC-02,9335.0
465,18,2026-01-07 07:13:00,2026-01-07 08:05:00,unplanned,MEC-02,
466,33,2026-01-05 23:50:00,2026-01-06 02:41:00,unplanned,MAT-01,
467,1,2026-04-03 09:10:00,2026-04-03 11:02:00,unplanned,ELEC-01,3779.0
468,22,2026-04-02 12:08:00,2026-04-02 12:33:00,unplanned,MAT-01,2285.0
469,49,2026-04-26 16:57:00,2026-04-26 18:11:00,planned,MAT-01,514.0
470,19,2026-01-04 15:16:00,2026-01-04 16:40:00,unplanned,ELEC-01,
471,10,2026-01-28 04:17:00,2026-01-28 06:00:00,planned,ELEC-01,
472,35,2026-04-09 22:59:00,2026-04-09 23:52:00,unplanned,MAT-01,5224.0
473,42,2026-02-08 16:40:00,2026-02-08 18:22:00,unplanned,MEC-01,1972.0
474,11,2026-01-21 22:46:00,2026-01-22 01:00:00,planned,MAT-01,9979.0
475,19,2026-02-10 11:49:00,2026-02-10 14:39:00,unplanned,MEC-02,9238.0
476,22,2026-06-01 03:06:00,2026-06-01 05:58:00,planned,MEC-02,9620.0
477,33,2026-04-05 05:39:00,2026-04-05 07:21:00,unplanned,MEC-02,
478,32,2026-02-23 01:49:00,2026-02-23 03:47:00,unplanned,MAT-01,8362.0
479,32,2026-03-01 19:59:00,2026-03-01 21:46:00,planned,MEC-01,5748.0
480,49,2026-01-03 04:33:00,2026-01-03 05:51:00,unplanned,MEC-01,6563.0
481,29,2026-04-17 09:57:00,2026-04-17 11:19:00,planned,MAT-01,1925.0
482,17,2026-03-23 01:06:00,2026-03-23 03:27:00,unplanned,MAT-01,8272.0
483,21,2026-04-01 00:11:00,2026-04-01 00:31:00,unplanned,MEC-02,7292.0
484,1,2026-02-10 00:08:00,2026-02-10 02:16:00,planned,CAL-01,
485,6,2026-02-28 23:25:00,2026-03-01 02:14:00,unplanned,MAT-01,
486,12,2026-05-23 21:55:00,2026-05-24 00:28:00,unplanned,CAL-01,
487,34,2026-06-02 02:18:00,2026-06-02 03:51:00,unplanned,ELEC-01,861.0
488,15,2026-03-09 03:36:00,2026-03-09 06:05:00,planned,MEC-01,1971.0
489,47,2026-05-05 19:15:00,2026-05-05 22:12:00,unplanned,MEC-01,7429.0
490,15,2026-01-10 03:31:00,2026-01-10 04:50:00,planned,MAT-01,4412.0
491,13,2026-04-01 06:20:00,2026-04-01 08:28:00,planned,MEC-02,7757.0
492,28,2026-04-11 13:51:00,2026-04-11 16:46:00,planned,MEC-02,4972.0
493,25,2026-04-27 21:53:00,2026-04-27 23:09:00,unplanned,MEC-02,8513.0
494,37,2026-01-02 20:47:00,2026-01-02 21:02:00,unplanned,CAL-01,2928.0
495,33,2026-03-17 14:17:00,2026-03-17 15:08:00,unplanned,MEC-01,3225.0
496,21,2026-02-11 15:10:00,2026-02-11 16:16:00,unplanned,MEC-02,1753.0
497,36,2026-02-16 12:33:00,2026-02-16 12:51:00,planned,MAT-01,6156.0
498,26,2026-03-19 08:25:00,2026-03-19 11:25:00,unplanned,MEC-01,5286.0
499,8,2026-06-19 23:26:00,2026-06-20 01:15:00,unplanned,MEC-01,5595.0
500,36,2026-05-15 02:12:00,2026-05-15 04:18:00,unplanned,CAL-01,8219.0
501,11,2026-02-28 12:49:00,2026-02-28 14:46:00,unplanned,ELEC-01,5098.0
502,8,2026-02-25 20:30:00,2026-02-25 21:12:00,unplanned,ELEC-01,2132.0
503,39,2026-05-18 10:01:00,2026-05-18 11:28:00,planned,MEC-01,5142.0
504,48,2026-06-18 02:53:00,2026-06-18 03:39:00,planned,MEC-01,9324.0
505,3,2026-01-15 20:03:00,2026-01-15 20:46:00,planned,ELEC-01,76.0
506,49,2026-02-01 23:04:00,2026-02-02 00:46:00,planned,ELEC-01,
507,37,2026-02-27 01:19:00,2026-02-27 02:16:00,planned,MAT-01,
508,21,2026-03-07 11:16:00,2026-03-07 13:40:00,unplanned,MAT-01,6158.0
509,47,2026-01-16 18:31:00,2026-01-16 18:46:00,planned,MEC-02,2796.0
510,38,2026-06-23 12:25:00,2026-06-23 12:54:00,planned,MEC-01,8209.0
511,38,2026-06-04 03:28:00,2026-06-04 04:55:00,unplanned,ELEC-01,8910.0
512,33,2026-06-07 14:59:00,2026-06-07 16:02:00,planned,MEC-02,6146.0
513,49,2026-05-30 11:34:00,2026-05-30 12:29:00,unplanned,ELEC-01,6808.0
514,5,2026-02-07 00:31:00,2026-02-07 03:10:00,unplanned,MEC-02,
515,18,2026-04-26 19:49:00,2026-04-26 21:58:00,unplanned,MEC-01,9458.0
516,37,2026-06-15 14:42:00,2026-06-15 17:19:00,planned,CAL-01,8534.0
517,1,2026-04-07 19:56:00,2026-04-07 22:50:00,unplanned,MAT-01,9318.0
518,46,2026-05-10 21:51:00,2026-05-10 22:53:00,planned,MEC-02,1755.0
519,47,2026-02-18 11:04:00,2026-02-18 13:18:00,planned,MEC-01,4805.0
520,2,2026-01-08 03:35:00,2026-01-08 06:31:00,unplanned,MEC-01,
521,49,2026-04-11 09:33:00,2026-04-11 09:44:00,planned,MAT-01,8700.0
522,21,2026-05-10 20:01:00,2026-05-10 21:07:00,unplanned,MAT-01,
523,33,2026-01-30 07:24:00,2026-01-30 09:27:00,planned,ELEC-01,9491.0
524,7,2026-03-13 01:10:00,2026-03-13 01:42:00,unplanned,ELEC-01,
525,19,2026-03-22 12:54:00,2026-03-22 13:26:00,unplanned,CAL-01,
526,36,2026-04-09 23:52:00,2026-04-10 01:34:00,unplanned,MEC-02,740.0
527,37,2026-01-09 23:27:00,2026-01-10 02:16:00,unplanned,MEC-02,
528,50,2026-03-06 00:50:00,2026-03-06 01:33:00,planned,CAL-01,9964.0
529,34,2026-05-10 06:03:00,2026-05-10 08:47:00,planned,CAL-01,
530,45,2026-03-15 05:59:00,2026-03-15 07:16:00,unplanned,MEC-02,362.0
531,27,2026-06-17 17:28:00,2026-06-17 17:36:00,unplanned,ELEC-01,2837.0
532,47,2026-06-29 21:00:00,2026-06-29 21:40:00,unplanned,MEC-01,
533,10,2026-06-16 15:48:00,2026-06-16 18:21:00,unplanned,ELEC-01,8259.0
534,13,2026-02-17 10:58:00,2026-02-17 12:35:00,planned,ELEC-01,468.0
535,18,2026-03-21 11:19:00,2026-03-21 12:08:00,unplanned,MEC-02,2670.0
536,39,2026-05-14 21:02:00,2026-05-14 23:28:00,unplanned,MAT-01,3203.0
537,22,2026-04-15 04:32:00,2026-04-15 04:53:00,unplanned,MEC-01,776.0
538,2,2026-06-12 06:42:00,2026-06-12 08:41:00,unplanned,MAT-01,9617.0
539,42,2026-05-17 17:18:00,2026-05-17 19:52:00,unplanned,CAL-01,637.0
540,10,2026-01-13 11:38:00,2026-01-13 11:50:00,unplanned,MEC-02,7424.0
541,32,2026-04-12 10:55:00,2026-04-12 11:54:00,planned,MEC-02,8112.0
542,33,2026-05-27 13:02:00,2026-05-27 14:45:00,planned,MEC-01,309.0
543,38,2026-03-09 01:17:00,2026-03-09 03:16:00,planned,MAT-01,746.0
544,46,2026-02-06 04:38:00,2026-02-06 06:17:00,unplanned,ELEC-01,5999.0
545,8,2026-02-15 10:00:00,2026-02-15 10:20:00,unplanned,CAL-01,2991.0
546,4,2026-06-23 14:47:00,2026-06-23 16:42:00,unplanned,ELEC-01,
547,13,2026-04-06 00:30:00,2026-04-06 02:10:00,unplanned,MEC-02,4156.0
548,1,2026-02-13 23:34:00,2026-02-14 00:29:00,unplanned,ELEC-01,
549,7,2026-02-15 17:08:00,2026-02-15 20:02:00,unplanned,MEC-01,
550,31,2026-04-17 01:41:00,2026-04-17 02:44:00,unplanned,MEC-01,
551,17,2026-01-16 07:52:00,2026-01-16 10:31:00,planned,CAL-01,9730.0
552,36,2026-03-03 00:49:00,2026-03-03 03:40:00,planned,MAT-01,
553,24,2026-03-19 17:01:00,2026-03-19 17:54:00,unplanned,ELEC-01,
554,43,2026-03-01 17:45:00,2026-03-01 18:17:00,unplanned,MEC-02,
555,17,2026-04-17 23:49:00,2026-04-18 02:42:00,planned,MEC-02,6076.0
556,7,2026-05-10 21:01:00,2026-05-10 21:15:00,planned,CAL-01,9529.0
557,19,2026-04-26 21:44:00,2026-04-26 23:00:00,planned,CAL-01,3249.0
558,5,2026-04-13 16:31:00,2026-04-13 19:25:00,planned,CAL-01,
559,24,2026-04-27 15:17:00,2026-04-27 17:44:00,unplanned,MAT-01,9923.0
560,45,2026-01-21 19:54:00,2026-01-21 21:47:00,planned,ELEC-01,104.0
561,11,2026-02-16 08:23:00,2026-02-16 08:56:00,planned,MAT-01,
562,24,2026-02-06 03:05:00,2026-02-06 05:38:00,unplanned,CAL-01,3781.0
563,39,2026-02-07 07:35:00,2026-02-07 08:54:00,unplanned,MEC-01,5399.0
564,47,2026-03-02 04:42:00,2026-03-02 05:12:00,unplanned,ELEC-01,3131.0
565,36,2026-01-27 07:30:00,2026-01-27 08:13:00,unplanned,CAL-01,6703.0
566,23,2026-04-17 04:32:00,2026-04-17 05:28:00,unplanned,MEC-01,
567,34,2026-01-22 17:24:00,2026-01-22 18:17:00,unplanned,MAT-01,5036.0
568,31,2026-05-13 14:57:00,2026-05-13 17:46:00,planned,CAL-01,8039.0
569,50,2026-04-07 08:20:00,2026-04-07 09:22:00,planned,MAT-01,4905.0
570,35,2026-03-11 18:22:00,2026-03-11 19:20:00,unplanned,MEC-02,
571,28,2026-04-16 20:42:00,2026-04-16 21:06:00,planned,MEC-02,
572,17,2026-02-21 08:00:00,2026-02-21 08:35:00,unplanned,MAT-01,2553.0
573,12,2026-03-30 11:24:00,2026-03-30 11:59:00,planned,MEC-02,2402.0
574,36,2026-06-21 14:56:00,2026-06-21 17:15:00,planned,MEC-01,4451.0
575,43,2026-05-26 04:50:00,2026-05-26 05:53:00,planned,MEC-02,2658.0
576,14,2026-06-06 14:03:00,2026-06-06 16:54:00,unplanned,MEC-01,
577,43,2026-02-18 07:53:00,2026-02-18 08:32:00,planned,MEC-02,
578,6,2026-04-20 11:45:00,2026-04-20 12:32:00,unplanned,MEC-02,5504.0
579,35,2026-04-05 23:00:00,2026-04-06 01:33:00,unplanned,CAL-01,
580,3,2026-03-09 14:55:00,2026-03-09 15:23:00,planned,MAT-01,506.0
581,35,2026-02-06 19:56:00,2026-02-06 21:10:00,unplanned,MEC-02,1339.0
582,3,2026-01-17 13:49:00,2026-01-17 15:22:00,planned,ELEC-01,4596.0
583,23,2026-03-14 08:06:00,2026-03-14 08:39:00,unplanned,MAT-01,3875.0
584,28,2026-06-22 15:49:00,2026-06-22 18:06:00,unplanned,MAT-01,
585,45,2026-06-26 05:23:00,2026-06-26 06:24:00,planned,MEC-01,8144.0
586,13,2026-02-28 03:47:00,2026-02-28 06:38:00,planned,ELEC-01,8938.0
587,43,2026-03-08 18:37:00,2026-03-08 18:59:00,planned,MEC-02,
588,19,2026-06-23 17:40:00,2026-06-23 18:13:00,planned,CAL-01,9186.0
589,4,2026-04-13 17:02:00,2026-04-13 19:18:00,unplanned,MAT-01,3427.0
590,47,2026-03-30 19:48:00,2026-03-30 21:42:00,planned,ELEC-01,7761.0
591,3,2026-04-17 10:30:00,2026-04-17 11:34:00,planned,MEC-01,
592,2,2026-04-09 22:19:00,2026-04-10 00:50:00,planned,ELEC-01,2342.0
593,47,2026-03-20 19:57:00,2026-03-20 20:22:00,unplanned,CAL-01,7104.0
594,48,2026-04-06 05:09:00,2026-04-06 06:50:00,planned,MEC-02,3235.0
595,23,2026-04-27 14:34:00,2026-04-27 15:27:00,planned,MAT-01,1234.0
596,25,2026-04-08 09:52:00,2026-04-08 10:29:00,planned,CAL-01,9708.0
597,5,2026-01-06 19:31:00,2026-01-06 22:28:00,unplanned,CAL-01,
598,46,2026-04-24 07:34:00,2026-04-24 08:34:00,planned,MEC-01,8660.0
599,8,2026-01-05 14:26:00,2026-01-05 14:39:00,unplanned,MEC-02,3717.0
600,9,2026-01-08 06:10:00,2026-01-08 08:51:00,unplanned,ELEC-01,1260.0
601,42,2026-05-11 16:12:00,2026-05-11 16:24:00,unplanned,MAT-01,
602,24,2026-04-01 09:34:00,2026-04-01 11:25:00,unplanned,MEC-02,8633.0
603,4,2026-06-29 12:02:00,2026-06-29 12:50:00,planned,MAT-01,3850.0
604,31,2026-02-01 14:17:00,2026-02-01 16:11:00,planned,MEC-01,
605,47,2026-03-29 05:34:00,2026-03-29 08:28:00,planned,ELEC-01,1688.0
606,8,2026-03-01 15:10:00,2026-03-01 15:22:00,planned,MEC-01,7593.0
607,3,2026-06-11 13:16:00,2026-06-11 14:11:00,unplanned,MEC-02,7591.0
608,29,2026-01-08 07:11:00,2026-01-08 08:15:00,unplanned,MEC-01,7341.0
609,20,2026-05-02 17:31:00,2026-05-02 17:42:00,unplanned,MAT-01,7200.0
610,19,2026-04-06 21:19:00,2026-04-06 23:49:00,unplanned,MEC-01,2061.0
611,25,2026-01-28 05:25:00,2026-01-28 07:19:00,unplanned,CAL-01,
612,43,2026-01-16 01:10:00,2026-01-16 01:20:00,unplanned,CAL-01,5689.0
613,48,2026-03-24 21:25:00,2026-03-24 22:37:00,planned,CAL-01,
614,48,2026-05-19 00:28:00,2026-05-19 01:28:00,unplanned,ELEC-01,
615,8,2026-05-27 03:37:00,2026-05-27 05:32:00,planned,MAT-01,3232.0
616,49,2026-02-02 06:54:00,2026-02-02 08:04:00,planned,ELEC-01,7407.0
617,20,2026-06-03 20:20:00,2026-06-03 20:33:00,planned,MAT-01,9595.0
618,31,2026-06-08 00:21:00,2026-06-08 01:31:00,unplanned,MAT-01,8806.0
619,18,2026-01-26 00:37:00,2026-01-26 02:41:00,unplanned,MAT-01,8278.0
620,16,2026-02-21 00:53:00,2026-02-21 02:35:00,planned,MEC-01,2164.0
621,35,2026-05-26 02:45:00,2026-05-26 05:14:00,planned,MAT-01,7131.0
622,9,2026-03-01 21:28:00,2026-03-02 00:03:00,unplanned,ELEC-01,
623,19,2026-01-13 19:18:00,2026-01-13 22:11:00,planned,CAL-01,
624,39,2026-04-24 12:24:00,2026-04-24 15:16:00,planned,MAT-01,7096.0
625,41,2026-06-24 03:01:00,2026-06-24 05:44:00,planned,CAL-01,590.0
626,42,2026-05-16 04:28:00,2026-05-16 05:59:00,unplanned,MEC-02,8729.0
627,20,2026-05-12 16:29:00,2026-05-12 19:02:00,unplanned,MEC-01,3.0
628,50,2026-04-28 17:38:00,2026-04-28 18:16:00,planned,MEC-01,
629,11,2026-04-26 12:12:00,2026-04-26 12:17:00,unplanned,CAL-01,2027.0
630,24,2026-01-05 21:21:00,2026-01-05 22:15:00,unplanned,CAL-01,
631,40,2026-05-17 05:18:00,2026-05-17 07:52:00,planned,MEC-02,
632,26,2026-06-12 05:29:00,2026-06-12 08:04:00,unplanned,MEC-01,
633,23,2026-05-26 13:28:00,2026-05-26 15:37:00,unplanned,MAT-01,3725.0
634,38,2026-06-11 12:27:00,2026-06-11 14:54:00,unplanned,MEC-01,6459.0
635,47,2026-03-04 00:21:00,2026-03-04 01:20:00,planned,ELEC-01,600.0
636,20,2026-03-12 16:57:00,2026-03-12 17:24:00,unplanned,ELEC-01,8150.0
637,29,2026-06-22 21:00:00,2026-06-22 21:24:00,unplanned,MEC-02,2462.0
638,33,2026-01-22 05:13:00,2026-01-22 07:17:00,planned,MEC-02,3406.0
639,12,2026-04-27 19:33:00,2026-04-27 20:10:00,unplanned,MEC-01,2418.0
640,42,2026-04-12 00:22:00,2026-04-12 01:27:00,planned,MEC-01,5631.0
641,44,2026-04-13 06:21:00,2026-04-13 07:07:00,unplanned,MEC-01,4747.0
642,20,2026-02-21 17:13:00,2026-02-21 17:30:00,planned,MEC-02,2973.0
643,41,2026-05-09 02:04:00,2026-05-09 03:07:00,planned,CAL-01,2573.0
644,50,2026-04-02 18:58:00,2026-04-02 20:10:00,planned,CAL-01,
645,50,2026-01-16 00:18:00,2026-01-16 03:07:00,unplanned,ELEC-01,
646,25,2026-01-04 07:18:00,2026-01-04 09:36:00,unplanned,ELEC-01,2736.0
647,24,2026-02-05 11:42:00,2026-02-05 12:06:00,planned,ELEC-01,167.0
648,19,2026-03-31 19:19:00,2026-03-31 19:27:00,unplanned,ELEC-01,
649,27,2026-01-03 23:40:00,2026-01-04 02:12:00,planned,CAL-01,8450.0
650,22,2026-05-25 12:05:00,2026-05-25 12:51:00,unplanned,ELEC-01,766.0
651,6,2026-05-01 08:39:00,2026-05-01 09:47:00,unplanned,MEC-02,6830.0
652,50,2026-06-08 15:30:00,2026-06-08 18:25:00,planned,ELEC-01,
653,26,2026-03-19 02:49:00,2026-03-19 05:04:00,unplanned,MEC-01,
654,1,2026-01-15 02:01:00,2026-01-15 03:01:00,unplanned,MAT-01,5378.0
655,49,2026-04-08 10:01:00,2026-04-08 12:46:00,unplanned,ELEC-01,
656,48,2026-06-13 18:57:00,2026-06-13 19:27:00,planned,MEC-01,383.0
657,42,2026-03-10 10:42:00,2026-03-10 12:55:00,planned,ELEC-01,9555.0
658,41,2026-03-13 04:23:00,2026-03-13 04:29:00,planned,CAL-01,8975.0
659,15,2026-01-02 08:41:00,2026-01-02 09:26:00,planned,MEC-02,5747.0
660,40,2026-02-21 09:50:00,2026-02-21 10:46:00,unplanned,CAL-01,3576.0
661,15,2026-03-23 03:38:00,2026-03-23 05:51:00,unplanned,ELEC-01,875.0
662,36,2026-05-24 06:33:00,2026-05-24 08:23:00,unplanned,MEC-02,
663,18,2026-06-29 16:45:00,2026-06-29 18:50:00,unplanned,MAT-01,9887.0
664,2,2026-03-02 17:23:00,2026-03-02 18:32:00,planned,MAT-01,
665,29,2026-03-01 08:53:00,2026-03-01 11:15:00,planned,CAL-01,
666,27,2026-01-22 16:52:00,2026-01-22 18:34:00,unplanned,CAL-01,6682.0
667,3,2026-06-22 07:45:00,2026-06-22 09:10:00,planned,MEC-01,754.0
668,26,2026-06-01 00:46:00,2026-06-01 01:14:00,planned,ELEC-01,6635.0
669,38,2026-02-16 04:15:00,2026-02-16 05:00:00,unplanned,CAL-01,
670,18,2026-03-11 09:00:00,2026-03-11 10:41:00,unplanned,MEC-01,
671,16,2026-02-17 12:36:00,2026-02-17 14:13:00,unplanned,CAL-01,
672,36,2026-01-15 20:56:00,2026-01-15 22:17:00,planned,MEC-02,
673,25,2026-03-26 07:46:00,2026-03-26 09:49:00,unplanned,ELEC-01,
674,12,2026-02-05 12:08:00,2026-02-05 13:12:00,unplanned,CAL-01,9246.0
675,2,2026-01-29 22:30:00,2026-01-30 00:54:00,planned,ELEC-01,
676,6,2026-04-25 07:10:00,2026-04-25 08:44:00,planned,ELEC-01,
677,21,2026-01-23 11:35:00,2026-01-23 14:04:00,unplanned,MAT-01,871.0
678,15,2026-05-12 01:48:00,2026-05-12 03:58:00,unplanned,ELEC-01,6650.0
679,15,2026-06-09 21:16:00,2026-06-09 21:31:00,unplanned,MAT-01,7350.0
680,12,2026-03-31 01:15:00,2026-03-31 03:22:00,planned,ELEC-01,9952.0
681,31,2026-06-15 01:10:00,2026-06-15 02:50:00,planned,ELEC-01,218.0
682,16,2026-01-17 21:46:00,2026-01-17 23:37:00,unplanned,MAT-01,9295.0
683,32,2026-06-18 10:06:00,2026-06-18 11:48:00,unplanned,CAL-01,6417.0
684,3,2026-01-01 14:14:00,2026-01-01 16:13:00,unplanned,MEC-01,7095.0
685,8,2026-05-14 20:56:00,2026-05-14 23:32:00,unplanned,MEC-01,9999.0
686,32,2026-05-12 04:30:00,2026-05-12 07:03:00,planned,MEC-01,
687,33,2026-06-16 20:08:00,2026-06-16 22:44:00,unplanned,ELEC-01,4360.0
688,26,2026-05-22 23:02:00,2026-05-23 01:30:00,unplanned,MEC-01,4732.0
689,30,2026-06-07 15:17:00,2026-06-07 17:11:00,planned,CAL-01,360.0
690,4,2026-02-07 07:22:00,2026-02-07 10:06:00,unplanned,ELEC-01,
691,29,2026-02-16 09:30:00,2026-02-16 12:07:00,unplanned,MEC-01,7183.0
692,16,2026-01-22 16:06:00,2026-01-22 18:34:00,planned,CAL-01,2336.0
693,41,2026-02-28 03:36:00,2026-02-28 06:28:00,unplanned,ELEC-01,
694,22,2026-03-06 00:34:00,2026-03-06 03:24:00,unplanned,MAT-01,2262.0
695,26,2026-05-20 05:04:00,2026-05-20 07:03:00,planned,ELEC-01,4337.0
696,35,2026-04-29 21:55:00,2026-04-29 23:37:00,unplanned,ELEC-01,
697,20,2026-01-28 16:05:00,2026-01-28 16:32:00,planned,CAL-01,1712.0
698,32,2026-06-29 20:32:00,2026-06-29 21:54:00,unplanned,ELEC-01,
699,21,2026-02-19 16:30:00,2026-02-19 16:42:00,unplanned,MAT-01,4711.0
700,39,2026-05-17 00:01:00,2026-05-17 02:58:00,unplanned,MEC-01,
701,26,2026-04-14 13:18:00,2026-04-14 15:56:00,planned,MAT-01,4834.0
702,44,2026-02-16 08:15:00,2026-02-16 08:57:00,planned,MEC-01,449.0
703,34,2026-05-19 23:46:00,2026-05-20 00:20:00,unplanned,CAL-01,9471.0
704,14,2026-06-01 01:58:00,2026-06-01 03:03:00,unplanned,CAL-01,2623.0
705,17,2026-03-06 21:00:00,2026-03-06 22:48:00,planned,ELEC-01,8471.0
706,40,2026-04-07 07:16:00,2026-04-07 07:27:00,unplanned,MEC-02,
707,38,2026-04-20 00:41:00,2026-04-20 01:49:00,planned,MEC-01,3642.0
708,34,2026-01-13 16:30:00,2026-01-13 16:47:00,unplanned,CAL-01,2081.0
709,35,2026-02-23 13:42:00,2026-02-23 14:36:00,unplanned,ELEC-01,2161.0
710,12,2026-04-29 19:55:00,2026-04-29 20:53:00,unplanned,MEC-02,4842.0
711,22,2026-01-20 13:09:00,2026-01-20 15:32:00,planned,MEC-01,5749.0
712,26,2026-01-20 14:49:00,2026-01-20 15:49:00,unplanned,ELEC-01,5104.0
713,9,2026-06-14 20:54:00,2026-06-14 21:22:00,planned,MAT-01,2964.0
714,21,2026-01-31 08:38:00,2026-01-31 09:53:00,unplanned,CAL-01,6136.0
715,25,2026-04-23 16:21:00,2026-04-23 18:15:00,planned,MEC-02,1971.0
716,22,2026-06-06 08:42:00,2026-06-06 09:39:00,unplanned,MEC-01,9896.0
717,34,2026-05-12 16:05:00,2026-05-12 17:50:00,planned,MEC-02,8304.0
718,24,2026-06-05 01:51:00,2026-06-05 02:46:00,planned,MEC-01,
719,14,2026-06-26 02:29:00,2026-06-26 05:20:00,planned,ELEC-01,3622.0
720,7,2026-01-04 09:17:00,2026-01-04 10:23:00,planned,ELEC-01,7252.0
721,36,2026-04-02 23:30:00,2026-04-03 00:13:00,planned,ELEC-01,7117.0
722,16,2026-03-30 09:35:00,2026-03-30 09:44:00,planned,MEC-02,
723,35,2026-05-11 09:45:00,2026-05-11 10:01:00,planned,CAL-01,7361.0
724,34,2026-03-14 15:24:00,2026-03-14 15:42:00,unplanned,MEC-02,9893.0
725,11,2026-01-06 04:41:00,2026-01-06 05:32:00,unplanned,CAL-01,4477.0
726,20,2026-04-19 03:35:00,2026-04-19 05:06:00,unplanned,MEC-02,8899.0
727,32,2026-04-11 11:55:00,2026-04-11 13:58:00,planned,MAT-01,4736.0
728,34,2026-05-31 16:32:00,2026-05-31 19:17:00,unplanned,MEC-02,
729,13,2026-06-20 01:10:00,2026-06-20 01:34:00,unplanned,CAL-01,5163.0
730,39,2026-06-22 05:21:00,2026-06-22 06:18:00,planned,ELEC-01,8492.0
731,21,2026-01-05 21:22:00,2026-01-05 23:30:00,planned,ELEC-01,4866.0
732,22,2026-04-30 06:52:00,2026-04-30 08:56:00,unplanned,MEC-02,
733,27,2026-06-16 12:47:00,2026-06-16 15:06:00,unplanned,MEC-02,
734,37,2026-03-03 15:35:00,2026-03-03 17:22:00,planned,MEC-02,
735,46,2026-01-29 11:22:00,2026-01-29 13:55:00,planned,CAL-01,4305.0
736,49,2026-05-20 15:12:00,2026-05-20 17:17:00,planned,MEC-02,6799.0
737,34,2026-02-01 08:10:00,2026-02-01 09:40:00,unplanned,CAL-01,
738,6,2026-06-16 08:24:00,2026-06-16 09:27:00,planned,MEC-02,9197.0
739,20,2026-05-31 05:04:00,2026-05-31 06:47:00,unplanned,MEC-01,4035.0
740,47,2026-06-20 06:31:00,2026-06-20 08:48:00,unplanned,CAL-01,8146.0
741,29,2026-01-16 17:53:00,2026-01-16 20:06:00,unplanned,ELEC-01,
742,38,2026-05-16 05:55:00,2026-05-16 07:54:00,planned,CAL-01,5833.0
743,16,2026-06-10 22:56:00,2026-06-10 23:17:00,unplanned,ELEC-01,5444.0
744,34,2026-02-16 12:37:00,2026-02-16 14:26:00,planned,ELEC-01,998.0
745,3,2026-04-01 21:03:00,2026-04-01 22:47:00,unplanned,MEC-01,2021.0
746,1,2026-04-17 09:19:00,2026-04-17 11:07:00,planned,MEC-01,3977.0
747,8,2026-01-10 08:35:00,2026-01-10 09:25:00,unplanned,CAL-01,3889.0
748,39,2026-06-24 23:38:00,2026-06-25 01:43:00,unplanned,CAL-01,1363.0
749,26,2026-06-10 07:29:00,2026-06-10 07:44:00,planned,MEC-01,4800.0
750,34,2026-06-11 04:47:00,2026-06-11 06:02:00,planned,CAL-01,9581.0
751,36,2026-03-14 22:23:00,2026-03-14 23:30:00,planned,MEC-02,8160.0
752,43,2026-01-11 21:26:00,2026-01-11 21:40:00,planned,MAT-01,8955.0
753,2,2026-04-26 05:18:00,2026-04-26 05:29:00,planned,MEC-01,
754,41,2026-02-19 03:11:00,2026-02-19 04:01:00,unplanned,ELEC-01,802.0
755,22,2026-02-26 21:44:00,2026-02-26 22:05:00,planned,CAL-01,
756,44,2026-05-02 01:44:00,2026-05-02 03:11:00,unplanned,CAL-01,3060.0
757,23,2026-03-21 06:29:00,2026-03-21 09:23:00,planned,CAL-01,854.0
758,7,2026-01-25 12:30:00,2026-01-25 15:03:00,unplanned,ELEC-01,9772.0
759,15,2026-04-04 21:44:00,2026-04-05 00:04:00,unplanned,CAL-01,6597.0
760,5,2026-04-27 16:07:00,2026-04-27 16:57:00,planned,ELEC-01,7593.0
761,29,2026-04-07 02:53:00,2026-04-07 03:21:00,planned,ELEC-01,2649.0
762,19,2026-01-03 17:48:00,2026-01-03 18:51:00,unplanned,CAL-01,
763,18,2026-03-18 20:11:00,2026-03-18 20:30:00,planned,ELEC-01,1024.0
764,2,2026-02-01 17:25:00,2026-02-01 18:24:00,planned,MAT-01,
765,36,2026-06-20 00:57:00,2026-06-20 01:40:00,planned,MAT-01,6963.0
766,13,2026-05-18 19:25:00,2026-05-18 21:59:00,planned,ELEC-01,8999.0
767,41,2026-02-26 10:56:00,2026-02-26 13:32:00,planned,CAL-01,6830.0
768,46,2026-06-06 02:09:00,2026-06-06 02:56:00,planned,MAT-01,2264.0
769,36,2026-05-07 21:42:00,2026-05-07 22:11:00,unplanned,MEC-02,8612.0
770,35,2026-05-30 00:35:00,2026-05-30 01:16:00,planned,MAT-01,4912.0
771,17,2026-06-12 09:54:00,2026-06-12 10:06:00,unplanned,MEC-01,
772,36,2026-04-12 17:43:00,2026-04-12 20:19:00,planned,ELEC-01,3483.0
773,50,2026-04-22 19:02:00,2026-04-22 20:25:00,planned,ELEC-01,8591.0
774,46,2026-01-01 08:37:00,2026-01-01 10:33:00,planned,ELEC-01,
775,31,2026-03-29 23:01:00,2026-03-29 23:09:00,planned,ELEC-01,5346.0
776,21,2026-06-18 19:26:00,2026-06-18 20:39:00,planned,ELEC-01,6276.0
777,9,2026-03-11 03:05:00,2026-03-11 05:20:00,unplanned,MAT-01,
778,22,2026-05-04 01:16:00,2026-05-04 02:41:00,unplanned,ELEC-01,
779,31,2026-04-18 17:17:00,2026-04-18 18:04:00,unplanned,CAL-01,4263.0
780,19,2026-06-27 21:17:00,2026-06-27 23:24:00,unplanned,MEC-02,205.0
781,49,2026-05-24 21:55:00,2026-05-24 22:36:00,planned,MEC-02,
782,44,2026-05-24 10:42:00,2026-05-24 13:01:00,unplanned,ELEC-01,497.0
783,26,2026-03-07 06:26:00,2026-03-07 08:43:00,planned,MEC-01,8449.0
784,40,2026-06-28 05:30:00,2026-06-28 07:36:00,unplanned,MEC-02,6538.0
785,32,2026-06-19 14:08:00,2026-06-19 15:09:00,unplanned,ELEC-01,5276.0
786,46,2026-06-12 06:12:00,2026-06-12 06:21:00,unplanned,ELEC-01,333.0
787,48,2026-04-19 14:15:00,2026-04-19 16:12:00,unplanned,ELEC-01,2118.0
788,5,2026-03-12 23:42:00,2026-03-13 00:28:00,planned,MEC-01,3787.0
789,17,2026-04-05 20:43:00,2026-04-05 22:37:00,unplanned,MAT-01,6202.0
790,2,2026-04-25 01:59:00,2026-04-25 03:37:00,planned,CAL-01,5372.0
791,13,2026-06-09 05:03:00,2026-06-09 06:42:00,unplanned,MEC-01,4571.0
792,28,2026-01-19 17:07:00,2026-01-19 17:55:00,planned,MAT-01,3576.0
793,10,2026-01-02 01:59:00,2026-01-02 02:09:00,unplanned,MEC-01,4563.0
794,14,2026-03-19 04:38:00,2026-03-19 05:20:00,planned,MEC-02,4989.0
795,11,2026-02-08 08:16:00,2026-02-08 10:45:00,planned,CAL-01,
796,31,2026-01-18 18:30:00,2026-01-18 20:36:00,planned,MEC-02,3692.0
797,45,2026-04-28 11:15:00,2026-04-28 11:47:00,planned,MEC-02,
798,48,2026-05-11 03:54:00,2026-05-11 04:25:00,planned,MAT-01,
799,19,2026-04-08 15:44:00,2026-04-08 16:10:00,planned,MAT-01,3237.0
800,12,2026-03-22 02:17:00,2026-03-22 03:53:00,unplanned,MEC-02,
801,31,2026-06-19 18:11:00,2026-06-19 18:19:00,unplanned,ELEC-01,
802,43,2026-04-05 15:58:00,2026-04-05 16:39:00,unplanned,MAT-01,7539.0
803,37,2026-01-21 05:47:00,2026-01-21 07:42:00,planned,MAT-01,8086.0
804,41,2026-02-16 07:56:00,2026-02-16 08:47:00,planned,CAL-01,
805,38,2026-01-12 00:21:00,2026-01-12 02:58:00,unplanned,ELEC-01,
806,48,2026-03-07 02:03:00,2026-03-07 03:30:00,unplanned,CAL-01,3150.0
807,31,2026-01-11 09:58:00,2026-01-11 11:07:00,unplanned,ELEC-01,4401.0
808,45,2026-02-08 16:09:00,2026-02-08 17:33:00,planned,ELEC-01,
809,37,2026-03-07 16:51:00,2026-03-07 17:17:00,planned,ELEC-01,8388.0
810,26,2026-03-02 15:59:00,2026-03-02 17:42:00,unplanned,MAT-01,9869.0
811,37,2026-06-14 14:09:00,2026-06-14 15:06:00,planned,MEC-02,2945.0
812,24,2026-03-25 22:43:00,2026-03-26 01:33:00,planned,CAL-01,2064.0
813,30,2026-03-13 23:53:00,2026-03-14 02:28:00,unplanned,MEC-02,3882.0
814,17,2026-05-03 23:16:00,2026-05-04 01:38:00,unplanned,MAT-01,2040.0
815,21,2026-01-27 04:32:00,2026-01-27 06:21:00,planned,MEC-02,4397.0
816,1,2026-04-04 20:59:00,2026-04-04 23:05:00,unplanned,ELEC-01,
817,27,2026-06-09 02:29:00,2026-06-09 05:01:00,unplanned,MAT-01,
818,40,2026-02-18 21:27:00,2026-02-18 23:30:00,unplanned,CAL-01,5398.0
819,49,2026-02-20 04:07:00,2026-02-20 04:27:00,planned,MAT-01,4812.0
820,9,2026-02-21 10:56:00,2026-02-21 13:50:00,planned,MEC-02,9358.0
821,28,2026-01-25 00:59:00,2026-01-25 01:51:00,planned,MAT-01,3036.0
822,21,2026-04-30 14:09:00,2026-04-30 14:54:00,unplanned,MEC-01,1804.0
823,45,2026-06-03 03:44:00,2026-06-03 05:50:00,unplanned,MAT-01,
824,38,2026-03-23 05:09:00,2026-03-23 06:27:00,planned,MEC-02,7199.0
825,31,2026-03-15 12:47:00,2026-03-15 13:08:00,planned,MEC-01,7424.0
826,35,2026-06-08 08:21:00,2026-06-08 10:00:00,planned,MAT-01,5909.0
827,35,2026-06-03 01:40:00,2026-06-03 04:12:00,unplanned,CAL-01,2325.0
828,11,2026-03-04 04:00:00,2026-03-04 05:18:00,planned,MEC-02,3982.0
829,36,2026-03-20 20:44:00,2026-03-20 21:35:00,unplanned,MAT-01,2640.0
830,29,2026-05-12 11:49:00,2026-05-12 12:08:00,planned,ELEC-01,4858.0
831,10,2026-06-03 00:51:00,2026-06-03 03:29:00,unplanned,CAL-01,822.0
832,36,2026-02-13 07:23:00,2026-02-13 09:10:00,planned,MEC-01,
833,29,2026-04-05 16:05:00,2026-04-05 18:41:00,planned,MAT-01,4373.0
834,36,2026-06-12 20:37:00,2026-06-12 20:48:00,planned,MEC-02,
835,41,2026-04-04 08:37:00,2026-04-04 08:46:00,unplanned,ELEC-01,7563.0
836,42,2026-03-02 12:38:00,2026-03-02 12:49:00,unplanned,MAT-01,7529.0
837,39,2026-04-22 17:08:00,2026-04-22 17:48:00,planned,MEC-01,
838,22,2026-05-30 11:39:00,2026-05-30 14:29:00,unplanned,MAT-01,833.0
839,45,2026-06-29 17:54:00,2026-06-29 19:12:00,planned,MEC-02,2323.0
840,50,2026-02-15 20:02:00,2026-02-15 20:08:00,planned,MEC-01,7065.0
841,18,2026-05-12 18:49:00,2026-05-12 19:34:00,unplanned,CAL-01,8445.0
842,8,2026-05-18 07:23:00,2026-05-18 10:11:00,unplanned,ELEC-01,
843,9,2026-03-13 16:44:00,2026-03-13 17:26:00,unplanned,MEC-01,
844,1,2026-03-10 01:32:00,2026-03-10 03:00:00,planned,CAL-01,1543.0
845,3,2026-05-02 19:32:00,2026-05-02 20:19:00,planned,CAL-01,
846,48,2026-02-04 10:21:00,2026-02-04 11:46:00,planned,MEC-02,3148.0
847,18,2026-02-01 07:59:00,2026-02-01 09:13:00,planned,ELEC-01,5985.0
848,48,2026-01-31 18:18:00,2026-01-31 20:35:00,unplanned,MAT-01,8009.0
849,18,2026-06-27 13:16:00,2026-06-27 15:08:00,unplanned,MAT-01,2628.0
850,43,2026-03-09 22:03:00,2026-03-09 23:41:00,planned,MEC-01,1000.0
851,43,2026-01-19 02:47:00,2026-01-19 04:06:00,unplanned,CAL-01,
852,29,2026-04-07 06:08:00,2026-04-07 06:43:00,planned,MEC-01,8564.0
853,2,2026-06-24 09:27:00,2026-06-24 10:23:00,planned,ELEC-01,5423.0
854,33,2026-02-23 12:46:00,2026-02-23 13:50:00,unplanned,MAT-01,9872.0
855,17,2026-03-29 22:53:00,2026-03-30 00:30:00,planned,MEC-01,7460.0
856,18,2026-03-21 07:46:00,2026-03-21 09:54:00,planned,MEC-02,9667.0
857,45,2026-06-24 17:31:00,2026-06-24 18:25:00,unplanned,CAL-01,
858,24,2026-01-12 14:59:00,2026-01-12 15:27:00,planned,MAT-01,
859,39,2026-04-30 02:55:00,2026-04-30 03:46:00,unplanned,CAL-01,4216.0
860,17,2026-01-30 05:28:00,2026-01-30 05:49:00,unplanned,CAL-01,138.0
861,3,2026-04-10 09:38:00,2026-04-10 11:38:00,planned,MEC-02,8067.0
862,29,2026-04-21 04:06:00,2026-04-21 05:15:00,planned,MAT-01,
863,9,2026-02-12 17:04:00,2026-02-12 20:03:00,planned,CAL-01,
864,35,2026-05-08 21:29:00,2026-05-08 23:42:00,planned,MEC-01,28.0
865,36,2026-05-17 10:44:00,2026-05-17 11:58:00,unplanned,MEC-01,2978.0
866,16,2026-05-26 02:13:00,2026-05-26 03:35:00,planned,ELEC-01,687.0
867,11,2026-05-31 15:07:00,2026-05-31 16:38:00,unplanned,CAL-01,9206.0
868,35,2026-02-27 00:13:00,2026-02-27 01:32:00,planned,CAL-01,8745.0
869,12,2026-02-21 08:15:00,2026-02-21 10:03:00,unplanned,MEC-02,5438.0
870,23,2026-05-22 21:48:00,2026-05-22 23:00:00,unplanned,ELEC-01,1580.0
871,49,2026-06-14 14:48:00,2026-06-14 16:07:00,unplanned,MEC-02,1369.0
872,46,2026-03-23 08:52:00,2026-03-23 10:01:00,unplanned,MAT-01,7328.0
873,20,2026-04-27 09:18:00,2026-04-27 10:31:00,unplanned,CAL-01,7946.0
874,12,2026-02-15 11:14:00,2026-02-15 14:14:00,planned,ELEC-01,3238.0
875,4,2026-05-14 09:48:00,2026-05-14 11:51:00,unplanned,CAL-01,
876,32,2026-04-22 19:25:00,2026-04-22 21:02:00,planned,MEC-01,3998.0
877,23,2026-06-28 11:26:00,2026-06-28 12:44:00,planned,MEC-02,498.0
878,32,2026-01-10 20:57:00,2026-01-10 21:25:00,unplanned,MEC-02,
879,1,2026-02-15 04:14:00,2026-02-15 06:40:00,unplanned,MEC-02,462.0
880,25,2026-06-04 10:38:00,2026-06-04 11:17:00,planned,CAL-01,
881,47,2026-06-05 20:49:00,2026-06-05 23:25:00,unplanned,CAL-01,4206.0
882,7,2026-02-16 05:40:00,2026-02-16 07:24:00,unplanned,CAL-01,4682.0
883,10,2026-06-15 03:08:00,2026-06-15 03:33:00,planned,MAT-01,
884,11,2026-06-14 20:24:00,2026-06-14 22:31:00,planned,ELEC-01,7352.0
885,21,2026-05-05 19:35:00,2026-05-05 20:18:00,unplanned,ELEC-01,
886,47,2026-05-18 14:52:00,2026-05-18 15:33:00,unplanned,MAT-01,2277.0
887,37,2026-05-10 00:20:00,2026-05-10 02:41:00,unplanned,ELEC-01,
888,49,2026-01-05 10:46:00,2026-01-05 11:25:00,planned,CAL-01,5982.0
889,17,2026-04-13 09:44:00,2026-04-13 12:00:00,unplanned,MEC-01,7785.0
890,11,2026-05-12 06:27:00,2026-05-12 09:06:00,unplanned,MEC-02,2287.0
891,23,2026-05-22 20:26:00,2026-05-22 23:07:00,planned,CAL-01,3669.0
892,29,2026-01-24 05:51:00,2026-01-24 07:43:00,unplanned,ELEC-01,
893,50,2026-03-06 19:58:00,2026-03-06 21:51:00,planned,MEC-02,
894,26,2026-02-14 00:50:00,2026-02-14 03:43:00,planned,ELEC-01,
895,13,2026-06-16 15:27:00,2026-06-16 16:47:00,planned,CAL-01,8441.0
896,13,2026-01-01 22:20:00,2026-01-01 22:29:00,unplanned,MEC-02,
897,11,2026-04-26 17:17:00,2026-04-26 18:17:00,planned,CAL-01,2153.0
898,13,2026-05-22 19:02:00,2026-05-22 21:51:00,unplanned,ELEC-01,
899,7,2026-05-27 20:30:00,2026-05-27 22:10:00,planned,CAL-01,
900,46,2026-02-04 23:21:00,2026-02-05 02:14:00,unplanned,CAL-01,8541.0
901,15,2026-02-17 12:35:00,2026-02-17 14:30:00,planned,MEC-02,3954.0
902,31,2026-01-01 08:47:00,2026-01-01 09:11:00,unplanned,ELEC-01,
903,6,2026-06-08 21:45:00,2026-06-08 23:05:00,unplanned,ELEC-01,6647.0
904,35,2026-04-27 23:36:00,2026-04-28 02:30:00,planned,MEC-01,
905,10,2026-06-11 05:15:00,2026-06-11 06:53:00,planned,MEC-02,6538.0
906,48,2026-04-29 19:23:00,2026-04-29 20:13:00,unplanned,MAT-01,2580.0
907,29,2026-02-19 09:49:00,2026-02-19 12:36:00,unplanned,MEC-01,4294.0
908,42,2026-06-28 13:00:00,2026-06-28 15:07:00,planned,CAL-01,2253.0
909,42,2026-04-11 23:54:00,2026-04-12 01:33:00,planned,CAL-01,4229.0
910,20,2026-02-12 21:43:00,2026-02-12 21:52:00,planned,MEC-02,2938.0
911,50,2026-05-30 06:22:00,2026-05-30 06:59:00,unplanned,CAL-01,9794.0
912,16,2026-05-11 00:34:00,2026-05-11 02:50:00,unplanned,ELEC-01,
913,37,2026-06-25 00:09:00,2026-06-25 01:07:00,planned,MEC-02,8442.0
914,36,2026-02-16 06:05:00,2026-02-16 08:38:00,unplanned,CAL-01,177.0
915,42,2026-03-13 17:59:00,2026-03-13 20:50:00,planned,CAL-01,7797.0
916,31,2026-06-20 19:35:00,2026-06-20 22:34:00,planned,MEC-02,6094.0
917,11,2026-01-31 08:06:00,2026-01-31 10:54:00,planned,ELEC-01,
918,30,2026-04-16 18:35:00,2026-04-16 19:30:00,unplanned,CAL-01,
919,6,2026-05-07 12:22:00,2026-05-07 12:34:00,unplanned,CAL-01,9207.0
920,17,2026-04-13 19:38:00,2026-04-13 19:50:00,unplanned,MAT-01,
921,43,2026-01-25 17:46:00,2026-01-25 19:28:00,planned,CAL-01,
922,9,2026-01-31 16:31:00,2026-01-31 18:43:00,unplanned,MEC-02,9036.0
923,2,2026-02-14 21:55:00,2026-02-14 22:34:00,unplanned,MEC-02,4968.0
924,42,2026-06-23 22:11:00,2026-06-24 00:35:00,unplanned,ELEC-01,7515.0
925,46,2026-01-08 15:26:00,2026-01-08 16:58:00,planned,MEC-02,4920.0
926,11,2026-04-06 08:06:00,2026-04-06 10:32:00,planned,MEC-01,4249.0
927,6,2026-05-16 05:18:00,2026-05-16 07:09:00,planned,MEC-02,8066.0
928,20,2026-02-02 10:40:00,2026-02-02 11:20:00,unplanned,MAT-01,1716.0
929,49,2026-04-19 22:07:00,2026-04-20 00:32:00,unplanned,MEC-02,9265.0
930,27,2026-01-07 02:55:00,2026-01-07 04:29:00,planned,ELEC-01,
931,40,2026-01-12 20:28:00,2026-01-12 22:21:00,unplanned,MEC-01,
932,10,2026-03-09 08:25:00,2026-03-09 08:51:00,unplanned,CAL-01,8873.0
933,11,2026-01-06 06:57:00,2026-01-06 09:01:00,unplanned,MEC-02,6660.0
934,39,2026-06-02 13:49:00,2026-06-02 14:52:00,planned,MAT-01,
935,38,2026-06-02 13:35:00,2026-06-02 13:49:00,planned,ELEC-01,568.0
936,21,2026-06-29 05:37:00,2026-06-29 05:55:00,unplanned,MAT-01,
937,41,2026-06-08 03:46:00,2026-06-08 05:47:00,unplanned,MEC-02,8476.0
938,47,2026-06-13 17:23:00,2026-06-13 18:52:00,planned,ELEC-01,2113.0
939,47,2026-05-09 05:19:00,2026-05-09 06:59:00,unplanned,CAL-01,
940,10,2026-02-06 06:13:00,2026-02-06 06:18:00,unplanned,MEC-01,
941,28,2026-06-08 09:24:00,2026-06-08 11:04:00,planned,CAL-01,667.0
942,12,2026-04-20 08:20:00,2026-04-20 10:42:00,planned,MAT-01,
943,27,2026-05-17 18:05:00,2026-05-17 19:13:00,planned,CAL-01,1340.0
944,45,2026-06-07 09:56:00,2026-06-07 12:43:00,unplanned,MEC-02,6082.0
945,4,2026-05-04 09:55:00,2026-05-04 12:50:00,planned,MAT-01,2924.0
946,15,2026-04-20 17:46:00,2026-04-20 20:31:00,unplanned,MEC-01,2646.0
947,37,2026-03-07 09:33:00,2026-03-07 11:40:00,unplanned,MAT-01,
948,19,2026-06-23 07:09:00,2026-06-23 07:50:00,unplanned,MAT-01,
949,43,2026-06-05 15:25:00,2026-06-05 17:49:00,planned,MAT-01,
950,2,2026-02-03 11:07:00,2026-02-03 12:54:00,planned,MEC-02,4526.0
951,10,2026-05-23 18:50:00,2026-05-23 21:30:00,unplanned,ELEC-01,7714.0
952,26,2026-06-05 22:26:00,2026-06-05 23:00:00,planned,MAT-01,
953,11,2026-02-01 09:11:00,2026-02-01 10:02:00,unplanned,ELEC-01,2860.0
954,29,2026-05-26 22:45:00,2026-05-26 22:55:00,planned,CAL-01,9609.0
955,48,2026-05-26 14:17:00,2026-05-26 15:04:00,unplanned,MAT-01,3380.0
956,24,2026-04-02 17:57:00,2026-04-02 18:49:00,planned,MAT-01,8349.0
957,47,2026-01-12 14:57:00,2026-01-12 17:23:00,planned,MAT-01,
958,10,2026-04-30 20:04:00,2026-04-30 21:09:00,unplanned,MAT-01,2426.0
959,36,2026-02-16 23:28:00,2026-02-16 23:50:00,planned,ELEC-01,1131.0
960,16,2026-04-25 03:40:00,2026-04-25 06:21:00,unplanned,MAT-01,3178.0
961,9,2026-04-04 06:23:00,2026-04-04 08:33:00,planned,MEC-02,
962,41,2026-01-10 08:11:00,2026-01-10 08:56:00,unplanned,MEC-02,
963,40,2026-06-20 16:29:00,2026-06-20 18:07:00,planned,MEC-02,3186.0
964,45,2026-03-03 18:47:00,2026-03-03 18:54:00,unplanned,MEC-02,
965,35,2026-05-08 23:27:00,2026-05-09 00:14:00,unplanned,CAL-01,3492.0
966,34,2026-04-05 04:17:00,2026-04-05 04:29:00,unplanned,MAT-01,9725.0
967,26,2026-04-10 16:21:00,2026-04-10 16:39:00,unplanned,MEC-01,8723.0
968,30,2026-05-25 11:26:00,2026-05-25 13:55:00,unplanned,MEC-01,7933.0
969,44,2026-02-26 00:27:00,2026-02-26 01:33:00,planned,ELEC-01,3342.0
970,49,2026-02-26 00:29:00,2026-02-26 02:24:00,unplanned,CAL-01,6877.0
971,39,2026-03-20 04:59:00,2026-03-20 06:16:00,planned,MEC-01,
972,27,2026-06-20 15:15:00,2026-06-20 16:14:00,planned,ELEC-01,9653.0
973,45,2026-04-29 17:54:00,2026-04-29 18:33:00,unplanned,MEC-02,4355.0
974,31,2026-01-05 23:47:00,2026-01-06 00:05:00,planned,MEC-01,6655.0
975,46,2026-06-18 21:24:00,2026-06-18 23:05:00,planned,MEC-01,5906.0
976,39,2026-02-16 21:38:00,2026-02-16 22:10:00,planned,CAL-01,
977,19,2026-03-08 17:06:00,2026-03-08 19:52:00,planned,MAT-01,
978,33,2026-01-26 03:04:00,2026-01-26 03:12:00,planned,ELEC-01,7135.0
979,38,2026-03-07 03:16:00,2026-03-07 04:54:00,planned,MEC-01,9912.0
980,28,2026-03-21 09:28:00,2026-03-21 11:13:00,planned,MEC-02,
981,29,2026-02-15 15:07:00,2026-02-15 15:14:00,unplanned,MAT-01,6827.0
982,40,2026-03-04 04:30:00,2026-03-04 04:47:00,unplanned,ELEC-01,
983,39,2026-06-21 13:25:00,2026-06-21 15:27:00,planned,MAT-01,
984,48,2026-06-16 02:50:00,2026-06-16 05:14:00,unplanned,MEC-02,
985,45,2026-02-01 11:39:00,2026-02-01 14:12:00,unplanned,MEC-02,
986,15,2026-05-21 17:34:00,2026-05-21 17:59:00,unplanned,MEC-02,
987,12,2026-04-13 05:38:00,2026-04-13 07:44:00,unplanned,MEC-02,6591.0
988,13,2026-06-07 14:43:00,2026-06-07 15:25:00,unplanned,CAL-01,
989,19,2026-04-23 10:52:00,2026-04-23 13:01:00,planned,CAL-01,8128.0
990,24,2026-04-10 13:22:00,2026-04-10 16:18:00,unplanned,MAT-01,
991,39,2026-04-06 04:45:00,2026-04-06 05:51:00,unplanned,CAL-01,4156.0
992,49,2026-04-19 18:42:00,2026-04-19 20:07:00,planned,MEC-01,9764.0
993,10,2026-05-31 14:04:00,2026-05-31 15:42:00,planned,MEC-01,4792.0
994,10,2026-06-20 10:39:00,2026-06-20 12:08:00,unplanned,ELEC-01,8140.0
995,37,2026-02-17 02:22:00,2026-02-17 02:51:00,planned,MAT-01,2110.0
996,30,2026-03-01 02:36:00,2026-03-01 02:41:00,unplanned,MEC-01,4802.0
997,39,2026-01-30 01:46:00,2026-01-30 03:09:00,planned,ELEC-01,5094.0
998,30,2026-03-11 23:24:00,2026-03-12 01:25:00,planned,MEC-01,908.0
999,18,2026-01-10 22:42:00,2026-01-11 00:59:00,planned,CAL-01,882.0
1000,5,2026-03-20 09:28:00,2026-03-20 09:55:00,unplanned,CAL-01,2882.0
1001,8,2026-04-22 20:49:00,2026-04-22 23:29:00,unplanned,MEC-02,5478.0
1002,10,2026-05-06 11:21:00,2026-05-06 12:30:00,unplanned,MAT-01,390.0
1003,19,2026-01-01 04:28:00,2026-01-01 04:57:00,planned,ELEC-01,8135.0
1004,10,2026-04-07 10:00:00,2026-04-07 12:22:00,planned,MEC-01,4892.0
1005,39,2026-03-09 06:12:00,2026-03-09 07:04:00,unplanned,MEC-01,
1006,4,2026-02-18 04:30:00,2026-02-18 05:00:00,unplanned,MEC-02,8774.0
1007,41,2026-02-04 00:25:00,2026-02-04 02:27:00,unplanned,CAL-01,
1008,1,2026-03-13 02:37:00,2026-03-13 04:48:00,unplanned,MEC-01,1547.0
1009,12,2026-05-21 02:56:00,2026-05-21 04:47:00,unplanned,ELEC-01,6159.0
1010,34,2026-05-02 23:19:00,2026-05-03 00:10:00,unplanned,CAL-01,
1011,40,2026-06-12 01:09:00,2026-06-12 01:45:00,unplanned,MAT-01,1769.0
1012,27,2026-05-22 11:16:00,2026-05-22 12:32:00,planned,MEC-02,7474.0
1013,18,2026-05-28 07:49:00,2026-05-28 08:10:00,planned,ELEC-01,
1014,25,2026-05-11 02:32:00,2026-05-11 05:04:00,unplanned,MEC-02,1387.0
1015,16,2026-02-13 02:45:00,2026-02-13 04:54:00,unplanned,MEC-01,
1016,6,2026-06-10 09:05:00,2026-06-10 12:02:00,planned,MEC-02,
1017,3,2026-03-10 01:02:00,2026-03-10 01:59:00,unplanned,MAT-01,2762.0
1018,24,2026-03-12 22:04:00,2026-03-13 00:18:00,unplanned,ELEC-01,1464.0
1019,48,2026-06-23 13:34:00,2026-06-23 13:51:00,planned,MAT-01,1831.0
1020,36,2026-05-05 08:26:00,2026-05-05 10:37:00,unplanned,ELEC-01,
1021,27,2026-05-20 16:39:00,2026-05-20 18:22:00,unplanned,CAL-01,5532.0
1022,30,2026-02-22 21:32:00,2026-02-22 22:18:00,planned,MAT-01,7402.0
1023,2,2026-03-01 08:41:00,2026-03-01 10:24:00,unplanned,CAL-01,103.0
1024,21,2026-05-14 12:12:00,2026-05-14 12:20:00,planned,ELEC-01,6724.0
1025,47,2026-02-12 15:39:00,2026-02-12 17:57:00,unplanned,MEC-01,8945.0
1026,37,2026-05-10 00:03:00,2026-05-10 01:15:00,unplanned,MAT-01,2862.0
1027,42,2026-04-24 14:43:00,2026-04-24 14:53:00,unplanned,MEC-02,4669.0
1028,9,2026-04-28 09:38:00,2026-04-28 12:24:00,planned,ELEC-01,2949.0
1029,15,2026-01-08 23:33:00,2026-01-09 01:20:00,unplanned,ELEC-01,
1030,10,2026-06-01 09:00:00,2026-06-01 09:54:00,unplanned,CAL-01,
1031,37,2026-06-09 13:21:00,2026-06-09 14:07:00,unplanned,CAL-01,7561.0
1032,35,2026-06-17 05:33:00,2026-06-17 07:57:00,unplanned,ELEC-01,9339.0
1033,34,2026-02-15 17:38:00,2026-02-15 18:17:00,planned,ELEC-01,
1034,23,2026-02-18 21:08:00,2026-02-18 23:31:00,planned,MEC-02,2370.0
1035,49,2026-04-15 11:38:00,2026-04-15 13:40:00,planned,MEC-02,
1036,12,2026-03-24 14:53:00,2026-03-24 16:39:00,planned,CAL-01,3340.0
1037,42,2026-01-06 21:56:00,2026-01-06 22:22:00,unplanned,ELEC-01,9320.0
1038,26,2026-03-03 15:42:00,2026-03-03 17:48:00,planned,CAL-01,80.0
1039,25,2026-03-19 21:41:00,2026-03-19 23:33:00,unplanned,CAL-01,9682.0
1040,40,2026-05-24 01:46:00,2026-05-24 03:54:00,planned,MEC-02,3233.0
1041,36,2026-06-08 16:39:00,2026-06-08 19:13:00,unplanned,CAL-01,
1042,12,2026-01-31 16:56:00,2026-01-31 17:44:00,unplanned,CAL-01,
1043,47,2026-01-30 22:20:00,2026-01-31 00:37:00,planned,CAL-01,
1044,45,2026-05-31 14:14:00,2026-05-31 16:40:00,unplanned,ELEC-01,7403.0
1045,30,2026-01-16 14:21:00,2026-01-16 16:47:00,planned,MEC-02,5751.0
1046,11,2026-02-17 21:47:00,2026-02-17 23:17:00,unplanned,MAT-01,7107.0
1047,37,2026-04-13 07:01:00,2026-04-13 07:48:00,planned,MEC-02,
1048,32,2026-01-22 21:41:00,2026-01-23 00:13:00,unplanned,MAT-01,1825.0
1049,3,2026-03-29 22:11:00,2026-03-30 00:43:00,planned,MEC-02,
1050,43,2026-01-13 19:42:00,2026-01-13 21:52:00,planned,MAT-01,
1051,45,2026-03-18 14:45:00,2026-03-18 16:25:00,planned,MEC-02,4665.0
1052,16,2026-04-07 14:42:00,2026-04-07 17:34:00,planned,ELEC-01,
1053,43,2026-06-12 12:36:00,2026-06-12 14:52:00,unplanned,CAL-01,4150.0
1054,40,2026-05-31 05:44:00,2026-05-31 07:59:00,planned,MEC-01,7864.0
1055,30,2026-03-12 08:01:00,2026-03-12 09:21:00,unplanned,MEC-01,2881.0
1056,31,2026-02-02 04:22:00,2026-02-02 04:37:00,unplanned,MAT-01,1713.0
1057,36,2026-05-27 05:01:00,2026-05-27 07:03:00,unplanned,MAT-01,
1058,1,2026-04-07 18:13:00,2026-04-07 18:36:00,planned,CAL-01,8047.0
1059,35,2026-04-10 04:52:00,2026-04-10 07:06:00,planned,MEC-02,9949.0
1060,31,2026-02-02 17:42:00,2026-02-02 19:11:00,planned,MAT-01,
1061,43,2026-04-12 20:20:00,2026-04-12 23:13:00,unplanned,MEC-02,5600.0
1062,40,2026-04-09 10:12:00,2026-04-09 11:01:00,planned,CAL-01,
1063,4,2026-04-16 21:23:00,2026-04-16 21:47:00,planned,MEC-01,
1064,28,2026-05-20 22:10:00,2026-05-20 22:56:00,planned,MEC-02,8431.0
1065,24,2026-05-06 12:59:00,2026-05-06 14:36:00,planned,MAT-01,9788.0
1066,39,2026-01-21 03:59:00,2026-01-21 06:04:00,unplanned,MEC-02,6765.0
1067,11,2026-01-19 14:26:00,2026-01-19 16:15:00,planned,ELEC-01,9677.0
1068,8,2026-05-13 09:20:00,2026-05-13 10:54:00,unplanned,MEC-02,
1069,10,2026-05-18 14:40:00,2026-05-18 16:25:00,unplanned,ELEC-01,9788.0
1070,41,2026-03-13 07:31:00,2026-03-13 09:30:00,unplanned,MEC-02,
1071,9,2026-03-03 08:12:00,2026-03-03 10:12:00,unplanned,MEC-02,589.0
1072,10,2026-05-05 03:43:00,2026-05-05 04:51:00,planned,MEC-01,8743.0
1073,46,2026-03-27 10:47:00,2026-03-27 12:01:00,unplanned,ELEC-01,
1074,35,2026-02-21 04:52:00,2026-02-21 06:20:00,unplanned,MEC-02,104.0
1075,11,2026-03-04 14:30:00,2026-03-04 15:02:00,planned,CAL-01,8594.0
1076,4,2026-03-18 11:06:00,2026-03-18 12:26:00,unplanned,MAT-01,5579.0
1077,36,2026-06-29 06:13:00,2026-06-29 09:11:00,unplanned,MEC-02,
1078,20,2026-02-19 19:55:00,2026-02-19 21:43:00,planned,MAT-01,2883.0
1079,31,2026-04-15 19:20:00,2026-04-15 21:20:00,unplanned,ELEC-01,
1080,35,2026-03-23 13:05:00,2026-03-23 14:37:00,planned,ELEC-01,3992.0
1081,45,2026-04-02 17:58:00,2026-04-02 18:20:00,unplanned,MEC-01,496.0
1082,31,2026-03-05 12:56:00,2026-03-05 15:44:00,unplanned,CAL-01,6978.0
1083,22,2026-03-02 17:11:00,2026-03-02 18:47:00,planned,CAL-01,4390.0
1084,10,2026-06-09 07:29:00,2026-06-09 10:14:00,unplanned,MEC-01,2181.0
1085,23,2026-06-04 18:10:00,2026-06-04 18:35:00,planned,MEC-01,6883.0
1086,17,2026-01-23 21:32:00,2026-01-23 22:56:00,unplanned,MEC-01,9759.0
1087,31,2026-05-01 16:28:00,2026-05-01 17:34:00,unplanned,ELEC-01,8297.0
1088,23,2026-03-06 05:17:00,2026-03-06 07:46:00,unplanned,MEC-02,6981.0
1089,24,2026-06-21 14:46:00,2026-06-21 16:12:00,planned,ELEC-01,
1090,23,2026-06-15 03:53:00,2026-06-15 04:23:00,unplanned,MAT-01,9830.0
1091,3,2026-05-04 09:39:00,2026-05-04 10:09:00,unplanned,MEC-01,
1092,39,2026-05-05 14:32:00,2026-05-05 15:32:00,unplanned,ELEC-01,4863.0
1093,12,2026-05-16 05:37:00,2026-05-16 06:52:00,unplanned,MAT-01,
1094,36,2026-06-08 15:56:00,2026-06-08 18:21:00,unplanned,ELEC-01,7547.0
1095,31,2026-02-16 15:52:00,2026-02-16 17:56:00,unplanned,MAT-01,2526.0
1096,34,2026-02-18 05:07:00,2026-02-18 05:21:00,unplanned,MEC-02,8729.0
1097,13,2026-01-03 04:59:00,2026-01-03 05:51:00,unplanned,MAT-01,
1098,33,2026-02-25 19:23:00,2026-02-25 21:53:00,unplanned,MEC-01,4483.0
1099,49,2026-02-16 04:51:00,2026-02-16 05:24:00,planned,MEC-02,244.0
1100,11,2026-05-09 15:04:00,2026-05-09 17:57:00,planned,MEC-01,5626.0
1101,6,2026-01-20 00:37:00,2026-01-20 01:57:00,planned,MEC-01,1299.0
1102,23,2026-04-25 20:41:00,2026-04-25 22:34:00,planned,ELEC-01,1502.0
1103,16,2026-01-26 19:13:00,2026-01-26 20:28:00,unplanned,ELEC-01,
1104,36,2026-02-22 15:27:00,2026-02-22 17:11:00,unplanned,ELEC-01,
1105,23,2026-02-25 22:24:00,2026-02-26 00:13:00,planned,ELEC-01,1035.0
1106,16,2026-06-02 00:53:00,2026-06-02 03:11:00,unplanned,MEC-02,
1107,22,2026-03-31 07:38:00,2026-03-31 08:15:00,planned,MEC-01,
1108,2,2026-05-27 00:10:00,2026-05-27 00:20:00,unplanned,CAL-01,
1109,8,2026-01-20 13:45:00,2026-01-20 14:22:00,unplanned,MEC-02,
1110,6,2026-01-15 10:31:00,2026-01-15 11:38:00,unplanned,MAT-01,900.0
1111,8,2026-01-10 14:30:00,2026-01-10 16:41:00,planned,CAL-01,
1112,27,2026-05-15 00:39:00,2026-05-15 02:09:00,planned,ELEC-01,4201.0
1113,2,2026-01-10 13:57:00,2026-01-10 16:53:00,unplanned,CAL-01,4692.0
1114,11,2026-04-17 07:25:00,2026-04-17 08:57:00,unplanned,MAT-01,4291.0
1115,18,2026-06-06 23:06:00,2026-06-07 01:43:00,unplanned,MEC-02,5802.0
1116,15,2026-04-26 16:45:00,2026-04-26 17:15:00,planned,MEC-01,4027.0
1117,16,2026-05-18 16:23:00,2026-05-18 19:08:00,planned,CAL-01,5633.0
1118,34,2026-03-07 18:33:00,2026-03-07 19:45:00,planned,MEC-02,
1119,22,2026-01-10 07:01:00,2026-01-10 09:39:00,planned,MEC-02,2698.0
1120,22,2026-01-06 15:40:00,2026-01-06 16:49:00,planned,MEC-02,
1121,11,2026-01-15 10:16:00,2026-01-15 12:23:00,planned,MEC-01,
1122,21,2026-03-19 21:00:00,2026-03-19 22:15:00,planned,MEC-02,
1123,35,2026-01-12 18:07:00,2026-01-12 19:44:00,unplanned,MEC-01,
1124,29,2026-04-04 01:49:00,2026-04-04 04:07:00,planned,ELEC-01,897.0
1125,50,2026-02-04 10:53:00,2026-02-04 13:03:00,unplanned,CAL-01,3410.0
1126,15,2026-03-08 22:01:00,2026-03-08 23:16:00,planned,CAL-01,6348.0
1127,15,2026-06-16 11:16:00,2026-06-16 13:18:00,unplanned,CAL-01,6710.0
1128,13,2026-05-12 15:31:00,2026-05-12 17:36:00,planned,CAL-01,3637.0
1129,19,2026-01-06 01:18:00,2026-01-06 01:32:00,planned,MAT-01,4774.0
1130,14,2026-05-05 00:02:00,2026-05-05 00:20:00,unplanned,ELEC-01,102.0
1131,40,2026-01-11 05:50:00,2026-01-11 08:38:00,planned,MEC-01,3674.0
1132,37,2026-02-27 14:44:00,2026-02-27 14:58:00,planned,CAL-01,9751.0
1133,50,2026-04-12 08:08:00,2026-04-12 10:35:00,unplanned,ELEC-01,5652.0
1134,17,2026-02-09 08:09:00,2026-02-09 10:51:00,planned,MAT-01,
1135,9,2026-01-02 02:04:00,2026-01-02 03:12:00,unplanned,CAL-01,3812.0
1136,50,2026-01-11 16:39:00,2026-01-11 17:04:00,unplanned,MEC-02,4522.0
1137,30,2026-02-10 19:26:00,2026-02-10 21:09:00,unplanned,MEC-01,898.0
1138,9,2026-02-01 03:51:00,2026-02-01 05:21:00,planned,ELEC-01,1687.0
1139,43,2026-02-21 11:01:00,2026-02-21 11:36:00,unplanned,MAT-01,7565.0
1140,3,2026-01-21 03:34:00,2026-01-21 06:21:00,planned,MEC-01,
1141,18,2026-05-20 09:49:00,2026-05-20 12:14:00,unplanned,MAT-01,5271.0
1142,8,2026-01-07 18:02:00,2026-01-07 19:55:00,planned,MEC-01,4010.0
1143,1,2026-05-07 14:41:00,2026-05-07 17:04:00,planned,ELEC-01,5868.0
1144,42,2026-02-08 12:51:00,2026-02-08 15:43:00,planned,MEC-02,516.0
1145,25,2026-01-07 12:45:00,2026-01-07 15:42:00,unplanned,CAL-01,3415.0
1146,25,2026-06-26 03:41:00,2026-06-26 05:28:00,planned,CAL-01,1940.0
1147,43,2026-03-22 10:22:00,2026-03-22 10:48:00,planned,MEC-02,6902.0
1148,37,2026-03-22 07:55:00,2026-03-22 09:44:00,unplanned,MEC-01,471.0
1149,35,2026-01-26 03:29:00,2026-01-26 06:15:00,planned,ELEC-01,4436.0
1150,41,2026-01-07 00:45:00,2026-01-07 03:10:00,planned,CAL-01,7283.0
1151,17,2026-06-10 14:06:00,2026-06-10 16:03:00,unplanned,MAT-01,
1152,23,2026-03-26 08:57:00,2026-03-26 09:57:00,planned,MEC-01,2636.0
1153,47,2026-04-19 03:56:00,2026-04-19 05:08:00,planned,ELEC-01,
1154,40,2026-02-04 01:18:00,2026-02-04 01:29:00,planned,MEC-02,8270.0
1155,21,2026-06-19 02:06:00,2026-06-19 04:43:00,unplanned,ELEC-01,
1156,14,2026-01-03 13:00:00,2026-01-03 14:20:00,planned,CAL-01,6391.0
1157,8,2026-01-03 14:38:00,2026-01-03 15:52:00,unplanned,CAL-01,7033.0
1158,2,2026-03-13 05:56:00,2026-03-13 07:30:00,planned,MEC-02,7939.0
1159,12,2026-03-21 11:02:00,2026-03-21 12:24:00,planned,ELEC-01,8763.0
1160,11,2026-01-20 11:17:00,2026-01-20 13:02:00,planned,ELEC-01,8654.0
1161,29,2026-02-14 10:03:00,2026-02-14 10:31:00,planned,ELEC-01,6369.0
1162,31,2026-06-17 19:11:00,2026-06-17 21:44:00,planned,CAL-01,3590.0
1163,26,2026-04-22 05:41:00,2026-04-22 06:23:00,unplanned,MEC-01,
1164,21,2026-01-05 21:37:00,2026-01-05 22:33:00,unplanned,CAL-01,
1165,45,2026-03-13 01:10:00,2026-03-13 03:53:00,unplanned,MEC-01,4800.0
1166,49,2026-02-05 17:24:00,2026-02-05 19:52:00,planned,ELEC-01,5622.0
1167,12,2026-06-17 07:58:00,2026-06-17 08:47:00,planned,MEC-02,8546.0
1168,26,2026-06-17 21:49:00,2026-06-17 23:20:00,unplanned,MEC-02,4527.0
1169,9,2026-04-26 15:24:00,2026-04-26 16:44:00,planned,MAT-01,6823.0
1170,45,2026-03-23 23:40:00,2026-03-24 02:06:00,planned,MEC-02,379.0
1171,29,2026-01-18 04:02:00,2026-01-18 05:14:00,planned,MEC-02,7867.0
1172,24,2026-04-10 13:39:00,2026-04-10 15:40:00,planned,CAL-01,8126.0
1173,20,2026-05-12 17:59:00,2026-05-12 19:13:00,unplanned,MEC-01,3227.0
1174,29,2026-04-19 07:27:00,2026-04-19 10:26:00,unplanned,MAT-01,9200.0
1175,27,2026-05-31 13:22:00,2026-05-31 14:10:00,unplanned,ELEC-01,
1176,1,2026-03-23 03:31:00,2026-03-23 05:38:00,unplanned,MEC-02,1153.0
1177,43,2026-01-09 00:56:00,2026-01-09 03:51:00,unplanned,MEC-01,
1178,31,2026-02-25 13:33:00,2026-02-25 14:23:00,planned,ELEC-01,
1179,38,2026-04-14 23:29:00,2026-04-15 00:03:00,planned,CAL-01,2990.0
1180,2,2026-02-05 22:27:00,2026-02-06 01:05:00,planned,MAT-01,5686.0
1181,43,2026-02-25 02:04:00,2026-02-25 03:23:00,planned,MEC-02,8418.0
1182,24,2026-04-10 05:01:00,2026-04-10 06:53:00,planned,ELEC-01,7098.0
1183,49,2026-05-12 23:30:00,2026-05-13 00:13:00,unplanned,ELEC-01,6895.0
1184,38,2026-05-23 00:35:00,2026-05-23 03:22:00,unplanned,MEC-02,
1185,33,2026-01-16 17:58:00,2026-01-16 18:59:00,planned,CAL-01,6007.0
1186,42,2026-01-05 20:43:00,2026-01-05 23:28:00,planned,MEC-01,2462.0
1187,18,2026-02-03 17:22:00,2026-02-03 20:22:00,planned,MEC-01,4007.0
1188,47,2026-01-26 20:20:00,2026-01-26 20:42:00,planned,MEC-02,
1189,31,2026-03-09 22:01:00,2026-03-10 00:39:00,unplanned,CAL-01,
1190,29,2026-06-10 15:43:00,2026-06-10 16:35:00,unplanned,ELEC-01,
1191,21,2026-01-16 10:53:00,2026-01-16 11:25:00,unplanned,ELEC-01,
1192,27,2026-01-05 17:19:00,2026-01-05 19:08:00,unplanned,ELEC-01,8473.0
1193,27,2026-02-23 07:49:00,2026-02-23 09:28:00,planned,MAT-01,1934.0
1194,47,2026-04-16 12:24:00,2026-04-16 14:46:00,unplanned,CAL-01,7403.0
1195,1,2026-03-25 18:50:00,2026-03-25 20:05:00,unplanned,MEC-02,6278.0
1196,41,2026-01-10 01:55:00,2026-01-10 02:00:00,planned,CAL-01,6702.0
1197,9,2026-01-29 21:12:00,2026-01-29 23:32:00,unplanned,MAT-01,2160.0
1198,43,2026-02-17 13:47:00,2026-02-17 15:37:00,unplanned,ELEC-01,351.0
1199,10,2026-06-07 09:41:00,2026-06-07 10:37:00,unplanned,MAT-01,1158.0
1200,35,2026-03-07 07:48:00,2026-03-07 10:02:00,unplanned,MEC-01,1818.0
1201,14,2026-06-14 14:08:00,2026-06-14 15:58:00,unplanned,MEC-01,
1202,24,2026-03-09 04:39:00,2026-03-09 06:07:00,planned,MEC-01,7425.0
1203,40,2026-06-22 04:12:00,2026-06-22 06:04:00,unplanned,MEC-01,8435.0
1204,22,2026-06-26 23:02:00,2026-06-26 23:47:00,planned,MEC-01,9633.0
1205,15,2026-05-18 08:32:00,2026-05-18 08:58:00,unplanned,CAL-01,556.0
1206,35,2026-04-11 10:35:00,2026-04-11 10:52:00,planned,MEC-01,
1207,48,2026-04-29 02:04:00,2026-04-29 02:57:00,planned,CAL-01,8828.0
1208,48,2026-01-22 03:20:00,2026-01-22 03:49:00,planned,ELEC-01,9416.0
1209,17,2026-03-14 10:45:00,2026-03-14 10:51:00,planned,MEC-02,7515.0
1210,30,2026-03-14 03:17:00,2026-03-14 04:08:00,planned,MEC-01,4418.0
1211,11,2026-01-06 05:24:00,2026-01-06 07:25:00,planned,MEC-02,6953.0
1212,49,2026-01-09 16:10:00,2026-01-09 17:03:00,planned,MEC-01,3472.0
1213,50,2026-06-08 04:39:00,2026-06-08 06:19:00,unplanned,ELEC-01,5140.0
1214,6,2026-04-05 13:32:00,2026-04-05 15:05:00,planned,ELEC-01,2269.0
1215,45,2026-06-29 20:05:00,2026-06-29 22:24:00,planned,MEC-01,
1216,46,2026-06-26 22:37:00,2026-06-27 00:45:00,planned,ELEC-01,983.0
1217,50,2026-05-01 02:12:00,2026-05-01 03:49:00,planned,CAL-01,6094.0
1218,22,2026-03-17 17:01:00,2026-03-17 19:45:00,planned,ELEC-01,2460.0
1219,4,2026-04-25 21:39:00,2026-04-25 23:45:00,unplanned,CAL-01,
1220,24,2026-06-07 13:43:00,2026-06-07 14:13:00,unplanned,MAT-01,8565.0
1221,1,2026-02-04 22:23:00,2026-02-04 23:06:00,unplanned,MAT-01,1824.0
1222,17,2026-03-21 00:01:00,2026-03-21 00:06:00,planned,MEC-02,
1223,44,2026-05-12 10:22:00,2026-05-12 12:01:00,planned,MAT-01,5029.0
1224,29,2026-05-30 12:30:00,2026-05-30 14:39:00,planned,CAL-01,82.0
1225,13,2026-04-17 05:00:00,2026-04-17 07:08:00,planned,MEC-01,33.0
1226,27,2026-01-24 10:59:00,2026-01-24 12:03:00,unplanned,MAT-01,938.0
1227,17,2026-03-17 16:23:00,2026-03-17 18:27:00,unplanned,MEC-01,2860.0
1228,5,2026-02-23 20:25:00,2026-02-23 21:43:00,unplanned,CAL-01,5437.0
1229,41,2026-01-08 14:08:00,2026-01-08 15:23:00,planned,ELEC-01,7796.0
1230,25,2026-06-04 14:37:00,2026-06-04 16:36:00,unplanned,CAL-01,7205.0
1231,39,2026-02-03 18:09:00,2026-02-03 19:51:00,planned,CAL-01,191.0
1232,15,2026-02-04 15:31:00,2026-02-04 18:30:00,unplanned,MAT-01,8432.0
1233,11,2026-06-27 11:59:00,2026-06-27 14:01:00,unplanned,MEC-02,
1234,12,2026-03-02 21:49:00,2026-03-03 00:07:00,planned,CAL-01,2366.0
1235,47,2026-05-30 09:13:00,2026-05-30 09:35:00,unplanned,MEC-02,2585.0
1236,8,2026-05-20 20:43:00,2026-05-20 21:26:00,unplanned,CAL-01,4041.0
1237,48,2026-02-03 13:46:00,2026-02-03 14:47:00,unplanned,MEC-01,
1238,39,2026-02-25 20:04:00,2026-02-25 21:28:00,planned,MAT-01,
1239,30,2026-04-24 06:30:00,2026-04-24 07:29:00,planned,MEC-02,5911.0
1240,41,2026-03-11 19:56:00,2026-03-11 22:18:00,unplanned,MEC-01,5223.0
1241,39,2026-06-27 07:28:00,2026-06-27 09:43:00,planned,CAL-01,
1242,48,2026-04-13 07:22:00,2026-04-13 09:10:00,planned,ELEC-01,
1243,33,2026-01-17 17:49:00,2026-01-17 19:05:00,unplanned,MEC-01,7079.0
1244,49,2026-06-27 16:24:00,2026-06-27 17:31:00,unplanned,ELEC-01,5333.0
1245,34,2026-02-02 02:07:00,2026-02-02 04:13:00,planned,CAL-01,
1246,19,2026-04-01 00:44:00,2026-04-01 03:29:00,planned,MEC-02,1208.0
1247,50,2026-06-27 08:18:00,2026-06-27 09:32:00,unplanned,CAL-01,3817.0
1248,26,2026-04-24 21:05:00,2026-04-24 23:13:00,unplanned,CAL-01,9228.0
1249,31,2026-05-16 14:15:00,2026-05-16 14:39:00,planned,CAL-01,4214.0
1250,46,2026-01-17 01:01:00,2026-01-17 02:25:00,unplanned,MEC-01,6190.0
1251,50,2026-02-26 07:28:00,2026-02-26 09:32:00,unplanned,MEC-02,
1252,21,2026-05-14 13:49:00,2026-05-14 16:32:00,unplanned,MAT-01,827.0
1253,14,2026-01-24 23:23:00,2026-01-25 00:54:00,unplanned,MAT-01,7021.0
1254,38,2026-03-11 13:45:00,2026-03-11 16:17:00,planned,ELEC-01,3512.0
1255,34,2026-04-04 16:04:00,2026-04-04 18:15:00,unplanned,MEC-02,6255.0
1256,17,2026-03-06 21:37:00,2026-03-06 22:33:00,unplanned,ELEC-01,2019.0
1257,28,2026-06-16 06:41:00,2026-06-16 07:21:00,planned,MEC-02,
1258,6,2026-06-08 15:59:00,2026-06-08 16:14:00,unplanned,CAL-01,4582.0
1259,37,2026-06-13 10:28:00,2026-06-13 10:58:00,unplanned,MEC-02,
1260,28,2026-04-07 18:09:00,2026-04-07 18:40:00,planned,ELEC-01,
1261,6,2026-02-13 20:42:00,2026-02-13 21:40:00,planned,MAT-01,1384.0
1262,9,2026-05-16 13:23:00,2026-05-16 15:09:00,planned,MAT-01,
1263,49,2026-04-06 17:06:00,2026-04-06 19:51:00,planned,MEC-02,
1264,40,2026-04-02 20:03:00,2026-04-02 20:30:00,unplanned,MEC-01,626.0
1265,46,2026-01-13 07:53:00,2026-01-13 09:31:00,unplanned,MEC-02,
1266,16,2026-03-25 11:40:00,2026-03-25 14:17:00,unplanned,MEC-02,
1267,44,2026-01-30 01:11:00,2026-01-30 01:47:00,planned,ELEC-01,
1268,32,2026-05-26 17:04:00,2026-05-26 19:13:00,planned,MEC-01,4336.0
1269,3,2026-05-17 21:52:00,2026-05-17 22:20:00,planned,MEC-01,6861.0
1270,41,2026-06-13 22:48:00,2026-06-13 23:05:00,unplanned,CAL-01,6973.0
1271,2,2026-05-21 15:58:00,2026-05-21 17:56:00,unplanned,ELEC-01,
1272,3,2026-05-24 20:42:00,2026-05-24 23:30:00,unplanned,ELEC-01,8206.0
1273,11,2026-05-04 08:52:00,2026-05-04 09:44:00,planned,MAT-01,7565.0
1274,24,2026-03-02 05:24:00,2026-03-02 08:18:00,unplanned,CAL-01,9499.0
1275,32,2026-01-13 23:43:00,2026-01-14 01:18:00,unplanned,ELEC-01,
1276,41,2026-04-08 06:28:00,2026-04-08 08:08:00,planned,ELEC-01,2440.0
1277,40,2026-06-25 12:33:00,2026-06-25 13:40:00,planned,ELEC-01,8359.0
1278,48,2026-04-11 05:10:00,2026-04-11 06:49:00,unplanned,MEC-01,2694.0
1279,46,2026-05-24 18:52:00,2026-05-24 20:41:00,unplanned,MEC-02,2328.0
1280,25,2026-02-17 09:20:00,2026-02-17 11:44:00,planned,MEC-02,1140.0
1281,2,2026-01-07 21:17:00,2026-01-07 22:18:00,planned,MAT-01,7445.0
1282,50,2026-03-08 00:16:00,2026-03-08 01:23:00,unplanned,MEC-01,8699.0
1283,7,2026-03-31 06:23:00,2026-03-31 08:22:00,planned,MEC-01,13.0
1284,7,2026-02-01 20:48:00,2026-02-01 23:29:00,unplanned,MEC-02,
1285,36,2026-04-05 20:58:00,2026-04-05 22:40:00,planned,MEC-01,
1286,50,2026-05-19 16:28:00,2026-05-19 17:15:00,planned,ELEC-01,9317.0
1287,20,2026-01-01 12:51:00,2026-01-01 14:41:00,planned,MAT-01,2753.0
1288,10,2026-01-01 08:06:00,2026-01-01 10:11:00,planned,ELEC-01,9471.0
1289,19,2026-01-24 09:11:00,2026-01-24 10:51:00,unplanned,MAT-01,
1290,28,2026-03-11 09:24:00,2026-03-11 12:01:00,planned,MAT-01,644.0
1291,25,2026-05-05 21:22:00,2026-05-05 23:46:00,planned,MEC-02,9266.0
1292,37,2026-01-01 01:19:00,2026-01-01 02:20:00,unplanned,MAT-01,
1293,12,2026-04-15 11:44:00,2026-04-15 13:09:00,unplanned,MEC-02,
1294,28,2026-03-16 14:10:00,2026-03-16 16:35:00,planned,ELEC-01,4322.0
1295,9,2026-04-25 16:34:00,2026-04-25 17:21:00,planned,ELEC-01,
1296,10,2026-05-20 18:53:00,2026-05-20 20:36:00,planned,ELEC-01,858.0
1297,46,2026-06-19 11:51:00,2026-06-19 12:52:00,unplanned,MEC-02,3598.0
1298,44,2026-04-10 18:16:00,2026-04-10 19:07:00,planned,MAT-01,
1299,35,2026-02-09 00:47:00,2026-02-09 01:14:00,planned,MEC-02,
1300,24,2026-01-20 07:54:00,2026-01-20 10:08:00,unplanned,MEC-01,6469.0
1301,7,2026-06-27 16:16:00,2026-06-27 18:52:00,planned,MAT-01,8557.0
1302,41,2026-06-29 09:34:00,2026-06-29 10:55:00,unplanned,ELEC-01,
1303,50,2026-02-28 13:03:00,2026-02-28 15:08:00,planned,MEC-02,8213.0
1304,43,2026-04-21 03:43:00,2026-04-21 05:17:00,unplanned,CAL-01,278.0
1305,29,2026-01-20 07:34:00,2026-01-20 08:15:00,unplanned,MEC-02,2244.0
1306,23,2026-02-01 18:09:00,2026-02-01 19:15:00,unplanned,MAT-01,174.0
1307,19,2026-02-13 15:11:00,2026-02-13 15:56:00,planned,CAL-01,6450.0
1308,25,2026-02-21 00:06:00,2026-02-21 03:05:00,planned,MEC-02,9782.0
1309,16,2026-01-09 03:18:00,2026-01-09 03:44:00,unplanned,ELEC-01,
1310,44,2026-06-04 00:40:00,2026-06-04 02:28:00,planned,MEC-02,
1311,39,2026-06-03 08:22:00,2026-06-03 08:58:00,unplanned,MEC-01,672.0
1312,3,2026-06-05 00:50:00,2026-06-05 01:46:00,planned,ELEC-01,2837.0
1313,44,2026-02-24 06:00:00,2026-02-24 07:09:00,unplanned,MEC-02,
1314,15,2026-06-01 20:08:00,2026-06-01 21:27:00,planned,MEC-02,8244.0
1315,48,2026-04-19 14:47:00,2026-04-19 17:20:00,unplanned,MEC-01,7270.0
1316,37,2026-03-24 00:13:00,2026-03-24 00:49:00,planned,CAL-01,7232.0
1317,2,2026-06-13 02:13:00,2026-06-13 02:39:00,unplanned,CAL-01,4453.0
1318,47,2026-03-07 18:26:00,2026-03-07 19:02:00,planned,MAT-01,7003.0
1319,3,2026-05-08 19:18:00,2026-05-08 22:03:00,planned,ELEC-01,2807.0
1320,41,2026-03-13 10:38:00,2026-03-13 12:55:00,unplanned,MEC-01,8809.0
1321,34,2026-04-28 22:09:00,2026-04-28 23:35:00,unplanned,MEC-02,4460.0
1322,26,2026-05-29 15:52:00,2026-05-29 16:04:00,planned,MEC-01,
1323,31,2026-02-18 17:15:00,2026-02-18 20:09:00,planned,MEC-02,7505.0
1324,5,2026-06-23 12:20:00,2026-06-23 14:03:00,planned,MAT-01,4663.0
1325,38,2026-02-14 13:43:00,2026-02-14 15:32:00,planned,CAL-01,2968.0
1326,33,2026-06-26 16:38:00,2026-06-26 16:43:00,planned,MEC-01,7105.0
1327,26,2026-06-27 22:10:00,2026-06-27 22:39:00,planned,CAL-01,3470.0
1328,33,2026-06-20 09:53:00,2026-06-20 12:31:00,unplanned,MEC-02,8773.0
1329,40,2026-04-10 18:59:00,2026-04-10 20:15:00,unplanned,MAT-01,4769.0
1330,46,2026-03-17 20:33:00,2026-03-17 22:30:00,planned,MAT-01,7356.0
1331,36,2026-03-29 13:16:00,2026-03-29 13:49:00,planned,MAT-01,8608.0
1332,30,2026-03-21 20:24:00,2026-03-21 22:42:00,planned,MEC-01,124.0
1333,36,2026-05-05 05:34:00,2026-05-05 06:03:00,planned,MEC-01,9374.0
1334,15,2026-05-21 08:04:00,2026-05-21 08:32:00,unplanned,MEC-01,9649.0
1335,2,2026-04-18 08:34:00,2026-04-18 08:50:00,planned,CAL-01,4259.0
1336,41,2026-06-26 19:40:00,2026-06-26 20:26:00,unplanned,ELEC-01,
1337,25,2026-02-01 12:04:00,2026-02-01 12:29:00,unplanned,MEC-01,
1338,3,2026-06-29 15:14:00,2026-06-29 18:09:00,planned,ELEC-01,8977.0
1339,33,2026-04-13 04:59:00,2026-04-13 07:53:00,planned,ELEC-01,8530.0
1340,19,2026-03-07 10:51:00,2026-03-07 13:42:00,unplanned,MEC-01,6116.0
1341,24,2026-05-08 06:41:00,2026-05-08 07:35:00,planned,ELEC-01,
1342,19,2026-01-24 23:25:00,2026-01-25 01:53:00,planned,CAL-01,9605.0
1343,42,2026-01-21 04:46:00,2026-01-21 05:40:00,unplanned,MAT-01,7761.0
1344,49,2026-03-23 11:18:00,2026-03-23 13:41:00,unplanned,MEC-02,
1345,46,2026-01-07 06:03:00,2026-01-07 08:36:00,unplanned,CAL-01,9998.0
1346,43,2026-04-24 06:01:00,2026-04-24 09:00:00,planned,MEC-02,8092.0
1347,27,2026-02-17 06:24:00,2026-02-17 06:57:00,unplanned,CAL-01,
1348,50,2026-06-07 23:22:00,2026-06-08 01:20:00,unplanned,MEC-02,
1349,44,2026-01-20 22:24:00,2026-01-21 00:06:00,unplanned,MAT-01,6241.0
1350,38,2026-03-14 22:57:00,2026-03-14 23:32:00,unplanned,MAT-01,
1351,6,2026-02-18 13:17:00,2026-02-18 14:00:00,planned,CAL-01,2586.0
1352,13,2026-01-07 05:12:00,2026-01-07 05:18:00,unplanned,CAL-01,2254.0
1353,6,2026-01-25 12:39:00,2026-01-25 13:20:00,unplanned,MEC-02,
1354,18,2026-06-23 01:34:00,2026-06-23 02:28:00,unplanned,MAT-01,7192.0
1355,11,2026-05-27 02:00:00,2026-05-27 04:31:00,unplanned,MAT-01,3439.0
1356,41,2026-01-02 14:59:00,2026-01-02 15:45:00,planned,MAT-01,5866.0
1357,40,2026-05-02 16:25:00,2026-05-02 19:08:00,planned,CAL-01,6649.0
1358,2,2026-03-29 22:27:00,2026-03-29 22:37:00,planned,MEC-01,5031.0
1359,2,2026-02-19 12:16:00,2026-02-19 14:44:00,planned,MAT-01,2860.0
1360,32,2026-03-17 23:58:00,2026-03-18 00:53:00,unplanned,MEC-02,8300.0
1361,44,2026-03-24 08:47:00,2026-03-24 10:11:00,planned,CAL-01,3098.0
1362,29,2026-03-14 22:01:00,2026-03-14 22:35:00,unplanned,CAL-01,901.0
1363,32,2026-03-01 09:56:00,2026-03-01 11:51:00,unplanned,MEC-02,4496.0
1364,33,2026-01-16 17:05:00,2026-01-16 19:28:00,unplanned,MAT-01,622.0
1365,15,2026-04-04 13:07:00,2026-04-04 14:04:00,unplanned,MEC-02,1193.0
1366,45,2026-06-07 09:24:00,2026-06-07 10:43:00,unplanned,MEC-02,
1367,22,2026-02-15 04:51:00,2026-02-15 07:07:00,planned,MEC-02,1900.0
1368,49,2026-04-10 22:53:00,2026-04-11 00:18:00,planned,ELEC-01,3461.0
1369,44,2026-01-28 22:04:00,2026-01-28 22:34:00,unplanned,MAT-01,2666.0
1370,37,2026-06-22 08:48:00,2026-06-22 09:11:00,planned,ELEC-01,1523.0
1371,19,2026-04-15 15:45:00,2026-04-15 15:58:00,planned,MEC-02,
1372,22,2026-01-18 21:40:00,2026-01-18 23:34:00,unplanned,ELEC-01,1811.0
1373,22,2026-06-18 10:09:00,2026-06-18 10:51:00,unplanned,MAT-01,6493.0
1374,41,2026-03-24 06:44:00,2026-03-24 08:21:00,unplanned,CAL-01,3869.0
1375,6,2026-01-19 09:59:00,2026-01-19 10:27:00,planned,MEC-01,
1376,5,2026-02-14 21:07:00,2026-02-14 23:55:00,unplanned,MEC-01,2352.0
1377,3,2026-03-10 09:13:00,2026-03-10 09:28:00,planned,CAL-01,4178.0
1378,29,2026-04-08 23:15:00,2026-04-09 01:58:00,unplanned,MEC-01,7823.0
1379,45,2026-04-23 20:54:00,2026-04-23 22:16:00,planned,CAL-01,299.0
1380,27,2026-02-16 16:28:00,2026-02-16 16:41:00,unplanned,MEC-01,9722.0
1381,30,2026-04-02 16:40:00,2026-04-02 18:23:00,planned,MAT-01,
1382,26,2026-01-19 06:21:00,2026-01-19 06:53:00,unplanned,MEC-01,27.0
1383,9,2026-05-07 04:19:00,2026-05-07 04:49:00,planned,ELEC-01,4604.0
1384,2,2026-02-14 14:20:00,2026-02-14 15:08:00,unplanned,ELEC-01,6032.0
1385,1,2026-01-03 16:36:00,2026-01-03 19:13:00,unplanned,MEC-02,9879.0
1386,17,2026-04-15 15:30:00,2026-04-15 17:38:00,unplanned,CAL-01,
1387,24,2026-04-03 01:43:00,2026-04-03 03:02:00,planned,CAL-01,
1388,39,2026-01-18 06:48:00,2026-01-18 07:51:00,planned,MEC-02,7056.0
1389,46,2026-06-20 17:36:00,2026-06-20 19:50:00,planned,MAT-01,5168.0
1390,7,2026-06-09 11:43:00,2026-06-09 14:00:00,planned,MEC-01,9451.0
1391,38,2026-02-14 22:26:00,2026-02-14 22:47:00,planned,MEC-02,9607.0
1392,27,2026-06-09 00:12:00,2026-06-09 00:17:00,planned,MEC-02,8376.0
1393,15,2026-01-03 00:29:00,2026-01-03 01:42:00,planned,CAL-01,3880.0
1394,41,2026-03-03 11:13:00,2026-03-03 11:21:00,unplanned,MEC-01,5678.0
1395,3,2026-04-29 12:00:00,2026-04-29 12:24:00,planned,MAT-01,
1396,38,2026-03-11 16:40:00,2026-03-11 17:36:00,planned,MEC-01,6910.0
1397,27,2026-01-17 00:14:00,2026-01-17 02:27:00,unplanned,MEC-01,
1398,12,2026-05-13 16:42:00,2026-05-13 19:23:00,unplanned,MEC-01,6484.0
1399,48,2026-05-09 17:14:00,2026-05-09 19:29:00,unplanned,MEC-01,4627.0
1400,27,2026-05-29 10:29:00,2026-05-29 11:44:00,unplanned,CAL-01,4069.0
1401,39,2026-02-23 21:31:00,2026-02-24 00:15:00,planned,ELEC-01,
1402,12,2026-04-10 10:30:00,2026-04-10 11:15:00,planned,MEC-01,3519.0
1403,8,2026-03-29 06:13:00,2026-03-29 08:59:00,planned,CAL-01,2664.0
1404,3,2026-01-14 07:15:00,2026-01-14 07:41:00,unplanned,MEC-01,6324.0
1405,27,2026-01-18 01:44:00,2026-01-18 04:33:00,unplanned,MEC-01,
1406,18,2026-02-03 19:26:00,2026-02-03 21:52:00,planned,MEC-01,1253.0
1407,23,2026-03-30 12:15:00,2026-03-30 13:08:00,planned,MEC-02,
1408,8,2026-04-22 05:40:00,2026-04-22 08:28:00,planned,MAT-01,5748.0
1409,28,2026-02-22 20:50:00,2026-02-22 23:34:00,unplanned,ELEC-01,6439.0
1410,13,2026-01-27 01:28:00,2026-01-27 02:53:00,planned,CAL-01,1211.0
1411,32,2026-06-27 18:20:00,2026-06-27 18:46:00,unplanned,MEC-02,6319.0
1412,40,2026-06-03 13:23:00,2026-06-03 14:47:00,planned,MEC-01,
1413,5,2026-05-23 02:06:00,2026-05-23 04:01:00,planned,ELEC-01,3912.0
1414,49,2026-06-09 19:50:00,2026-06-09 22:12:00,planned,MAT-01,2415.0
1415,35,2026-04-20 16:37:00,2026-04-20 17:07:00,planned,MEC-02,2757.0
1416,29,2026-02-03 01:59:00,2026-02-03 04:36:00,unplanned,CAL-01,
1417,9,2026-04-21 05:14:00,2026-04-21 08:10:00,unplanned,MEC-02,8847.0
1418,29,2026-06-13 19:05:00,2026-06-13 21:43:00,planned,ELEC-01,1464.0
1419,48,2026-04-28 06:15:00,2026-04-28 08:52:00,unplanned,CAL-01,
1420,22,2026-03-24 12:31:00,2026-03-24 14:18:00,planned,MAT-01,
1421,44,2026-02-24 17:48:00,2026-02-24 19:59:00,unplanned,MEC-02,
1422,47,2026-02-06 05:16:00,2026-02-06 07:59:00,planned,MAT-01,2997.0
1423,41,2026-06-07 09:53:00,2026-06-07 12:14:00,planned,MEC-01,
1424,19,2026-03-03 19:16:00,2026-03-03 19:29:00,planned,MEC-02,
1425,38,2026-06-22 12:56:00,2026-06-22 13:37:00,unplanned,CAL-01,4378.0
1426,41,2026-04-30 16:52:00,2026-04-30 19:45:00,unplanned,CAL-01,6834.0
1427,35,2026-06-05 08:59:00,2026-06-05 09:41:00,planned,CAL-01,533.0
1428,9,2026-01-04 01:22:00,2026-01-04 03:21:00,planned,MEC-01,6390.0
1429,16,2026-01-20 01:20:00,2026-01-20 01:25:00,planned,MEC-02,2657.0
1430,19,2026-04-21 12:45:00,2026-04-21 13:00:00,unplanned,CAL-01,
1431,15,2026-04-27 07:49:00,2026-04-27 09:05:00,planned,CAL-01,3232.0
1432,15,2026-05-27 19:01:00,2026-05-27 20:02:00,unplanned,ELEC-01,7257.0
1433,47,2026-04-13 13:51:00,2026-04-13 14:28:00,unplanned,MEC-02,6624.0
1434,17,2026-04-04 18:50:00,2026-04-04 20:57:00,unplanned,MAT-01,394.0
1435,42,2026-01-22 10:56:00,2026-01-22 11:16:00,unplanned,MEC-02,
1436,29,2026-03-28 14:05:00,2026-03-28 16:36:00,planned,MAT-01,2548.0
1437,20,2026-05-30 00:52:00,2026-05-30 01:17:00,planned,MEC-01,2081.0
1438,38,2026-01-18 00:57:00,2026-01-18 01:42:00,planned,MEC-02,
1439,29,2026-03-15 16:54:00,2026-03-15 18:52:00,unplanned,CAL-01,6137.0
1440,32,2026-06-11 17:12:00,2026-06-11 17:34:00,planned,MAT-01,8899.0
1441,24,2026-06-16 04:38:00,2026-06-16 05:54:00,planned,MEC-01,
1442,40,2026-04-07 22:27:00,2026-04-07 22:54:00,planned,ELEC-01,
1443,9,2026-06-16 21:26:00,2026-06-17 00:21:00,planned,ELEC-01,9184.0
1444,8,2026-04-15 08:56:00,2026-04-15 09:15:00,unplanned,MEC-02,9246.0
1445,39,2026-04-14 04:12:00,2026-04-14 06:18:00,unplanned,MEC-02,7374.0
1446,32,2026-02-10 07:19:00,2026-02-10 10:13:00,planned,MEC-02,
1447,40,2026-03-17 07:45:00,2026-03-17 09:38:00,unplanned,MEC-01,
1448,12,2026-06-28 01:20:00,2026-06-28 03:58:00,unplanned,MAT-01,4291.0
1449,2,2026-04-01 01:29:00,2026-04-01 04:25:00,planned,ELEC-01,
1450,49,2026-06-06 08:05:00,2026-06-06 08:57:00,unplanned,MAT-01,286.0
1451,47,2026-01-20 19:30:00,2026-01-20 20:05:00,planned,ELEC-01,6005.0
1452,10,2026-02-23 19:18:00,2026-02-23 21:25:00,planned,ELEC-01,4779.0
1453,37,2026-03-18 10:22:00,2026-03-18 10:41:00,planned,MAT-01,9945.0
1454,50,2026-03-26 11:16:00,2026-03-26 11:48:00,planned,MAT-01,3857.0
1455,44,2026-03-13 07:02:00,2026-03-13 08:13:00,unplanned,MAT-01,
1456,44,2026-03-16 13:36:00,2026-03-16 15:14:00,planned,MEC-02,9183.0
1457,18,2026-06-27 23:30:00,2026-06-28 01:43:00,unplanned,MAT-01,
1458,19,2026-01-07 14:59:00,2026-01-07 16:15:00,planned,MEC-02,9999.0
1459,24,2026-04-01 18:33:00,2026-04-01 21:07:00,planned,MEC-01,2325.0
1460,3,2026-06-04 07:36:00,2026-06-04 09:42:00,unplanned,MAT-01,
1461,39,2026-02-07 16:28:00,2026-02-07 16:39:00,unplanned,MEC-01,6332.0
1462,42,2026-01-27 06:59:00,2026-01-27 09:35:00,planned,MEC-01,1726.0
1463,45,2026-01-26 07:42:00,2026-01-26 09:29:00,unplanned,MEC-01,5106.0
1464,36,2026-05-06 22:08:00,2026-05-07 01:07:00,planned,MAT-01,
1465,28,2026-01-25 18:02:00,2026-01-25 19:34:00,planned,MAT-01,6307.0
1466,45,2026-03-17 03:17:00,2026-03-17 04:39:00,planned,CAL-01,
1467,42,2026-06-25 04:14:00,2026-06-25 06:49:00,unplanned,CAL-01,
1468,42,2026-03-04 07:21:00,2026-03-04 09:42:00,planned,MAT-01,130.0
1469,23,2026-02-18 16:49:00,2026-02-18 17:30:00,planned,MEC-02,
1470,4,2026-03-25 10:04:00,2026-03-25 11:13:00,planned,MEC-01,2315.0
1471,31,2026-05-01 11:00:00,2026-05-01 12:49:00,unplanned,CAL-01,
1472,14,2026-03-11 10:14:00,2026-03-11 12:04:00,unplanned,MAT-01,461.0
1473,10,2026-02-11 07:45:00,2026-02-11 09:56:00,planned,MAT-01,
1474,17,2026-02-01 06:57:00,2026-02-01 07:51:00,planned,MEC-02,9497.0
1475,23,2026-04-02 10:19:00,2026-04-02 10:45:00,unplanned,ELEC-01,8675.0
1476,25,2026-03-24 13:58:00,2026-03-24 15:32:00,planned,MAT-01,8943.0
1477,38,2026-06-05 11:21:00,2026-06-05 11:55:00,planned,MEC-02,7789.0
1478,11,2026-04-19 20:50:00,2026-04-19 21:54:00,unplanned,MAT-01,6375.0
1479,34,2026-02-27 02:45:00,2026-02-27 04:25:00,unplanned,ELEC-01,4156.0
1480,2,2026-03-13 11:28:00,2026-03-13 13:55:00,planned,ELEC-01,7930.0
1481,20,2026-03-04 02:05:00,2026-03-04 04:07:00,planned,CAL-01,7733.0
1482,28,2026-05-17 00:15:00,2026-05-17 02:20:00,planned,MAT-01,
1483,47,2026-05-18 14:56:00,2026-05-18 16:28:00,unplanned,ELEC-01,326.0
1484,38,2026-04-03 22:25:00,2026-04-03 22:42:00,planned,MAT-01,9025.0
1485,49,2026-04-01 08:38:00,2026-04-01 10:14:00,unplanned,MEC-01,
1486,27,2026-04-02 11:49:00,2026-04-02 13:01:00,unplanned,MEC-01,53.0
1487,2,2026-01-14 14:30:00,2026-01-14 16:33:00,planned,MAT-01,4974.0
1488,4,2026-06-12 14:14:00,2026-06-12 16:33:00,planned,MEC-02,2691.0
1489,9,2026-06-11 16:19:00,2026-06-11 16:27:00,planned,MEC-02,2356.0
1490,38,2026-06-29 05:48:00,2026-06-29 07:02:00,unplanned,MAT-01,
1491,29,2026-03-22 15:32:00,2026-03-22 17:17:00,planned,CAL-01,
1492,41,2026-06-23 09:32:00,2026-06-23 10:43:00,planned,CAL-01,908.0
1493,38,2026-05-25 01:04:00,2026-05-25 03:34:00,planned,MAT-01,2606.0
1494,17,2026-01-19 19:45:00,2026-01-19 19:51:00,unplanned,CAL-01,6627.0
1495,40,2026-01-24 04:37:00,2026-01-24 05:11:00,planned,CAL-01,7109.0
1496,7,2026-05-03 02:08:00,2026-05-03 02:15:00,unplanned,ELEC-01,6413.0
1497,42,2026-01-16 14:48:00,2026-01-16 14:55:00,planned,MEC-02,1582.0
1498,26,2026-02-06 06:41:00,2026-02-06 07:16:00,unplanned,CAL-01,5852.0
1499,8,2026-06-27 00:20:00,2026-06-27 02:07:00,planned,MEC-01,
1500,19,2026-01-02 14:43:00,2026-01-02 15:00:00,unplanned,ELEC-01,9223.0
1501,34,2026-03-16 08:09:00,2026-03-16 08:24:00,unplanned,CAL-01,
1502,43,2026-03-12 05:59:00,2026-03-12 06:18:00,planned,CAL-01,8646.0
1503,11,2026-05-06 09:40:00,2026-05-06 11:57:00,unplanned,MAT-01,407.0
1504,47,2026-03-14 19:19:00,2026-03-14 20:39:00,planned,CAL-01,
1505,10,2026-02-02 03:43:00,2026-02-02 06:03:00,unplanned,CAL-01,7737.0
1506,40,2026-03-10 22:50:00,2026-03-11 01:40:00,planned,ELEC-01,4581.0
1507,11,2026-05-18 23:19:00,2026-05-19 02:00:00,planned,ELEC-01,8763.0
1508,31,2026-01-28 10:19:00,2026-01-28 12:27:00,planned,MEC-02,
1509,14,2026-03-30 03:09:00,2026-03-30 05:05:00,unplanned,MEC-01,306.0
1510,20,2026-01-21 20:24:00,2026-01-21 20:53:00,planned,MEC-02,673.0
1511,12,2026-05-23 12:33:00,2026-05-23 14:55:00,planned,ELEC-01,
1512,42,2026-06-10 18:38:00,2026-06-10 19:48:00,unplanned,MAT-01,
1513,36,2026-04-24 02:17:00,2026-04-24 04:35:00,unplanned,ELEC-01,598.0
1514,12,2026-02-03 23:44:00,2026-02-04 01:42:00,unplanned,MEC-02,
1515,33,2026-06-03 21:54:00,2026-06-03 23:15:00,planned,MAT-01,
1516,49,2026-03-28 12:07:00,2026-03-28 12:13:00,planned,CAL-01,2507.0
1517,19,2026-02-03 13:22:00,2026-02-03 15:00:00,unplanned,MEC-02,
1518,50,2026-01-03 07:09:00,2026-01-03 07:52:00,planned,MEC-01,4551.0
1519,44,2026-06-11 19:22:00,2026-06-11 19:56:00,planned,MEC-02,
1520,25,2026-03-04 08:28:00,2026-03-04 09:33:00,planned,MEC-02,4638.0
1521,18,2026-01-18 07:39:00,2026-01-18 10:11:00,planned,MEC-02,9239.0
1522,9,2026-04-25 23:32:00,2026-04-26 00:42:00,planned,MEC-02,7098.0
1523,28,2026-03-31 08:42:00,2026-03-31 10:57:00,planned,MEC-01,
1524,30,2026-06-15 18:01:00,2026-06-15 20:10:00,planned,ELEC-01,6971.0
1525,22,2026-04-22 11:31:00,2026-04-22 13:47:00,planned,ELEC-01,6443.0
1526,3,2026-03-14 20:02:00,2026-03-14 22:44:00,unplanned,ELEC-01,9566.0
1527,31,2026-06-04 10:54:00,2026-06-04 11:23:00,unplanned,MAT-01,
1528,47,2026-04-18 01:16:00,2026-04-18 03:11:00,unplanned,ELEC-01,9311.0
1529,31,2026-01-22 23:49:00,2026-01-23 01:17:00,unplanned,MEC-01,
1530,32,2026-02-28 15:18:00,2026-02-28 16:18:00,unplanned,MAT-01,
1531,17,2026-01-18 04:08:00,2026-01-18 06:48:00,planned,MEC-02,5401.0
1532,35,2026-03-29 06:27:00,2026-03-29 06:53:00,planned,ELEC-01,9924.0
1533,45,2026-04-07 01:32:00,2026-04-07 03:49:00,planned,MAT-01,265.0
1534,32,2026-01-10 23:32:00,2026-01-11 02:12:00,unplanned,MEC-02,6724.0
1535,50,2026-04-06 12:47:00,2026-04-06 14:48:00,planned,MAT-01,8525.0
1536,11,2026-01-27 04:06:00,2026-01-27 05:17:00,unplanned,MEC-01,5766.0
1537,49,2026-05-19 06:59:00,2026-05-19 08:14:00,unplanned,MEC-02,3544.0
1538,37,2026-06-13 05:53:00,2026-06-13 07:14:00,planned,MAT-01,
1539,45,2026-04-27 16:46:00,2026-04-27 18:57:00,unplanned,ELEC-01,
1540,25,2026-03-18 01:49:00,2026-03-18 04:38:00,planned,MEC-01,4451.0
1541,40,2026-05-27 09:43:00,2026-05-27 11:45:00,planned,CAL-01,
1542,48,2026-06-02 14:21:00,2026-06-02 16:32:00,unplanned,CAL-01,6408.0
1543,38,2026-03-10 15:35:00,2026-03-10 17:19:00,planned,MEC-01,
1544,27,2026-05-11 17:58:00,2026-05-11 20:35:00,unplanned,MAT-01,
1545,8,2026-02-05 14:11:00,2026-02-05 14:26:00,planned,CAL-01,9910.0
1546,41,2026-03-26 11:03:00,2026-03-26 13:45:00,planned,MAT-01,6390.0
1547,48,2026-01-30 16:37:00,2026-01-30 17:50:00,planned,MEC-02,
1548,24,2026-01-31 02:10:00,2026-01-31 04:50:00,planned,MAT-01,
1549,31,2026-01-29 20:12:00,2026-01-29 21:25:00,unplanned,CAL-01,5581.0
1550,21,2026-06-15 09:16:00,2026-06-15 11:22:00,unplanned,MEC-01,3251.0
1551,50,2026-03-07 03:02:00,2026-03-07 05:03:00,planned,MEC-02,9059.0
1552,13,2026-04-10 18:43:00,2026-04-10 18:53:00,planned,CAL-01,
1553,4,2026-03-14 22:35:00,2026-03-15 00:08:00,planned,MEC-02,1879.0
1554,6,2026-02-03 08:17:00,2026-02-03 09:51:00,unplanned,MAT-01,7535.0
1555,1,2026-02-21 01:15:00,2026-02-21 02:03:00,planned,MEC-01,1194.0
1556,4,2026-01-15 05:42:00,2026-01-15 07:48:00,planned,ELEC-01,906.0
1557,22,2026-06-26 14:31:00,2026-06-26 17:05:00,planned,MEC-02,8175.0
1558,15,2026-06-15 10:22:00,2026-06-15 13:17:00,unplanned,CAL-01,5729.0
1559,25,2026-03-17 21:48:00,2026-03-18 00:03:00,unplanned,MEC-01,7695.0
1560,4,2026-03-06 01:39:00,2026-03-06 02:26:00,unplanned,MEC-02,3854.0
1561,30,2026-04-08 14:03:00,2026-04-08 15:18:00,planned,ELEC-01,2964.0
1562,24,2026-03-05 03:52:00,2026-03-05 05:12:00,planned,ELEC-01,
1563,50,2026-06-16 05:54:00,2026-06-16 08:23:00,unplanned,MEC-02,
1564,16,2026-01-02 23:08:00,2026-01-03 00:45:00,planned,ELEC-01,9429.0
1565,46,2026-02-22 23:12:00,2026-02-23 02:10:00,planned,CAL-01,
1566,7,2026-01-26 17:23:00,2026-01-26 20:19:00,unplanned,MAT-01,5102.0
1567,8,2026-06-29 08:54:00,2026-06-29 09:09:00,planned,MEC-01,
1568,41,2026-06-18 21:06:00,2026-06-18 21:25:00,planned,MEC-01,3305.0
1569,2,2026-03-15 19:09:00,2026-03-15 21:31:00,unplanned,CAL-01,5720.0
1570,35,2026-03-23 21:50:00,2026-03-23 22:55:00,unplanned,CAL-01,4020.0
1571,18,2026-04-01 15:36:00,2026-04-01 18:31:00,planned,MAT-01,2871.0
1572,3,2026-02-01 07:55:00,2026-02-01 09:25:00,planned,MEC-01,5800.0
1573,32,2026-03-09 14:46:00,2026-03-09 15:23:00,planned,ELEC-01,
1574,26,2026-01-07 22:59:00,2026-01-07 23:29:00,unplanned,MEC-01,6799.0
1575,6,2026-03-07 07:46:00,2026-03-07 10:04:00,planned,ELEC-01,7130.0
1576,12,2026-03-24 16:02:00,2026-03-24 17:24:00,planned,MEC-02,1578.0
1577,36,2026-04-07 06:51:00,2026-04-07 07:51:00,planned,MEC-01,
1578,22,2026-03-23 16:55:00,2026-03-23 19:11:00,planned,MEC-01,7081.0
1579,29,2026-04-13 09:18:00,2026-04-13 11:11:00,unplanned,MEC-01,2590.0
1580,47,2026-06-03 11:07:00,2026-06-03 12:29:00,planned,MEC-02,8578.0
1581,12,2026-03-22 18:21:00,2026-03-22 20:44:00,planned,CAL-01,
1582,10,2026-03-27 22:27:00,2026-03-28 00:42:00,planned,MEC-02,
1583,12,2026-01-04 01:15:00,2026-01-04 01:42:00,planned,CAL-01,9223.0
1584,28,2026-01-23 13:40:00,2026-01-23 15:18:00,planned,MEC-02,
1585,29,2026-05-14 12:49:00,2026-05-14 13:37:00,planned,MAT-01,4489.0
1586,33,2026-05-27 03:03:00,2026-05-27 03:34:00,planned,CAL-01,9896.0
1587,49,2026-04-04 07:48:00,2026-04-04 10:01:00,unplanned,CAL-01,4324.0
1588,5,2026-06-10 15:07:00,2026-06-10 15:23:00,planned,CAL-01,
1589,26,2026-02-15 12:13:00,2026-02-15 13:34:00,planned,MAT-01,
1590,24,2026-06-24 06:24:00,2026-06-24 08:13:00,unplanned,MEC-02,1290.0
1591,39,2026-03-01 15:12:00,2026-03-01 18:03:00,unplanned,MAT-01,4881.0
1592,27,2026-01-27 14:19:00,2026-01-27 14:37:00,planned,ELEC-01,2173.0
1593,43,2026-04-14 21:04:00,2026-04-14 22:28:00,planned,MAT-01,9798.0
1594,1,2026-01-04 11:55:00,2026-01-04 12:42:00,unplanned,CAL-01,1288.0
1595,39,2026-01-24 18:50:00,2026-01-24 20:53:00,planned,MAT-01,1715.0
1596,50,2026-04-27 11:35:00,2026-04-27 12:20:00,planned,MAT-01,2239.0
1597,2,2026-01-14 07:22:00,2026-01-14 09:34:00,unplanned,MEC-02,
1598,20,2026-03-18 07:44:00,2026-03-18 08:51:00,unplanned,MEC-02,
1599,7,2026-02-06 06:26:00,2026-02-06 09:03:00,planned,MEC-02,5718.0
1600,28,2026-01-20 16:10:00,2026-01-20 18:27:00,planned,CAL-01,5790.0
1601,47,2026-03-22 23:30:00,2026-03-23 01:08:00,unplanned,MAT-01,7989.0
1602,24,2026-01-21 06:17:00,2026-01-21 08:36:00,unplanned,ELEC-01,6816.0
1603,10,2026-01-16 10:19:00,2026-01-16 12:42:00,planned,MAT-01,231.0
1604,36,2026-04-04 18:19:00,2026-04-04 19:05:00,planned,MAT-01,
1605,14,2026-05-29 16:26:00,2026-05-29 18:07:00,unplanned,MAT-01,
1606,38,2026-05-22 17:32:00,2026-05-22 19:50:00,planned,MEC-02,6859.0
1607,3,2026-02-18 19:37:00,2026-02-18 21:58:00,planned,ELEC-01,1329.0
1608,28,2026-03-16 01:22:00,2026-03-16 02:50:00,planned,MEC-01,
1609,1,2026-03-26 22:41:00,2026-03-27 00:54:00,unplanned,ELEC-01,
1610,27,2026-02-16 02:03:00,2026-02-16 04:32:00,unplanned,MEC-01,2459.0
1611,20,2026-04-20 18:07:00,2026-04-20 19:47:00,planned,CAL-01,5338.0
1612,35,2026-05-26 17:11:00,2026-05-26 18:21:00,unplanned,MEC-02,
1613,48,2026-05-27 12:19:00,2026-05-27 14:46:00,planned,MEC-02,
1614,49,2026-05-13 08:45:00,2026-05-13 09:00:00,planned,MEC-02,
1615,42,2026-05-15 03:39:00,2026-05-15 04:43:00,planned,MAT-01,
1616,40,2026-04-02 08:46:00,2026-04-02 09:51:00,unplanned,MEC-01,
1617,33,2026-02-02 13:20:00,2026-02-02 14:31:00,unplanned,ELEC-01,
1618,11,2026-05-19 17:53:00,2026-05-19 18:23:00,planned,MAT-01,2073.0
1619,34,2026-06-21 23:30:00,2026-06-22 02:21:00,unplanned,MEC-02,2827.0
1620,36,2026-04-18 10:33:00,2026-04-18 11:32:00,unplanned,CAL-01,8724.0
1621,31,2026-03-12 03:09:00,2026-03-12 05:52:00,planned,ELEC-01,6774.0
1622,20,2026-01-19 20:59:00,2026-01-19 21:59:00,planned,CAL-01,2400.0
1623,45,2026-03-15 17:38:00,2026-03-15 19:14:00,planned,MAT-01,1786.0
1624,24,2026-04-25 22:47:00,2026-04-25 22:58:00,planned,MEC-02,445.0
1625,3,2026-01-02 19:32:00,2026-01-02 20:31:00,unplanned,ELEC-01,
1626,6,2026-02-14 03:11:00,2026-02-14 04:13:00,planned,MEC-01,9780.0
1627,13,2026-03-14 18:23:00,2026-03-14 20:13:00,planned,MEC-02,1657.0
1628,37,2026-02-03 07:35:00,2026-02-03 08:05:00,planned,MEC-01,
1629,33,2026-02-20 08:52:00,2026-02-20 10:16:00,planned,MAT-01,
1630,8,2026-03-10 18:57:00,2026-03-10 19:52:00,planned,MAT-01,2091.0
1631,9,2026-03-22 18:54:00,2026-03-22 20:24:00,unplanned,MAT-01,7822.0
1632,10,2026-04-22 20:38:00,2026-04-22 22:01:00,unplanned,MAT-01,5924.0
1633,23,2026-04-08 12:34:00,2026-04-08 14:17:00,unplanned,MEC-01,7744.0
1634,32,2026-03-31 04:23:00,2026-03-31 05:42:00,unplanned,ELEC-01,3927.0
1635,23,2026-06-19 07:35:00,2026-06-19 10:05:00,planned,MEC-02,
1636,38,2026-01-13 17:00:00,2026-01-13 18:11:00,unplanned,MEC-01,
1637,35,2026-01-18 00:06:00,2026-01-18 01:08:00,planned,MEC-01,5528.0
1638,19,2026-04-21 05:05:00,2026-04-21 05:34:00,unplanned,ELEC-01,9235.0
1639,15,2026-02-12 13:30:00,2026-02-12 13:54:00,planned,ELEC-01,198.0
1640,11,2026-03-21 02:30:00,2026-03-21 02:53:00,unplanned,MEC-02,
1641,22,2026-01-27 21:27:00,2026-01-27 22:42:00,unplanned,MEC-02,4536.0
1642,41,2026-04-16 03:38:00,2026-04-16 05:39:00,planned,MEC-02,767.0
1643,39,2026-06-03 16:24:00,2026-06-03 17:43:00,planned,CAL-01,9253.0
1644,25,2026-04-08 17:35:00,2026-04-08 19:25:00,unplanned,CAL-01,
1645,29,2026-02-25 17:28:00,2026-02-25 17:35:00,unplanned,ELEC-01,6748.0
1646,44,2026-06-13 03:17:00,2026-06-13 05:06:00,planned,MEC-01,
1647,35,2026-01-24 23:03:00,2026-01-25 01:26:00,planned,ELEC-01,
1648,15,2026-01-23 07:33:00,2026-01-23 08:16:00,unplanned,MAT-01,
1649,50,2026-04-16 21:13:00,2026-04-16 22:32:00,unplanned,MEC-01,9156.0
1650,40,2026-01-27 10:43:00,2026-01-27 12:17:00,unplanned,MEC-01,4697.0
1651,1,2026-05-27 01:32:00,2026-05-27 02:10:00,planned,MAT-01,2087.0
1652,4,2026-01-21 01:55:00,2026-01-21 04:17:00,unplanned,MAT-01,6388.0
1653,42,2026-06-25 17:53:00,2026-06-25 18:14:00,unplanned,MEC-02,917.0
1654,1,2026-02-22 19:22:00,2026-02-22 21:08:00,unplanned,MEC-02,2546.0
1655,7,2026-05-07 00:42:00,2026-05-07 01:24:00,planned,ELEC-01,
1656,12,2026-02-22 08:04:00,2026-02-22 08:43:00,unplanned,ELEC-01,8563.0
1657,31,2026-03-01 00:56:00,2026-03-01 03:36:00,planned,MEC-01,2665.0
1658,10,2026-01-27 10:31:00,2026-01-27 13:03:00,unplanned,CAL-01,6484.0
1659,15,2026-03-13 22:27:00,2026-03-13 22:57:00,unplanned,MAT-01,
1660,17,2026-03-23 09:24:00,2026-03-23 10:08:00,planned,ELEC-01,
1661,20,2026-06-12 20:10:00,2026-06-12 22:08:00,unplanned,ELEC-01,
1662,18,2026-02-22 09:02:00,2026-02-22 09:12:00,unplanned,MEC-01,3685.0
1663,13,2026-05-29 17:07:00,2026-05-29 18:13:00,planned,MEC-01,2526.0
1664,10,2026-05-03 16:07:00,2026-05-03 16:12:00,unplanned,CAL-01,
1665,5,2026-01-03 22:39:00,2026-01-03 22:54:00,planned,CAL-01,6519.0
1666,5,2026-01-11 05:43:00,2026-01-11 06:59:00,unplanned,MEC-01,9456.0
1667,21,2026-01-24 15:06:00,2026-01-24 16:24:00,planned,CAL-01,1120.0
1668,30,2026-01-19 20:25:00,2026-01-19 20:42:00,unplanned,MAT-01,5505.0
1669,5,2026-06-23 02:19:00,2026-06-23 02:27:00,unplanned,MAT-01,7771.0
1670,26,2026-03-25 14:45:00,2026-03-25 15:06:00,planned,CAL-01,53.0
1671,37,2026-06-25 23:08:00,2026-06-25 23:55:00,planned,ELEC-01,6653.0
1672,23,2026-06-26 23:11:00,2026-06-26 23:57:00,planned,ELEC-01,
1673,46,2026-01-05 13:31:00,2026-01-05 14:27:00,planned,MAT-01,5532.0
1674,28,2026-04-15 18:27:00,2026-04-15 19:40:00,planned,MEC-02,8173.0
1675,12,2026-02-15 21:51:00,2026-02-15 23:59:00,unplanned,CAL-01,3508.0
1676,35,2026-01-13 06:12:00,2026-01-13 08:26:00,planned,MEC-02,
1677,4,2026-03-07 08:07:00,2026-03-07 09:12:00,unplanned,CAL-01,6504.0
1678,49,2026-02-16 13:56:00,2026-02-16 16:24:00,unplanned,MEC-02,6520.0
1679,10,2026-03-14 07:22:00,2026-03-14 09:39:00,planned,ELEC-01,6995.0
1680,1,2026-03-30 07:54:00,2026-03-30 08:17:00,unplanned,MEC-01,2900.0
1681,5,2026-01-13 02:20:00,2026-01-13 04:04:00,planned,MAT-01,
1682,24,2026-06-11 20:18:00,2026-06-11 22:56:00,unplanned,ELEC-01,
1683,41,2026-02-11 09:26:00,2026-02-11 10:32:00,planned,CAL-01,6163.0
1684,34,2026-01-06 15:53:00,2026-01-06 17:26:00,unplanned,MAT-01,
1685,18,2026-02-18 05:01:00,2026-02-18 06:05:00,unplanned,CAL-01,1254.0
1686,26,2026-03-12 20:27:00,2026-03-12 21:29:00,unplanned,MEC-01,3676.0
1687,29,2026-03-22 00:07:00,2026-03-22 00:59:00,unplanned,ELEC-01,5489.0
1688,13,2026-02-03 20:59:00,2026-02-03 23:39:00,planned,MEC-02,7545.0
1689,4,2026-04-23 19:30:00,2026-04-23 21:57:00,unplanned,MAT-01,5979.0
1690,11,2026-06-04 21:52:00,2026-06-04 23:00:00,unplanned,ELEC-01,958.0
1691,24,2026-01-22 00:08:00,2026-01-22 01:47:00,unplanned,MEC-02,9263.0
1692,7,2026-03-21 19:44:00,2026-03-21 22:35:00,unplanned,ELEC-01,5494.0
1693,38,2026-05-07 20:01:00,2026-05-07 20:31:00,planned,ELEC-01,
1694,20,2026-01-10 04:54:00,2026-01-10 06:45:00,unplanned,MEC-01,
1695,6,2026-03-27 13:24:00,2026-03-27 15:34:00,unplanned,MEC-01,7077.0
1696,42,2026-04-13 18:18:00,2026-04-13 19:13:00,planned,MEC-02,
1697,23,2026-05-06 01:30:00,2026-05-06 01:50:00,unplanned,MEC-01,
1698,42,2026-06-20 15:53:00,2026-06-20 15:58:00,planned,MAT-01,5219.0
1699,20,2026-03-23 08:28:00,2026-03-23 10:40:00,unplanned,MAT-01,3812.0
1700,12,2026-01-25 06:14:00,2026-01-25 07:10:00,unplanned,CAL-01,9946.0
1701,31,2026-03-11 20:53:00,2026-03-11 22:47:00,unplanned,CAL-01,
1702,34,2026-04-10 16:01:00,2026-04-10 17:23:00,planned,MEC-02,2765.0
1703,26,2026-03-13 15:01:00,2026-03-13 17:59:00,planned,MEC-01,
1704,9,2026-05-31 21:35:00,2026-05-31 23:29:00,planned,MAT-01,1894.0
1705,30,2026-06-14 18:19:00,2026-06-14 18:42:00,unplanned,ELEC-01,2860.0
1706,31,2026-06-14 19:22:00,2026-06-14 22:04:00,unplanned,MEC-02,
1707,39,2026-04-19 17:01:00,2026-04-19 19:41:00,unplanned,MEC-01,1908.0
1708,42,2026-01-18 23:06:00,2026-01-19 01:57:00,planned,MEC-02,
1709,26,2026-02-28 23:56:00,2026-03-01 01:57:00,unplanned,MEC-01,7809.0
1710,24,2026-06-24 12:25:00,2026-06-24 13:51:00,unplanned,MEC-01,
1711,50,2026-06-08 19:34:00,2026-06-08 21:54:00,planned,MEC-01,
1712,5,2026-01-17 21:39:00,2026-01-17 22:05:00,unplanned,MEC-01,6857.0
1713,8,2026-01-07 12:22:00,2026-01-07 14:52:00,planned,MEC-02,6460.0
1714,27,2026-06-29 14:13:00,2026-06-29 16:48:00,unplanned,ELEC-01,7027.0
1715,34,2026-01-29 19:41:00,2026-01-29 22:10:00,unplanned,MEC-01,9356.0
1716,4,2026-06-06 18:53:00,2026-06-06 18:59:00,unplanned,MEC-02,
1717,27,2026-05-20 09:41:00,2026-05-20 12:15:00,unplanned,MEC-01,1445.0
1718,20,2026-04-29 14:37:00,2026-04-29 16:17:00,planned,MAT-01,4729.0
1719,32,2026-04-09 16:12:00,2026-04-09 17:14:00,unplanned,MEC-02,6408.0
1720,21,2026-06-15 08:07:00,2026-06-15 08:25:00,unplanned,CAL-01,
1721,4,2026-03-03 21:06:00,2026-03-03 23:53:00,unplanned,MEC-02,9261.0
1722,3,2026-04-16 05:43:00,2026-04-16 07:10:00,unplanned,MAT-01,
1723,1,2026-06-01 01:23:00,2026-06-01 02:14:00,unplanned,MEC-02,2403.0
1724,33,2026-02-24 01:09:00,2026-02-24 01:47:00,planned,ELEC-01,8449.0
1725,35,2026-01-05 04:14:00,2026-01-05 05:51:00,planned,MAT-01,8703.0
1726,50,2026-02-06 19:28:00,2026-02-06 20:21:00,planned,ELEC-01,
1727,1,2026-04-22 03:41:00,2026-04-22 06:22:00,unplanned,MAT-01,759.0
1728,16,2026-01-09 13:36:00,2026-01-09 13:52:00,unplanned,CAL-01,
1729,30,2026-02-14 11:55:00,2026-02-14 13:45:00,unplanned,MEC-01,1556.0
1730,37,2026-06-09 00:49:00,2026-06-09 02:46:00,unplanned,CAL-01,
1731,15,2026-06-21 23:29:00,2026-06-22 01:01:00,planned,CAL-01,
1732,8,2026-02-04 20:23:00,2026-02-04 21:07:00,unplanned,ELEC-01,1032.0
1733,12,2026-01-12 20:36:00,2026-01-12 23:15:00,unplanned,MEC-01,
1734,47,2026-05-03 19:32:00,2026-05-03 20:31:00,planned,MEC-01,
1735,40,2026-06-05 03:48:00,2026-06-05 06:38:00,unplanned,MEC-02,
1736,15,2026-05-08 13:48:00,2026-05-08 14:24:00,unplanned,MEC-02,1929.0
1737,17,2026-06-09 00:50:00,2026-06-09 01:51:00,unplanned,ELEC-01,9733.0
1738,29,2026-02-21 05:54:00,2026-02-21 06:30:00,planned,MEC-01,
1739,43,2026-05-22 08:35:00,2026-05-22 09:06:00,unplanned,MAT-01,3186.0
1740,16,2026-01-21 22:37:00,2026-01-21 22:55:00,planned,MAT-01,9349.0
1741,3,2026-02-07 15:53:00,2026-02-07 17:22:00,unplanned,MEC-02,8960.0
1742,43,2026-03-13 02:11:00,2026-03-13 04:26:00,unplanned,ELEC-01,
1743,15,2026-02-12 03:52:00,2026-02-12 04:26:00,unplanned,MAT-01,9387.0
1744,42,2026-04-05 14:31:00,2026-04-05 14:46:00,planned,ELEC-01,
1745,3,2026-04-29 00:58:00,2026-04-29 01:15:00,unplanned,ELEC-01,
1746,46,2026-01-21 17:11:00,2026-01-21 20:08:00,unplanned,ELEC-01,4756.0
1747,32,2026-06-27 18:42:00,2026-06-27 18:52:00,unplanned,ELEC-01,9835.0
1748,36,2026-04-06 11:20:00,2026-04-06 12:17:00,planned,CAL-01,
1749,18,2026-01-04 00:28:00,2026-01-04 03:14:00,planned,MAT-01,
1750,24,2026-01-13 21:02:00,2026-01-13 22:10:00,unplanned,MEC-01,3121.0
1751,21,2026-03-03 18:32:00,2026-03-03 18:39:00,unplanned,MEC-01,3341.0
1752,48,2026-03-01 23:48:00,2026-03-02 02:00:00,unplanned,MAT-01,
1753,14,2026-03-18 19:15:00,2026-03-18 21:23:00,planned,MEC-02,
1754,36,2026-01-02 03:40:00,2026-01-02 06:17:00,unplanned,CAL-01,3884.0
1755,24,2026-02-26 12:12:00,2026-02-26 12:21:00,planned,MAT-01,1175.0
1756,23,2026-06-28 15:39:00,2026-06-28 17:46:00,planned,MAT-01,
1757,23,2026-01-15 17:19:00,2026-01-15 19:04:00,planned,CAL-01,4393.0
1758,9,2026-03-22 17:03:00,2026-03-22 17:27:00,planned,ELEC-01,8028.0
1759,44,2026-04-02 09:10:00,2026-04-02 09:40:00,planned,CAL-01,8674.0
1760,29,2026-03-25 15:13:00,2026-03-25 17:17:00,planned,ELEC-01,
1761,33,2026-05-02 15:06:00,2026-05-02 15:42:00,unplanned,CAL-01,
1762,1,2026-03-30 05:03:00,2026-03-30 06:34:00,planned,CAL-01,
1763,41,2026-01-03 23:25:00,2026-01-04 01:33:00,unplanned,CAL-01,7563.0
1764,34,2026-06-07 19:19:00,2026-06-07 19:53:00,planned,MEC-01,3561.0
1765,41,2026-05-09 13:47:00,2026-05-09 15:32:00,planned,MEC-02,
1766,15,2026-01-26 22:18:00,2026-01-26 22:50:00,planned,MAT-01,9217.0
1767,49,2026-03-05 20:42:00,2026-03-05 22:23:00,planned,CAL-01,285.0
1768,46,2026-04-05 15:58:00,2026-04-05 17:13:00,unplanned,ELEC-01,870.0
1769,9,2026-06-02 09:17:00,2026-06-02 11:29:00,planned,MEC-02,7721.0
1770,37,2026-05-07 21:59:00,2026-05-07 23:41:00,planned,MAT-01,
1771,24,2026-06-02 12:57:00,2026-06-02 15:56:00,unplanned,MEC-02,
1772,35,2026-02-17 17:37:00,2026-02-17 18:10:00,unplanned,ELEC-01,7677.0
1773,12,2026-03-14 11:43:00,2026-03-14 13:23:00,planned,CAL-01,1008.0
1774,48,2026-01-03 04:54:00,2026-01-03 06:28:00,unplanned,MEC-01,631.0
1775,35,2026-03-21 21:33:00,2026-03-21 23:11:00,unplanned,CAL-01,6981.0
1776,5,2026-06-06 20:39:00,2026-06-06 20:49:00,unplanned,ELEC-01,
1777,9,2026-01-05 18:58:00,2026-01-05 21:08:00,unplanned,CAL-01,7153.0
1778,24,2026-01-07 22:17:00,2026-01-08 01:04:00,planned,CAL-01,7492.0
1779,13,2026-03-07 03:44:00,2026-03-07 06:01:00,planned,CAL-01,4212.0
1780,30,2026-04-17 20:14:00,2026-04-17 22:38:00,planned,MEC-01,
1781,2,2026-06-14 01:00:00,2026-06-14 03:25:00,planned,MAT-01,
1782,39,2026-04-18 01:41:00,2026-04-18 03:54:00,unplanned,ELEC-01,
1783,11,2026-01-14 17:18:00,2026-01-14 19:59:00,unplanned,CAL-01,
1784,20,2026-06-16 05:24:00,2026-06-16 07:16:00,unplanned,MEC-01,3791.0
1785,1,2026-06-01 08:46:00,2026-06-01 11:20:00,unplanned,MAT-01,3608.0
1786,17,2026-01-27 05:33:00,2026-01-27 06:49:00,unplanned,ELEC-01,8526.0
1787,50,2026-04-28 18:40:00,2026-04-28 18:59:00,unplanned,ELEC-01,181.0
1788,20,2026-03-08 03:59:00,2026-03-08 04:52:00,unplanned,ELEC-01,
1789,40,2026-04-30 06:44:00,2026-04-30 09:24:00,planned,MEC-02,
1790,25,2026-06-17 15:51:00,2026-06-17 18:47:00,unplanned,MEC-01,
1791,36,2026-04-02 23:33:00,2026-04-03 02:32:00,unplanned,ELEC-01,5610.0
1792,28,2026-01-12 15:07:00,2026-01-12 16:07:00,planned,MEC-01,959.0
1793,24,2026-06-02 21:38:00,2026-06-02 23:57:00,planned,ELEC-01,
1794,42,2026-01-26 01:37:00,2026-01-26 02:53:00,unplanned,ELEC-01,
1795,29,2026-04-16 02:58:00,2026-04-16 03:24:00,planned,MEC-02,
1796,20,2026-01-13 12:58:00,2026-01-13 13:40:00,unplanned,MEC-01,6423.0
1797,18,2026-04-26 08:13:00,2026-04-26 08:40:00,planned,MEC-01,9786.0
1798,27,2026-02-04 22:56:00,2026-02-05 00:16:00,planned,MAT-01,2452.0
1799,47,2026-03-15 16:53:00,2026-03-15 19:51:00,unplanned,MEC-02,4879.0
1800,7,2026-05-20 12:01:00,2026-05-20 14:40:00,planned,MAT-01,
1801,28,2026-03-15 16:20:00,2026-03-15 16:27:00,planned,CAL-01,8419.0
1802,19,2026-04-25 12:11:00,2026-04-25 14:41:00,unplanned,MEC-02,
1803,41,2026-05-22 18:04:00,2026-05-22 18:41:00,unplanned,ELEC-01,1371.0
1804,22,2026-06-19 20:29:00,2026-06-19 20:42:00,planned,ELEC-01,5311.0
1805,21,2026-04-05 11:00:00,2026-04-05 12:39:00,unplanned,CAL-01,4689.0
1806,16,2026-03-05 22:23:00,2026-03-05 23:14:00,unplanned,MAT-01,8226.0
1807,3,2026-01-19 02:27:00,2026-01-19 04:58:00,unplanned,MEC-01,
1808,45,2026-03-03 10:25:00,2026-03-03 10:36:00,unplanned,MEC-02,4830.0
1809,25,2026-03-27 08:26:00,2026-03-27 09:53:00,planned,MEC-01,1507.0
1810,30,2026-02-26 02:13:00,2026-02-26 03:15:00,unplanned,MEC-02,802.0
1811,8,2026-03-18 20:23:00,2026-03-18 21:18:00,unplanned,CAL-01,
1812,12,2026-06-12 22:38:00,2026-06-12 22:47:00,planned,CAL-01,
1813,39,2026-02-26 15:25:00,2026-02-26 15:40:00,unplanned,MAT-01,377.0
1814,37,2026-06-08 13:08:00,2026-06-08 13:21:00,planned,MAT-01,8953.0
1815,44,2026-04-25 21:16:00,2026-04-25 22:42:00,unplanned,MEC-02,3641.0
1816,29,2026-01-12 14:33:00,2026-01-12 15:33:00,planned,MAT-01,2753.0
1817,17,2026-04-14 01:49:00,2026-04-14 03:26:00,unplanned,MEC-02,2225.0
1818,32,2026-05-09 02:42:00,2026-05-09 05:08:00,planned,MEC-01,6732.0
1819,14,2026-02-11 04:22:00,2026-02-11 05:48:00,unplanned,MEC-01,4712.0
1820,40,2026-02-02 10:20:00,2026-02-02 12:57:00,unplanned,MAT-01,
1821,34,2026-06-01 07:30:00,2026-06-01 08:49:00,unplanned,ELEC-01,8372.0
1822,42,2026-04-11 10:37:00,2026-04-11 11:28:00,unplanned,MAT-01,
1823,11,2026-03-07 07:36:00,2026-03-07 09:09:00,planned,CAL-01,
1824,19,2026-03-22 14:53:00,2026-03-22 17:05:00,unplanned,MEC-02,9716.0
1825,34,2026-05-10 03:32:00,2026-05-10 04:37:00,unplanned,MEC-02,3373.0
1826,13,2026-02-20 23:57:00,2026-02-21 02:31:00,unplanned,ELEC-01,
1827,8,2026-06-26 03:46:00,2026-06-26 06:01:00,planned,MEC-02,4852.0
1828,25,2026-06-25 22:42:00,2026-06-26 00:39:00,planned,CAL-01,
1829,40,2026-03-06 23:57:00,2026-03-07 01:18:00,unplanned,MEC-02,3617.0
1830,2,2026-03-27 15:23:00,2026-03-27 16:47:00,planned,CAL-01,
1831,15,2026-04-15 20:53:00,2026-04-15 22:33:00,planned,ELEC-01,6957.0
1832,33,2026-06-06 05:11:00,2026-06-06 05:20:00,planned,MAT-01,
1833,30,2026-04-04 01:25:00,2026-04-04 02:44:00,unplanned,ELEC-01,9874.0
1834,21,2026-06-18 05:29:00,2026-06-18 07:49:00,planned,ELEC-01,4189.0
1835,40,2026-02-26 16:08:00,2026-02-26 17:22:00,planned,MEC-02,
1836,22,2026-03-12 08:59:00,2026-03-12 10:40:00,planned,CAL-01,
1837,14,2026-04-07 04:45:00,2026-04-07 05:20:00,unplanned,MEC-02,9785.0
1838,15,2026-01-31 09:39:00,2026-01-31 12:28:00,unplanned,MEC-01,
1839,41,2026-04-16 20:21:00,2026-04-16 22:44:00,unplanned,MEC-02,6907.0
1840,17,2026-01-10 07:26:00,2026-01-10 09:05:00,unplanned,CAL-01,
1841,35,2026-06-24 10:04:00,2026-06-24 11:36:00,planned,MEC-01,2414.0
1842,34,2026-06-27 05:57:00,2026-06-27 07:25:00,planned,MEC-02,5802.0
1843,44,2026-01-01 11:45:00,2026-01-01 12:06:00,planned,MEC-01,8299.0
1844,33,2026-03-24 21:55:00,2026-03-24 23:20:00,planned,MEC-02,
1845,24,2026-01-26 00:25:00,2026-01-26 00:47:00,planned,MAT-01,5896.0
1846,48,2026-03-26 07:14:00,2026-03-26 09:48:00,unplanned,MEC-01,
1847,19,2026-04-17 15:31:00,2026-04-17 16:57:00,planned,CAL-01,2072.0
1848,28,2026-04-29 06:57:00,2026-04-29 08:16:00,unplanned,CAL-01,2562.0
1849,7,2026-01-06 05:10:00,2026-01-06 07:36:00,unplanned,CAL-01,4521.0
1850,39,2026-02-03 23:49:00,2026-02-04 01:02:00,planned,MAT-01,
1851,5,2026-02-01 10:53:00,2026-02-01 12:09:00,unplanned,ELEC-01,
1852,50,2026-04-02 14:48:00,2026-04-02 16:17:00,unplanned,MEC-01,7241.0
1853,19,2026-04-20 15:45:00,2026-04-20 16:39:00,unplanned,MAT-01,6861.0
1854,31,2026-03-10 00:55:00,2026-03-10 02:43:00,planned,MAT-01,
1855,25,2026-05-08 19:53:00,2026-05-08 20:57:00,unplanned,MAT-01,8979.0
1856,21,2026-01-15 12:14:00,2026-01-15 13:42:00,planned,CAL-01,6872.0
1857,40,2026-03-02 23:58:00,2026-03-03 02:24:00,unplanned,CAL-01,7587.0
1858,10,2026-04-04 00:23:00,2026-04-04 02:09:00,unplanned,ELEC-01,3503.0
1859,6,2026-01-16 10:02:00,2026-01-16 10:41:00,unplanned,MEC-02,
1860,13,2026-03-22 17:15:00,2026-03-22 20:05:00,unplanned,ELEC-01,347.0
1861,32,2026-03-07 20:14:00,2026-03-07 23:07:00,planned,MEC-01,8400.0
1862,36,2026-04-12 03:33:00,2026-04-12 04:19:00,planned,MEC-02,3196.0
1863,19,2026-06-28 12:07:00,2026-06-28 14:36:00,unplanned,CAL-01,
1864,50,2026-06-20 00:15:00,2026-06-20 02:16:00,unplanned,MEC-01,
1865,10,2026-03-25 08:21:00,2026-03-25 10:31:00,planned,MEC-02,1588.0
1866,16,2026-06-04 09:56:00,2026-06-04 10:03:00,planned,ELEC-01,
1867,29,2026-05-30 01:58:00,2026-05-30 03:19:00,planned,MAT-01,
1868,44,2026-03-28 04:16:00,2026-03-28 05:45:00,planned,MAT-01,8089.0
1869,26,2026-01-25 23:35:00,2026-01-26 01:58:00,planned,CAL-01,835.0
1870,7,2026-03-20 06:32:00,2026-03-20 06:59:00,planned,MAT-01,
1871,2,2026-06-29 03:32:00,2026-06-29 04:33:00,unplanned,MAT-01,
1872,47,2026-05-15 16:56:00,2026-05-15 19:55:00,planned,MAT-01,
1873,29,2026-06-15 18:50:00,2026-06-15 21:09:00,unplanned,CAL-01,6713.0
1874,21,2026-04-27 09:19:00,2026-04-27 09:52:00,planned,MEC-01,4580.0
1875,4,2026-06-16 23:58:00,2026-06-17 01:40:00,planned,ELEC-01,
1876,7,2026-04-30 06:34:00,2026-04-30 08:10:00,unplanned,MEC-02,
1877,50,2026-02-15 23:22:00,2026-02-16 00:21:00,planned,MEC-01,
1878,13,2026-02-09 14:33:00,2026-02-09 17:20:00,planned,MEC-01,1512.0
1879,24,2026-01-09 11:03:00,2026-01-09 13:45:00,unplanned,CAL-01,
1880,11,2026-03-09 22:46:00,2026-03-10 01:15:00,planned,CAL-01,
1881,1,2026-03-21 17:12:00,2026-03-21 17:17:00,planned,CAL-01,4512.0
1882,38,2026-04-03 02:03:00,2026-04-03 03:22:00,planned,CAL-01,6872.0
1883,34,2026-04-14 14:21:00,2026-04-14 15:26:00,unplanned,ELEC-01,8959.0
1884,15,2026-03-02 00:31:00,2026-03-02 02:07:00,unplanned,ELEC-01,8721.0
1885,43,2026-04-14 19:18:00,2026-04-14 21:50:00,unplanned,MEC-01,2347.0
1886,25,2026-02-19 11:37:00,2026-02-19 13:50:00,planned,MEC-01,
1887,12,2026-05-15 11:21:00,2026-05-15 12:04:00,unplanned,MEC-02,
1888,20,2026-06-23 16:25:00,2026-06-23 17:51:00,unplanned,CAL-01,9917.0
1889,36,2026-03-21 10:57:00,2026-03-21 12:16:00,unplanned,MEC-02,6892.0
1890,9,2026-05-21 03:47:00,2026-05-21 06:12:00,planned,MEC-02,7433.0
1891,49,2026-04-29 05:54:00,2026-04-29 06:21:00,unplanned,CAL-01,4872.0
1892,47,2026-06-13 20:06:00,2026-06-13 20:19:00,unplanned,MEC-02,6365.0
1893,11,2026-03-29 00:08:00,2026-03-29 01:53:00,unplanned,CAL-01,
1894,47,2026-02-10 16:13:00,2026-02-10 16:44:00,planned,MAT-01,
1895,12,2026-03-12 21:45:00,2026-03-12 23:31:00,unplanned,MEC-01,3234.0
1896,18,2026-03-11 20:24:00,2026-03-11 22:20:00,unplanned,MEC-02,7469.0
1897,45,2026-04-27 18:01:00,2026-04-27 20:15:00,planned,MEC-01,4700.0
1898,50,2026-01-31 07:07:00,2026-01-31 07:42:00,planned,ELEC-01,3491.0
1899,44,2026-04-13 11:07:00,2026-04-13 11:36:00,planned,MEC-02,2369.0
1900,24,2026-02-28 03:25:00,2026-02-28 05:34:00,planned,ELEC-01,2971.0
1901,49,2026-06-12 17:44:00,2026-06-12 18:29:00,unplanned,ELEC-01,1703.0
1902,39,2026-01-26 14:19:00,2026-01-26 16:27:00,unplanned,MAT-01,3028.0
1903,27,2026-03-20 08:46:00,2026-03-20 10:36:00,unplanned,CAL-01,6195.0
1904,5,2026-04-16 17:33:00,2026-04-16 18:46:00,planned,MEC-02,1372.0
1905,42,2026-02-12 16:00:00,2026-02-12 16:47:00,unplanned,CAL-01,1798.0
1906,30,2026-05-02 04:07:00,2026-05-02 04:23:00,unplanned,CAL-01,
1907,35,2026-02-04 05:45:00,2026-02-04 06:20:00,unplanned,MEC-02,2004.0
1908,18,2026-03-28 14:02:00,2026-03-28 14:14:00,planned,ELEC-01,
1909,32,2026-03-13 12:34:00,2026-03-13 15:26:00,unplanned,MEC-01,1910.0
1910,5,2026-05-23 05:54:00,2026-05-23 07:35:00,unplanned,ELEC-01,
1911,49,2026-02-27 00:38:00,2026-02-27 01:05:00,unplanned,MEC-01,
1912,5,2026-06-24 03:05:00,2026-06-24 05:34:00,unplanned,CAL-01,9464.0
1913,23,2026-01-27 04:29:00,2026-01-27 04:53:00,unplanned,MAT-01,9495.0
1914,50,2026-02-05 07:18:00,2026-02-05 09:11:00,unplanned,MEC-02,1128.0
1915,42,2026-01-23 20:35:00,2026-01-23 23:25:00,planned,ELEC-01,278.0
1916,29,2026-01-18 00:53:00,2026-01-18 03:29:00,planned,MEC-01,1484.0
1917,1,2026-04-07 04:55:00,2026-04-07 06:58:00,planned,CAL-01,4931.0
1918,38,2026-06-11 09:09:00,2026-06-11 10:11:00,planned,MAT-01,1741.0
1919,36,2026-01-03 02:56:00,2026-01-03 03:26:00,unplanned,ELEC-01,9654.0
1920,8,2026-01-27 12:23:00,2026-01-27 14:32:00,planned,MAT-01,
1921,25,2026-06-08 11:44:00,2026-06-08 12:22:00,unplanned,MEC-01,
1922,27,2026-06-20 04:41:00,2026-06-20 06:44:00,planned,CAL-01,9899.0
1923,8,2026-04-25 21:42:00,2026-04-26 00:40:00,unplanned,MAT-01,7465.0
1924,31,2026-01-18 21:23:00,2026-01-18 23:48:00,unplanned,CAL-01,3344.0
1925,50,2026-04-25 21:37:00,2026-04-25 21:47:00,planned,MEC-01,333.0
1926,7,2026-04-22 09:05:00,2026-04-22 11:12:00,unplanned,MEC-02,4209.0
1927,5,2026-05-16 06:11:00,2026-05-16 06:22:00,planned,MEC-01,
1928,49,2026-02-27 04:16:00,2026-02-27 06:18:00,unplanned,MAT-01,
1929,18,2026-02-11 11:23:00,2026-02-11 14:11:00,planned,MAT-01,6633.0
1930,30,2026-05-13 19:25:00,2026-05-13 21:20:00,planned,MEC-02,6266.0
1931,47,2026-04-19 06:17:00,2026-04-19 08:53:00,unplanned,CAL-01,5334.0
1932,29,2026-05-09 11:44:00,2026-05-09 12:36:00,unplanned,ELEC-01,1107.0
1933,12,2026-06-06 12:50:00,2026-06-06 15:37:00,planned,CAL-01,7181.0
1934,45,2026-05-04 22:25:00,2026-05-05 00:54:00,unplanned,MAT-01,3962.0
1935,29,2026-02-02 01:46:00,2026-02-02 02:53:00,planned,MAT-01,5256.0
1936,10,2026-05-25 22:52:00,2026-05-25 23:16:00,planned,MAT-01,
1937,44,2026-02-11 04:03:00,2026-02-11 04:49:00,planned,MEC-01,5446.0
1938,4,2026-03-15 07:00:00,2026-03-15 09:17:00,unplanned,MEC-02,6605.0
1939,43,2026-03-23 14:33:00,2026-03-23 16:47:00,unplanned,MEC-02,3445.0
1940,35,2026-03-09 10:13:00,2026-03-09 13:02:00,unplanned,MAT-01,
1941,40,2026-06-03 06:25:00,2026-06-03 08:06:00,planned,MAT-01,5290.0
1942,6,2026-02-04 15:52:00,2026-02-04 17:04:00,planned,ELEC-01,
1943,28,2026-03-04 16:42:00,2026-03-04 17:38:00,unplanned,MAT-01,6661.0
1944,19,2026-02-09 22:34:00,2026-02-10 00:47:00,planned,MEC-01,7567.0
1945,28,2026-03-23 06:56:00,2026-03-23 07:26:00,unplanned,MAT-01,138.0
1946,34,2026-02-17 01:54:00,2026-02-17 04:50:00,planned,MAT-01,76.0
1947,18,2026-05-23 07:11:00,2026-05-23 09:54:00,planned,CAL-01,
1948,15,2026-03-25 18:25:00,2026-03-25 19:33:00,unplanned,ELEC-01,
1949,9,2026-04-15 05:35:00,2026-04-15 06:56:00,planned,MEC-01,1351.0
1950,50,2026-05-26 12:27:00,2026-05-26 12:36:00,planned,MEC-01,9376.0
1951,32,2026-04-15 00:49:00,2026-04-15 03:41:00,unplanned,CAL-01,8062.0
1952,2,2026-03-10 01:03:00,2026-03-10 02:07:00,unplanned,ELEC-01,5244.0
1953,30,2026-06-03 15:27:00,2026-06-03 17:23:00,unplanned,MAT-01,
1954,25,2026-01-15 00:44:00,2026-01-15 00:56:00,unplanned,MEC-01,
1955,27,2026-06-18 06:24:00,2026-06-18 07:58:00,planned,MEC-01,6896.0
1956,30,2026-03-24 06:02:00,2026-03-24 08:20:00,planned,MAT-01,6537.0
1957,40,2026-05-22 00:20:00,2026-05-22 03:15:00,unplanned,MEC-02,
1958,45,2026-03-16 03:55:00,2026-03-16 05:06:00,planned,MEC-02,7480.0
1959,9,2026-05-03 05:02:00,2026-05-03 06:35:00,unplanned,MEC-01,2228.0
1960,13,2026-03-24 04:14:00,2026-03-24 04:34:00,unplanned,ELEC-01,
1961,39,2026-03-31 08:39:00,2026-03-31 11:16:00,planned,MAT-01,4776.0
1962,5,2026-03-05 06:42:00,2026-03-05 09:40:00,planned,MEC-02,4977.0
1963,37,2026-03-03 13:46:00,2026-03-03 14:57:00,unplanned,MEC-02,5454.0
1964,25,2026-05-13 08:03:00,2026-05-13 09:34:00,planned,CAL-01,9611.0
1965,45,2026-01-12 12:53:00,2026-01-12 15:10:00,unplanned,CAL-01,
1966,44,2026-01-28 14:07:00,2026-01-28 16:36:00,planned,MEC-01,2491.0
1967,4,2026-04-07 08:57:00,2026-04-07 10:04:00,planned,MAT-01,4612.0
1968,11,2026-05-19 10:48:00,2026-05-19 11:48:00,unplanned,MEC-02,3661.0
1969,20,2026-04-01 15:33:00,2026-04-01 16:01:00,planned,CAL-01,5127.0
1970,32,2026-02-15 00:06:00,2026-02-15 00:39:00,planned,MAT-01,5555.0
1971,21,2026-01-12 08:07:00,2026-01-12 08:48:00,planned,MEC-02,
1972,6,2026-05-11 08:46:00,2026-05-11 11:11:00,unplanned,ELEC-01,7042.0
1973,43,2026-01-21 09:41:00,2026-01-21 11:03:00,planned,MEC-02,
1974,37,2026-01-05 03:46:00,2026-01-05 06:23:00,planned,MEC-01,3313.0
1975,2,2026-01-11 07:46:00,2026-01-11 09:43:00,planned,MEC-01,
1976,3,2026-03-12 00:38:00,2026-03-12 02:34:00,unplanned,ELEC-01,5071.0
1977,41,2026-02-11 11:06:00,2026-02-11 13:20:00,unplanned,MEC-01,
1978,2,2026-01-16 14:08:00,2026-01-16 15:52:00,unplanned,CAL-01,4182.0
1979,36,2026-01-03 08:39:00,2026-01-03 09:09:00,unplanned,MAT-01,1314.0
1980,8,2026-02-23 02:35:00,2026-02-23 04:54:00,unplanned,MEC-02,4253.0
1981,45,2026-01-13 14:44:00,2026-01-13 16:20:00,unplanned,MEC-01,5162.0
1982,10,2026-02-01 11:03:00,2026-02-01 13:13:00,unplanned,MAT-01,9581.0
1983,27,2026-03-23 06:19:00,2026-03-23 06:46:00,unplanned,ELEC-01,5637.0
1984,35,2026-06-17 02:04:00,2026-06-17 02:46:00,planned,MAT-01,3846.0
1985,1,2026-03-20 21:55:00,2026-03-20 22:23:00,planned,ELEC-01,9016.0
1986,40,2026-04-20 09:28:00,2026-04-20 12:17:00,planned,ELEC-01,3390.0
1987,44,2026-01-20 00:55:00,2026-01-20 01:50:00,unplanned,CAL-01,
1988,36,2026-04-02 11:43:00,2026-04-02 14:29:00,planned,MAT-01,6521.0
1989,27,2026-01-13 22:37:00,2026-01-14 00:36:00,planned,CAL-01,2938.0
1990,50,2026-04-30 21:10:00,2026-04-30 23:38:00,unplanned,ELEC-01,5606.0
1991,44,2026-04-03 22:07:00,2026-04-03 22:42:00,planned,CAL-01,
1992,43,2026-05-31 06:40:00,2026-05-31 07:30:00,planned,ELEC-01,
1993,20,2026-04-21 15:59:00,2026-04-21 18:51:00,unplanned,ELEC-01,3521.0
1994,48,2026-06-27 09:23:00,2026-06-27 10:14:00,unplanned,MEC-02,3037.0
1995,50,2026-03-24 21:19:00,2026-03-24 21:26:00,planned,MEC-01,1715.0
1996,44,2026-04-24 22:18:00,2026-04-24 23:31:00,unplanned,CAL-01,3107.0
1997,24,2026-05-19 11:45:00,2026-05-19 14:37:00,unplanned,MEC-01,
1998,7,2026-01-14 03:09:00,2026-01-14 06:08:00,unplanned,MEC-01,7885.0
1999,18,2026-02-06 01:21:00,2026-02-06 01:27:00,planned,MAT-01,3107.0
2000,31,2026-01-21 10:35:00,2026-01-21 12:53:00,planned,ELEC-01,9354.0
2001,12,2026-01-17 10:21:00,2026-01-17 12:34:00,unplanned,MEC-01,4965.0
2002,7,2026-06-25 12:38:00,2026-06-25 13:17:00,planned,CAL-01,2383.0
2003,29,2026-02-26 05:09:00,2026-02-26 07:24:00,unplanned,MEC-02,5619.0
2004,9,2026-06-23 15:41:00,2026-06-23 18:37:00,unplanned,MEC-01,1856.0
2005,33,2026-04-16 23:10:00,2026-04-17 00:29:00,planned,MEC-02,9562.0
2006,16,2026-06-16 08:16:00,2026-06-16 08:31:00,planned,CAL-01,
2007,48,2026-02-04 07:43:00,2026-02-04 10:19:00,unplanned,ELEC-01,
2008,32,2026-02-06 22:04:00,2026-02-07 00:00:00,unplanned,ELEC-01,5561.0
2009,17,2026-03-24 02:24:00,2026-03-24 05:17:00,unplanned,MAT-01,
2010,37,2026-03-07 07:39:00,2026-03-07 08:56:00,planned,MAT-01,5454.0
2011,24,2026-04-12 23:26:00,2026-04-13 00:26:00,planned,MEC-01,825.0
2012,12,2026-06-14 21:10:00,2026-06-14 21:58:00,unplanned,CAL-01,3441.0
2013,14,2026-06-17 09:20:00,2026-06-17 10:19:00,unplanned,ELEC-01,5572.0
2014,43,2026-05-30 21:44:00,2026-05-31 00:37:00,planned,ELEC-01,3450.0
2015,3,2026-04-14 11:30:00,2026-04-14 13:04:00,unplanned,MEC-01,1226.0
2016,32,2026-01-17 13:54:00,2026-01-17 14:59:00,unplanned,MAT-01,7646.0
2017,25,2026-02-25 14:04:00,2026-02-25 14:33:00,unplanned,MAT-01,4420.0
2018,24,2026-05-13 21:09:00,2026-05-13 22:33:00,unplanned,MEC-02,
2019,31,2026-02-23 01:04:00,2026-02-23 02:31:00,unplanned,CAL-01,149.0
2020,10,2026-06-08 21:54:00,2026-06-08 23:15:00,unplanned,CAL-01,2287.0
2021,25,2026-06-27 09:11:00,2026-06-27 09:51:00,unplanned,MEC-01,3077.0
2022,6,2026-05-20 19:05:00,2026-05-20 21:59:00,planned,MAT-01,8420.0
2023,50,2026-05-22 19:45:00,2026-05-22 21:13:00,unplanned,ELEC-01,7458.0
2024,20,2026-06-20 23:22:00,2026-06-20 23:39:00,planned,CAL-01,4658.0
2025,16,2026-02-07 23:31:00,2026-02-08 01:07:00,planned,MEC-01,1494.0
2026,9,2026-02-04 18:01:00,2026-02-04 20:22:00,unplanned,MEC-02,7432.0
2027,28,2026-04-24 19:58:00,2026-04-24 20:41:00,planned,MEC-02,7851.0
2028,47,2026-02-04 14:51:00,2026-02-04 17:38:00,planned,ELEC-01,
2029,50,2026-01-30 02:52:00,2026-01-30 03:54:00,planned,MEC-01,4526.0
2030,1,2026-05-06 12:09:00,2026-05-06 14:22:00,planned,MEC-01,
2031,46,2026-03-01 06:11:00,2026-03-01 08:24:00,unplanned,MAT-01,
2032,41,2026-05-26 15:37:00,2026-05-26 16:06:00,planned,MEC-01,5012.0
2033,42,2026-03-05 05:13:00,2026-03-05 06:13:00,unplanned,CAL-01,6399.0
2034,37,2026-03-12 01:34:00,2026-03-12 02:32:00,planned,CAL-01,2183.0
2035,26,2026-05-05 08:14:00,2026-05-05 11:14:00,unplanned,MEC-01,2498.0
2036,13,2026-01-24 13:50:00,2026-01-24 15:00:00,planned,MEC-01,1825.0
2037,44,2026-05-05 10:55:00,2026-05-05 13:26:00,unplanned,ELEC-01,
2038,46,2026-03-10 04:48:00,2026-03-10 06:05:00,planned,MEC-02,9940.0
2039,5,2026-03-26 22:06:00,2026-03-27 00:10:00,planned,ELEC-01,1476.0
2040,19,2026-03-09 07:59:00,2026-03-09 10:05:00,planned,MEC-01,
2041,42,2026-03-12 21:23:00,2026-03-12 22:06:00,unplanned,CAL-01,4717.0
2042,47,2026-02-04 07:05:00,2026-02-04 08:30:00,unplanned,MEC-01,4849.0
2043,15,2026-01-05 01:58:00,2026-01-05 02:19:00,unplanned,MAT-01,8096.0
2044,19,2026-03-01 18:07:00,2026-03-01 19:22:00,planned,MEC-02,9015.0
2045,29,2026-04-04 10:11:00,2026-04-04 11:24:00,unplanned,ELEC-01,
2046,49,2026-01-02 11:10:00,2026-01-02 13:08:00,unplanned,MEC-02,5346.0
2047,39,2026-01-03 09:00:00,2026-01-03 10:22:00,planned,ELEC-01,5447.0
2048,16,2026-05-21 02:56:00,2026-05-21 04:24:00,unplanned,CAL-01,5593.0
2049,18,2026-06-22 00:34:00,2026-06-22 03:23:00,unplanned,ELEC-01,3452.0
2050,15,2026-04-10 16:40:00,2026-04-10 18:29:00,planned,ELEC-01,7558.0
2051,33,2026-02-10 23:27:00,2026-02-11 00:17:00,unplanned,MAT-01,
2052,12,2026-02-24 00:07:00,2026-02-24 02:36:00,unplanned,ELEC-01,
2053,30,2026-06-01 17:55:00,2026-06-01 18:45:00,planned,CAL-01,2702.0
2054,6,2026-02-17 01:56:00,2026-02-17 03:33:00,planned,MEC-01,
2055,36,2026-05-31 16:33:00,2026-05-31 19:27:00,unplanned,CAL-01,2962.0
2056,8,2026-05-02 08:02:00,2026-05-02 09:27:00,unplanned,MEC-01,6481.0
2057,16,2026-02-20 17:35:00,2026-02-20 20:24:00,unplanned,MEC-02,9860.0
2058,40,2026-02-20 04:16:00,2026-02-20 07:10:00,unplanned,MEC-02,
2059,3,2026-06-14 14:42:00,2026-06-14 17:36:00,unplanned,CAL-01,6858.0
2060,32,2026-06-17 03:17:00,2026-06-17 03:22:00,planned,ELEC-01,
2061,45,2026-05-06 17:00:00,2026-05-06 19:53:00,planned,MAT-01,2641.0
2062,48,2026-01-18 19:35:00,2026-01-18 22:27:00,unplanned,ELEC-01,1821.0
2063,36,2026-03-30 18:59:00,2026-03-30 19:50:00,unplanned,MEC-01,
2064,40,2026-02-10 10:15:00,2026-02-10 11:53:00,planned,ELEC-01,9213.0
2065,5,2026-06-09 05:15:00,2026-06-09 05:41:00,planned,MEC-01,8667.0
2066,47,2026-03-20 16:26:00,2026-03-20 18:09:00,planned,CAL-01,9805.0
2067,29,2026-02-22 10:24:00,2026-02-22 11:09:00,unplanned,CAL-01,
2068,38,2026-03-19 12:38:00,2026-03-19 13:19:00,unplanned,MEC-01,1094.0
2069,18,2026-04-04 20:26:00,2026-04-04 21:58:00,planned,MEC-01,
2070,31,2026-06-10 08:00:00,2026-06-10 09:57:00,planned,MEC-01,
2071,28,2026-04-23 15:32:00,2026-04-23 17:01:00,unplanned,MAT-01,1516.0
2072,44,2026-04-19 11:09:00,2026-04-19 12:49:00,planned,CAL-01,
2073,18,2026-05-30 03:34:00,2026-05-30 05:40:00,planned,MAT-01,
2074,38,2026-01-11 12:32:00,2026-01-11 14:57:00,planned,ELEC-01,1197.0
2075,29,2026-03-26 09:06:00,2026-03-26 09:43:00,planned,MEC-01,3469.0
2076,26,2026-05-14 11:01:00,2026-05-14 13:30:00,planned,MAT-01,9737.0
2077,17,2026-02-22 14:50:00,2026-02-22 16:04:00,planned,MAT-01,4306.0
2078,32,2026-01-24 13:45:00,2026-01-24 16:05:00,planned,MEC-02,955.0
2079,21,2026-03-02 03:56:00,2026-03-02 05:53:00,planned,MEC-02,2353.0
2080,8,2026-02-15 15:05:00,2026-02-15 16:13:00,unplanned,MEC-01,
2081,23,2026-04-13 02:09:00,2026-04-13 03:45:00,unplanned,ELEC-01,297.0
2082,43,2026-04-05 12:57:00,2026-04-05 13:19:00,planned,MEC-01,5628.0
2083,50,2026-01-25 00:49:00,2026-01-25 01:58:00,planned,MEC-02,
2084,8,2026-05-17 16:37:00,2026-05-17 18:12:00,planned,MEC-01,4942.0
2085,23,2026-01-29 07:33:00,2026-01-29 08:37:00,planned,MEC-02,1027.0
2086,10,2026-02-25 22:49:00,2026-02-26 01:08:00,planned,MEC-02,6626.0
2087,25,2026-06-15 03:59:00,2026-06-15 06:06:00,unplanned,MAT-01,985.0
2088,50,2026-05-19 14:48:00,2026-05-19 16:50:00,planned,ELEC-01,
2089,41,2026-02-17 20:47:00,2026-02-17 22:54:00,unplanned,MEC-02,7558.0
2090,41,2026-03-02 22:14:00,2026-03-02 22:21:00,unplanned,ELEC-01,4192.0
2091,26,2026-04-10 22:33:00,2026-04-11 01:27:00,unplanned,CAL-01,2441.0
2092,33,2026-04-09 02:13:00,2026-04-09 05:05:00,planned,ELEC-01,3968.0
2093,9,2026-04-30 13:50:00,2026-04-30 14:47:00,planned,MEC-02,
2094,3,2026-05-20 13:00:00,2026-05-20 14:06:00,unplanned,MAT-01,
2095,7,2026-03-19 02:47:00,2026-03-19 02:58:00,unplanned,MAT-01,
2096,9,2026-04-19 22:48:00,2026-04-20 00:57:00,planned,MAT-01,4759.0
2097,1,2026-04-28 20:22:00,2026-04-28 21:41:00,planned,MEC-01,7370.0
2098,16,2026-01-31 22:31:00,2026-01-31 23:52:00,planned,MAT-01,
2099,7,2026-06-26 11:05:00,2026-06-26 13:09:00,unplanned,MEC-01,
2100,23,2026-03-22 04:54:00,2026-03-22 06:25:00,planned,MEC-01,6901.0
2101,38,2026-03-20 18:21:00,2026-03-20 19:39:00,planned,MEC-01,6284.0
2102,17,2026-06-13 23:12:00,2026-06-13 23:50:00,planned,MEC-01,7027.0
2103,34,2026-03-01 19:36:00,2026-03-01 21:56:00,planned,ELEC-01,
2104,18,2026-03-23 12:30:00,2026-03-23 14:21:00,unplanned,CAL-01,5418.0
2105,18,2026-05-18 00:03:00,2026-05-18 02:02:00,unplanned,MEC-01,
2106,28,2026-06-22 18:26:00,2026-06-22 21:14:00,unplanned,MEC-01,
2107,23,2026-03-09 14:57:00,2026-03-09 17:25:00,planned,MAT-01,3442.0
2108,18,2026-04-06 23:40:00,2026-04-07 02:39:00,planned,MAT-01,1885.0
2109,6,2026-03-16 11:13:00,2026-03-16 11:28:00,planned,MAT-01,9857.0
2110,2,2026-04-12 11:48:00,2026-04-12 13:15:00,planned,ELEC-01,8915.0
2111,15,2026-01-29 19:05:00,2026-01-29 19:40:00,unplanned,MEC-02,5470.0
2112,31,2026-04-15 01:45:00,2026-04-15 03:06:00,unplanned,MEC-01,
2113,43,2026-06-22 23:26:00,2026-06-22 23:32:00,planned,MAT-01,2452.0
2114,25,2026-02-11 15:35:00,2026-02-11 17:30:00,planned,ELEC-01,
2115,6,2026-04-30 14:41:00,2026-04-30 17:31:00,unplanned,MAT-01,7377.0
2116,33,2026-05-27 10:17:00,2026-05-27 12:36:00,planned,MAT-01,6062.0
2117,44,2026-03-25 12:12:00,2026-03-25 14:16:00,unplanned,MEC-01,4270.0
2118,31,2026-03-29 10:00:00,2026-03-29 12:49:00,unplanned,MEC-02,9102.0
2119,14,2026-04-19 19:39:00,2026-04-19 22:39:00,unplanned,MAT-01,
2120,11,2026-01-30 11:00:00,2026-01-30 12:09:00,planned,MEC-02,8859.0
2121,21,2026-01-25 19:24:00,2026-01-25 19:51:00,planned,MAT-01,
2122,31,2026-03-18 22:48:00,2026-03-18 23:24:00,unplanned,MEC-01,1635.0
2123,4,2026-04-16 22:56:00,2026-04-17 00:09:00,planned,MAT-01,8263.0
2124,34,2026-02-19 17:31:00,2026-02-19 19:25:00,planned,ELEC-01,8682.0
2125,17,2026-06-22 20:42:00,2026-06-22 20:47:00,planned,MEC-02,1421.0
2126,32,2026-05-21 02:45:00,2026-05-21 05:11:00,unplanned,MEC-01,1891.0
2127,1,2026-04-26 02:19:00,2026-04-26 03:50:00,unplanned,ELEC-01,6642.0
2128,39,2026-04-02 17:21:00,2026-04-02 19:31:00,unplanned,MEC-01,
2129,46,2026-01-16 11:04:00,2026-01-16 11:10:00,unplanned,ELEC-01,9696.0
2130,30,2026-03-18 08:15:00,2026-03-18 08:36:00,unplanned,MAT-01,504.0
2131,15,2026-06-18 06:14:00,2026-06-18 07:09:00,planned,ELEC-01,
2132,7,2026-06-19 04:09:00,2026-06-19 04:42:00,planned,MEC-02,8870.0
2133,13,2026-05-20 23:53:00,2026-05-21 01:09:00,planned,MEC-01,6507.0
2134,19,2026-03-30 00:11:00,2026-03-30 01:21:00,planned,MAT-01,3982.0
2135,47,2026-03-02 00:16:00,2026-03-02 00:38:00,unplanned,MEC-02,
2136,41,2026-03-21 22:15:00,2026-03-21 23:18:00,unplanned,MEC-01,5097.0
2137,34,2026-01-15 01:36:00,2026-01-15 01:49:00,unplanned,MEC-01,7715.0
2138,17,2026-06-07 13:10:00,2026-06-07 14:16:00,planned,MEC-01,7723.0
2139,23,2026-04-12 20:57:00,2026-04-12 22:43:00,planned,ELEC-01,
2140,27,2026-02-05 11:59:00,2026-02-05 13:31:00,planned,CAL-01,8865.0
2141,34,2026-02-22 00:18:00,2026-02-22 02:07:00,planned,CAL-01,2081.0
2142,46,2026-01-14 13:51:00,2026-01-14 15:07:00,unplanned,MEC-02,
2143,25,2026-04-05 20:47:00,2026-04-05 22:23:00,unplanned,MEC-02,3580.0
2144,36,2026-05-03 23:53:00,2026-05-04 01:07:00,unplanned,MEC-01,6576.0
2145,18,2026-03-13 02:58:00,2026-03-13 03:32:00,planned,MEC-01,2733.0
2146,44,2026-01-17 07:23:00,2026-01-17 09:36:00,planned,CAL-01,4000.0
2147,48,2026-05-31 15:51:00,2026-05-31 16:59:00,unplanned,MEC-01,3354.0
2148,23,2026-05-23 13:31:00,2026-05-23 15:38:00,planned,MEC-02,1379.0
2149,32,2026-03-22 03:41:00,2026-03-22 06:32:00,planned,CAL-01,8376.0
2150,30,2026-05-27 22:37:00,2026-05-28 00:20:00,unplanned,CAL-01,
2151,11,2026-03-06 06:19:00,2026-03-06 08:46:00,unplanned,ELEC-01,2663.0
2152,22,2026-02-25 21:36:00,2026-02-25 22:52:00,unplanned,MAT-01,5773.0
2153,47,2026-06-11 19:52:00,2026-06-11 20:36:00,planned,MEC-02,4133.0
2154,35,2026-02-18 03:11:00,2026-02-18 04:27:00,planned,MEC-02,9249.0
2155,28,2026-03-16 10:54:00,2026-03-16 13:38:00,unplanned,MAT-01,
2156,10,2026-03-11 05:04:00,2026-03-11 07:34:00,planned,MEC-02,5712.0
2157,30,2026-03-25 10:14:00,2026-03-25 12:30:00,unplanned,CAL-01,4206.0
2158,39,2026-01-27 10:30:00,2026-01-27 13:09:00,unplanned,CAL-01,7570.0
2159,19,2026-01-11 01:20:00,2026-01-11 03:54:00,unplanned,MEC-01,4289.0
2160,23,2026-04-27 03:17:00,2026-04-27 05:52:00,planned,MEC-01,
2161,50,2026-01-22 16:01:00,2026-01-22 17:49:00,planned,CAL-01,4407.0
2162,21,2026-03-10 18:58:00,2026-03-10 19:37:00,planned,ELEC-01,
2163,21,2026-02-25 16:16:00,2026-02-25 18:01:00,planned,MAT-01,7110.0
2164,36,2026-05-08 03:07:00,2026-05-08 04:00:00,planned,MAT-01,
2165,27,2026-05-27 17:08:00,2026-05-27 18:50:00,planned,MEC-01,1111.0
2166,17,2026-03-11 03:31:00,2026-03-11 06:17:00,unplanned,MAT-01,5506.0
2167,7,2026-03-09 02:30:00,2026-03-09 04:07:00,unplanned,CAL-01,589.0
2168,46,2026-02-10 12:55:00,2026-02-10 13:54:00,planned,MEC-01,
2169,20,2026-06-18 11:11:00,2026-06-18 13:20:00,planned,MAT-01,8801.0
2170,41,2026-03-07 01:35:00,2026-03-07 04:29:00,unplanned,MAT-01,
2171,49,2026-04-21 10:10:00,2026-04-21 10:34:00,unplanned,ELEC-01,
2172,20,2026-04-23 12:35:00,2026-04-23 14:02:00,planned,MAT-01,8871.0
2173,38,2026-01-11 15:45:00,2026-01-11 17:33:00,planned,MEC-02,
2174,44,2026-05-23 21:10:00,2026-05-23 22:03:00,planned,MEC-02,
2175,31,2026-03-16 23:45:00,2026-03-17 02:27:00,unplanned,MEC-01,1925.0
2176,17,2026-01-15 13:34:00,2026-01-15 14:16:00,unplanned,MEC-01,1623.0
2177,6,2026-06-02 22:39:00,2026-06-03 01:39:00,planned,MAT-01,337.0
2178,44,2026-06-12 13:06:00,2026-06-12 15:45:00,planned,MEC-01,7171.0
2179,2,2026-01-14 19:00:00,2026-01-14 21:35:00,unplanned,MEC-01,6921.0
2180,34,2026-01-21 09:20:00,2026-01-21 11:38:00,planned,ELEC-01,5853.0
2181,33,2026-04-23 23:49:00,2026-04-24 02:12:00,unplanned,MAT-01,6521.0
2182,22,2026-05-15 12:07:00,2026-05-15 12:36:00,unplanned,CAL-01,9841.0
2183,7,2026-01-25 01:11:00,2026-01-25 03:47:00,planned,CAL-01,3671.0
2184,47,2026-06-29 02:14:00,2026-06-29 02:20:00,planned,MAT-01,
2185,32,2026-02-13 18:10:00,2026-02-13 20:31:00,planned,MEC-01,
2186,41,2026-04-23 21:20:00,2026-04-23 23:38:00,planned,MEC-02,
2187,28,2026-04-12 17:14:00,2026-04-12 17:44:00,unplanned,ELEC-01,6546.0
2188,35,2026-01-24 18:04:00,2026-01-24 18:42:00,planned,CAL-01,2096.0
2189,9,2026-01-19 09:07:00,2026-01-19 12:04:00,planned,CAL-01,
2190,41,2026-03-08 02:11:00,2026-03-08 04:04:00,planned,MEC-01,1485.0
2191,8,2026-02-11 06:46:00,2026-02-11 07:14:00,planned,MEC-01,4950.0
2192,16,2026-06-25 07:39:00,2026-06-25 09:55:00,planned,MEC-01,
2193,6,2026-01-19 19:44:00,2026-01-19 20:52:00,unplanned,MEC-02,
2194,22,2026-04-23 16:15:00,2026-04-23 19:14:00,planned,MEC-01,8008.0
2195,27,2026-06-07 21:45:00,2026-06-07 23:12:00,planned,MAT-01,8488.0
2196,8,2026-02-23 14:20:00,2026-02-23 16:21:00,unplanned,ELEC-01,
2197,36,2026-03-13 17:30:00,2026-03-13 19:22:00,planned,MEC-01,
2198,14,2026-06-28 18:36:00,2026-06-28 21:14:00,unplanned,MEC-02,5774.0
2199,20,2026-04-14 09:38:00,2026-04-14 12:05:00,planned,MEC-01,1658.0
2200,12,2026-06-01 14:10:00,2026-06-01 15:10:00,planned,ELEC-01,9040.0
2201,10,2026-05-11 18:42:00,2026-05-11 19:11:00,unplanned,ELEC-01,4953.0
2202,21,2026-05-25 12:18:00,2026-05-25 14:25:00,unplanned,ELEC-01,
2203,35,2026-05-05 23:06:00,2026-05-06 00:32:00,unplanned,CAL-01,5154.0
2204,3,2026-06-09 05:06:00,2026-06-09 06:00:00,planned,MEC-01,4214.0
2205,33,2026-01-06 07:55:00,2026-01-06 09:55:00,planned,MEC-01,7369.0
2206,41,2026-01-16 06:34:00,2026-01-16 06:44:00,unplanned,MEC-01,1015.0
2207,46,2026-04-21 14:21:00,2026-04-21 14:40:00,unplanned,ELEC-01,9754.0
2208,11,2026-01-16 05:15:00,2026-01-16 08:11:00,planned,CAL-01,
2209,13,2026-02-28 14:13:00,2026-02-28 16:25:00,unplanned,MEC-02,
2210,13,2026-02-20 22:43:00,2026-02-21 01:27:00,unplanned,MEC-01,64.0
2211,32,2026-05-02 21:05:00,2026-05-02 23:10:00,unplanned,MEC-02,7519.0
2212,20,2026-06-21 00:41:00,2026-06-21 03:35:00,unplanned,ELEC-01,9802.0
2213,25,2026-04-17 20:58:00,2026-04-17 22:04:00,unplanned,MAT-01,
2214,7,2026-01-20 20:53:00,2026-01-20 23:45:00,planned,ELEC-01,1069.0
2215,23,2026-06-20 07:07:00,2026-06-20 09:38:00,unplanned,MEC-02,
2216,9,2026-05-20 08:56:00,2026-05-20 10:26:00,unplanned,MAT-01,
2217,37,2026-05-16 00:45:00,2026-05-16 03:24:00,planned,MEC-01,
2218,19,2026-04-01 09:52:00,2026-04-01 10:31:00,unplanned,MEC-01,3123.0
2219,24,2026-05-27 18:06:00,2026-05-27 20:32:00,planned,MEC-01,
2220,2,2026-06-28 11:17:00,2026-06-28 13:40:00,unplanned,MEC-02,7870.0
2221,1,2026-06-13 17:28:00,2026-06-13 19:05:00,planned,MEC-02,6050.0
2222,48,2026-03-24 12:42:00,2026-03-24 13:48:00,unplanned,MEC-02,
2223,21,2026-02-02 01:23:00,2026-02-02 04:06:00,unplanned,ELEC-01,3434.0
2224,22,2026-04-28 14:11:00,2026-04-28 14:32:00,planned,ELEC-01,2688.0
2225,41,2026-05-14 18:31:00,2026-05-14 19:59:00,planned,CAL-01,
2226,18,2026-06-12 00:48:00,2026-06-12 02:15:00,unplanned,MEC-02,
2227,41,2026-02-28 17:57:00,2026-02-28 18:55:00,unplanned,ELEC-01,3314.0
2228,3,2026-02-01 21:30:00,2026-02-01 22:07:00,unplanned,MEC-02,
2229,10,2026-02-26 13:20:00,2026-02-26 13:32:00,unplanned,ELEC-01,7064.0
2230,18,2026-02-08 07:41:00,2026-02-08 08:59:00,unplanned,MEC-01,3504.0
2231,36,2026-05-28 21:18:00,2026-05-28 22:45:00,planned,MEC-02,4943.0
2232,44,2026-04-13 15:12:00,2026-04-13 15:55:00,planned,CAL-01,7387.0
2233,39,2026-02-01 20:28:00,2026-02-01 22:04:00,planned,MEC-02,1896.0
2234,20,2026-06-20 18:02:00,2026-06-20 19:49:00,planned,MEC-01,7695.0
2235,23,2026-06-07 10:45:00,2026-06-07 12:04:00,planned,ELEC-01,1801.0
2236,42,2026-02-24 18:04:00,2026-02-24 20:33:00,planned,CAL-01,
2237,43,2026-05-26 03:03:00,2026-05-26 05:26:00,planned,ELEC-01,1872.0
2238,27,2026-06-21 07:13:00,2026-06-21 09:42:00,planned,CAL-01,4189.0
2239,11,2026-05-18 12:19:00,2026-05-18 12:36:00,planned,CAL-01,8236.0
2240,32,2026-05-20 05:59:00,2026-05-20 07:20:00,unplanned,MAT-01,605.0
2241,17,2026-04-02 14:03:00,2026-04-02 14:16:00,unplanned,MAT-01,735.0
2242,37,2026-02-08 00:57:00,2026-02-08 01:17:00,planned,MAT-01,5574.0
2243,43,2026-06-11 08:46:00,2026-06-11 09:49:00,planned,ELEC-01,2020.0
2244,13,2026-02-23 19:45:00,2026-02-23 20:50:00,planned,MEC-01,
2245,5,2026-02-06 07:08:00,2026-02-06 07:52:00,planned,MEC-02,1364.0
2246,44,2026-04-01 05:12:00,2026-04-01 07:30:00,unplanned,CAL-01,9397.0
2247,1,2026-05-02 08:44:00,2026-05-02 08:57:00,planned,MEC-02,5962.0
2248,47,2026-04-07 02:31:00,2026-04-07 03:11:00,planned,MEC-01,5310.0
2249,18,2026-05-17 10:25:00,2026-05-17 12:24:00,planned,CAL-01,6694.0
2250,40,2026-03-21 18:44:00,2026-03-21 21:19:00,unplanned,MAT-01,
2251,19,2026-05-10 09:18:00,2026-05-10 11:14:00,unplanned,MEC-01,9996.0
2252,3,2026-06-10 05:01:00,2026-06-10 07:07:00,planned,MAT-01,
2253,2,2026-05-08 04:05:00,2026-05-08 06:27:00,planned,ELEC-01,2371.0
2254,18,2026-05-30 01:41:00,2026-05-30 03:56:00,planned,MEC-02,
2255,41,2026-05-27 22:48:00,2026-05-27 23:18:00,planned,MEC-01,
2256,6,2026-05-21 20:46:00,2026-05-21 21:09:00,planned,MEC-01,7771.0
2257,44,2026-02-16 21:13:00,2026-02-16 22:46:00,planned,MEC-02,1718.0
2258,39,2026-02-05 23:37:00,2026-02-06 01:11:00,planned,MEC-01,911.0
2259,30,2026-01-14 05:48:00,2026-01-14 07:31:00,planned,MEC-02,6890.0
2260,17,2026-04-07 23:08:00,2026-04-08 01:56:00,unplanned,ELEC-01,4603.0
2261,28,2026-01-18 16:18:00,2026-01-18 17:56:00,planned,CAL-01,8596.0
2262,24,2026-01-09 08:24:00,2026-01-09 11:16:00,unplanned,MAT-01,8665.0
2263,41,2026-01-08 14:12:00,2026-01-08 15:40:00,unplanned,MAT-01,4519.0
2264,43,2026-06-15 20:22:00,2026-06-15 20:59:00,unplanned,ELEC-01,
2265,48,2026-05-29 12:36:00,2026-05-29 14:12:00,planned,ELEC-01,
2266,45,2026-06-11 01:28:00,2026-06-11 02:11:00,planned,MEC-01,6702.0
2267,16,2026-06-08 15:01:00,2026-06-08 16:19:00,planned,MEC-01,9434.0
2268,40,2026-04-09 15:19:00,2026-04-09 17:53:00,planned,MEC-01,8177.0
2269,19,2026-04-09 06:09:00,2026-04-09 07:56:00,unplanned,MEC-01,9774.0
2270,38,2026-03-31 04:06:00,2026-03-31 04:46:00,unplanned,CAL-01,
2271,29,2026-04-18 07:22:00,2026-04-18 08:49:00,unplanned,CAL-01,1093.0
2272,25,2026-05-27 13:46:00,2026-05-27 14:58:00,planned,MEC-01,
2273,31,2026-06-17 11:25:00,2026-06-17 14:12:00,planned,CAL-01,9668.0
2274,42,2026-04-11 11:16:00,2026-04-11 13:17:00,planned,MEC-01,
2275,11,2026-03-18 03:16:00,2026-03-18 03:23:00,planned,CAL-01,7978.0
2276,10,2026-06-24 07:18:00,2026-06-24 09:52:00,unplanned,MEC-01,5897.0
2277,9,2026-06-11 09:55:00,2026-06-11 12:16:00,unplanned,CAL-01,7703.0
2278,44,2026-01-25 21:20:00,2026-01-25 23:10:00,unplanned,MAT-01,1017.0
2279,9,2026-06-02 01:52:00,2026-06-02 02:18:00,unplanned,CAL-01,6312.0
2280,19,2026-04-19 00:31:00,2026-04-19 02:57:00,planned,MAT-01,1217.0
2281,42,2026-06-25 07:46:00,2026-06-25 08:08:00,unplanned,ELEC-01,
2282,17,2026-04-26 08:42:00,2026-04-26 11:32:00,unplanned,CAL-01,
2283,11,2026-06-19 21:55:00,2026-06-19 23:45:00,planned,ELEC-01,
2284,13,2026-05-16 22:56:00,2026-05-17 01:07:00,unplanned,MEC-02,2203.0
2285,2,2026-05-01 03:08:00,2026-05-01 04:52:00,planned,MAT-01,3999.0
2286,20,2026-01-14 01:24:00,2026-01-14 01:35:00,unplanned,MAT-01,4942.0
2287,22,2026-03-24 12:38:00,2026-03-24 14:53:00,planned,MAT-01,8288.0
2288,50,2026-04-14 13:37:00,2026-04-14 15:50:00,unplanned,MEC-02,
2289,27,2026-01-31 12:59:00,2026-01-31 13:33:00,unplanned,CAL-01,
2290,22,2026-04-09 17:48:00,2026-04-09 19:28:00,unplanned,ELEC-01,66.0
2291,13,2026-05-04 10:25:00,2026-05-04 11:48:00,unplanned,MEC-01,1991.0
2292,44,2026-03-19 16:21:00,2026-03-19 18:48:00,planned,ELEC-01,9772.0
2293,22,2026-04-25 16:45:00,2026-04-25 19:38:00,unplanned,MEC-02,1743.0
2294,34,2026-03-07 02:49:00,2026-03-07 05:18:00,unplanned,MAT-01,
2295,37,2026-05-20 10:54:00,2026-05-20 11:58:00,planned,MEC-01,9532.0
2296,40,2026-02-06 15:08:00,2026-02-06 17:13:00,unplanned,MAT-01,4805.0
2297,37,2026-06-17 16:00:00,2026-06-17 17:42:00,planned,MEC-01,367.0
2298,16,2026-03-03 09:14:00,2026-03-03 10:16:00,planned,MEC-02,1321.0
2299,45,2026-04-18 18:41:00,2026-04-18 20:17:00,planned,ELEC-01,
2300,40,2026-03-23 16:48:00,2026-03-23 17:41:00,unplanned,MEC-02,9576.0
2301,48,2026-01-02 21:43:00,2026-01-03 00:02:00,unplanned,MAT-01,2034.0
2302,44,2026-05-04 09:10:00,2026-05-04 10:32:00,unplanned,MEC-01,
2303,4,2026-03-06 00:21:00,2026-03-06 02:42:00,planned,ELEC-01,8116.0
2304,17,2026-04-01 09:03:00,2026-04-01 09:23:00,unplanned,CAL-01,6421.0
2305,14,2026-05-28 08:28:00,2026-05-28 10:27:00,unplanned,ELEC-01,3345.0
2306,8,2026-04-19 12:56:00,2026-04-19 13:14:00,unplanned,MAT-01,
2307,12,2026-02-21 12:44:00,2026-02-21 13:38:00,unplanned,MAT-01,4301.0
2308,45,2026-03-24 10:40:00,2026-03-24 11:53:00,unplanned,ELEC-01,5804.0
2309,41,2026-05-18 08:08:00,2026-05-18 08:46:00,unplanned,MEC-01,3017.0
2310,50,2026-06-19 23:01:00,2026-06-20 01:15:00,planned,MAT-01,1884.0
2311,8,2026-01-20 21:19:00,2026-01-20 22:59:00,planned,MEC-02,
2312,22,2026-04-25 21:42:00,2026-04-25 23:18:00,planned,ELEC-01,
2313,16,2026-05-10 20:02:00,2026-05-10 21:31:00,planned,ELEC-01,9549.0
2314,36,2026-04-23 17:22:00,2026-04-23 20:02:00,unplanned,MEC-01,6819.0
2315,42,2026-06-12 19:06:00,2026-06-12 21:37:00,unplanned,ELEC-01,356.0
2316,48,2026-04-22 05:06:00,2026-04-22 05:37:00,unplanned,MEC-02,
2317,27,2026-05-28 19:53:00,2026-05-28 20:24:00,planned,CAL-01,9921.0
2318,28,2026-02-18 06:24:00,2026-02-18 06:58:00,planned,MAT-01,7975.0
2319,14,2026-04-26 11:37:00,2026-04-26 13:53:00,unplanned,CAL-01,1648.0
2320,13,2026-04-17 22:34:00,2026-04-18 00:37:00,planned,CAL-01,6421.0
2321,25,2026-05-19 09:05:00,2026-05-19 11:12:00,unplanned,MEC-02,8194.0
2322,47,2026-03-26 06:56:00,2026-03-26 07:34:00,planned,MAT-01,
2323,27,2026-06-01 08:52:00,2026-06-01 10:55:00,planned,MEC-02,
2324,13,2026-06-03 14:16:00,2026-06-03 16:25:00,unplanned,MEC-01,8256.0
2325,22,2026-05-20 03:24:00,2026-05-20 04:12:00,unplanned,CAL-01,
2326,21,2026-01-08 02:41:00,2026-01-08 05:28:00,unplanned,MEC-01,7509.0
2327,2,2026-03-27 17:48:00,2026-03-27 20:18:00,planned,CAL-01,8533.0
2328,24,2026-06-25 03:14:00,2026-06-25 04:21:00,planned,MAT-01,1968.0
2329,38,2026-02-10 07:14:00,2026-02-10 08:09:00,unplanned,MEC-02,6170.0
2330,44,2026-04-02 07:26:00,2026-04-02 08:07:00,planned,MEC-02,8029.0
2331,47,2026-04-26 05:29:00,2026-04-26 07:58:00,unplanned,CAL-01,5835.0
2332,9,2026-06-20 07:25:00,2026-06-20 10:06:00,planned,ELEC-01,1430.0
2333,50,2026-01-24 18:21:00,2026-01-24 20:32:00,planned,CAL-01,7.0
2334,30,2026-03-14 15:00:00,2026-03-14 17:44:00,planned,MEC-01,18.0
2335,46,2026-06-10 05:55:00,2026-06-10 08:28:00,planned,MAT-01,1650.0
2336,46,2026-03-05 17:53:00,2026-03-05 19:30:00,planned,CAL-01,9705.0
2337,36,2026-04-16 13:36:00,2026-04-16 16:06:00,planned,MAT-01,5901.0
2338,29,2026-04-11 21:17:00,2026-04-11 23:27:00,planned,MEC-01,
2339,1,2026-04-15 14:56:00,2026-04-15 15:31:00,planned,MAT-01,3017.0
2340,32,2026-05-10 00:13:00,2026-05-10 01:52:00,planned,CAL-01,
2341,35,2026-04-12 09:36:00,2026-04-12 10:23:00,unplanned,MEC-02,8065.0
2342,33,2026-04-25 01:23:00,2026-04-25 02:59:00,planned,ELEC-01,1951.0
2343,6,2026-01-16 15:06:00,2026-01-16 16:25:00,unplanned,MEC-02,1716.0
2344,11,2026-04-19 15:48:00,2026-04-19 17:49:00,unplanned,ELEC-01,1022.0
2345,47,2026-04-06 07:53:00,2026-04-06 09:12:00,unplanned,ELEC-01,
2346,2,2026-03-04 01:00:00,2026-03-04 01:49:00,unplanned,ELEC-01,3206.0
2347,14,2026-06-14 21:49:00,2026-06-15 00:09:00,planned,ELEC-01,1080.0
2348,23,2026-02-09 07:45:00,2026-02-09 10:29:00,planned,CAL-01,7631.0
2349,33,2026-02-12 07:18:00,2026-02-12 09:31:00,unplanned,ELEC-01,1840.0
2350,38,2026-01-01 17:15:00,2026-01-01 18:25:00,unplanned,MEC-01,
2351,17,2026-02-09 05:24:00,2026-02-09 06:24:00,planned,ELEC-01,8192.0
2352,18,2026-01-10 19:35:00,2026-01-10 21:04:00,planned,MEC-01,
2353,8,2026-04-24 09:21:00,2026-04-24 09:38:00,planned,MAT-01,7175.0
2354,19,2026-05-04 09:43:00,2026-05-04 10:37:00,planned,MAT-01,4209.0
2355,36,2026-05-18 00:35:00,2026-05-18 01:07:00,unplanned,ELEC-01,
2356,37,2026-05-02 12:22:00,2026-05-02 13:06:00,unplanned,ELEC-01,7800.0
2357,27,2026-02-04 11:02:00,2026-02-04 13:14:00,unplanned,CAL-01,816.0
2358,4,2026-05-24 23:03:00,2026-05-25 00:41:00,unplanned,MEC-02,4247.0
2359,44,2026-03-19 12:12:00,2026-03-19 12:53:00,unplanned,ELEC-01,1374.0
2360,40,2026-04-14 15:43:00,2026-04-14 16:07:00,unplanned,MAT-01,4257.0
2361,8,2026-02-01 11:03:00,2026-02-01 13:19:00,planned,MAT-01,1053.0
2362,40,2026-06-12 10:31:00,2026-06-12 11:36:00,planned,MAT-01,
2363,27,2026-01-30 15:16:00,2026-01-30 17:34:00,planned,MEC-01,
2364,6,2026-05-28 13:20:00,2026-05-28 13:57:00,unplanned,MEC-01,3467.0
2365,32,2026-03-05 01:49:00,2026-03-05 04:47:00,unplanned,ELEC-01,
2366,28,2026-04-04 19:18:00,2026-04-04 21:00:00,unplanned,CAL-01,2275.0
2367,49,2026-02-18 20:58:00,2026-02-18 21:41:00,unplanned,CAL-01,
2368,38,2026-05-27 09:54:00,2026-05-27 10:55:00,planned,ELEC-01,765.0
2369,38,2026-02-23 22:53:00,2026-02-23 23:33:00,unplanned,MEC-01,9461.0
2370,28,2026-06-07 03:16:00,2026-06-07 05:57:00,unplanned,MEC-01,9295.0
2371,25,2026-04-24 03:59:00,2026-04-24 06:57:00,unplanned,MAT-01,5783.0
2372,24,2026-05-06 07:49:00,2026-05-06 08:05:00,planned,MEC-01,2788.0
2373,37,2026-01-01 00:30:00,2026-01-01 03:07:00,unplanned,MAT-01,
2374,36,2026-05-01 10:24:00,2026-05-01 11:08:00,planned,ELEC-01,2197.0
2375,7,2026-02-13 12:55:00,2026-02-13 15:37:00,planned,MEC-01,7859.0
2376,41,2026-05-04 21:06:00,2026-05-04 22:10:00,unplanned,ELEC-01,1240.0
2377,15,2026-02-24 22:56:00,2026-02-25 00:22:00,unplanned,MEC-02,641.0
2378,26,2026-06-16 14:43:00,2026-06-16 16:00:00,unplanned,CAL-01,
2379,42,2026-01-05 20:53:00,2026-01-05 22:56:00,planned,MAT-01,1375.0
2380,20,2026-03-19 21:53:00,2026-03-19 22:32:00,planned,MEC-02,8813.0
2381,46,2026-02-19 07:25:00,2026-02-19 09:40:00,planned,MAT-01,
2382,43,2026-05-07 01:00:00,2026-05-07 02:55:00,planned,MEC-01,8737.0
2383,12,2026-01-12 22:18:00,2026-01-13 01:13:00,planned,MEC-01,8328.0
2384,40,2026-06-15 00:46:00,2026-06-15 02:25:00,planned,CAL-01,6191.0
2385,36,2026-02-07 10:23:00,2026-02-07 11:55:00,unplanned,MEC-01,5447.0
2386,32,2026-04-24 01:03:00,2026-04-24 03:02:00,unplanned,MEC-02,
2387,1,2026-06-20 05:54:00,2026-06-20 08:31:00,planned,MAT-01,4138.0
2388,34,2026-05-18 19:15:00,2026-05-18 21:34:00,planned,MAT-01,3783.0
2389,44,2026-03-01 15:01:00,2026-03-01 17:49:00,planned,MAT-01,
2390,44,2026-04-04 13:21:00,2026-04-04 15:51:00,unplanned,MAT-01,5746.0
2391,1,2026-03-17 23:01:00,2026-03-18 00:52:00,planned,MEC-02,5012.0
2392,26,2026-03-24 04:54:00,2026-03-24 07:40:00,planned,ELEC-01,7012.0
2393,36,2026-03-09 12:39:00,2026-03-09 13:54:00,unplanned,ELEC-01,4045.0
2394,22,2026-02-27 20:00:00,2026-02-27 21:15:00,unplanned,MAT-01,
2395,43,2026-05-10 12:06:00,2026-05-10 13:03:00,unplanned,MEC-02,8171.0
2396,18,2026-06-24 15:05:00,2026-06-24 17:46:00,unplanned,ELEC-01,
2397,40,2026-01-05 06:24:00,2026-01-05 07:52:00,planned,MEC-01,
2398,34,2026-06-22 13:04:00,2026-06-22 14:44:00,planned,MEC-01,
2399,32,2026-02-22 13:11:00,2026-02-22 14:17:00,planned,CAL-01,9712.0
2400,37,2026-03-13 02:30:00,2026-03-13 03:07:00,unplanned,MAT-01,4113.0
2401,14,2026-04-16 10:21:00,2026-04-16 10:42:00,planned,MEC-01,1859.0
2402,35,2026-02-08 01:06:00,2026-02-08 02:39:00,planned,ELEC-01,4724.0
2403,16,2026-02-20 17:44:00,2026-02-20 20:43:00,unplanned,MEC-01,8222.0
2404,40,2026-02-19 18:57:00,2026-02-19 20:47:00,planned,MAT-01,2445.0
2405,1,2026-04-14 08:42:00,2026-04-14 10:47:00,unplanned,MEC-01,
2406,29,2026-01-22 13:31:00,2026-01-22 13:36:00,planned,MEC-01,5588.0
2407,50,2026-05-23 05:43:00,2026-05-23 08:42:00,unplanned,CAL-01,4306.0
2408,23,2026-02-25 09:34:00,2026-02-25 10:36:00,planned,CAL-01,
2409,16,2026-05-29 13:18:00,2026-05-29 16:16:00,unplanned,MEC-01,9406.0
2410,44,2026-06-19 16:42:00,2026-06-19 18:13:00,unplanned,CAL-01,1191.0
2411,30,2026-06-17 20:47:00,2026-06-17 22:12:00,unplanned,ELEC-01,
2412,4,2026-06-01 11:35:00,2026-06-01 13:32:00,planned,CAL-01,8453.0
2413,25,2026-03-21 12:34:00,2026-03-21 14:12:00,unplanned,MAT-01,7711.0
2414,12,2026-05-20 01:52:00,2026-05-20 02:58:00,unplanned,ELEC-01,8674.0
2415,45,2026-04-01 16:31:00,2026-04-01 17:16:00,planned,CAL-01,2093.0
2416,40,2026-04-15 03:29:00,2026-04-15 05:57:00,planned,MEC-01,
2417,35,2026-04-23 04:34:00,2026-04-23 05:08:00,unplanned,ELEC-01,
2418,29,2026-06-01 03:57:00,2026-06-01 06:08:00,unplanned,CAL-01,6389.0
2419,16,2026-04-03 12:13:00,2026-04-03 12:30:00,unplanned,ELEC-01,1690.0
2420,9,2026-02-11 13:36:00,2026-02-11 14:20:00,unplanned,MEC-01,8363.0
2421,21,2026-02-24 13:43:00,2026-02-24 16:16:00,unplanned,MEC-02,
2422,38,2026-05-25 02:32:00,2026-05-25 03:23:00,planned,ELEC-01,
2423,17,2026-06-24 10:33:00,2026-06-24 10:58:00,unplanned,CAL-01,7220.0
2424,1,2026-05-23 08:50:00,2026-05-23 09:29:00,planned,MEC-02,
2425,21,2026-01-29 11:23:00,2026-01-29 13:41:00,planned,ELEC-01,
2426,39,2026-03-20 09:43:00,2026-03-20 12:23:00,planned,MAT-01,3602.0
2427,21,2026-02-02 05:54:00,2026-02-02 06:12:00,unplanned,ELEC-01,
2428,22,2026-03-11 12:24:00,2026-03-11 13:00:00,unplanned,CAL-01,5053.0
2429,38,2026-05-04 16:11:00,2026-05-04 18:34:00,unplanned,MEC-02,3066.0
2430,9,2026-02-25 03:58:00,2026-02-25 05:34:00,planned,MEC-01,9623.0
2431,31,2026-01-14 03:05:00,2026-01-14 05:40:00,unplanned,CAL-01,
2432,27,2026-03-25 15:54:00,2026-03-25 16:16:00,planned,CAL-01,9551.0
2433,24,2026-05-30 23:34:00,2026-05-31 01:10:00,unplanned,MEC-01,8541.0
2434,44,2026-05-26 05:05:00,2026-05-26 05:49:00,unplanned,ELEC-01,9455.0
2435,22,2026-03-18 17:19:00,2026-03-18 18:27:00,unplanned,ELEC-01,4406.0
2436,47,2026-01-14 10:45:00,2026-01-14 13:13:00,planned,MEC-01,3759.0
2437,11,2026-04-02 01:41:00,2026-04-02 02:17:00,unplanned,MAT-01,6463.0
2438,18,2026-06-16 01:28:00,2026-06-16 01:42:00,unplanned,ELEC-01,9039.0
2439,3,2026-02-18 13:05:00,2026-02-18 14:26:00,planned,MEC-02,8979.0
2440,27,2026-03-19 13:51:00,2026-03-19 15:47:00,unplanned,CAL-01,9979.0
2441,46,2026-03-28 20:56:00,2026-03-28 21:34:00,planned,MEC-02,5008.0
2442,32,2026-03-11 20:27:00,2026-03-11 22:21:00,unplanned,CAL-01,5870.0
2443,10,2026-03-19 05:14:00,2026-03-19 05:54:00,unplanned,MEC-01,3108.0
2444,47,2026-01-17 03:31:00,2026-01-17 05:08:00,unplanned,ELEC-01,3913.0
2445,3,2026-06-13 20:56:00,2026-06-13 23:32:00,unplanned,MEC-01,6133.0
2446,5,2026-06-05 07:06:00,2026-06-05 07:16:00,planned,MEC-01,
2447,40,2026-06-01 04:00:00,2026-06-01 04:57:00,unplanned,CAL-01,
2448,24,2026-01-13 01:22:00,2026-01-13 03:16:00,unplanned,ELEC-01,2472.0
2449,40,2026-05-22 18:49:00,2026-05-22 21:19:00,planned,CAL-01,8708.0
2450,49,2026-02-19 14:55:00,2026-02-19 15:12:00,unplanned,ELEC-01,5132.0
2451,44,2026-02-03 12:17:00,2026-02-03 13:02:00,planned,CAL-01,3939.0
2452,5,2026-06-09 17:26:00,2026-06-09 17:41:00,unplanned,MEC-02,
2453,40,2026-06-13 18:24:00,2026-06-13 18:33:00,unplanned,MEC-02,
2454,19,2026-04-04 11:55:00,2026-04-04 12:07:00,planned,CAL-01,4057.0
2455,15,2026-06-20 14:56:00,2026-06-20 16:03:00,unplanned,MAT-01,2426.0
2456,33,2026-04-01 20:53:00,2026-04-01 23:42:00,planned,CAL-01,2102.0
2457,9,2026-03-01 13:39:00,2026-03-01 15:08:00,unplanned,MAT-01,
2458,40,2026-04-02 17:22:00,2026-04-02 18:16:00,unplanned,MEC-02,
2459,22,2026-01-24 05:00:00,2026-01-24 05:18:00,unplanned,CAL-01,1727.0
2460,11,2026-06-09 20:54:00,2026-06-09 22:07:00,unplanned,MAT-01,668.0
2461,45,2026-02-02 08:07:00,2026-02-02 08:31:00,planned,CAL-01,9091.0
2462,27,2026-04-19 00:39:00,2026-04-19 02:24:00,planned,MEC-01,
2463,16,2026-03-19 04:43:00,2026-03-19 05:06:00,unplanned,MEC-01,
2464,48,2026-04-14 08:39:00,2026-04-14 09:43:00,planned,CAL-01,
2465,16,2026-03-19 01:12:00,2026-03-19 01:55:00,unplanned,MAT-01,7648.0
2466,4,2026-06-02 19:54:00,2026-06-02 21:46:00,planned,MEC-01,2420.0
2467,31,2026-06-11 05:21:00,2026-06-11 06:12:00,planned,ELEC-01,9163.0
2468,10,2026-05-25 13:48:00,2026-05-25 16:03:00,planned,MAT-01,6058.0
2469,4,2026-02-21 12:01:00,2026-02-21 13:09:00,planned,MEC-01,5473.0
2470,49,2026-04-13 19:32:00,2026-04-13 21:11:00,planned,MEC-02,
2471,48,2026-02-10 21:31:00,2026-02-10 23:27:00,unplanned,MAT-01,5694.0
2472,13,2026-03-30 12:15:00,2026-03-30 12:42:00,unplanned,MEC-02,
2473,31,2026-04-29 21:45:00,2026-04-29 23:49:00,planned,CAL-01,
2474,33,2026-02-08 00:11:00,2026-02-08 02:33:00,unplanned,ELEC-01,
2475,18,2026-01-10 13:10:00,2026-01-10 13:49:00,planned,MEC-01,2019.0
2476,6,2026-05-22 00:52:00,2026-05-22 02:21:00,planned,MEC-02,
2477,32,2026-06-13 04:46:00,2026-06-13 06:36:00,planned,MEC-02,1129.0
2478,7,2026-04-17 21:12:00,2026-04-17 22:20:00,unplanned,CAL-01,1019.0
2479,28,2026-01-24 00:35:00,2026-01-24 02:01:00,planned,CAL-01,
2480,26,2026-04-05 02:50:00,2026-04-05 03:49:00,unplanned,MEC-01,6892.0
2481,30,2026-03-14 10:02:00,2026-03-14 10:49:00,unplanned,MAT-01,6105.0
2482,31,2026-04-20 07:58:00,2026-04-20 08:30:00,unplanned,MEC-02,6175.0
2483,29,2026-03-17 18:07:00,2026-03-17 20:12:00,unplanned,CAL-01,6630.0
2484,43,2026-04-21 13:56:00,2026-04-21 14:44:00,unplanned,MAT-01,
2485,27,2026-05-18 06:10:00,2026-05-18 07:55:00,planned,MEC-02,
2486,39,2026-03-26 01:27:00,2026-03-26 02:51:00,unplanned,CAL-01,
2487,26,2026-06-13 15:50:00,2026-06-13 16:19:00,unplanned,MAT-01,4758.0
2488,10,2026-03-03 12:24:00,2026-03-03 15:24:00,planned,CAL-01,2380.0
2489,46,2026-05-30 01:11:00,2026-05-30 02:50:00,unplanned,ELEC-01,509.0
2490,29,2026-06-14 13:32:00,2026-06-14 13:50:00,planned,MEC-01,732.0
2491,22,2026-02-15 16:09:00,2026-02-15 18:52:00,planned,MEC-01,6387.0
2492,42,2026-02-06 03:03:00,2026-02-06 04:28:00,planned,MAT-01,8802.0
2493,41,2026-04-21 12:52:00,2026-04-21 13:11:00,planned,MEC-02,5427.0
2494,3,2026-06-20 17:38:00,2026-06-20 20:33:00,planned,ELEC-01,4748.0
2495,28,2026-05-16 14:15:00,2026-05-16 16:39:00,unplanned,MAT-01,
2496,47,2026-05-24 14:40:00,2026-05-24 15:33:00,planned,ELEC-01,4911.0
2497,44,2026-05-26 16:28:00,2026-05-26 16:51:00,unplanned,MEC-01,1514.0
2498,8,2026-04-03 23:50:00,2026-04-04 01:59:00,planned,CAL-01,7741.0
2499,39,2026-01-14 02:39:00,2026-01-14 04:56:00,planned,ELEC-01,8761.0
2500,8,2026-06-22 06:15:00,2026-06-22 06:44:00,planned,ELEC-01,8478.0
2501,3,2026-05-12 19:03:00,2026-05-12 19:40:00,planned,MAT-01,
2502,43,2026-05-10 18:33:00,2026-05-10 19:48:00,unplanned,CAL-01,8731.0
2503,40,2026-05-26 00:30:00,2026-05-26 01:11:00,planned,MAT-01,8247.0
2504,17,2026-04-05 08:49:00,2026-04-05 08:55:00,unplanned,MEC-02,
2505,22,2026-02-18 21:35:00,2026-02-18 22:57:00,unplanned,CAL-01,8132.0
2506,26,2026-05-01 01:45:00,2026-05-01 04:45:00,planned,MAT-01,3814.0
2507,20,2026-06-14 10:32:00,2026-06-14 11:33:00,planned,CAL-01,
2508,30,2026-05-10 07:29:00,2026-05-10 09:43:00,planned,ELEC-01,
2509,45,2026-05-19 08:14:00,2026-05-19 08:44:00,planned,MEC-02,
2510,31,2026-03-28 16:42:00,2026-03-28 19:42:00,planned,ELEC-01,6614.0
2511,26,2026-06-26 22:15:00,2026-06-27 00:17:00,unplanned,MAT-01,1900.0
2512,19,2026-02-22 09:49:00,2026-02-22 11:45:00,unplanned,MAT-01,5760.0
2513,17,2026-02-27 12:22:00,2026-02-27 14:38:00,planned,MAT-01,5918.0
2514,50,2026-02-09 10:36:00,2026-02-09 11:46:00,planned,ELEC-01,9838.0
2515,18,2026-06-02 13:42:00,2026-06-02 16:19:00,planned,MEC-02,2114.0
2516,25,2026-03-27 01:07:00,2026-03-27 03:02:00,planned,ELEC-01,7928.0
2517,12,2026-03-03 15:36:00,2026-03-03 15:54:00,unplanned,MEC-02,
2518,27,2026-01-23 02:39:00,2026-01-23 04:26:00,planned,MAT-01,
2519,4,2026-01-19 00:55:00,2026-01-19 03:51:00,planned,CAL-01,1913.0
2520,24,2026-01-07 04:47:00,2026-01-07 06:19:00,unplanned,MEC-01,1065.0
2521,29,2026-04-03 08:28:00,2026-04-03 11:28:00,planned,ELEC-01,
2522,44,2026-04-11 19:03:00,2026-04-11 21:52:00,planned,MAT-01,1348.0
2523,14,2026-03-04 08:07:00,2026-03-04 09:43:00,unplanned,MEC-02,5914.0
2524,25,2026-03-16 08:58:00,2026-03-16 10:14:00,unplanned,ELEC-01,4822.0
2525,34,2026-03-27 00:16:00,2026-03-27 00:42:00,planned,MAT-01,
2526,20,2026-02-11 09:33:00,2026-02-11 10:53:00,planned,MAT-01,
2527,14,2026-02-01 07:09:00,2026-02-01 09:18:00,unplanned,CAL-01,6225.0
2528,18,2026-03-18 08:27:00,2026-03-18 10:11:00,unplanned,MEC-02,7377.0
2529,33,2026-05-04 00:21:00,2026-05-04 02:46:00,planned,MAT-01,
2530,46,2026-04-24 05:31:00,2026-04-24 08:24:00,planned,MEC-02,3496.0
2531,35,2026-06-07 03:04:00,2026-06-07 03:33:00,unplanned,ELEC-01,
2532,13,2026-06-03 10:58:00,2026-06-03 12:44:00,unplanned,MEC-01,5959.0
2533,34,2026-03-04 17:12:00,2026-03-04 19:09:00,planned,MAT-01,2475.0
2534,27,2026-01-07 04:07:00,2026-01-07 05:34:00,planned,CAL-01,6835.0
2535,14,2026-05-29 03:45:00,2026-05-29 06:43:00,unplanned,MEC-01,756.0
2536,48,2026-01-07 14:06:00,2026-01-07 17:04:00,unplanned,CAL-01,2363.0
2537,28,2026-04-02 05:09:00,2026-04-02 05:59:00,planned,MEC-02,
2538,50,2026-01-09 12:02:00,2026-01-09 14:28:00,planned,MEC-01,6253.0
2539,46,2026-03-08 11:33:00,2026-03-08 14:17:00,unplanned,MEC-01,7456.0
2540,5,2026-01-07 01:35:00,2026-01-07 02:21:00,planned,MEC-01,410.0
2541,32,2026-05-20 00:18:00,2026-05-20 03:07:00,unplanned,MEC-02,710.0
2542,38,2026-02-06 07:29:00,2026-02-06 08:17:00,unplanned,MEC-01,
2543,26,2026-04-12 23:49:00,2026-04-13 02:01:00,unplanned,MEC-02,5219.0
2544,17,2026-03-15 22:27:00,2026-03-16 00:14:00,planned,MAT-01,
2545,23,2026-04-30 00:55:00,2026-04-30 02:30:00,unplanned,CAL-01,9593.0
2546,27,2026-02-12 01:39:00,2026-02-12 03:31:00,unplanned,ELEC-01,
2547,34,2026-05-03 16:45:00,2026-05-03 18:32:00,planned,MEC-01,9937.0
2548,33,2026-02-17 20:08:00,2026-02-17 21:37:00,unplanned,CAL-01,2489.0
2549,3,2026-06-19 22:42:00,2026-06-19 23:53:00,planned,ELEC-01,6643.0
2550,28,2026-04-14 00:14:00,2026-04-14 02:48:00,unplanned,ELEC-01,5817.0
2551,12,2026-06-29 07:14:00,2026-06-29 08:22:00,planned,MEC-02,
2552,8,2026-01-21 09:39:00,2026-01-21 10:11:00,planned,MAT-01,
2553,48,2026-05-27 17:19:00,2026-05-27 18:14:00,planned,MEC-01,9914.0
2554,17,2026-01-31 14:19:00,2026-01-31 17:15:00,unplanned,MAT-01,7486.0
2555,38,2026-06-21 01:59:00,2026-06-21 03:42:00,planned,MEC-01,6713.0
2556,15,2026-06-26 06:43:00,2026-06-26 07:44:00,planned,MEC-01,1837.0
2557,16,2026-06-05 02:01:00,2026-06-05 02:45:00,unplanned,MAT-01,9702.0
2558,26,2026-04-23 06:20:00,2026-04-23 06:46:00,unplanned,MEC-02,1556.0
2559,12,2026-04-29 23:21:00,2026-04-30 00:12:00,planned,MEC-02,4120.0
2560,43,2026-05-05 14:34:00,2026-05-05 14:55:00,unplanned,CAL-01,4248.0
2561,9,2026-04-11 02:58:00,2026-04-11 05:30:00,planned,MEC-01,
2562,10,2026-04-18 02:05:00,2026-04-18 04:39:00,planned,CAL-01,8822.0
2563,21,2026-03-11 17:31:00,2026-03-11 19:14:00,unplanned,CAL-01,
2564,4,2026-01-26 01:33:00,2026-01-26 04:17:00,unplanned,MEC-01,2718.0
2565,16,2026-05-05 14:42:00,2026-05-05 15:52:00,planned,ELEC-01,2958.0
2566,30,2026-01-04 12:18:00,2026-01-04 13:07:00,planned,MEC-01,
2567,10,2026-01-13 19:47:00,2026-01-13 20:20:00,unplanned,MEC-01,
2568,12,2026-03-08 06:19:00,2026-03-08 06:36:00,unplanned,CAL-01,7387.0
2569,19,2026-01-09 21:01:00,2026-01-09 21:51:00,unplanned,ELEC-01,6913.0
2570,36,2026-01-09 07:41:00,2026-01-09 08:05:00,unplanned,MEC-01,
2571,20,2026-05-17 00:56:00,2026-05-17 02:15:00,unplanned,ELEC-01,3768.0
2572,39,2026-02-14 18:49:00,2026-02-14 21:42:00,unplanned,MAT-01,
2573,44,2026-04-04 15:15:00,2026-04-04 15:40:00,unplanned,MAT-01,
2574,36,2026-06-05 18:32:00,2026-06-05 19:13:00,unplanned,ELEC-01,9327.0
2575,5,2026-06-03 10:34:00,2026-06-03 12:22:00,planned,CAL-01,88.0
2576,22,2026-02-12 18:05:00,2026-02-12 18:56:00,unplanned,MAT-01,
2577,19,2026-02-24 12:31:00,2026-02-24 12:57:00,planned,MEC-02,1877.0
2578,30,2026-02-21 11:07:00,2026-02-21 13:35:00,unplanned,ELEC-01,4614.0
2579,19,2026-04-05 10:37:00,2026-04-05 11:30:00,unplanned,MAT-01,8534.0
2580,5,2026-03-30 21:08:00,2026-03-30 23:32:00,unplanned,MEC-01,
2581,34,2026-04-01 05:15:00,2026-04-01 05:44:00,planned,CAL-01,5142.0
2582,38,2026-03-29 01:23:00,2026-03-29 01:38:00,unplanned,MEC-02,
2583,45,2026-02-06 03:53:00,2026-02-06 05:07:00,unplanned,ELEC-01,
2584,48,2026-01-02 18:34:00,2026-01-02 20:08:00,planned,MAT-01,127.0
2585,40,2026-04-02 13:03:00,2026-04-02 13:14:00,planned,ELEC-01,8418.0
2586,36,2026-03-28 20:28:00,2026-03-28 20:41:00,unplanned,ELEC-01,3660.0
2587,46,2026-06-11 18:36:00,2026-06-11 19:46:00,unplanned,MEC-02,
2588,14,2026-01-29 16:05:00,2026-01-29 17:17:00,planned,CAL-01,3356.0
2589,3,2026-02-14 11:15:00,2026-02-14 14:15:00,planned,MEC-01,4356.0
2590,16,2026-05-16 07:43:00,2026-05-16 10:03:00,planned,MAT-01,5095.0
2591,17,2026-01-25 06:06:00,2026-01-25 08:24:00,unplanned,CAL-01,800.0
2592,26,2026-04-29 16:34:00,2026-04-29 18:03:00,planned,MEC-02,2093.0
2593,15,2026-02-02 20:40:00,2026-02-02 20:56:00,unplanned,MAT-01,9428.0
2594,19,2026-05-31 04:28:00,2026-05-31 06:04:00,unplanned,ELEC-01,
2595,34,2026-05-28 18:00:00,2026-05-28 20:39:00,planned,ELEC-01,
2596,6,2026-02-25 02:20:00,2026-02-25 03:10:00,unplanned,MAT-01,8348.0
2597,20,2026-03-31 21:46:00,2026-03-31 22:22:00,planned,ELEC-01,6603.0
2598,11,2026-01-05 11:22:00,2026-01-05 13:20:00,unplanned,CAL-01,2939.0
2599,23,2026-03-15 12:03:00,2026-03-15 14:20:00,planned,MAT-01,
2600,17,2026-02-16 22:15:00,2026-02-16 22:51:00,planned,CAL-01,
2601,12,2026-02-06 22:33:00,2026-02-07 00:34:00,planned,MAT-01,
2602,43,2026-06-02 05:47:00,2026-06-02 08:38:00,planned,MAT-01,9591.0
2603,39,2026-05-22 10:32:00,2026-05-22 10:58:00,planned,MAT-01,4022.0
2604,49,2026-04-15 05:25:00,2026-04-15 05:31:00,planned,MEC-02,6285.0
2605,36,2026-04-10 05:46:00,2026-04-10 06:34:00,planned,MEC-02,
2606,27,2026-04-16 18:08:00,2026-04-16 20:17:00,planned,MEC-01,2741.0
2607,47,2026-03-11 06:07:00,2026-03-11 06:23:00,unplanned,ELEC-01,9409.0
2608,14,2026-01-20 10:38:00,2026-01-20 11:22:00,unplanned,MEC-01,2269.0
2609,29,2026-01-24 20:32:00,2026-01-24 23:11:00,unplanned,MEC-02,1222.0
2610,28,2026-02-24 06:50:00,2026-02-24 07:19:00,planned,MEC-02,
2611,37,2026-05-01 13:40:00,2026-05-01 14:52:00,unplanned,ELEC-01,5621.0
2612,39,2026-02-22 15:45:00,2026-02-22 18:18:00,planned,MAT-01,7156.0
2613,38,2026-04-27 01:55:00,2026-04-27 03:16:00,planned,CAL-01,6180.0
2614,11,2026-06-04 08:18:00,2026-06-04 08:27:00,unplanned,ELEC-01,8401.0
2615,40,2026-04-07 07:29:00,2026-04-07 09:01:00,planned,MEC-01,1945.0
2616,30,2026-03-30 03:27:00,2026-03-30 04:57:00,unplanned,ELEC-01,3991.0
2617,25,2026-03-04 13:40:00,2026-03-04 15:34:00,planned,ELEC-01,5147.0
2618,22,2026-01-17 17:22:00,2026-01-17 18:39:00,unplanned,MEC-02,2842.0
2619,38,2026-04-27 17:11:00,2026-04-27 20:11:00,planned,MEC-02,7289.0
2620,34,2026-02-21 20:21:00,2026-02-21 23:16:00,planned,CAL-01,3891.0
2621,34,2026-02-07 01:32:00,2026-02-07 04:18:00,planned,MEC-01,729.0
2622,44,2026-05-16 19:00:00,2026-05-16 21:20:00,planned,MAT-01,4817.0
2623,3,2026-01-27 18:07:00,2026-01-27 19:55:00,unplanned,MAT-01,8955.0
2624,14,2026-04-30 02:25:00,2026-04-30 02:50:00,unplanned,MEC-01,804.0
2625,12,2026-06-28 01:23:00,2026-06-28 04:12:00,unplanned,MEC-02,5106.0
2626,27,2026-01-29 04:25:00,2026-01-29 07:02:00,unplanned,MEC-02,6780.0
2627,37,2026-06-05 04:11:00,2026-06-05 06:55:00,planned,ELEC-01,
2628,32,2026-02-11 12:15:00,2026-02-11 14:31:00,planned,MEC-02,6471.0
2629,35,2026-04-16 01:08:00,2026-04-16 03:44:00,planned,MEC-02,1939.0
2630,32,2026-01-06 17:10:00,2026-01-06 18:23:00,unplanned,MEC-01,
2631,30,2026-03-02 17:08:00,2026-03-02 17:37:00,unplanned,ELEC-01,1721.0
2632,30,2026-01-27 12:40:00,2026-01-27 12:55:00,planned,ELEC-01,1449.0
2633,34,2026-05-24 18:42:00,2026-05-24 18:55:00,planned,ELEC-01,4302.0
2634,26,2026-04-12 09:34:00,2026-04-12 10:42:00,unplanned,MEC-02,5933.0
2635,10,2026-02-28 03:14:00,2026-02-28 04:39:00,unplanned,CAL-01,875.0
2636,1,2026-03-13 08:14:00,2026-03-13 09:32:00,unplanned,MEC-02,968.0
2637,20,2026-06-19 19:45:00,2026-06-19 21:40:00,unplanned,MEC-01,
2638,35,2026-06-23 18:26:00,2026-06-23 19:33:00,planned,MAT-01,
2639,24,2026-01-09 09:20:00,2026-01-09 10:21:00,planned,ELEC-01,1187.0
2640,8,2026-01-05 20:36:00,2026-01-05 20:49:00,planned,MEC-02,1885.0
2641,14,2026-05-27 14:00:00,2026-05-27 16:47:00,unplanned,ELEC-01,8151.0
2642,30,2026-03-04 12:58:00,2026-03-04 15:27:00,unplanned,ELEC-01,7061.0
2643,14,2026-05-11 19:50:00,2026-05-11 20:09:00,planned,MEC-01,117.0
2644,41,2026-04-18 12:13:00,2026-04-18 13:28:00,unplanned,MEC-01,1485.0
2645,24,2026-06-05 21:00:00,2026-06-05 21:39:00,unplanned,MEC-01,517.0
2646,33,2026-04-23 00:24:00,2026-04-23 02:20:00,planned,ELEC-01,1736.0
2647,36,2026-01-23 23:38:00,2026-01-24 02:07:00,unplanned,MEC-02,7886.0
2648,20,2026-05-21 16:49:00,2026-05-21 17:44:00,planned,CAL-01,
2649,7,2026-06-09 04:09:00,2026-06-09 07:04:00,unplanned,MEC-02,
2650,5,2026-06-18 08:51:00,2026-06-18 09:35:00,planned,MEC-01,5813.0
2651,10,2026-05-03 17:05:00,2026-05-03 17:19:00,unplanned,MEC-01,9328.0
2652,38,2026-06-24 01:35:00,2026-06-24 01:56:00,planned,CAL-01,4108.0
2653,49,2026-04-09 23:15:00,2026-04-10 00:52:00,planned,MEC-01,
2654,24,2026-04-04 17:29:00,2026-04-04 18:40:00,unplanned,CAL-01,7309.0
2655,39,2026-05-09 07:20:00,2026-05-09 08:54:00,planned,MEC-01,
2656,29,2026-05-11 20:30:00,2026-05-11 23:19:00,planned,MEC-02,9874.0
2657,3,2026-03-12 16:51:00,2026-03-12 18:41:00,planned,MEC-02,
2658,50,2026-04-16 08:32:00,2026-04-16 11:07:00,planned,ELEC-01,7878.0
2659,45,2026-02-22 20:20:00,2026-02-22 21:40:00,unplanned,MEC-01,
2660,50,2026-05-28 10:03:00,2026-05-28 10:36:00,planned,MEC-01,7640.0
2661,33,2026-04-26 14:01:00,2026-04-26 16:11:00,unplanned,CAL-01,
2662,26,2026-04-01 22:25:00,2026-04-01 23:39:00,unplanned,MAT-01,4258.0
2663,26,2026-05-29 13:20:00,2026-05-29 14:07:00,unplanned,MAT-01,
2664,28,2026-03-16 19:31:00,2026-03-16 20:09:00,planned,ELEC-01,
2665,19,2026-04-19 03:38:00,2026-04-19 03:51:00,planned,MEC-01,9214.0
2666,50,2026-05-18 13:35:00,2026-05-18 16:06:00,planned,ELEC-01,5600.0
2667,4,2026-04-03 03:43:00,2026-04-03 06:11:00,unplanned,ELEC-01,3871.0
2668,38,2026-01-27 08:46:00,2026-01-27 11:23:00,unplanned,MEC-01,1282.0
2669,11,2026-03-18 22:22:00,2026-03-18 23:45:00,planned,CAL-01,9018.0
2670,25,2026-01-04 13:12:00,2026-01-04 15:39:00,unplanned,CAL-01,
2671,2,2026-04-26 03:07:00,2026-04-26 03:27:00,planned,ELEC-01,
2672,22,2026-03-07 02:12:00,2026-03-07 03:11:00,planned,MEC-02,5278.0
2673,16,2026-03-15 22:32:00,2026-03-15 22:42:00,planned,ELEC-01,1754.0
2674,20,2026-05-23 04:14:00,2026-05-23 04:27:00,planned,MEC-02,5505.0
2675,46,2026-04-29 14:48:00,2026-04-29 15:58:00,unplanned,CAL-01,7795.0
2676,11,2026-04-01 13:42:00,2026-04-01 14:06:00,unplanned,ELEC-01,4584.0
2677,37,2026-02-07 04:40:00,2026-02-07 05:22:00,unplanned,CAL-01,
2678,36,2026-05-03 04:26:00,2026-05-03 05:30:00,unplanned,MEC-01,1394.0
2679,39,2026-04-20 04:34:00,2026-04-20 05:32:00,planned,MAT-01,
2680,48,2026-03-25 08:26:00,2026-03-25 09:26:00,unplanned,ELEC-01,4793.0
2681,44,2026-06-26 08:03:00,2026-06-26 09:01:00,planned,ELEC-01,6813.0
2682,22,2026-05-29 08:29:00,2026-05-29 09:10:00,planned,MAT-01,3844.0
2683,1,2026-05-30 02:46:00,2026-05-30 04:15:00,planned,ELEC-01,
2684,46,2026-01-24 20:03:00,2026-01-24 22:21:00,planned,MEC-02,
2685,10,2026-05-12 10:20:00,2026-05-12 10:29:00,planned,CAL-01,2569.0
2686,26,2026-01-06 14:20:00,2026-01-06 15:55:00,unplanned,ELEC-01,9939.0
2687,30,2026-03-26 01:09:00,2026-03-26 03:41:00,planned,MEC-02,
2688,40,2026-05-28 08:49:00,2026-05-28 09:18:00,planned,MEC-02,
2689,29,2026-01-10 08:28:00,2026-01-10 09:09:00,unplanned,CAL-01,3828.0
2690,4,2026-06-17 10:32:00,2026-06-17 12:27:00,unplanned,MAT-01,
2691,43,2026-05-18 17:46:00,2026-05-18 18:34:00,unplanned,ELEC-01,2807.0
2692,3,2026-06-29 22:34:00,2026-06-29 22:53:00,planned,CAL-01,1896.0
2693,43,2026-02-04 11:20:00,2026-02-04 11:59:00,unplanned,ELEC-01,7914.0
2694,41,2026-06-26 04:58:00,2026-06-26 05:31:00,unplanned,MEC-01,
2695,23,2026-02-03 08:38:00,2026-02-03 09:21:00,unplanned,MEC-01,
2696,8,2026-02-22 05:47:00,2026-02-22 06:08:00,planned,CAL-01,425.0
2697,47,2026-06-17 15:12:00,2026-06-17 16:25:00,planned,MAT-01,1802.0
2698,28,2026-01-20 08:58:00,2026-01-20 09:35:00,planned,ELEC-01,
2699,42,2026-05-24 20:14:00,2026-05-24 20:25:00,planned,MAT-01,3338.0
2700,7,2026-02-05 11:20:00,2026-02-05 11:26:00,planned,CAL-01,9192.0
2701,20,2026-02-21 03:39:00,2026-02-21 06:39:00,unplanned,MAT-01,4670.0
2702,28,2026-02-03 19:50:00,2026-02-03 22:41:00,unplanned,MAT-01,501.0
2703,12,2026-05-07 00:09:00,2026-05-07 02:35:00,planned,CAL-01,2165.0
2704,35,2026-04-15 10:18:00,2026-04-15 11:52:00,planned,CAL-01,3414.0
2705,4,2026-01-28 08:37:00,2026-01-28 09:08:00,planned,CAL-01,
2706,7,2026-02-19 17:06:00,2026-02-19 19:55:00,unplanned,ELEC-01,7373.0
2707,19,2026-03-03 08:35:00,2026-03-03 09:38:00,unplanned,MEC-02,
2708,44,2026-01-10 03:15:00,2026-01-10 05:12:00,planned,CAL-01,2706.0
2709,1,2026-03-07 03:12:00,2026-03-07 05:26:00,planned,MEC-01,1749.0
2710,2,2026-01-29 07:53:00,2026-01-29 08:46:00,planned,CAL-01,
2711,38,2026-05-23 16:06:00,2026-05-23 17:24:00,planned,MEC-01,1021.0
2712,3,2026-06-15 10:19:00,2026-06-15 12:22:00,unplanned,MAT-01,1638.0
2713,25,2026-03-26 07:29:00,2026-03-26 08:47:00,planned,MEC-02,8197.0
2714,6,2026-05-19 07:53:00,2026-05-19 10:50:00,unplanned,MAT-01,331.0
2715,10,2026-06-26 15:57:00,2026-06-26 16:07:00,unplanned,MAT-01,7116.0
2716,38,2026-03-24 19:39:00,2026-03-24 21:26:00,unplanned,MEC-02,1860.0
2717,29,2026-05-14 09:06:00,2026-05-14 09:59:00,planned,ELEC-01,
2718,11,2026-05-13 05:49:00,2026-05-13 05:55:00,planned,CAL-01,6018.0
2719,31,2026-05-16 20:53:00,2026-05-16 21:56:00,planned,MAT-01,
2720,9,2026-04-22 09:34:00,2026-04-22 10:04:00,planned,MEC-02,
2721,32,2026-05-03 19:11:00,2026-05-03 19:35:00,unplanned,MAT-01,9072.0
2722,23,2026-05-21 14:50:00,2026-05-21 15:23:00,planned,MEC-02,
2723,23,2026-03-17 15:57:00,2026-03-17 16:53:00,unplanned,CAL-01,3001.0
2724,28,2026-04-27 17:45:00,2026-04-27 17:59:00,planned,MEC-02,4764.0
2725,42,2026-06-04 19:53:00,2026-06-04 20:05:00,unplanned,MEC-01,
2726,30,2026-02-22 21:24:00,2026-02-22 23:18:00,planned,ELEC-01,8234.0
2727,43,2026-06-23 17:24:00,2026-06-23 18:25:00,unplanned,MAT-01,2451.0
2728,41,2026-01-16 08:11:00,2026-01-16 09:50:00,planned,ELEC-01,5654.0
2729,23,2026-05-06 12:57:00,2026-05-06 14:38:00,planned,CAL-01,
2730,38,2026-02-01 14:22:00,2026-02-01 16:20:00,planned,MAT-01,5220.0
2731,4,2026-06-21 17:52:00,2026-06-21 19:44:00,unplanned,ELEC-01,
2732,18,2026-02-14 20:39:00,2026-02-14 20:47:00,unplanned,MEC-01,5369.0
2733,31,2026-05-16 20:01:00,2026-05-16 22:37:00,planned,ELEC-01,
2734,38,2026-04-07 01:12:00,2026-04-07 01:32:00,unplanned,MAT-01,6519.0
2735,15,2026-04-21 06:18:00,2026-04-21 07:25:00,unplanned,MEC-01,7096.0
2736,40,2026-01-21 19:12:00,2026-01-21 20:11:00,planned,ELEC-01,9788.0
2737,31,2026-06-09 02:47:00,2026-06-09 03:29:00,planned,ELEC-01,60.0
2738,50,2026-03-31 14:07:00,2026-03-31 16:07:00,unplanned,CAL-01,
2739,19,2026-02-01 18:03:00,2026-02-01 19:58:00,unplanned,CAL-01,4900.0
2740,45,2026-03-13 18:57:00,2026-03-13 21:32:00,planned,CAL-01,
2741,30,2026-02-22 19:43:00,2026-02-22 22:21:00,unplanned,MAT-01,
2742,37,2026-01-12 13:08:00,2026-01-12 13:17:00,planned,ELEC-01,1053.0
2743,29,2026-02-06 11:25:00,2026-02-06 11:38:00,planned,MAT-01,7013.0
2744,16,2026-04-17 12:43:00,2026-04-17 13:17:00,planned,MEC-02,9654.0
2745,6,2026-04-19 01:45:00,2026-04-19 03:50:00,unplanned,MEC-01,1020.0
2746,9,2026-01-28 13:40:00,2026-01-28 15:20:00,planned,MEC-01,3895.0
2747,46,2026-04-17 03:21:00,2026-04-17 05:02:00,planned,CAL-01,
2748,46,2026-06-10 07:43:00,2026-06-10 09:19:00,unplanned,MEC-01,5406.0
2749,24,2026-04-03 08:45:00,2026-04-03 11:19:00,unplanned,MAT-01,21.0
2750,48,2026-02-24 16:34:00,2026-02-24 18:37:00,planned,MAT-01,
2751,31,2026-01-06 09:09:00,2026-01-06 10:46:00,unplanned,MEC-02,
2752,25,2026-01-28 11:29:00,2026-01-28 14:28:00,planned,MAT-01,
2753,3,2026-01-15 12:54:00,2026-01-15 14:06:00,planned,MAT-01,
2754,21,2026-01-01 05:07:00,2026-01-01 05:15:00,unplanned,MAT-01,5967.0
2755,33,2026-03-10 08:50:00,2026-03-10 11:49:00,unplanned,MAT-01,8953.0
2756,8,2026-05-31 02:27:00,2026-05-31 04:40:00,unplanned,MAT-01,1774.0
2757,3,2026-05-01 13:36:00,2026-05-01 14:33:00,unplanned,MEC-02,2936.0
2758,8,2026-02-23 14:55:00,2026-02-23 17:03:00,planned,MEC-02,3670.0
2759,47,2026-02-26 20:08:00,2026-02-26 22:38:00,unplanned,MEC-01,5894.0
2760,12,2026-01-24 16:33:00,2026-01-24 17:39:00,unplanned,ELEC-01,3167.0
2761,5,2026-01-12 01:41:00,2026-01-12 03:57:00,unplanned,MEC-02,625.0
2762,30,2026-05-22 21:31:00,2026-05-22 23:17:00,planned,MEC-02,7468.0
2763,15,2026-03-26 18:35:00,2026-03-26 20:24:00,planned,MAT-01,5133.0
2764,25,2026-03-07 14:46:00,2026-03-07 14:55:00,unplanned,MEC-02,
2765,50,2026-03-25 02:17:00,2026-03-25 04:37:00,planned,MEC-01,
2766,24,2026-02-22 14:45:00,2026-02-22 17:35:00,planned,ELEC-01,5820.0
2767,14,2026-03-02 00:00:00,2026-03-02 01:28:00,planned,MEC-01,2221.0
2768,34,2026-06-02 07:14:00,2026-06-02 08:40:00,planned,MEC-02,4144.0
2769,9,2026-01-26 06:08:00,2026-01-26 08:49:00,unplanned,MEC-01,4809.0
2770,12,2026-04-30 19:54:00,2026-04-30 21:53:00,unplanned,MAT-01,1814.0
2771,47,2026-01-17 15:20:00,2026-01-17 18:16:00,planned,MEC-02,
2772,13,2026-03-27 05:42:00,2026-03-27 07:04:00,unplanned,ELEC-01,
2773,38,2026-03-03 13:29:00,2026-03-03 15:45:00,unplanned,MEC-01,4192.0
2774,36,2026-06-26 12:09:00,2026-06-26 14:40:00,unplanned,MAT-01,4130.0
2775,40,2026-05-05 11:16:00,2026-05-05 13:33:00,unplanned,MAT-01,8013.0
2776,45,2026-04-21 02:55:00,2026-04-21 04:39:00,unplanned,MEC-02,8421.0
2777,13,2026-06-17 14:44:00,2026-06-17 16:17:00,unplanned,MEC-02,
2778,36,2026-02-04 03:33:00,2026-02-04 05:06:00,planned,ELEC-01,8485.0
2779,50,2026-05-31 18:10:00,2026-05-31 20:13:00,planned,MAT-01,
2780,8,2026-02-05 10:41:00,2026-02-05 11:32:00,planned,MEC-02,8651.0
2781,10,2026-06-09 19:10:00,2026-06-09 20:43:00,planned,CAL-01,
2782,47,2026-01-02 06:54:00,2026-01-02 09:20:00,planned,ELEC-01,1393.0
2783,1,2026-06-19 01:49:00,2026-06-19 03:15:00,planned,CAL-01,
2784,4,2026-02-01 19:01:00,2026-02-01 19:58:00,unplanned,ELEC-01,
2785,20,2026-02-17 22:38:00,2026-02-17 22:44:00,unplanned,MAT-01,
2786,23,2026-02-06 23:50:00,2026-02-07 01:49:00,planned,MAT-01,842.0
2787,21,2026-01-12 01:35:00,2026-01-12 02:30:00,unplanned,MAT-01,9032.0
2788,29,2026-01-27 14:54:00,2026-01-27 15:30:00,planned,CAL-01,1493.0
2789,35,2026-02-19 00:13:00,2026-02-19 01:07:00,unplanned,MEC-02,3087.0
2790,9,2026-04-28 00:06:00,2026-04-28 02:54:00,planned,MEC-01,1167.0
2791,26,2026-03-17 14:04:00,2026-03-17 15:41:00,unplanned,MEC-01,9417.0
2792,7,2026-04-11 17:14:00,2026-04-11 20:01:00,unplanned,MEC-02,9575.0
2793,47,2026-05-13 07:52:00,2026-05-13 09:09:00,unplanned,MEC-02,
2794,13,2026-05-22 14:31:00,2026-05-22 14:59:00,unplanned,ELEC-01,8199.0
2795,25,2026-03-20 05:34:00,2026-03-20 07:43:00,planned,MEC-01,
2796,33,2026-03-12 10:28:00,2026-03-12 13:18:00,planned,MAT-01,9928.0
2797,34,2026-05-09 19:27:00,2026-05-09 21:22:00,unplanned,ELEC-01,5845.0
2798,45,2026-05-14 07:29:00,2026-05-14 08:30:00,unplanned,MEC-01,5478.0
2799,16,2026-04-30 11:21:00,2026-04-30 13:39:00,unplanned,CAL-01,863.0
2800,8,2026-02-22 09:56:00,2026-02-22 10:59:00,planned,MAT-01,838.0
2801,35,2026-04-06 04:49:00,2026-04-06 06:25:00,unplanned,MAT-01,
2802,7,2026-05-28 15:26:00,2026-05-28 16:54:00,unplanned,ELEC-01,4158.0
2803,24,2026-01-02 23:00:00,2026-01-03 01:43:00,unplanned,ELEC-01,1927.0
2804,47,2026-06-10 19:08:00,2026-06-10 22:02:00,planned,CAL-01,2710.0
2805,23,2026-03-29 07:01:00,2026-03-29 08:23:00,unplanned,MAT-01,9568.0
2806,34,2026-03-06 10:50:00,2026-03-06 13:26:00,planned,MEC-01,
2807,45,2026-05-01 19:55:00,2026-05-01 20:32:00,unplanned,MEC-02,5975.0
2808,18,2026-06-14 20:27:00,2026-06-14 21:47:00,planned,MEC-02,
2809,29,2026-02-09 15:26:00,2026-02-09 17:56:00,planned,ELEC-01,364.0
2810,32,2026-01-09 06:07:00,2026-01-09 08:31:00,unplanned,MEC-01,2001.0
2811,31,2026-03-10 23:59:00,2026-03-11 01:45:00,planned,ELEC-01,3001.0
2812,33,2026-01-09 13:53:00,2026-01-09 14:30:00,planned,ELEC-01,4104.0
2813,29,2026-04-12 01:34:00,2026-04-12 02:39:00,planned,MAT-01,
2814,23,2026-03-24 20:43:00,2026-03-24 22:47:00,unplanned,MAT-01,9579.0
2815,45,2026-04-21 01:28:00,2026-04-21 04:11:00,planned,ELEC-01,2271.0
2816,5,2026-05-10 23:49:00,2026-05-11 00:44:00,planned,MEC-01,3692.0
2817,36,2026-04-15 17:52:00,2026-04-15 18:12:00,unplanned,CAL-01,7521.0
2818,30,2026-03-16 08:00:00,2026-03-16 10:27:00,planned,CAL-01,
2819,34,2026-04-08 08:58:00,2026-04-08 11:55:00,planned,ELEC-01,8271.0
2820,37,2026-06-20 04:16:00,2026-06-20 06:13:00,unplanned,ELEC-01,
2821,22,2026-02-27 02:05:00,2026-02-27 04:00:00,planned,MAT-01,
2822,31,2026-02-04 01:22:00,2026-02-04 03:21:00,unplanned,ELEC-01,2544.0
2823,5,2026-01-03 11:31:00,2026-01-03 12:21:00,unplanned,ELEC-01,396.0
2824,22,2026-06-18 01:17:00,2026-06-18 01:37:00,unplanned,MEC-01,883.0
2825,27,2026-05-16 09:14:00,2026-05-16 10:04:00,unplanned,MAT-01,8654.0
2826,37,2026-04-12 21:06:00,2026-04-12 22:37:00,unplanned,MEC-02,
2827,45,2026-02-13 09:16:00,2026-02-13 09:35:00,unplanned,MEC-02,1430.0
2828,27,2026-04-20 17:18:00,2026-04-20 17:35:00,unplanned,MAT-01,9228.0
2829,22,2026-04-10 06:27:00,2026-04-10 07:10:00,planned,MEC-01,7359.0
2830,34,2026-02-22 20:15:00,2026-02-22 21:58:00,planned,MAT-01,
2831,1,2026-04-06 12:56:00,2026-04-06 14:02:00,planned,ELEC-01,1157.0
2832,41,2026-01-15 00:53:00,2026-01-15 01:10:00,planned,MEC-02,3597.0
2833,13,2026-06-29 22:51:00,2026-06-30 00:00:00,unplanned,MEC-02,
2834,24,2026-05-02 01:11:00,2026-05-02 03:22:00,unplanned,MEC-02,6324.0
2835,6,2026-02-15 10:12:00,2026-02-15 11:22:00,planned,ELEC-01,
2836,16,2026-06-02 22:03:00,2026-06-03 00:13:00,planned,CAL-01,3852.0
2837,10,2026-01-11 14:46:00,2026-01-11 16:31:00,unplanned,MAT-01,
2838,10,2026-03-26 14:32:00,2026-03-26 16:55:00,unplanned,MAT-01,8582.0
2839,48,2026-01-16 15:55:00,2026-01-16 17:34:00,unplanned,MEC-01,457.0
2840,9,2026-01-15 08:12:00,2026-01-15 09:00:00,unplanned,ELEC-01,6533.0
2841,35,2026-04-02 11:01:00,2026-04-02 12:33:00,unplanned,MEC-02,
2842,36,2026-01-31 07:49:00,2026-01-31 10:20:00,planned,MAT-01,6810.0
2843,13,2026-01-18 04:43:00,2026-01-18 06:22:00,planned,CAL-01,9645.0
2844,26,2026-04-10 03:02:00,2026-04-10 04:51:00,unplanned,CAL-01,
2845,5,2026-01-03 07:43:00,2026-01-03 09:04:00,planned,MEC-01,1119.0
2846,6,2026-05-31 03:31:00,2026-05-31 03:42:00,planned,CAL-01,9573.0
2847,37,2026-06-18 05:29:00,2026-06-18 05:54:00,planned,ELEC-01,
2848,18,2026-02-13 11:57:00,2026-02-13 14:06:00,unplanned,ELEC-01,
2849,3,2026-05-23 06:20:00,2026-05-23 08:59:00,unplanned,CAL-01,9834.0
2850,40,2026-06-15 08:26:00,2026-06-15 09:46:00,unplanned,MEC-01,
2851,12,2026-05-04 03:28:00,2026-05-04 06:05:00,unplanned,ELEC-01,3253.0
2852,37,2026-05-07 15:27:00,2026-05-07 16:37:00,unplanned,ELEC-01,6178.0
2853,31,2026-04-07 05:51:00,2026-04-07 08:38:00,planned,ELEC-01,738.0
2854,10,2026-04-13 20:41:00,2026-04-13 22:47:00,unplanned,ELEC-01,3014.0
2855,24,2026-02-21 20:12:00,2026-02-21 21:34:00,unplanned,ELEC-01,1276.0
2856,31,2026-06-08 11:10:00,2026-06-08 12:25:00,unplanned,CAL-01,4136.0
2857,9,2026-05-06 01:08:00,2026-05-06 01:13:00,unplanned,CAL-01,
2858,21,2026-06-26 23:44:00,2026-06-27 01:49:00,unplanned,ELEC-01,
2859,18,2026-02-13 08:13:00,2026-02-13 09:40:00,planned,CAL-01,
2860,27,2026-05-14 01:28:00,2026-05-14 02:59:00,unplanned,MEC-01,
2861,32,2026-05-13 01:30:00,2026-05-13 02:01:00,unplanned,CAL-01,6326.0
2862,35,2026-01-09 10:21:00,2026-01-09 11:31:00,planned,CAL-01,8219.0
2863,39,2026-06-26 19:13:00,2026-06-26 22:06:00,planned,ELEC-01,2805.0
2864,20,2026-02-17 05:27:00,2026-02-17 06:05:00,unplanned,CAL-01,167.0
2865,33,2026-02-12 17:05:00,2026-02-12 18:56:00,unplanned,CAL-01,6357.0
2866,31,2026-06-27 03:21:00,2026-06-27 04:52:00,unplanned,MEC-01,4619.0
2867,15,2026-04-29 10:01:00,2026-04-29 10:19:00,unplanned,MEC-01,6238.0
2868,11,2026-04-13 21:26:00,2026-04-13 22:12:00,unplanned,MAT-01,6222.0
2869,1,2026-06-02 22:39:00,2026-06-02 23:35:00,unplanned,CAL-01,4244.0
2870,9,2026-02-21 22:57:00,2026-02-21 23:51:00,planned,ELEC-01,
2871,45,2026-02-14 22:30:00,2026-02-14 22:43:00,planned,MEC-01,8636.0
2872,17,2026-06-14 21:23:00,2026-06-14 23:42:00,planned,ELEC-01,7474.0
2873,28,2026-02-06 07:39:00,2026-02-06 07:46:00,planned,MEC-01,5068.0
2874,30,2026-01-18 19:32:00,2026-01-18 19:51:00,unplanned,MAT-01,7092.0
2875,37,2026-01-25 19:48:00,2026-01-25 20:59:00,planned,ELEC-01,3514.0
2876,11,2026-04-11 22:39:00,2026-04-12 01:09:00,unplanned,MAT-01,6918.0
2877,26,2026-03-01 08:47:00,2026-03-01 10:51:00,planned,ELEC-01,2583.0
2878,41,2026-04-11 03:35:00,2026-04-11 05:59:00,unplanned,MEC-01,5171.0
2879,17,2026-06-02 19:09:00,2026-06-02 19:39:00,planned,MAT-01,
2880,12,2026-05-02 19:25:00,2026-05-02 21:56:00,unplanned,CAL-01,
2881,32,2026-03-03 11:35:00,2026-03-03 13:09:00,unplanned,MEC-01,
2882,7,2026-05-05 20:34:00,2026-05-05 22:16:00,planned,MEC-02,3479.0
2883,27,2026-03-23 10:50:00,2026-03-23 13:44:00,unplanned,MAT-01,2223.0
2884,30,2026-06-18 12:13:00,2026-06-18 13:48:00,planned,CAL-01,6519.0
2885,22,2026-02-19 19:03:00,2026-02-19 21:28:00,unplanned,ELEC-01,7517.0
2886,9,2026-01-16 02:10:00,2026-01-16 04:43:00,planned,CAL-01,1333.0
2887,42,2026-06-21 16:32:00,2026-06-21 18:05:00,planned,MEC-01,8843.0
2888,25,2026-03-07 07:40:00,2026-03-07 10:14:00,planned,ELEC-01,252.0
2889,47,2026-04-15 03:53:00,2026-04-15 04:30:00,planned,CAL-01,4972.0
2890,1,2026-01-12 13:00:00,2026-01-12 13:58:00,planned,CAL-01,5404.0
2891,38,2026-02-01 22:58:00,2026-02-02 00:00:00,planned,MAT-01,5799.0
2892,37,2026-06-08 22:36:00,2026-06-08 22:59:00,unplanned,ELEC-01,1355.0
2893,21,2026-04-03 13:35:00,2026-04-03 13:46:00,planned,CAL-01,6476.0
2894,29,2026-01-28 11:12:00,2026-01-28 11:47:00,planned,MEC-02,9707.0
2895,6,2026-04-22 09:17:00,2026-04-22 10:32:00,planned,MEC-02,
2896,34,2026-04-19 18:28:00,2026-04-19 19:43:00,planned,MEC-01,9859.0
2897,10,2026-01-03 02:19:00,2026-01-03 03:20:00,planned,MEC-01,
2898,19,2026-02-10 20:57:00,2026-02-10 22:45:00,planned,MAT-01,4467.0
2899,2,2026-06-27 23:03:00,2026-06-28 01:12:00,unplanned,MEC-01,7168.0
2900,28,2026-02-21 06:32:00,2026-02-21 09:14:00,planned,MEC-01,2424.0
2901,19,2026-01-21 17:26:00,2026-01-21 19:48:00,unplanned,MEC-02,6490.0
2902,4,2026-06-06 07:29:00,2026-06-06 09:09:00,unplanned,MAT-01,283.0
2903,25,2026-03-11 12:40:00,2026-03-11 14:40:00,planned,MEC-01,4281.0
2904,14,2026-05-05 14:06:00,2026-05-05 16:32:00,planned,CAL-01,9321.0
2905,47,2026-04-24 19:09:00,2026-04-24 20:27:00,planned,ELEC-01,669.0
2906,20,2026-02-24 15:40:00,2026-02-24 15:59:00,unplanned,MAT-01,
2907,49,2026-05-26 01:40:00,2026-05-26 01:45:00,planned,MEC-02,4001.0
2908,49,2026-05-18 13:30:00,2026-05-18 14:49:00,unplanned,MAT-01,4746.0
2909,19,2026-04-10 04:01:00,2026-04-10 06:58:00,unplanned,MAT-01,
2910,43,2026-04-18 12:18:00,2026-04-18 14:26:00,unplanned,MAT-01,8869.0
2911,17,2026-06-13 10:19:00,2026-06-13 12:49:00,unplanned,MEC-02,7471.0
2912,6,2026-06-01 15:07:00,2026-06-01 16:19:00,unplanned,MEC-01,
2913,1,2026-03-19 02:25:00,2026-03-19 05:14:00,unplanned,CAL-01,4280.0
2914,14,2026-04-15 02:05:00,2026-04-15 02:35:00,planned,ELEC-01,2533.0
2915,45,2026-03-05 13:33:00,2026-03-05 14:08:00,planned,ELEC-01,9343.0
2916,14,2026-03-02 22:14:00,2026-03-02 23:06:00,unplanned,CAL-01,2911.0
2917,40,2026-06-19 15:46:00,2026-06-19 17:41:00,planned,CAL-01,4166.0
2918,27,2026-04-08 11:32:00,2026-04-08 13:10:00,planned,CAL-01,8477.0
2919,4,2026-04-03 18:57:00,2026-04-03 19:21:00,unplanned,MEC-02,2223.0
2920,16,2026-04-29 22:13:00,2026-04-30 00:17:00,unplanned,MAT-01,
2921,17,2026-05-06 07:47:00,2026-05-06 10:21:00,unplanned,CAL-01,4992.0
2922,3,2026-04-22 00:59:00,2026-04-22 03:47:00,planned,ELEC-01,
2923,1,2026-03-25 22:59:00,2026-03-26 01:05:00,unplanned,MEC-02,6803.0
2924,30,2026-06-28 01:33:00,2026-06-28 02:43:00,planned,ELEC-01,
2925,8,2026-04-03 05:48:00,2026-04-03 06:50:00,planned,CAL-01,249.0
2926,15,2026-06-15 12:59:00,2026-06-15 14:17:00,planned,ELEC-01,8556.0
2927,17,2026-03-15 17:20:00,2026-03-15 19:04:00,planned,MEC-01,2057.0
2928,49,2026-04-09 20:18:00,2026-04-09 23:18:00,planned,ELEC-01,141.0
2929,1,2026-03-08 14:03:00,2026-03-08 14:42:00,unplanned,MAT-01,8026.0
2930,3,2026-06-21 13:44:00,2026-06-21 15:24:00,planned,MAT-01,
2931,5,2026-06-05 01:37:00,2026-06-05 03:36:00,planned,MEC-01,4928.0
2932,8,2026-03-13 07:09:00,2026-03-13 08:31:00,unplanned,MAT-01,3748.0
2933,19,2026-03-15 11:56:00,2026-03-15 14:42:00,unplanned,MAT-01,1098.0
2934,2,2026-02-11 20:55:00,2026-02-11 21:37:00,planned,MEC-01,626.0
2935,45,2026-01-19 10:12:00,2026-01-19 11:00:00,unplanned,MEC-01,6710.0
2936,24,2026-03-05 14:00:00,2026-03-05 15:59:00,unplanned,MEC-02,2194.0
2937,36,2026-03-09 17:04:00,2026-03-09 17:39:00,planned,MEC-01,
2938,42,2026-04-24 14:03:00,2026-04-24 15:12:00,unplanned,MEC-01,9973.0
2939,49,2026-06-02 06:45:00,2026-06-02 09:35:00,planned,MEC-01,7131.0
2940,14,2026-02-02 11:45:00,2026-02-02 14:37:00,unplanned,ELEC-01,4054.0
2941,20,2026-03-01 11:18:00,2026-03-01 14:06:00,unplanned,MAT-01,5228.0
2942,21,2026-01-29 05:28:00,2026-01-29 07:40:00,planned,MEC-02,1340.0
2943,44,2026-06-03 11:10:00,2026-06-03 13:35:00,unplanned,MAT-01,
2944,34,2026-06-24 17:29:00,2026-06-24 20:07:00,planned,CAL-01,
2945,29,2026-02-21 16:31:00,2026-02-21 17:32:00,unplanned,MEC-01,1194.0
2946,34,2026-06-17 10:00:00,2026-06-17 11:29:00,unplanned,MEC-01,823.0
2947,34,2026-05-22 00:53:00,2026-05-22 03:45:00,unplanned,MEC-01,
2948,26,2026-03-09 06:24:00,2026-03-09 07:58:00,unplanned,CAL-01,2780.0
2949,26,2026-06-07 18:25:00,2026-06-07 18:42:00,planned,MEC-02,4283.0
2950,3,2026-03-26 07:30:00,2026-03-26 08:15:00,unplanned,MEC-02,
2951,25,2026-05-22 16:57:00,2026-05-22 18:35:00,unplanned,CAL-01,
2952,46,2026-03-05 06:16:00,2026-03-05 07:58:00,unplanned,MEC-02,2074.0
2953,21,2026-06-16 21:21:00,2026-06-16 22:23:00,unplanned,MEC-01,2478.0
2954,5,2026-04-09 20:42:00,2026-04-09 21:52:00,planned,MEC-01,
2955,47,2026-06-12 08:40:00,2026-06-12 08:52:00,unplanned,MAT-01,1523.0
2956,11,2026-03-09 03:07:00,2026-03-09 03:37:00,planned,MEC-02,
2957,39,2026-02-14 08:58:00,2026-02-14 09:47:00,unplanned,ELEC-01,
2958,5,2026-03-11 08:24:00,2026-03-11 08:35:00,planned,MAT-01,1217.0
2959,36,2026-06-10 14:04:00,2026-06-10 15:37:00,planned,MEC-02,9104.0
2960,37,2026-04-07 13:29:00,2026-04-07 16:02:00,unplanned,CAL-01,
2961,35,2026-01-18 20:51:00,2026-01-18 23:36:00,planned,CAL-01,8789.0
2962,10,2026-06-01 00:37:00,2026-06-01 01:09:00,planned,CAL-01,2474.0
2963,40,2026-01-07 14:30:00,2026-01-07 16:32:00,planned,MEC-01,
2964,43,2026-04-11 15:20:00,2026-04-11 15:34:00,unplanned,MEC-02,6887.0
2965,34,2026-01-12 17:09:00,2026-01-12 18:38:00,planned,MAT-01,149.0
2966,38,2026-06-25 18:22:00,2026-06-25 18:53:00,unplanned,MEC-01,4031.0
2967,44,2026-01-26 22:11:00,2026-01-26 23:08:00,unplanned,MAT-01,5732.0
2968,28,2026-03-10 16:58:00,2026-03-10 18:06:00,planned,MEC-02,855.0
2969,6,2026-03-24 12:00:00,2026-03-24 14:13:00,planned,MAT-01,
2970,18,2026-03-30 10:44:00,2026-03-30 11:38:00,planned,MEC-02,3209.0
2971,48,2026-04-30 11:21:00,2026-04-30 12:09:00,unplanned,ELEC-01,
2972,14,2026-04-06 00:44:00,2026-04-06 00:57:00,planned,CAL-01,
2973,17,2026-01-02 10:11:00,2026-01-02 11:29:00,unplanned,CAL-01,477.0
2974,1,2026-02-05 05:05:00,2026-02-05 07:13:00,planned,ELEC-01,6566.0
2975,42,2026-03-21 14:31:00,2026-03-21 16:54:00,planned,ELEC-01,3168.0
2976,16,2026-02-23 07:35:00,2026-02-23 08:04:00,planned,MEC-02,
2977,5,2026-04-29 14:14:00,2026-04-29 14:21:00,unplanned,ELEC-01,5937.0
2978,20,2026-05-31 10:16:00,2026-05-31 11:12:00,planned,MEC-02,2146.0
2979,42,2026-05-17 09:05:00,2026-05-17 10:29:00,planned,MAT-01,
2980,49,2026-06-27 13:09:00,2026-06-27 13:34:00,unplanned,CAL-01,4189.0
2981,9,2026-02-23 15:24:00,2026-02-23 16:16:00,unplanned,ELEC-01,6952.0
2982,43,2026-01-12 10:51:00,2026-01-12 12:38:00,planned,MAT-01,9584.0
2983,46,2026-04-04 16:53:00,2026-04-04 18:27:00,planned,MEC-02,6502.0
2984,28,2026-02-10 15:26:00,2026-02-10 17:12:00,planned,MEC-02,8373.0
2985,27,2026-03-07 20:07:00,2026-03-07 20:30:00,planned,MEC-02,8824.0
2986,31,2026-04-23 07:09:00,2026-04-23 08:16:00,unplanned,MEC-01,
2987,14,2026-04-28 23:55:00,2026-04-29 02:19:00,unplanned,MEC-02,
2988,19,2026-03-17 21:59:00,2026-03-18 00:04:00,planned,MEC-01,
2989,1,2026-02-27 23:54:00,2026-02-28 01:40:00,unplanned,CAL-01,
2990,49,2026-03-30 13:11:00,2026-03-30 14:07:00,unplanned,CAL-01,
2991,37,2026-01-22 08:55:00,2026-01-22 10:23:00,planned,MAT-01,7034.0
2992,6,2026-03-01 12:51:00,2026-03-01 14:03:00,planned,MEC-01,9668.0
2993,45,2026-01-07 11:03:00,2026-01-07 11:23:00,planned,MEC-02,3870.0
2994,28,2026-06-09 16:07:00,2026-06-09 17:01:00,planned,MAT-01,7012.0
2995,45,2026-01-15 06:20:00,2026-01-15 08:42:00,unplanned,MEC-02,8912.0
2996,46,2026-04-14 07:26:00,2026-04-14 10:08:00,unplanned,CAL-01,2963.0
2997,3,2026-01-08 14:18:00,2026-01-08 15:14:00,unplanned,CAL-01,4370.0
2998,22,2026-06-06 22:05:00,2026-06-07 00:58:00,unplanned,MEC-01,382.0
2999,33,2026-01-01 12:07:00,2026-01-01 12:56:00,unplanned,CAL-01,5337.0
3000,43,2026-04-09 09:44:00,2026-04-09 12:06:00,unplanned,MEC-01,8086.0
3001,21,2026-01-27 18:55:00,2026-01-27 19:52:00,planned,MAT-01,3899.0
3002,3,2026-03-19 01:10:00,2026-03-19 03:02:00,unplanned,MEC-01,
3003,23,2026-01-04 03:37:00,2026-01-04 06:11:00,unplanned,MEC-01,2474.0
3004,27,2026-02-10 14:57:00,2026-02-10 15:19:00,planned,MEC-01,
3005,44,2026-04-03 04:18:00,2026-04-03 06:49:00,unplanned,CAL-01,
3006,24,2026-04-03 15:58:00,2026-04-03 17:51:00,unplanned,MEC-01,2317.0
3007,18,2026-04-21 02:39:00,2026-04-21 03:10:00,planned,CAL-01,5057.0
3008,11,2026-06-12 15:01:00,2026-06-12 15:09:00,planned,MAT-01,4860.0
3009,32,2026-03-16 20:06:00,2026-03-16 22:14:00,unplanned,ELEC-01,7942.0
3010,39,2026-02-09 08:21:00,2026-02-09 08:53:00,planned,MEC-01,8947.0
3011,19,2026-03-21 11:17:00,2026-03-21 11:52:00,planned,ELEC-01,5857.0
3012,16,2026-04-29 22:56:00,2026-04-30 00:22:00,planned,CAL-01,5826.0
3013,33,2026-03-25 00:39:00,2026-03-25 00:57:00,planned,MEC-01,6941.0
3014,40,2026-04-02 04:40:00,2026-04-02 06:29:00,planned,ELEC-01,5898.0
3015,27,2026-05-28 08:45:00,2026-05-28 10:17:00,planned,ELEC-01,9655.0
3016,10,2026-02-11 17:15:00,2026-02-11 17:42:00,unplanned,ELEC-01,4553.0
3017,36,2026-05-03 18:13:00,2026-05-03 19:40:00,unplanned,CAL-01,2293.0
3018,34,2026-06-14 10:01:00,2026-06-14 12:13:00,planned,MEC-02,901.0
3019,30,2026-05-07 22:34:00,2026-05-07 23:15:00,planned,MAT-01,6777.0
3020,39,2026-06-29 08:37:00,2026-06-29 09:49:00,unplanned,MEC-01,5557.0
3021,45,2026-06-23 16:34:00,2026-06-23 17:41:00,planned,MEC-01,
3022,45,2026-01-06 00:20:00,2026-01-06 02:41:00,planned,MEC-01,5144.0
3023,1,2026-04-05 17:33:00,2026-04-05 19:02:00,planned,MEC-01,
3024,26,2026-04-08 02:12:00,2026-04-08 04:59:00,unplanned,MEC-02,9380.0
3025,49,2026-05-06 19:11:00,2026-05-06 21:26:00,planned,MAT-01,6446.0
3026,50,2026-06-05 14:01:00,2026-06-05 16:06:00,planned,MAT-01,
3027,38,2026-03-31 06:39:00,2026-03-31 07:24:00,unplanned,ELEC-01,
3028,30,2026-05-30 22:19:00,2026-05-31 00:46:00,planned,MAT-01,
3029,4,2026-04-23 03:30:00,2026-04-23 05:21:00,unplanned,MEC-02,
3030,37,2026-06-25 08:24:00,2026-06-25 10:39:00,unplanned,MEC-02,2749.0
3031,29,2026-06-08 17:17:00,2026-06-08 17:28:00,unplanned,MEC-01,4121.0
3032,15,2026-03-23 13:19:00,2026-03-23 14:07:00,unplanned,CAL-01,
3033,32,2026-01-08 20:58:00,2026-01-08 23:38:00,planned,MAT-01,8930.0
3034,16,2026-02-01 03:36:00,2026-02-01 05:50:00,unplanned,MEC-01,
3035,3,2026-01-12 12:12:00,2026-01-12 13:47:00,planned,CAL-01,4502.0
3036,13,2026-01-23 16:53:00,2026-01-23 17:21:00,planned,MEC-02,
3037,42,2026-05-06 13:55:00,2026-05-06 14:24:00,unplanned,MAT-01,9856.0
3038,39,2026-04-18 22:53:00,2026-04-18 23:22:00,unplanned,MAT-01,2123.0
3039,21,2026-02-07 21:41:00,2026-02-07 22:02:00,planned,CAL-01,
3040,42,2026-05-08 07:38:00,2026-05-08 10:35:00,unplanned,ELEC-01,131.0
3041,22,2026-02-08 01:49:00,2026-02-08 04:23:00,planned,MEC-01,4642.0
3042,47,2026-03-01 12:59:00,2026-03-01 14:24:00,planned,MAT-01,5128.0
3043,38,2026-06-18 01:43:00,2026-06-18 03:54:00,unplanned,MAT-01,9648.0
3044,3,2026-02-10 23:19:00,2026-02-11 00:16:00,unplanned,MAT-01,7025.0
3045,13,2026-02-19 04:26:00,2026-02-19 07:00:00,planned,MEC-02,5371.0
3046,1,2026-05-01 05:33:00,2026-05-01 07:04:00,unplanned,MEC-02,
3047,50,2026-06-27 04:34:00,2026-06-27 07:22:00,unplanned,MAT-01,
3048,33,2026-02-05 14:44:00,2026-02-05 16:34:00,planned,CAL-01,3256.0
3049,18,2026-05-24 22:58:00,2026-05-24 23:50:00,planned,MEC-01,1579.0
3050,20,2026-05-18 00:44:00,2026-05-18 03:29:00,planned,MEC-01,
3051,6,2026-03-01 15:22:00,2026-03-01 16:29:00,planned,MEC-02,
3052,35,2026-06-14 02:34:00,2026-06-14 04:51:00,unplanned,MEC-02,
3053,35,2026-02-14 03:20:00,2026-02-14 06:19:00,unplanned,ELEC-01,6680.0
3054,1,2026-04-09 02:39:00,2026-04-09 03:41:00,unplanned,MAT-01,139.0
3055,9,2026-03-01 14:49:00,2026-03-01 15:42:00,unplanned,MAT-01,
3056,39,2026-02-11 12:27:00,2026-02-11 15:13:00,planned,MEC-01,4633.0
3057,41,2026-06-06 01:46:00,2026-06-06 03:35:00,planned,MEC-02,5550.0
3058,19,2026-01-06 03:07:00,2026-01-06 03:35:00,planned,MAT-01,
3059,46,2026-04-13 00:03:00,2026-04-13 00:43:00,unplanned,MEC-02,5755.0
3060,31,2026-05-28 08:00:00,2026-05-28 10:42:00,unplanned,MEC-02,
3061,12,2026-04-24 10:04:00,2026-04-24 12:25:00,unplanned,MEC-01,
3062,2,2026-03-26 19:34:00,2026-03-26 22:33:00,unplanned,MEC-02,497.0
3063,17,2026-04-03 06:12:00,2026-04-03 06:18:00,planned,ELEC-01,2856.0
3064,11,2026-04-17 10:06:00,2026-04-17 12:31:00,unplanned,CAL-01,
3065,33,2026-06-09 02:30:00,2026-06-09 03:28:00,unplanned,MAT-01,7653.0
3066,23,2026-03-15 06:21:00,2026-03-15 06:54:00,unplanned,MAT-01,5470.0
3067,37,2026-05-07 23:04:00,2026-05-07 23:56:00,planned,MAT-01,4453.0
3068,4,2026-06-29 05:52:00,2026-06-29 06:11:00,planned,MEC-01,5881.0
3069,13,2026-02-05 22:09:00,2026-02-06 00:02:00,unplanned,MEC-02,
3070,21,2026-02-13 08:36:00,2026-02-13 10:28:00,planned,MEC-02,8165.0
3071,50,2026-01-18 08:36:00,2026-01-18 10:33:00,planned,CAL-01,2367.0
3072,10,2026-05-08 10:45:00,2026-05-08 12:35:00,unplanned,CAL-01,1054.0
3073,26,2026-03-21 03:48:00,2026-03-21 04:48:00,planned,MEC-02,6067.0
3074,15,2026-03-24 17:35:00,2026-03-24 19:03:00,unplanned,ELEC-01,
3075,16,2026-01-17 23:46:00,2026-01-18 01:42:00,unplanned,MEC-02,7567.0
3076,7,2026-06-21 14:21:00,2026-06-21 17:09:00,unplanned,ELEC-01,7691.0
3077,13,2026-01-10 04:40:00,2026-01-10 07:23:00,unplanned,MEC-02,1781.0
3078,9,2026-04-14 10:01:00,2026-04-14 10:59:00,unplanned,MEC-01,
3079,21,2026-05-17 03:33:00,2026-05-17 05:59:00,planned,MAT-01,9470.0
3080,50,2026-04-09 13:08:00,2026-04-09 15:20:00,planned,MEC-02,7136.0
3081,2,2026-02-03 10:34:00,2026-02-03 12:13:00,unplanned,ELEC-01,
3082,31,2026-01-13 19:28:00,2026-01-13 21:47:00,unplanned,MEC-02,5706.0
3083,43,2026-03-17 04:48:00,2026-03-17 06:48:00,planned,ELEC-01,
3084,45,2026-01-09 17:24:00,2026-01-09 18:05:00,unplanned,CAL-01,7908.0
3085,15,2026-04-01 10:01:00,2026-04-01 11:52:00,planned,ELEC-01,2715.0
3086,21,2026-04-11 21:00:00,2026-04-11 21:15:00,unplanned,MEC-02,3035.0
3087,9,2026-01-17 18:48:00,2026-01-17 21:24:00,unplanned,ELEC-01,9546.0
3088,32,2026-06-27 04:05:00,2026-06-27 04:18:00,planned,MEC-01,2566.0
3089,46,2026-01-27 21:57:00,2026-01-27 22:25:00,planned,CAL-01,5077.0
3090,40,2026-03-31 13:39:00,2026-03-31 16:14:00,planned,MEC-01,
3091,20,2026-02-20 01:03:00,2026-02-20 02:49:00,planned,MAT-01,2680.0
3092,27,2026-04-06 00:59:00,2026-04-06 03:15:00,unplanned,ELEC-01,4783.0
3093,44,2026-06-02 16:44:00,2026-06-02 17:02:00,planned,MEC-02,
3094,8,2026-03-18 12:42:00,2026-03-18 15:35:00,planned,MEC-01,9606.0
3095,5,2026-01-08 01:09:00,2026-01-08 02:58:00,unplanned,CAL-01,
3096,9,2026-03-03 07:33:00,2026-03-03 08:44:00,unplanned,MEC-02,1671.0
3097,30,2026-01-15 07:06:00,2026-01-15 08:18:00,unplanned,MAT-01,3927.0
3098,18,2026-05-01 14:12:00,2026-05-01 16:00:00,unplanned,MEC-01,5939.0
3099,48,2026-04-02 07:06:00,2026-04-02 07:38:00,unplanned,MEC-02,
3100,49,2026-05-29 18:47:00,2026-05-29 20:36:00,planned,MEC-02,42.0
3101,27,2026-03-05 07:51:00,2026-03-05 08:55:00,planned,MAT-01,
3102,32,2026-04-30 20:07:00,2026-04-30 20:35:00,unplanned,CAL-01,5150.0
3103,10,2026-06-24 12:37:00,2026-06-24 13:12:00,planned,CAL-01,1845.0
3104,42,2026-05-01 04:06:00,2026-05-01 05:08:00,unplanned,CAL-01,1232.0
3105,35,2026-01-04 22:02:00,2026-01-05 00:48:00,planned,CAL-01,2403.0
3106,44,2026-02-08 04:54:00,2026-02-08 06:16:00,unplanned,CAL-01,
3107,4,2026-03-20 06:43:00,2026-03-20 08:13:00,unplanned,MAT-01,5038.0
3108,20,2026-02-23 18:07:00,2026-02-23 20:45:00,unplanned,MEC-01,
3109,13,2026-01-27 10:29:00,2026-01-27 13:14:00,unplanned,MEC-01,6658.0
3110,19,2026-05-12 00:53:00,2026-05-12 02:32:00,planned,MEC-02,6.0
3111,40,2026-03-31 05:30:00,2026-03-31 07:17:00,planned,MEC-01,5715.0
3112,43,2026-01-28 07:22:00,2026-01-28 08:09:00,unplanned,MEC-02,4087.0
3113,44,2026-02-28 04:40:00,2026-02-28 07:10:00,planned,MEC-01,1229.0
3114,48,2026-01-30 20:20:00,2026-01-30 21:34:00,planned,MEC-02,5150.0
3115,48,2026-04-03 09:25:00,2026-04-03 10:50:00,planned,MEC-01,
3116,50,2026-03-19 22:06:00,2026-03-20 00:40:00,unplanned,CAL-01,
3117,46,2026-03-09 00:29:00,2026-03-09 02:08:00,planned,CAL-01,8600.0
3118,10,2026-02-13 15:05:00,2026-02-13 15:38:00,unplanned,MEC-01,3810.0
3119,8,2026-02-18 23:41:00,2026-02-19 01:15:00,unplanned,ELEC-01,8858.0
3120,33,2026-03-07 17:09:00,2026-03-07 17:17:00,planned,MEC-02,
3121,31,2026-04-29 17:32:00,2026-04-29 20:11:00,unplanned,CAL-01,3332.0
3122,42,2026-05-01 21:52:00,2026-05-02 00:45:00,planned,MAT-01,8681.0
3123,46,2026-01-23 08:07:00,2026-01-23 08:48:00,planned,MEC-02,1539.0
3124,7,2026-04-19 13:21:00,2026-04-19 15:25:00,unplanned,CAL-01,3447.0
3125,15,2026-01-20 17:54:00,2026-01-20 20:22:00,planned,CAL-01,878.0
3126,16,2026-05-21 21:59:00,2026-05-21 22:17:00,planned,MEC-01,
3127,50,2026-01-04 19:02:00,2026-01-04 20:05:00,unplanned,MAT-01,3496.0
3128,32,2026-06-19 19:11:00,2026-06-19 19:22:00,planned,CAL-01,9606.0
3129,44,2026-02-02 14:44:00,2026-02-02 17:32:00,planned,ELEC-01,
3130,8,2026-03-27 22:33:00,2026-03-27 23:51:00,planned,MAT-01,2197.0
3131,6,2026-01-08 19:49:00,2026-01-08 22:35:00,planned,ELEC-01,
3132,34,2026-04-15 04:35:00,2026-04-15 04:50:00,planned,CAL-01,6860.0
3133,14,2026-05-05 08:40:00,2026-05-05 10:45:00,planned,ELEC-01,726.0
3134,33,2026-03-02 07:55:00,2026-03-02 09:00:00,unplanned,ELEC-01,
3135,34,2026-03-12 12:51:00,2026-03-12 13:20:00,planned,MEC-02,3867.0
3136,16,2026-01-09 08:49:00,2026-01-09 09:13:00,unplanned,ELEC-01,7572.0
3137,15,2026-06-05 04:11:00,2026-06-05 05:05:00,unplanned,MAT-01,9545.0
3138,28,2026-04-06 01:34:00,2026-04-06 03:38:00,unplanned,ELEC-01,
3139,39,2026-02-03 15:08:00,2026-02-03 17:10:00,unplanned,MEC-02,4395.0
3140,40,2026-05-19 07:57:00,2026-05-19 08:39:00,unplanned,ELEC-01,3354.0
3141,48,2026-06-19 18:58:00,2026-06-19 21:51:00,unplanned,CAL-01,
3142,12,2026-02-19 08:03:00,2026-02-19 10:53:00,unplanned,CAL-01,9752.0
3143,4,2026-01-23 05:09:00,2026-01-23 05:57:00,planned,MEC-01,2229.0
3144,15,2026-05-23 11:08:00,2026-05-23 11:43:00,unplanned,MAT-01,
3145,22,2026-02-03 04:22:00,2026-02-03 07:16:00,planned,MEC-01,7785.0
3146,24,2026-05-03 16:58:00,2026-05-03 19:15:00,unplanned,ELEC-01,6648.0
3147,49,2026-04-18 05:06:00,2026-04-18 07:30:00,unplanned,CAL-01,5280.0
3148,16,2026-06-16 10:00:00,2026-06-16 12:16:00,unplanned,MEC-01,9896.0
3149,34,2026-02-02 21:13:00,2026-02-03 00:02:00,unplanned,MEC-01,
3150,2,2026-05-13 07:36:00,2026-05-13 09:33:00,unplanned,CAL-01,51.0
3151,45,2026-01-30 04:28:00,2026-01-30 06:50:00,planned,CAL-01,
3152,23,2026-03-19 09:57:00,2026-03-19 11:49:00,unplanned,ELEC-01,
3153,21,2026-02-26 00:11:00,2026-02-26 01:09:00,planned,CAL-01,3623.0
3154,1,2026-02-15 10:06:00,2026-02-15 10:43:00,unplanned,MAT-01,671.0
3155,31,2026-03-29 00:54:00,2026-03-29 01:55:00,planned,MAT-01,2743.0
3156,30,2026-04-27 13:07:00,2026-04-27 15:14:00,unplanned,CAL-01,1963.0
3157,19,2026-04-30 13:33:00,2026-04-30 14:06:00,planned,MAT-01,4418.0
3158,47,2026-02-08 00:19:00,2026-02-08 02:41:00,unplanned,MEC-02,7012.0
3159,8,2026-04-19 21:06:00,2026-04-19 23:25:00,planned,MEC-02,3271.0
3160,37,2026-02-05 16:46:00,2026-02-05 17:55:00,unplanned,CAL-01,5445.0
3161,45,2026-04-21 21:28:00,2026-04-21 22:18:00,planned,MAT-01,476.0
3162,29,2026-03-30 17:34:00,2026-03-30 18:06:00,unplanned,ELEC-01,305.0
3163,20,2026-04-13 11:27:00,2026-04-13 13:17:00,planned,ELEC-01,
3164,47,2026-03-21 09:18:00,2026-03-21 09:58:00,planned,MAT-01,3394.0
3165,38,2026-05-19 02:52:00,2026-05-19 05:02:00,planned,ELEC-01,8152.0
3166,19,2026-01-21 05:14:00,2026-01-21 05:50:00,planned,CAL-01,
3167,15,2026-03-02 23:31:00,2026-03-02 23:54:00,unplanned,MEC-02,7945.0
3168,28,2026-05-26 01:13:00,2026-05-26 02:37:00,unplanned,MAT-01,2756.0
3169,12,2026-06-10 09:59:00,2026-06-10 10:16:00,unplanned,MEC-01,
3170,9,2026-02-22 11:26:00,2026-02-22 13:03:00,planned,MEC-02,5177.0
3171,38,2026-01-02 11:32:00,2026-01-02 14:03:00,planned,MEC-01,
3172,31,2026-05-13 17:52:00,2026-05-13 19:25:00,unplanned,CAL-01,8669.0
3173,38,2026-06-21 10:15:00,2026-06-21 12:28:00,planned,MAT-01,8213.0
3174,19,2026-01-26 00:59:00,2026-01-26 01:41:00,planned,MEC-02,4126.0
3175,5,2026-05-15 02:29:00,2026-05-15 04:19:00,planned,MEC-01,5164.0
3176,35,2026-03-08 23:25:00,2026-03-09 02:20:00,planned,MAT-01,7055.0
3177,42,2026-04-16 17:30:00,2026-04-16 19:47:00,planned,CAL-01,
3178,27,2026-02-16 15:43:00,2026-02-16 18:10:00,planned,MEC-01,8001.0
3179,17,2026-01-01 18:34:00,2026-01-01 19:26:00,unplanned,CAL-01,307.0
3180,48,2026-02-18 19:58:00,2026-02-18 20:14:00,planned,MAT-01,1027.0
3181,5,2026-05-05 18:19:00,2026-05-05 18:50:00,planned,MAT-01,
3182,15,2026-03-04 16:48:00,2026-03-04 18:55:00,planned,MEC-01,4626.0
3183,20,2026-05-06 04:23:00,2026-05-06 05:31:00,planned,MEC-02,
3184,20,2026-04-18 08:08:00,2026-04-18 09:31:00,unplanned,MAT-01,2718.0
3185,38,2026-01-10 23:30:00,2026-01-11 01:13:00,unplanned,ELEC-01,5979.0
3186,10,2026-05-21 05:29:00,2026-05-21 07:58:00,planned,CAL-01,6628.0
3187,41,2026-05-02 16:37:00,2026-05-02 18:20:00,planned,CAL-01,
3188,42,2026-02-08 03:52:00,2026-02-08 06:03:00,planned,ELEC-01,
3189,37,2026-03-07 11:05:00,2026-03-07 13:37:00,planned,MEC-02,222.0
3190,22,2026-02-21 09:43:00,2026-02-21 12:08:00,planned,MAT-01,4115.0
3191,32,2026-06-02 00:03:00,2026-06-02 00:38:00,unplanned,ELEC-01,5184.0
3192,12,2026-01-19 13:02:00,2026-01-19 15:29:00,unplanned,ELEC-01,8201.0
3193,50,2026-02-15 00:00:00,2026-02-15 00:52:00,planned,CAL-01,
3194,46,2026-04-17 14:00:00,2026-04-17 14:36:00,planned,MEC-02,4139.0
3195,3,2026-02-12 06:09:00,2026-02-12 06:34:00,planned,MEC-01,2219.0
3196,35,2026-02-22 06:50:00,2026-02-22 08:08:00,planned,MEC-02,
3197,41,2026-02-07 14:15:00,2026-02-07 16:52:00,unplanned,MAT-01,
3198,33,2026-05-02 06:20:00,2026-05-02 09:03:00,planned,ELEC-01,1099.0
3199,31,2026-02-02 07:57:00,2026-02-02 08:27:00,planned,MEC-02,
3200,8,2026-02-18 05:48:00,2026-02-18 06:41:00,unplanned,CAL-01,6514.0
3201,39,2026-05-07 09:24:00,2026-05-07 10:11:00,unplanned,MEC-02,
3202,14,2026-04-30 02:10:00,2026-04-30 02:43:00,planned,MEC-02,2883.0
3203,35,2026-02-26 17:52:00,2026-02-26 18:34:00,planned,CAL-01,
3204,29,2026-01-08 22:34:00,2026-01-08 23:00:00,planned,ELEC-01,2041.0
3205,31,2026-06-01 14:21:00,2026-06-01 15:26:00,unplanned,MEC-02,1967.0
3206,37,2026-04-26 17:00:00,2026-04-26 18:26:00,planned,MEC-01,
3207,8,2026-01-09 11:00:00,2026-01-09 12:12:00,unplanned,CAL-01,5828.0
3208,6,2026-01-02 21:53:00,2026-01-02 23:52:00,planned,ELEC-01,5047.0
3209,9,2026-01-08 00:26:00,2026-01-08 03:14:00,planned,MEC-02,
3210,38,2026-01-08 14:17:00,2026-01-08 16:50:00,unplanned,CAL-01,
3211,42,2026-02-07 14:00:00,2026-02-07 16:59:00,unplanned,MEC-01,
3212,3,2026-06-29 16:23:00,2026-06-29 19:08:00,planned,MEC-02,3785.0
3213,47,2026-06-18 11:39:00,2026-06-18 13:41:00,planned,MEC-02,8689.0
3214,13,2026-06-19 22:58:00,2026-06-20 01:45:00,unplanned,ELEC-01,
3215,35,2026-02-09 00:32:00,2026-02-09 02:23:00,unplanned,MEC-02,
3216,11,2026-04-05 05:55:00,2026-04-05 07:43:00,unplanned,MEC-02,8443.0
3217,25,2026-04-27 22:43:00,2026-04-27 23:09:00,planned,ELEC-01,
3218,22,2026-02-10 22:25:00,2026-02-10 22:39:00,planned,MAT-01,6610.0
3219,14,2026-05-06 16:29:00,2026-05-06 17:43:00,unplanned,MEC-01,7707.0
3220,34,2026-02-20 19:16:00,2026-02-20 21:05:00,planned,MEC-01,4058.0
3221,10,2026-06-21 05:50:00,2026-06-21 08:34:00,planned,MEC-01,
3222,47,2026-06-07 06:57:00,2026-06-07 08:15:00,planned,MAT-01,958.0
3223,50,2026-03-29 22:34:00,2026-03-30 01:15:00,planned,ELEC-01,9792.0
3224,35,2026-06-01 15:51:00,2026-06-01 18:36:00,unplanned,CAL-01,9612.0
3225,2,2026-04-17 06:29:00,2026-04-17 07:24:00,unplanned,CAL-01,7533.0
3226,50,2026-01-23 06:09:00,2026-01-23 08:22:00,unplanned,ELEC-01,
3227,23,2026-04-25 10:27:00,2026-04-25 12:54:00,unplanned,MEC-02,
3228,23,2026-03-09 19:53:00,2026-03-09 22:18:00,unplanned,CAL-01,
3229,10,2026-06-17 12:03:00,2026-06-17 12:23:00,planned,CAL-01,
3230,16,2026-01-23 13:00:00,2026-01-23 15:46:00,unplanned,CAL-01,1182.0
3231,7,2026-06-01 22:48:00,2026-06-01 22:55:00,planned,ELEC-01,1218.0
3232,28,2026-02-16 06:57:00,2026-02-16 08:30:00,unplanned,MEC-01,7046.0
3233,21,2026-06-09 22:20:00,2026-06-10 01:14:00,planned,MEC-01,
3234,24,2026-04-25 00:08:00,2026-04-25 02:18:00,unplanned,CAL-01,
3235,24,2026-02-15 04:12:00,2026-02-15 07:09:00,planned,ELEC-01,9201.0
3236,41,2026-01-02 13:30:00,2026-01-02 15:09:00,planned,MEC-02,7963.0
3237,23,2026-01-08 14:02:00,2026-01-08 16:44:00,unplanned,CAL-01,1409.0
3238,37,2026-05-24 18:26:00,2026-05-24 20:31:00,planned,MAT-01,4726.0
3239,47,2026-01-14 04:39:00,2026-01-14 04:54:00,unplanned,MEC-01,
3240,45,2026-06-19 01:24:00,2026-06-19 02:42:00,planned,MEC-01,4550.0
3241,50,2026-02-20 21:06:00,2026-02-20 22:46:00,planned,MAT-01,
3242,23,2026-04-29 07:17:00,2026-04-29 08:26:00,unplanned,MEC-01,
3243,6,2026-06-22 00:51:00,2026-06-22 02:20:00,planned,MAT-01,8853.0
3244,14,2026-04-07 14:25:00,2026-04-07 16:52:00,unplanned,MEC-01,3805.0
3245,3,2026-03-20 15:05:00,2026-03-20 18:03:00,unplanned,CAL-01,8207.0
3246,3,2026-05-26 00:17:00,2026-05-26 01:20:00,unplanned,ELEC-01,
3247,14,2026-06-09 16:15:00,2026-06-09 16:35:00,planned,MEC-01,6861.0
3248,24,2026-01-16 01:37:00,2026-01-16 03:36:00,unplanned,MAT-01,9739.0
3249,29,2026-05-18 18:32:00,2026-05-18 18:50:00,planned,ELEC-01,3167.0
3250,33,2026-01-06 05:32:00,2026-01-06 06:09:00,unplanned,CAL-01,9066.0
3251,38,2026-04-28 09:05:00,2026-04-28 10:03:00,planned,ELEC-01,5609.0
3252,4,2026-04-12 21:09:00,2026-04-12 21:29:00,unplanned,MEC-01,7244.0
3253,25,2026-01-09 17:52:00,2026-01-09 18:50:00,unplanned,CAL-01,7133.0
3254,47,2026-06-22 19:49:00,2026-06-22 21:41:00,unplanned,MAT-01,6043.0
3255,17,2026-03-21 06:10:00,2026-03-21 07:25:00,unplanned,MAT-01,
3256,37,2026-02-27 10:34:00,2026-02-27 11:55:00,planned,ELEC-01,899.0
3257,33,2026-06-19 06:38:00,2026-06-19 09:05:00,unplanned,CAL-01,8034.0
3258,32,2026-05-17 20:59:00,2026-05-17 22:16:00,planned,MEC-01,1128.0
3259,49,2026-02-20 08:49:00,2026-02-20 11:23:00,planned,MEC-01,
3260,43,2026-01-14 23:14:00,2026-01-14 23:22:00,planned,ELEC-01,
3261,50,2026-03-21 02:13:00,2026-03-21 03:54:00,planned,MEC-02,3555.0
3262,1,2026-04-15 05:03:00,2026-04-15 08:00:00,unplanned,CAL-01,8955.0
3263,39,2026-01-10 00:02:00,2026-01-10 00:25:00,unplanned,MAT-01,397.0
3264,35,2026-06-01 15:48:00,2026-06-01 16:42:00,unplanned,ELEC-01,6777.0
3265,46,2026-03-25 04:43:00,2026-03-25 05:08:00,unplanned,CAL-01,
3266,49,2026-05-21 00:43:00,2026-05-21 03:32:00,planned,MAT-01,6490.0
3267,28,2026-01-06 16:16:00,2026-01-06 17:55:00,planned,MEC-01,
3268,48,2026-06-04 14:02:00,2026-06-04 14:40:00,unplanned,MEC-02,
3269,9,2026-03-25 08:59:00,2026-03-25 11:42:00,unplanned,ELEC-01,3705.0
3270,42,2026-04-09 22:01:00,2026-04-09 23:05:00,planned,CAL-01,7973.0
3271,40,2026-05-28 16:37:00,2026-05-28 17:43:00,planned,ELEC-01,8239.0
3272,16,2026-05-18 17:11:00,2026-05-18 17:48:00,planned,MEC-01,9354.0
3273,46,2026-01-25 09:01:00,2026-01-25 09:31:00,unplanned,ELEC-01,7300.0
3274,18,2026-06-11 16:00:00,2026-06-11 17:13:00,planned,CAL-01,4030.0
3275,16,2026-03-10 02:05:00,2026-03-10 02:16:00,unplanned,MEC-02,9590.0
3276,14,2026-02-24 06:45:00,2026-02-24 08:25:00,planned,MEC-01,5956.0
3277,46,2026-06-19 19:27:00,2026-06-19 20:45:00,unplanned,MAT-01,
3278,48,2026-05-16 00:32:00,2026-05-16 02:08:00,planned,MAT-01,4286.0
3279,12,2026-06-07 07:09:00,2026-06-07 09:29:00,unplanned,MEC-01,8265.0
3280,36,2026-05-05 02:00:00,2026-05-05 04:25:00,unplanned,MEC-02,6576.0
3281,4,2026-01-07 15:08:00,2026-01-07 16:50:00,planned,ELEC-01,6511.0
3282,33,2026-02-27 03:41:00,2026-02-27 06:07:00,unplanned,ELEC-01,
3283,40,2026-01-07 01:14:00,2026-01-07 02:58:00,planned,MEC-02,3865.0
3284,3,2026-02-05 10:25:00,2026-02-05 11:21:00,planned,MEC-01,4456.0
3285,37,2026-04-20 06:22:00,2026-04-20 08:24:00,planned,MEC-02,6894.0
3286,32,2026-05-11 14:49:00,2026-05-11 15:31:00,unplanned,MAT-01,7362.0
3287,13,2026-02-01 11:52:00,2026-02-01 14:13:00,unplanned,CAL-01,
3288,21,2026-06-21 18:54:00,2026-06-21 20:02:00,unplanned,CAL-01,4773.0
3289,23,2026-04-16 02:59:00,2026-04-16 03:11:00,planned,MEC-02,7586.0
3290,6,2026-03-30 08:13:00,2026-03-30 09:52:00,planned,MAT-01,6958.0
3291,5,2026-04-25 10:21:00,2026-04-25 12:05:00,unplanned,ELEC-01,
3292,8,2026-04-30 20:58:00,2026-04-30 23:11:00,planned,MAT-01,
3293,18,2026-05-29 08:26:00,2026-05-29 10:24:00,planned,CAL-01,3634.0
3294,23,2026-06-23 22:35:00,2026-06-23 23:28:00,planned,CAL-01,7900.0
3295,15,2026-01-24 15:51:00,2026-01-24 16:43:00,unplanned,CAL-01,3785.0
3296,28,2026-06-24 22:18:00,2026-06-25 01:12:00,unplanned,ELEC-01,
3297,48,2026-05-13 01:22:00,2026-05-13 02:57:00,unplanned,CAL-01,6135.0
3298,31,2026-05-10 16:09:00,2026-05-10 16:52:00,planned,ELEC-01,8415.0
3299,23,2026-05-01 06:47:00,2026-05-01 08:59:00,unplanned,CAL-01,7904.0
3300,28,2026-02-11 06:27:00,2026-02-11 09:25:00,planned,MEC-01,
3301,27,2026-04-23 03:13:00,2026-04-23 04:42:00,planned,CAL-01,8029.0
3302,11,2026-02-08 13:03:00,2026-02-08 15:51:00,unplanned,MEC-02,1073.0
3303,23,2026-06-15 08:43:00,2026-06-15 10:19:00,unplanned,CAL-01,8899.0
3304,7,2026-03-13 10:11:00,2026-03-13 10:45:00,planned,CAL-01,1622.0
3305,14,2026-01-30 17:49:00,2026-01-30 19:59:00,unplanned,MAT-01,8712.0
3306,42,2026-02-23 05:29:00,2026-02-23 07:36:00,unplanned,MAT-01,8989.0
3307,13,2026-04-04 03:35:00,2026-04-04 04:07:00,unplanned,MEC-01,
3308,5,2026-03-25 18:11:00,2026-03-25 20:42:00,unplanned,MEC-02,2860.0
3309,8,2026-03-08 19:54:00,2026-03-08 20:34:00,unplanned,MEC-02,3758.0
3310,50,2026-01-07 03:05:00,2026-01-07 04:09:00,planned,ELEC-01,2424.0
3311,3,2026-04-07 23:39:00,2026-04-08 00:24:00,unplanned,ELEC-01,
3312,17,2026-02-13 03:04:00,2026-02-13 05:52:00,unplanned,ELEC-01,427.0
3313,30,2026-04-06 19:11:00,2026-04-06 20:43:00,planned,CAL-01,8878.0
3314,22,2026-05-31 06:01:00,2026-05-31 06:33:00,unplanned,ELEC-01,6788.0
3315,32,2026-01-11 07:25:00,2026-01-11 08:41:00,planned,ELEC-01,398.0
3316,20,2026-02-22 21:31:00,2026-02-23 00:13:00,planned,CAL-01,3694.0
3317,14,2026-06-25 02:09:00,2026-06-25 03:19:00,unplanned,MAT-01,
3318,11,2026-04-23 21:17:00,2026-04-23 23:09:00,planned,MEC-02,
3319,41,2026-04-07 13:13:00,2026-04-07 13:39:00,unplanned,ELEC-01,
3320,33,2026-03-05 00:32:00,2026-03-05 02:30:00,unplanned,MAT-01,5755.0
3321,10,2026-03-06 00:52:00,2026-03-06 02:36:00,planned,MEC-01,5305.0
3322,5,2026-01-29 05:31:00,2026-01-29 07:03:00,planned,MEC-02,
3323,41,2026-01-10 22:58:00,2026-01-11 00:35:00,planned,MEC-01,9759.0
3324,19,2026-04-22 01:39:00,2026-04-22 04:20:00,planned,MAT-01,7691.0
3325,21,2026-02-14 07:43:00,2026-02-14 09:46:00,unplanned,MAT-01,4287.0
3326,10,2026-04-05 00:40:00,2026-04-05 03:25:00,unplanned,MEC-02,7379.0
3327,41,2026-05-03 14:29:00,2026-05-03 15:10:00,unplanned,MEC-01,8619.0
3328,8,2026-01-07 02:30:00,2026-01-07 05:24:00,unplanned,MEC-01,
3329,15,2026-06-28 03:27:00,2026-06-28 06:10:00,unplanned,CAL-01,1918.0
3330,26,2026-06-16 08:27:00,2026-06-16 11:11:00,unplanned,CAL-01,
3331,12,2026-05-24 10:49:00,2026-05-24 11:02:00,planned,CAL-01,4659.0
3332,12,2026-03-24 10:10:00,2026-03-24 12:43:00,unplanned,CAL-01,4925.0
3333,37,2026-01-26 12:16:00,2026-01-26 13:36:00,unplanned,ELEC-01,7671.0
3334,35,2026-06-04 07:48:00,2026-06-04 10:12:00,planned,ELEC-01,6457.0
3335,49,2026-02-23 12:55:00,2026-02-23 13:14:00,unplanned,MEC-01,6188.0
3336,1,2026-02-09 05:36:00,2026-02-09 08:03:00,planned,MEC-02,1798.0
3337,13,2026-04-06 23:53:00,2026-04-07 00:23:00,unplanned,CAL-01,8530.0
3338,28,2026-06-23 15:36:00,2026-06-23 18:05:00,unplanned,MEC-02,3271.0
3339,3,2026-03-28 01:59:00,2026-03-28 04:07:00,planned,ELEC-01,5656.0
3340,42,2026-06-11 08:38:00,2026-06-11 10:33:00,unplanned,CAL-01,6464.0
3341,10,2026-06-02 17:41:00,2026-06-02 19:12:00,unplanned,MEC-02,5971.0
3342,35,2026-03-18 21:59:00,2026-03-19 00:07:00,planned,MEC-01,4699.0
3343,42,2026-01-23 21:43:00,2026-01-24 00:17:00,unplanned,CAL-01,8024.0
3344,13,2026-03-09 12:19:00,2026-03-09 13:45:00,unplanned,ELEC-01,
3345,37,2026-04-29 04:42:00,2026-04-29 06:55:00,unplanned,MAT-01,
3346,46,2026-02-25 00:03:00,2026-02-25 01:19:00,unplanned,CAL-01,7890.0
3347,31,2026-01-04 15:44:00,2026-01-04 17:54:00,planned,CAL-01,
3348,43,2026-01-12 18:14:00,2026-01-12 21:08:00,planned,CAL-01,7282.0
3349,10,2026-06-07 09:35:00,2026-06-07 12:06:00,unplanned,MAT-01,4085.0
3350,19,2026-02-18 15:03:00,2026-02-18 15:44:00,planned,MAT-01,7254.0
3351,36,2026-02-19 01:43:00,2026-02-19 04:25:00,unplanned,ELEC-01,
3352,3,2026-06-29 17:16:00,2026-06-29 20:10:00,planned,CAL-01,
3353,49,2026-04-18 22:38:00,2026-04-19 00:12:00,planned,ELEC-01,
3354,36,2026-05-12 07:18:00,2026-05-12 10:13:00,planned,MAT-01,6705.0
3355,17,2026-03-16 03:12:00,2026-03-16 04:39:00,planned,MEC-02,
3356,13,2026-03-28 14:56:00,2026-03-28 16:11:00,planned,MAT-01,9858.0
3357,22,2026-05-16 21:33:00,2026-05-17 00:23:00,unplanned,CAL-01,
3358,8,2026-03-22 13:23:00,2026-03-22 13:34:00,planned,MEC-02,4706.0
3359,4,2026-04-23 14:09:00,2026-04-23 15:11:00,planned,MAT-01,
3360,18,2026-05-27 14:09:00,2026-05-27 16:23:00,unplanned,MEC-01,3839.0
3361,44,2026-01-11 17:34:00,2026-01-11 20:14:00,unplanned,ELEC-01,
3362,12,2026-05-24 20:54:00,2026-05-24 21:59:00,planned,MEC-01,913.0
3363,46,2026-05-29 01:33:00,2026-05-29 03:19:00,planned,MAT-01,1754.0
3364,27,2026-05-08 16:13:00,2026-05-08 18:37:00,unplanned,MEC-02,
3365,50,2026-01-23 10:44:00,2026-01-23 11:31:00,planned,CAL-01,9038.0
3366,35,2026-06-07 15:54:00,2026-06-07 17:18:00,planned,MAT-01,
3367,38,2026-01-26 08:18:00,2026-01-26 09:53:00,planned,MAT-01,8674.0
3368,4,2026-04-21 22:07:00,2026-04-21 22:14:00,unplanned,MEC-01,7623.0
3369,23,2026-03-03 22:43:00,2026-03-03 23:07:00,planned,MAT-01,1.0
3370,12,2026-05-06 14:39:00,2026-05-06 14:58:00,unplanned,MEC-02,8543.0
3371,29,2026-05-19 12:09:00,2026-05-19 14:26:00,unplanned,ELEC-01,
3372,40,2026-02-06 20:35:00,2026-02-06 23:07:00,unplanned,CAL-01,2534.0
3373,1,2026-01-09 16:37:00,2026-01-09 18:54:00,planned,MEC-02,2292.0
3374,13,2026-06-24 18:09:00,2026-06-24 20:43:00,planned,MEC-02,3808.0
3375,50,2026-01-02 02:21:00,2026-01-02 03:52:00,unplanned,MEC-02,3757.0
3376,17,2026-06-10 02:59:00,2026-06-10 04:16:00,unplanned,MAT-01,9442.0
3377,47,2026-05-16 19:34:00,2026-05-16 20:53:00,unplanned,ELEC-01,3574.0
3378,6,2026-01-29 20:00:00,2026-01-29 21:21:00,unplanned,CAL-01,
3379,10,2026-04-18 02:28:00,2026-04-18 03:00:00,unplanned,MAT-01,1414.0
3380,35,2026-01-16 18:34:00,2026-01-16 19:32:00,unplanned,ELEC-01,356.0
3381,6,2026-03-08 20:00:00,2026-03-08 21:48:00,planned,MAT-01,8574.0
3382,13,2026-06-23 15:34:00,2026-06-23 17:51:00,unplanned,MEC-01,6607.0
3383,24,2026-01-06 23:24:00,2026-01-07 02:20:00,unplanned,MEC-02,
3384,46,2026-01-11 06:35:00,2026-01-11 09:13:00,planned,MAT-01,4262.0
3385,34,2026-01-15 17:19:00,2026-01-15 18:48:00,unplanned,CAL-01,3257.0
3386,45,2026-04-21 06:00:00,2026-04-21 08:08:00,planned,MEC-01,5754.0
3387,35,2026-05-16 02:42:00,2026-05-16 05:22:00,unplanned,ELEC-01,5264.0
3388,32,2026-03-18 11:02:00,2026-03-18 11:58:00,unplanned,CAL-01,725.0
3389,21,2026-01-18 18:15:00,2026-01-18 18:26:00,unplanned,MEC-02,6269.0
3390,17,2026-05-22 05:54:00,2026-05-22 08:26:00,unplanned,ELEC-01,1837.0
3391,32,2026-06-17 21:42:00,2026-06-18 00:00:00,unplanned,MEC-02,7810.0
3392,37,2026-01-08 19:35:00,2026-01-08 21:39:00,planned,ELEC-01,2621.0
3393,13,2026-05-17 17:56:00,2026-05-17 19:50:00,unplanned,MEC-02,7144.0
3394,24,2026-02-27 05:01:00,2026-02-27 06:52:00,unplanned,ELEC-01,3355.0
3395,6,2026-01-21 10:20:00,2026-01-21 11:02:00,planned,ELEC-01,2515.0
3396,10,2026-04-24 05:44:00,2026-04-24 06:44:00,unplanned,MEC-01,5059.0
3397,39,2026-04-05 17:55:00,2026-04-05 18:55:00,planned,ELEC-01,2261.0
3398,48,2026-05-09 21:19:00,2026-05-09 22:12:00,unplanned,MAT-01,
3399,28,2026-01-07 07:20:00,2026-01-07 09:36:00,unplanned,MAT-01,3579.0
3400,29,2026-04-08 13:56:00,2026-04-08 14:26:00,unplanned,ELEC-01,
3401,38,2026-03-24 03:00:00,2026-03-24 03:11:00,planned,MAT-01,2698.0
3402,40,2026-05-21 06:00:00,2026-05-21 08:28:00,unplanned,ELEC-01,2231.0
3403,48,2026-01-05 21:57:00,2026-01-06 00:51:00,unplanned,CAL-01,2724.0
3404,42,2026-03-19 13:10:00,2026-03-19 15:33:00,unplanned,ELEC-01,627.0
3405,33,2026-05-05 11:57:00,2026-05-05 12:02:00,planned,CAL-01,8047.0
3406,29,2026-05-28 11:13:00,2026-05-28 13:13:00,planned,MEC-02,7672.0
3407,40,2026-03-12 14:47:00,2026-03-12 14:56:00,planned,MAT-01,6696.0
3408,34,2026-04-20 08:38:00,2026-04-20 11:00:00,planned,ELEC-01,4025.0
3409,25,2026-01-19 19:34:00,2026-01-19 19:59:00,planned,CAL-01,2385.0
3410,37,2026-01-09 03:01:00,2026-01-09 05:35:00,planned,MEC-02,
3411,47,2026-02-02 03:24:00,2026-02-02 03:44:00,planned,ELEC-01,
3412,19,2026-03-06 07:29:00,2026-03-06 09:31:00,unplanned,MEC-01,642.0
3413,27,2026-06-07 21:09:00,2026-06-07 21:19:00,planned,MEC-01,4544.0
3414,8,2026-02-16 11:46:00,2026-02-16 11:53:00,unplanned,MEC-01,
3415,12,2026-01-09 15:44:00,2026-01-09 15:56:00,planned,ELEC-01,
3416,27,2026-04-16 07:29:00,2026-04-16 07:56:00,planned,CAL-01,2620.0
3417,31,2026-03-29 23:02:00,2026-03-29 23:25:00,unplanned,MAT-01,4539.0
3418,17,2026-06-04 07:46:00,2026-06-04 10:23:00,unplanned,MAT-01,
3419,29,2026-05-05 12:25:00,2026-05-05 14:12:00,unplanned,ELEC-01,6992.0
3420,44,2026-06-17 13:54:00,2026-06-17 15:48:00,unplanned,MAT-01,
3421,4,2026-06-25 13:02:00,2026-06-25 13:40:00,planned,MAT-01,6743.0
3422,29,2026-03-30 09:52:00,2026-03-30 12:06:00,unplanned,MEC-01,
3423,42,2026-04-30 18:25:00,2026-04-30 21:00:00,unplanned,MAT-01,
3424,20,2026-03-09 15:01:00,2026-03-09 15:29:00,unplanned,CAL-01,5445.0
3425,3,2026-05-12 18:38:00,2026-05-12 20:46:00,unplanned,CAL-01,1980.0
3426,41,2026-06-02 19:41:00,2026-06-02 21:55:00,planned,MEC-02,4740.0
3427,45,2026-02-18 07:59:00,2026-02-18 09:01:00,unplanned,MAT-01,
3428,9,2026-06-18 04:58:00,2026-06-18 06:35:00,planned,MEC-02,8223.0
3429,12,2026-06-12 22:37:00,2026-06-12 23:17:00,unplanned,MEC-01,7403.0
3430,22,2026-06-04 13:28:00,2026-06-04 14:21:00,planned,MAT-01,
3431,49,2026-02-20 16:38:00,2026-02-20 18:24:00,unplanned,MEC-01,5186.0
3432,34,2026-05-16 04:23:00,2026-05-16 05:13:00,planned,ELEC-01,432.0
3433,3,2026-05-27 11:40:00,2026-05-27 12:02:00,planned,CAL-01,8790.0
3434,34,2026-02-02 16:09:00,2026-02-02 18:36:00,planned,ELEC-01,6062.0
3435,9,2026-01-24 13:14:00,2026-01-24 14:01:00,planned,CAL-01,7489.0
3436,31,2026-02-06 00:03:00,2026-02-06 00:38:00,planned,MAT-01,1594.0
3437,40,2026-04-02 17:38:00,2026-04-02 20:24:00,planned,CAL-01,5634.0
3438,23,2026-02-06 12:14:00,2026-02-06 12:39:00,planned,ELEC-01,
3439,31,2026-06-28 14:53:00,2026-06-28 16:14:00,unplanned,ELEC-01,
3440,4,2026-03-22 05:15:00,2026-03-22 06:19:00,planned,MEC-02,
3441,39,2026-01-16 00:53:00,2026-01-16 01:43:00,unplanned,MAT-01,500.0
3442,30,2026-03-31 13:43:00,2026-03-31 16:40:00,planned,CAL-01,3843.0
3443,19,2026-05-13 05:40:00,2026-05-13 06:10:00,unplanned,MEC-01,7801.0
3444,17,2026-02-27 23:51:00,2026-02-28 01:40:00,unplanned,MEC-02,1860.0
3445,25,2026-05-29 20:08:00,2026-05-29 22:43:00,unplanned,MEC-01,2205.0
3446,13,2026-02-12 08:31:00,2026-02-12 11:31:00,unplanned,MAT-01,
3447,41,2026-05-08 08:30:00,2026-05-08 09:54:00,planned,CAL-01,
3448,49,2026-05-28 02:57:00,2026-05-28 05:20:00,unplanned,MEC-02,
3449,15,2026-06-02 19:41:00,2026-06-02 21:30:00,planned,CAL-01,
3450,42,2026-02-01 17:33:00,2026-02-01 18:12:00,unplanned,CAL-01,
3451,4,2026-06-14 18:56:00,2026-06-14 19:42:00,planned,MAT-01,7696.0
3452,39,2026-02-15 08:14:00,2026-02-15 10:17:00,unplanned,ELEC-01,
3453,33,2026-04-19 04:26:00,2026-04-19 06:00:00,planned,MEC-02,6848.0
3454,49,2026-03-15 20:04:00,2026-03-15 22:43:00,unplanned,MAT-01,8474.0
3455,18,2026-05-14 12:08:00,2026-05-14 13:20:00,unplanned,MEC-01,3416.0
3456,39,2026-04-26 23:35:00,2026-04-27 02:33:00,planned,MEC-01,
3457,40,2026-06-06 12:31:00,2026-06-06 12:49:00,unplanned,CAL-01,
3458,8,2026-01-30 09:17:00,2026-01-30 09:26:00,planned,MEC-02,232.0
3459,30,2026-03-04 06:58:00,2026-03-04 09:30:00,unplanned,CAL-01,9312.0
3460,28,2026-05-10 00:07:00,2026-05-10 02:04:00,planned,MEC-01,6769.0
3461,26,2026-02-10 05:48:00,2026-02-10 06:58:00,unplanned,MEC-01,8858.0
3462,45,2026-06-06 15:30:00,2026-06-06 17:21:00,planned,CAL-01,
3463,14,2026-04-28 04:48:00,2026-04-28 05:42:00,unplanned,MEC-01,2338.0
3464,5,2026-02-20 11:02:00,2026-02-20 11:40:00,planned,CAL-01,507.0
3465,33,2026-03-29 00:30:00,2026-03-29 03:22:00,planned,MEC-01,7857.0
3466,10,2026-01-21 17:11:00,2026-01-21 19:06:00,planned,MEC-01,
3467,41,2026-01-09 23:32:00,2026-01-10 02:22:00,planned,MAT-01,7889.0
3468,20,2026-06-25 01:31:00,2026-06-25 02:55:00,planned,CAL-01,1511.0
3469,11,2026-02-27 15:48:00,2026-02-27 18:06:00,planned,MAT-01,1093.0
3470,30,2026-06-10 16:45:00,2026-06-10 18:50:00,planned,MEC-01,
3471,28,2026-02-12 12:12:00,2026-02-12 13:11:00,unplanned,MEC-01,108.0
3472,22,2026-01-28 13:47:00,2026-01-28 14:10:00,planned,MEC-01,
3473,1,2026-06-18 10:42:00,2026-06-18 11:46:00,planned,MEC-02,3074.0
3474,36,2026-03-18 13:52:00,2026-03-18 14:42:00,unplanned,CAL-01,
3475,9,2026-04-20 16:45:00,2026-04-20 19:07:00,planned,ELEC-01,5145.0
3476,26,2026-05-14 12:26:00,2026-05-14 15:14:00,unplanned,ELEC-01,2530.0
3477,40,2026-04-03 06:29:00,2026-04-03 07:00:00,unplanned,CAL-01,1934.0
3478,21,2026-06-08 17:42:00,2026-06-08 19:58:00,unplanned,MEC-01,5233.0
3479,33,2026-03-03 12:44:00,2026-03-03 12:49:00,unplanned,CAL-01,
3480,41,2026-05-07 14:06:00,2026-05-07 16:16:00,planned,CAL-01,5747.0
3481,30,2026-03-12 12:14:00,2026-03-12 13:30:00,planned,MAT-01,7698.0
3482,2,2026-01-09 06:36:00,2026-01-09 07:04:00,unplanned,CAL-01,9903.0
3483,40,2026-06-02 19:38:00,2026-06-02 22:28:00,planned,CAL-01,4073.0
3484,14,2026-04-29 10:16:00,2026-04-29 11:33:00,unplanned,MAT-01,
3485,41,2026-02-11 15:03:00,2026-02-11 15:36:00,planned,MAT-01,3079.0
3486,50,2026-01-01 11:26:00,2026-01-01 13:53:00,planned,CAL-01,7411.0
3487,4,2026-01-11 01:20:00,2026-01-11 02:27:00,planned,MAT-01,
3488,23,2026-02-27 22:23:00,2026-02-28 00:06:00,unplanned,CAL-01,2450.0
3489,46,2026-01-25 20:48:00,2026-01-25 22:33:00,planned,MEC-02,5598.0
3490,26,2026-02-17 21:06:00,2026-02-17 22:17:00,planned,ELEC-01,5056.0
3491,40,2026-06-06 12:21:00,2026-06-06 12:36:00,planned,MAT-01,8712.0
3492,2,2026-06-23 21:56:00,2026-06-24 00:05:00,unplanned,ELEC-01,
3493,3,2026-05-09 07:56:00,2026-05-09 08:15:00,unplanned,MAT-01,2956.0
3494,13,2026-05-07 22:13:00,2026-05-08 01:10:00,planned,MAT-01,
3495,40,2026-06-25 07:59:00,2026-06-25 08:31:00,unplanned,MEC-02,
3496,40,2026-04-04 18:10:00,2026-04-04 18:40:00,planned,ELEC-01,7721.0
3497,33,2026-05-02 18:36:00,2026-05-02 19:48:00,planned,MEC-01,3896.0
3498,24,2026-01-31 20:38:00,2026-01-31 22:00:00,planned,MEC-02,7614.0
3499,32,2026-01-29 08:52:00,2026-01-29 10:51:00,planned,MAT-01,2253.0
3500,33,2026-05-07 11:10:00,2026-05-07 11:33:00,planned,MEC-01,4120.0
3501,23,2026-04-05 05:53:00,2026-04-05 08:01:00,unplanned,ELEC-01,7938.0
3502,20,2026-06-07 15:54:00,2026-06-07 16:26:00,unplanned,MAT-01,
3503,35,2026-03-31 22:52:00,2026-04-01 00:04:00,planned,MEC-02,
3504,29,2026-06-12 13:26:00,2026-06-12 14:27:00,planned,MAT-01,4437.0
3505,25,2026-01-10 16:31:00,2026-01-10 17:13:00,planned,ELEC-01,
3506,32,2026-01-31 15:41:00,2026-01-31 15:54:00,planned,MAT-01,5044.0
3507,48,2026-02-16 08:49:00,2026-02-16 09:29:00,unplanned,MEC-02,2083.0
3508,10,2026-02-02 04:50:00,2026-02-02 05:09:00,planned,ELEC-01,
3509,33,2026-04-16 14:46:00,2026-04-16 17:08:00,unplanned,CAL-01,4699.0
3510,45,2026-06-24 13:56:00,2026-06-24 14:23:00,unplanned,CAL-01,
3511,43,2026-03-09 20:14:00,2026-03-09 21:13:00,planned,MEC-01,8073.0
3512,15,2026-06-25 09:41:00,2026-06-25 11:32:00,planned,ELEC-01,
3513,40,2026-02-21 04:25:00,2026-02-21 05:11:00,unplanned,MEC-01,5309.0
3514,15,2026-03-27 14:51:00,2026-03-27 16:56:00,unplanned,MEC-02,5792.0
3515,41,2026-05-16 13:47:00,2026-05-16 15:49:00,planned,CAL-01,2988.0
3516,36,2026-01-27 23:12:00,2026-01-28 01:43:00,unplanned,CAL-01,2571.0
3517,35,2026-06-22 01:27:00,2026-06-22 01:33:00,unplanned,ELEC-01,
3518,5,2026-03-05 23:59:00,2026-03-06 01:57:00,planned,CAL-01,8650.0
3519,5,2026-04-23 08:37:00,2026-04-23 09:05:00,planned,MEC-02,8118.0
3520,1,2026-05-11 08:14:00,2026-05-11 09:47:00,planned,CAL-01,5955.0
3521,5,2026-02-05 17:22:00,2026-02-05 18:29:00,planned,MEC-02,
3522,35,2026-04-15 23:43:00,2026-04-16 02:06:00,planned,CAL-01,
3523,28,2026-02-18 08:42:00,2026-02-18 10:36:00,planned,MAT-01,
3524,31,2026-06-20 02:44:00,2026-06-20 05:18:00,planned,MEC-02,6558.0
3525,4,2026-05-22 19:47:00,2026-05-22 22:06:00,unplanned,MEC-01,7706.0
3526,25,2026-03-21 05:34:00,2026-03-21 06:49:00,unplanned,ELEC-01,782.0
3527,40,2026-04-14 05:24:00,2026-04-14 05:35:00,planned,MAT-01,2434.0
3528,26,2026-05-12 00:43:00,2026-05-12 01:49:00,planned,MEC-02,
3529,17,2026-04-16 22:23:00,2026-04-17 00:31:00,planned,ELEC-01,4415.0
3530,41,2026-05-14 14:20:00,2026-05-14 14:59:00,unplanned,MAT-01,9425.0
3531,11,2026-01-08 20:55:00,2026-01-08 21:17:00,planned,CAL-01,2674.0
3532,28,2026-01-26 14:55:00,2026-01-26 17:39:00,unplanned,MEC-02,491.0
3533,38,2026-02-14 18:09:00,2026-02-14 18:15:00,unplanned,CAL-01,5576.0
3534,25,2026-05-31 23:22:00,2026-05-31 23:58:00,planned,MAT-01,
3535,47,2026-02-13 01:26:00,2026-02-13 02:27:00,planned,MAT-01,2364.0
3536,46,2026-01-01 21:56:00,2026-01-01 23:19:00,planned,ELEC-01,2871.0
3537,6,2026-02-28 06:08:00,2026-02-28 08:35:00,planned,MEC-01,2714.0
3538,11,2026-01-23 03:24:00,2026-01-23 04:00:00,planned,ELEC-01,
3539,32,2026-06-12 11:00:00,2026-06-12 12:51:00,unplanned,MEC-02,284.0
3540,50,2026-06-26 22:58:00,2026-06-27 00:22:00,unplanned,MAT-01,8075.0
3541,22,2026-03-20 10:54:00,2026-03-20 13:38:00,unplanned,CAL-01,8195.0
3542,37,2026-05-28 11:59:00,2026-05-28 14:36:00,unplanned,ELEC-01,1264.0
3543,26,2026-05-08 21:13:00,2026-05-08 23:08:00,unplanned,MEC-02,
3544,11,2026-05-04 21:30:00,2026-05-05 00:11:00,unplanned,ELEC-01,40.0
3545,49,2026-03-03 16:30:00,2026-03-03 17:48:00,unplanned,MEC-02,
3546,50,2026-03-23 05:57:00,2026-03-23 08:38:00,unplanned,CAL-01,4283.0
3547,25,2026-05-08 08:16:00,2026-05-08 10:23:00,planned,CAL-01,
3548,46,2026-05-11 17:13:00,2026-05-11 18:16:00,unplanned,MEC-01,2814.0
3549,1,2026-03-28 09:12:00,2026-03-28 11:30:00,planned,MEC-01,107.0
3550,31,2026-05-29 15:22:00,2026-05-29 16:50:00,planned,MAT-01,5752.0
3551,5,2026-04-05 00:02:00,2026-04-05 00:51:00,unplanned,CAL-01,
3552,42,2026-01-09 23:28:00,2026-01-09 23:49:00,unplanned,MEC-02,3468.0
3553,37,2026-06-02 21:28:00,2026-06-02 22:03:00,unplanned,CAL-01,8357.0
3554,6,2026-04-23 00:34:00,2026-04-23 03:03:00,unplanned,MEC-01,1341.0
3555,27,2026-06-27 23:43:00,2026-06-28 00:17:00,unplanned,MEC-02,1992.0
3556,31,2026-02-15 21:39:00,2026-02-15 22:45:00,planned,MAT-01,5954.0
3557,25,2026-03-26 18:00:00,2026-03-26 20:41:00,unplanned,MAT-01,4171.0
3558,33,2026-03-09 04:29:00,2026-03-09 07:16:00,planned,MAT-01,
3559,20,2026-03-10 18:53:00,2026-03-10 19:02:00,unplanned,MAT-01,7981.0
3560,48,2026-06-11 15:00:00,2026-06-11 16:54:00,planned,MEC-01,2139.0
3561,18,2026-01-14 00:34:00,2026-01-14 01:13:00,planned,MEC-01,8395.0
3562,19,2026-02-08 23:22:00,2026-02-09 00:43:00,unplanned,CAL-01,
3563,12,2026-06-26 03:01:00,2026-06-26 05:12:00,planned,MEC-02,
3564,4,2026-03-29 06:08:00,2026-03-29 08:56:00,unplanned,MEC-01,44.0
3565,38,2026-01-29 08:11:00,2026-01-29 09:51:00,planned,MAT-01,369.0
3566,45,2026-06-04 18:07:00,2026-06-04 19:23:00,unplanned,MEC-02,9570.0
3567,49,2026-02-01 21:49:00,2026-02-01 22:19:00,planned,MAT-01,
3568,49,2026-05-25 06:33:00,2026-05-25 08:06:00,unplanned,MAT-01,
3569,44,2026-02-18 13:14:00,2026-02-18 15:48:00,planned,MEC-01,
3570,12,2026-04-17 09:59:00,2026-04-17 12:03:00,planned,MEC-02,
3571,27,2026-02-07 12:51:00,2026-02-07 12:56:00,planned,ELEC-01,2160.0
3572,27,2026-03-03 17:03:00,2026-03-03 19:29:00,planned,MEC-01,4982.0
3573,22,2026-06-03 22:15:00,2026-06-03 23:51:00,unplanned,ELEC-01,7286.0
3574,47,2026-05-08 18:08:00,2026-05-08 19:00:00,unplanned,ELEC-01,1441.0
3575,47,2026-02-28 11:41:00,2026-02-28 13:43:00,unplanned,MEC-02,
3576,35,2026-05-28 14:59:00,2026-05-28 16:20:00,planned,MEC-02,9211.0
3577,19,2026-02-27 07:04:00,2026-02-27 09:03:00,planned,MEC-02,6462.0
3578,36,2026-04-07 13:32:00,2026-04-07 16:20:00,planned,MEC-02,4077.0
3579,14,2026-02-20 22:19:00,2026-02-21 00:40:00,planned,MAT-01,7633.0
3580,13,2026-04-29 23:01:00,2026-04-30 01:43:00,unplanned,ELEC-01,
3581,37,2026-05-12 21:20:00,2026-05-12 22:08:00,unplanned,MEC-01,1754.0
3582,32,2026-05-01 06:34:00,2026-05-01 07:56:00,planned,MAT-01,7443.0
3583,44,2026-03-11 04:48:00,2026-03-11 07:47:00,unplanned,MEC-01,
3584,20,2026-05-23 14:43:00,2026-05-23 17:11:00,unplanned,MAT-01,7092.0
3585,19,2026-01-29 05:58:00,2026-01-29 07:25:00,planned,ELEC-01,4016.0
3586,3,2026-01-22 23:40:00,2026-01-23 02:30:00,planned,MEC-02,7464.0
3587,12,2026-05-21 22:33:00,2026-05-21 23:07:00,planned,ELEC-01,
3588,22,2026-01-11 03:01:00,2026-01-11 05:50:00,unplanned,MEC-01,3312.0
3589,37,2026-04-03 03:10:00,2026-04-03 03:52:00,unplanned,CAL-01,3586.0
3590,12,2026-03-04 07:27:00,2026-03-04 07:44:00,planned,ELEC-01,7048.0
3591,49,2026-04-23 13:53:00,2026-04-23 16:23:00,planned,MAT-01,
3592,14,2026-01-18 01:48:00,2026-01-18 04:42:00,planned,CAL-01,153.0
3593,31,2026-05-29 05:18:00,2026-05-29 06:11:00,unplanned,ELEC-01,7542.0
3594,39,2026-03-20 04:52:00,2026-03-20 05:25:00,unplanned,MAT-01,
3595,43,2026-02-28 20:44:00,2026-02-28 21:37:00,unplanned,ELEC-01,901.0
3596,29,2026-01-18 00:37:00,2026-01-18 02:15:00,planned,CAL-01,
3597,14,2026-05-17 21:40:00,2026-05-17 22:27:00,planned,MEC-01,6868.0
3598,46,2026-03-11 06:05:00,2026-03-11 07:18:00,planned,MEC-01,5276.0
3599,32,2026-06-21 13:23:00,2026-06-21 16:02:00,planned,MEC-02,6392.0
3600,45,2026-05-25 05:50:00,2026-05-25 07:50:00,unplanned,CAL-01,2501.0
3601,38,2026-04-25 07:45:00,2026-04-25 08:45:00,unplanned,MEC-02,3617.0
3602,28,2026-04-18 18:48:00,2026-04-18 19:13:00,planned,MAT-01,2528.0
3603,33,2026-03-01 04:39:00,2026-03-01 06:47:00,unplanned,ELEC-01,
3604,29,2026-04-04 09:33:00,2026-04-04 10:29:00,planned,MEC-01,334.0
3605,15,2026-01-06 03:07:00,2026-01-06 04:45:00,unplanned,CAL-01,
3606,2,2026-01-13 05:23:00,2026-01-13 05:36:00,planned,MEC-01,5504.0
3607,6,2026-06-16 05:26:00,2026-06-16 07:35:00,planned,MAT-01,8324.0
3608,41,2026-05-19 19:23:00,2026-05-19 20:58:00,unplanned,MEC-01,7344.0
3609,47,2026-02-18 13:01:00,2026-02-18 14:50:00,unplanned,MEC-01,
3610,37,2026-05-09 15:00:00,2026-05-09 17:17:00,unplanned,MAT-01,6198.0
3611,16,2026-04-28 00:43:00,2026-04-28 01:32:00,planned,CAL-01,8283.0
3612,50,2026-01-30 23:08:00,2026-01-31 00:49:00,unplanned,CAL-01,9060.0
3613,29,2026-05-01 21:00:00,2026-05-01 23:24:00,planned,MAT-01,
3614,1,2026-05-09 15:52:00,2026-05-09 16:38:00,unplanned,CAL-01,4286.0
3615,3,2026-02-24 02:17:00,2026-02-24 05:00:00,planned,MEC-01,119.0
3616,11,2026-05-16 21:00:00,2026-05-16 22:04:00,planned,ELEC-01,
3617,9,2026-01-17 09:53:00,2026-01-17 10:13:00,planned,MEC-02,
3618,30,2026-05-11 21:37:00,2026-05-11 22:12:00,planned,ELEC-01,8110.0
3619,29,2026-01-08 18:28:00,2026-01-08 19:40:00,unplanned,ELEC-01,8028.0
3620,2,2026-01-07 19:10:00,2026-01-07 21:36:00,planned,ELEC-01,8296.0
3621,2,2026-01-19 02:54:00,2026-01-19 05:53:00,unplanned,CAL-01,9289.0
3622,34,2026-05-17 13:28:00,2026-05-17 15:57:00,planned,CAL-01,1501.0
3623,24,2026-06-09 13:34:00,2026-06-09 14:24:00,planned,ELEC-01,6694.0
3624,27,2026-02-11 21:33:00,2026-02-11 21:38:00,planned,MEC-01,
3625,12,2026-06-08 12:04:00,2026-06-08 13:20:00,unplanned,MEC-02,
3626,13,2026-06-20 01:46:00,2026-06-20 04:01:00,unplanned,MEC-01,6311.0
3627,21,2026-05-28 01:10:00,2026-05-28 02:12:00,planned,MAT-01,781.0
3628,35,2026-05-10 10:49:00,2026-05-10 12:47:00,unplanned,MEC-02,
3629,26,2026-06-27 16:58:00,2026-06-27 17:45:00,unplanned,MAT-01,6671.0
3630,38,2026-01-18 02:35:00,2026-01-18 03:39:00,planned,ELEC-01,8382.0
3631,25,2026-06-25 05:35:00,2026-06-25 06:10:00,planned,MEC-01,7042.0
3632,30,2026-01-25 06:49:00,2026-01-25 09:25:00,planned,CAL-01,
3633,35,2026-03-17 03:59:00,2026-03-17 04:08:00,planned,CAL-01,2195.0
3634,6,2026-02-01 00:41:00,2026-02-01 01:43:00,unplanned,CAL-01,1307.0
3635,23,2026-05-12 11:50:00,2026-05-12 14:23:00,planned,MAT-01,1646.0
3636,11,2026-06-04 08:51:00,2026-06-04 10:54:00,unplanned,MAT-01,3462.0
3637,17,2026-02-11 11:25:00,2026-02-11 13:02:00,planned,MEC-01,
3638,22,2026-05-20 17:39:00,2026-05-20 20:14:00,planned,MAT-01,
3639,19,2026-01-24 03:46:00,2026-01-24 04:27:00,unplanned,ELEC-01,6281.0
3640,50,2026-02-08 23:48:00,2026-02-09 01:29:00,planned,CAL-01,770.0
3641,28,2026-05-25 16:57:00,2026-05-25 18:45:00,planned,MAT-01,
3642,14,2026-05-01 03:13:00,2026-05-01 05:56:00,unplanned,CAL-01,5429.0
3643,4,2026-06-15 06:40:00,2026-06-15 09:12:00,unplanned,MEC-02,4116.0
3644,7,2026-03-25 05:29:00,2026-03-25 06:09:00,unplanned,CAL-01,8562.0
3645,6,2026-01-13 04:15:00,2026-01-13 05:06:00,unplanned,ELEC-01,
3646,21,2026-05-05 09:13:00,2026-05-05 10:54:00,planned,CAL-01,2260.0
3647,33,2026-02-09 13:59:00,2026-02-09 15:51:00,unplanned,ELEC-01,7900.0
3648,41,2026-03-22 17:12:00,2026-03-22 19:10:00,unplanned,MEC-01,282.0
3649,42,2026-05-08 16:38:00,2026-05-08 17:22:00,unplanned,MAT-01,2919.0
3650,11,2026-01-25 05:59:00,2026-01-25 08:29:00,unplanned,CAL-01,
3651,46,2026-02-20 19:56:00,2026-02-20 22:34:00,unplanned,MEC-01,3035.0
3652,30,2026-01-02 23:44:00,2026-01-03 01:30:00,planned,MAT-01,5211.0
3653,24,2026-03-13 00:17:00,2026-03-13 01:19:00,unplanned,MAT-01,7780.0
3654,20,2026-06-17 10:19:00,2026-06-17 11:09:00,unplanned,MEC-01,9922.0
3655,37,2026-04-14 19:02:00,2026-04-14 20:04:00,planned,MEC-01,4511.0
3656,34,2026-01-28 04:30:00,2026-01-28 06:03:00,planned,MEC-02,32.0
3657,40,2026-01-11 03:26:00,2026-01-11 03:51:00,unplanned,CAL-01,8248.0
3658,36,2026-06-22 14:44:00,2026-06-22 15:21:00,unplanned,MEC-01,889.0
3659,25,2026-04-12 01:39:00,2026-04-12 02:27:00,unplanned,MEC-01,3723.0
3660,15,2026-03-20 06:18:00,2026-03-20 08:24:00,planned,CAL-01,8020.0
3661,12,2026-03-12 20:40:00,2026-03-12 22:44:00,unplanned,MAT-01,4797.0
3662,38,2026-06-22 08:55:00,2026-06-22 10:31:00,planned,MAT-01,7448.0
3663,42,2026-01-28 20:33:00,2026-01-28 22:10:00,planned,MEC-01,6643.0
3664,22,2026-05-08 16:13:00,2026-05-08 17:33:00,unplanned,ELEC-01,3333.0
3665,29,2026-05-26 19:47:00,2026-05-26 21:51:00,planned,MEC-02,8740.0
3666,21,2026-02-09 02:00:00,2026-02-09 04:13:00,planned,MEC-01,5976.0
3667,43,2026-01-15 10:08:00,2026-01-15 12:13:00,unplanned,MEC-01,
3668,1,2026-05-18 06:28:00,2026-05-18 09:06:00,unplanned,MAT-01,
3669,48,2026-02-26 12:14:00,2026-02-26 14:59:00,planned,MAT-01,4756.0
3670,34,2026-02-05 14:08:00,2026-02-05 15:56:00,unplanned,MAT-01,474.0
3671,36,2026-05-17 11:14:00,2026-05-17 13:07:00,planned,MEC-02,3775.0
3672,6,2026-01-22 11:23:00,2026-01-22 11:29:00,unplanned,MEC-02,9539.0
3673,22,2026-04-10 16:19:00,2026-04-10 18:44:00,planned,ELEC-01,
3674,32,2026-03-07 14:11:00,2026-03-07 15:02:00,unplanned,MAT-01,6830.0
3675,36,2026-04-13 19:10:00,2026-04-13 21:02:00,unplanned,CAL-01,1866.0
3676,32,2026-06-19 00:57:00,2026-06-19 02:37:00,planned,MEC-02,
3677,49,2026-06-11 11:54:00,2026-06-11 12:26:00,unplanned,MAT-01,417.0
3678,36,2026-02-24 07:14:00,2026-02-24 08:58:00,unplanned,CAL-01,227.0
3679,11,2026-05-17 20:46:00,2026-05-17 20:54:00,planned,ELEC-01,7959.0
3680,4,2026-04-09 18:49:00,2026-04-09 21:21:00,planned,MEC-01,
3681,35,2026-06-28 20:39:00,2026-06-28 21:24:00,planned,MEC-01,5709.0
3682,28,2026-03-31 17:39:00,2026-03-31 18:06:00,unplanned,MAT-01,
3683,15,2026-04-06 01:07:00,2026-04-06 01:26:00,unplanned,CAL-01,8543.0
3684,17,2026-05-21 19:56:00,2026-05-21 22:54:00,unplanned,ELEC-01,4229.0
3685,13,2026-02-15 10:36:00,2026-02-15 13:05:00,unplanned,ELEC-01,2695.0
3686,31,2026-05-19 04:44:00,2026-05-19 05:35:00,planned,MEC-01,811.0
3687,38,2026-03-11 06:01:00,2026-03-11 08:39:00,planned,CAL-01,8142.0
3688,13,2026-02-13 04:53:00,2026-02-13 06:51:00,planned,MAT-01,
3689,32,2026-04-22 18:22:00,2026-04-22 19:36:00,planned,ELEC-01,496.0
3690,41,2026-02-12 22:02:00,2026-02-13 00:54:00,planned,MEC-01,
3691,24,2026-05-23 18:03:00,2026-05-23 20:04:00,planned,MEC-01,1254.0
3692,1,2026-05-22 16:22:00,2026-05-22 17:59:00,planned,MEC-01,
3693,30,2026-03-19 08:37:00,2026-03-19 10:35:00,unplanned,MEC-02,
3694,18,2026-01-27 21:10:00,2026-01-27 22:53:00,unplanned,MEC-01,3664.0
3695,27,2026-03-18 17:23:00,2026-03-18 17:30:00,unplanned,ELEC-01,6863.0
3696,25,2026-04-04 03:09:00,2026-04-04 06:07:00,planned,MEC-01,
3697,38,2026-06-17 04:08:00,2026-06-17 04:32:00,planned,MEC-02,4055.0
3698,43,2026-06-28 02:35:00,2026-06-28 03:18:00,planned,CAL-01,3760.0
3699,25,2026-04-08 17:17:00,2026-04-08 18:10:00,unplanned,CAL-01,6707.0
3700,50,2026-04-08 02:18:00,2026-04-08 03:05:00,unplanned,MEC-02,6275.0
3701,22,2026-04-30 11:43:00,2026-04-30 12:09:00,unplanned,CAL-01,479.0
3702,9,2026-06-08 13:07:00,2026-06-08 14:39:00,planned,ELEC-01,
3703,8,2026-04-29 08:31:00,2026-04-29 11:24:00,unplanned,ELEC-01,5143.0
3704,32,2026-05-15 23:05:00,2026-05-16 00:57:00,planned,MEC-01,4058.0
3705,14,2026-02-09 16:19:00,2026-02-09 16:56:00,unplanned,ELEC-01,2495.0
3706,2,2026-05-10 16:39:00,2026-05-10 17:08:00,unplanned,ELEC-01,1205.0
3707,11,2026-01-20 21:08:00,2026-01-20 22:11:00,unplanned,MAT-01,9521.0
3708,34,2026-02-20 22:46:00,2026-02-20 23:07:00,unplanned,MEC-01,9273.0
3709,30,2026-03-30 10:18:00,2026-03-30 10:32:00,planned,MAT-01,2362.0
3710,32,2026-03-24 01:25:00,2026-03-24 02:08:00,unplanned,MEC-02,4647.0
3711,32,2026-02-11 08:07:00,2026-02-11 10:05:00,unplanned,CAL-01,7274.0
3712,35,2026-02-27 14:42:00,2026-02-27 15:53:00,unplanned,MEC-02,8923.0
3713,48,2026-03-13 09:10:00,2026-03-13 09:51:00,unplanned,ELEC-01,2263.0
3714,18,2026-04-03 14:51:00,2026-04-03 17:31:00,unplanned,ELEC-01,5356.0
3715,34,2026-01-15 17:52:00,2026-01-15 20:52:00,unplanned,MEC-01,
3716,2,2026-04-01 10:18:00,2026-04-01 13:14:00,unplanned,ELEC-01,9186.0
3717,28,2026-05-05 20:05:00,2026-05-05 22:48:00,planned,CAL-01,377.0
3718,17,2026-04-13 21:56:00,2026-04-14 00:40:00,planned,ELEC-01,9181.0
3719,50,2026-04-26 21:36:00,2026-04-26 22:38:00,planned,ELEC-01,
3720,34,2026-01-28 22:35:00,2026-01-28 23:00:00,unplanned,MEC-02,1228.0
3721,35,2026-01-05 06:50:00,2026-01-05 08:49:00,unplanned,MEC-01,
3722,18,2026-05-28 01:10:00,2026-05-28 01:35:00,planned,MEC-02,8974.0
3723,2,2026-02-12 03:28:00,2026-02-12 03:38:00,planned,CAL-01,
3724,9,2026-01-29 14:01:00,2026-01-29 16:44:00,unplanned,MEC-01,2076.0
3725,44,2026-02-11 11:51:00,2026-02-11 14:13:00,unplanned,MEC-01,5405.0
3726,39,2026-04-11 22:23:00,2026-04-11 23:23:00,unplanned,MEC-01,6516.0
3727,17,2026-03-13 04:34:00,2026-03-13 07:00:00,unplanned,MAT-01,
3728,9,2026-06-26 00:17:00,2026-06-26 02:41:00,planned,MEC-01,4895.0
3729,38,2026-06-22 10:40:00,2026-06-22 12:30:00,unplanned,MEC-01,
3730,23,2026-02-11 04:22:00,2026-02-11 06:18:00,planned,MEC-01,3656.0
3731,44,2026-05-07 12:46:00,2026-05-07 14:12:00,planned,MAT-01,8186.0
3732,34,2026-04-29 06:51:00,2026-04-29 08:36:00,unplanned,ELEC-01,
3733,43,2026-06-04 06:33:00,2026-06-04 07:39:00,planned,MAT-01,
3734,42,2026-01-06 20:04:00,2026-01-06 22:33:00,planned,MEC-01,8490.0
3735,1,2026-05-28 00:44:00,2026-05-28 02:27:00,unplanned,ELEC-01,7150.0
3736,32,2026-04-09 23:02:00,2026-04-09 23:40:00,unplanned,CAL-01,
3737,13,2026-01-18 19:09:00,2026-01-18 21:22:00,planned,MEC-02,5744.0
3738,7,2026-01-24 02:47:00,2026-01-24 03:13:00,planned,MEC-02,9985.0
3739,19,2026-06-21 09:23:00,2026-06-21 11:25:00,unplanned,MAT-01,1568.0
3740,42,2026-05-24 23:58:00,2026-05-25 01:12:00,planned,ELEC-01,8322.0
3741,2,2026-02-15 15:30:00,2026-02-15 16:01:00,planned,ELEC-01,1892.0
3742,4,2026-01-19 09:19:00,2026-01-19 10:58:00,planned,MEC-01,
3743,36,2026-06-03 05:48:00,2026-06-03 07:10:00,planned,MEC-01,4196.0
3744,27,2026-06-01 19:55:00,2026-06-01 21:13:00,planned,ELEC-01,
3745,38,2026-01-09 04:11:00,2026-01-09 04:16:00,planned,MEC-01,8912.0
3746,14,2026-02-19 16:46:00,2026-02-19 18:07:00,unplanned,MAT-01,
3747,21,2026-01-05 13:55:00,2026-01-05 15:22:00,unplanned,MEC-01,7453.0
3748,6,2026-01-25 21:45:00,2026-01-25 22:09:00,planned,ELEC-01,7369.0
3749,37,2026-05-09 11:19:00,2026-05-09 13:06:00,planned,CAL-01,5679.0
3750,10,2026-06-25 21:44:00,2026-06-25 22:37:00,planned,MEC-02,3659.0
3751,37,2026-02-26 08:58:00,2026-02-26 09:11:00,unplanned,MEC-01,2334.0
3752,41,2026-01-18 01:55:00,2026-01-18 04:30:00,planned,ELEC-01,3618.0
3753,27,2026-05-20 08:03:00,2026-05-20 10:31:00,unplanned,CAL-01,123.0
3754,15,2026-04-30 19:30:00,2026-04-30 20:39:00,planned,MEC-02,4680.0
3755,12,2026-01-01 20:57:00,2026-01-01 21:55:00,unplanned,CAL-01,9581.0
3756,13,2026-05-04 23:36:00,2026-05-05 01:48:00,planned,MAT-01,1928.0
3757,48,2026-02-02 06:55:00,2026-02-02 07:01:00,unplanned,MAT-01,
3758,10,2026-01-30 14:26:00,2026-01-30 16:54:00,unplanned,MEC-01,7252.0
3759,13,2026-04-10 23:52:00,2026-04-11 00:40:00,unplanned,MEC-02,
3760,17,2026-04-10 07:21:00,2026-04-10 07:31:00,planned,MEC-02,7107.0
3761,3,2026-01-11 20:54:00,2026-01-11 22:59:00,unplanned,MEC-02,
3762,8,2026-01-08 07:02:00,2026-01-08 09:00:00,unplanned,ELEC-01,5759.0
3763,4,2026-01-03 20:39:00,2026-01-03 21:52:00,planned,MEC-01,
3764,28,2026-04-21 05:18:00,2026-04-21 08:12:00,planned,ELEC-01,
3765,25,2026-04-24 08:13:00,2026-04-24 10:50:00,planned,MEC-01,4939.0
3766,44,2026-01-19 18:10:00,2026-01-19 19:38:00,planned,CAL-01,
3767,15,2026-04-30 23:54:00,2026-05-01 00:31:00,planned,ELEC-01,8389.0
3768,21,2026-04-19 01:53:00,2026-04-19 03:42:00,unplanned,ELEC-01,
3769,33,2026-06-21 06:40:00,2026-06-21 08:20:00,planned,MAT-01,2087.0
3770,32,2026-01-22 18:41:00,2026-01-22 20:50:00,unplanned,ELEC-01,224.0
3771,35,2026-05-12 23:35:00,2026-05-13 02:18:00,unplanned,ELEC-01,9730.0
3772,39,2026-01-20 20:25:00,2026-01-20 22:48:00,planned,MEC-01,1817.0
3773,27,2026-01-09 23:09:00,2026-01-10 01:47:00,unplanned,CAL-01,7114.0
3774,32,2026-03-10 12:12:00,2026-03-10 14:23:00,unplanned,MAT-01,1110.0
3775,47,2026-01-20 06:29:00,2026-01-20 07:07:00,planned,CAL-01,5051.0
3776,39,2026-06-11 04:27:00,2026-06-11 07:03:00,unplanned,MEC-01,
3777,46,2026-03-27 18:23:00,2026-03-27 19:06:00,planned,MEC-02,6522.0
3778,16,2026-04-08 06:12:00,2026-04-08 06:24:00,planned,MAT-01,9346.0
3779,4,2026-04-11 11:43:00,2026-04-11 12:56:00,planned,MEC-02,5847.0
3780,10,2026-03-25 13:19:00,2026-03-25 16:17:00,unplanned,MAT-01,8720.0
3781,12,2026-04-15 11:44:00,2026-04-15 12:57:00,unplanned,ELEC-01,1974.0
3782,7,2026-03-10 07:26:00,2026-03-10 08:49:00,unplanned,MAT-01,
3783,16,2026-06-04 23:54:00,2026-06-05 02:03:00,unplanned,CAL-01,8547.0
3784,44,2026-05-22 14:40:00,2026-05-22 16:13:00,unplanned,MEC-02,2355.0
3785,10,2026-05-22 16:30:00,2026-05-22 18:28:00,unplanned,CAL-01,
3786,20,2026-02-05 08:34:00,2026-02-05 09:05:00,unplanned,ELEC-01,3480.0
3787,47,2026-01-19 17:16:00,2026-01-19 19:10:00,unplanned,MEC-02,3155.0
3788,49,2026-02-26 16:16:00,2026-02-26 19:02:00,planned,MEC-01,1556.0
3789,12,2026-04-17 03:09:00,2026-04-17 03:59:00,unplanned,MEC-02,5601.0
3790,44,2026-03-10 04:01:00,2026-03-10 06:24:00,planned,MAT-01,8650.0
3791,26,2026-05-05 13:12:00,2026-05-05 14:01:00,planned,MAT-01,2123.0
3792,15,2026-02-12 14:28:00,2026-02-12 17:15:00,planned,CAL-01,649.0
3793,43,2026-01-03 00:45:00,2026-01-03 02:23:00,unplanned,ELEC-01,
3794,21,2026-01-22 03:43:00,2026-01-22 05:49:00,unplanned,CAL-01,5055.0
3795,23,2026-03-29 04:15:00,2026-03-29 05:26:00,unplanned,MEC-01,1761.0
3796,39,2026-03-15 03:40:00,2026-03-15 05:48:00,planned,MAT-01,
3797,5,2026-04-30 07:24:00,2026-04-30 07:41:00,unplanned,MEC-02,972.0
3798,2,2026-04-26 18:57:00,2026-04-26 20:05:00,planned,MAT-01,
3799,29,2026-03-29 21:28:00,2026-03-29 21:44:00,unplanned,MEC-01,7441.0
3800,32,2026-03-27 02:42:00,2026-03-27 02:53:00,unplanned,MEC-02,986.0
3801,27,2026-01-27 04:45:00,2026-01-27 05:54:00,unplanned,MEC-02,
3802,38,2026-03-13 13:30:00,2026-03-13 14:40:00,planned,MAT-01,1055.0
3803,14,2026-06-11 21:59:00,2026-06-12 00:07:00,planned,MEC-02,3945.0
3804,14,2026-02-10 22:17:00,2026-02-10 23:22:00,planned,CAL-01,6562.0
3805,14,2026-02-24 07:14:00,2026-02-24 07:20:00,unplanned,MEC-02,7700.0
3806,12,2026-01-07 19:41:00,2026-01-07 21:10:00,planned,MAT-01,
3807,23,2026-05-06 20:55:00,2026-05-06 22:03:00,unplanned,CAL-01,5738.0
3808,35,2026-01-10 05:28:00,2026-01-10 06:14:00,unplanned,CAL-01,7364.0
3809,6,2026-05-21 20:54:00,2026-05-21 23:00:00,planned,MEC-02,9504.0
3810,21,2026-05-30 11:02:00,2026-05-30 12:18:00,unplanned,MAT-01,6580.0
3811,34,2026-05-14 13:57:00,2026-05-14 14:08:00,planned,ELEC-01,8889.0
3812,36,2026-04-10 05:48:00,2026-04-10 06:29:00,unplanned,MEC-01,402.0
3813,22,2026-06-28 15:34:00,2026-06-28 16:28:00,planned,ELEC-01,
3814,30,2026-06-12 13:51:00,2026-06-12 15:31:00,planned,ELEC-01,613.0
3815,3,2026-01-27 17:20:00,2026-01-27 17:38:00,planned,MAT-01,4470.0
3816,16,2026-01-16 18:43:00,2026-01-16 19:05:00,planned,MEC-01,
3817,48,2026-03-22 17:30:00,2026-03-22 18:15:00,unplanned,MAT-01,9556.0
3818,42,2026-01-31 02:11:00,2026-01-31 03:50:00,planned,MAT-01,9830.0
3819,24,2026-02-26 13:09:00,2026-02-26 15:12:00,unplanned,CAL-01,
3820,22,2026-02-13 04:54:00,2026-02-13 05:47:00,planned,CAL-01,5143.0
3821,4,2026-03-10 11:27:00,2026-03-10 13:13:00,unplanned,MEC-02,
3822,9,2026-06-13 08:07:00,2026-06-13 10:15:00,unplanned,CAL-01,
3823,27,2026-01-08 01:27:00,2026-01-08 03:23:00,planned,MAT-01,
3824,25,2026-03-25 20:45:00,2026-03-25 20:55:00,planned,MEC-02,9307.0
3825,38,2026-05-26 02:44:00,2026-05-26 04:32:00,unplanned,ELEC-01,
3826,20,2026-05-20 07:59:00,2026-05-20 08:16:00,planned,MEC-01,6160.0
3827,48,2026-04-14 20:07:00,2026-04-14 22:22:00,unplanned,MAT-01,
3828,32,2026-01-18 11:35:00,2026-01-18 13:34:00,unplanned,MEC-02,3985.0
3829,41,2026-05-08 00:30:00,2026-05-08 00:57:00,planned,CAL-01,3658.0
3830,44,2026-03-10 18:54:00,2026-03-10 19:14:00,unplanned,MEC-02,4371.0
3831,21,2026-05-12 11:37:00,2026-05-12 13:00:00,planned,MAT-01,8876.0
3832,19,2026-03-31 02:59:00,2026-03-31 03:05:00,planned,MAT-01,856.0
3833,31,2026-03-19 06:25:00,2026-03-19 07:02:00,planned,ELEC-01,
3834,37,2026-02-26 01:47:00,2026-02-26 02:46:00,planned,MAT-01,
3835,35,2026-02-07 04:51:00,2026-02-07 06:38:00,unplanned,MAT-01,265.0
3836,19,2026-02-01 04:38:00,2026-02-01 06:35:00,planned,MEC-02,4000.0
3837,50,2026-05-28 14:51:00,2026-05-28 16:23:00,planned,MEC-01,
3838,32,2026-05-23 08:15:00,2026-05-23 08:44:00,planned,MEC-01,9608.0
3839,38,2026-02-12 09:44:00,2026-02-12 11:48:00,planned,MAT-01,
3840,39,2026-01-15 14:33:00,2026-01-15 17:15:00,unplanned,CAL-01,1753.0
3841,28,2026-04-27 08:25:00,2026-04-27 09:41:00,planned,MEC-01,1461.0
3842,21,2026-01-06 07:22:00,2026-01-06 07:36:00,planned,MAT-01,3587.0
3843,8,2026-03-18 08:48:00,2026-03-18 11:29:00,unplanned,MEC-01,8854.0
3844,11,2026-04-08 18:18:00,2026-04-08 20:35:00,unplanned,MEC-02,7508.0
3845,21,2026-06-27 14:00:00,2026-06-27 14:52:00,unplanned,MAT-01,3154.0
3846,33,2026-03-11 00:30:00,2026-03-11 00:40:00,planned,MEC-02,940.0
3847,40,2026-02-12 09:50:00,2026-02-12 11:03:00,planned,MEC-01,1701.0
3848,15,2026-04-01 14:05:00,2026-04-01 16:45:00,planned,MEC-02,9751.0
3849,34,2026-05-23 10:54:00,2026-05-23 13:47:00,unplanned,MEC-02,4226.0
3850,29,2026-02-20 17:11:00,2026-02-20 19:18:00,planned,MAT-01,6564.0
3851,29,2026-03-14 23:40:00,2026-03-15 01:11:00,planned,CAL-01,8731.0
3852,46,2026-01-08 18:57:00,2026-01-08 20:58:00,unplanned,MAT-01,2341.0
3853,48,2026-02-13 12:56:00,2026-02-13 15:24:00,planned,MAT-01,
3854,4,2026-02-11 13:55:00,2026-02-11 15:00:00,planned,MAT-01,
3855,4,2026-06-08 06:56:00,2026-06-08 07:01:00,unplanned,CAL-01,7543.0
3856,47,2026-06-09 18:59:00,2026-06-09 20:07:00,unplanned,CAL-01,3203.0
3857,38,2026-06-11 13:57:00,2026-06-11 14:31:00,planned,MEC-02,2910.0
3858,17,2026-02-27 17:49:00,2026-02-27 20:36:00,unplanned,MAT-01,906.0
3859,4,2026-01-17 04:23:00,2026-01-17 04:42:00,unplanned,ELEC-01,4292.0
3860,6,2026-06-05 22:24:00,2026-06-05 23:49:00,unplanned,MAT-01,6092.0
3861,46,2026-04-18 02:31:00,2026-04-18 03:08:00,planned,MEC-02,7509.0
3862,15,2026-02-23 21:35:00,2026-02-23 21:51:00,unplanned,MEC-02,7563.0
3863,49,2026-06-24 23:19:00,2026-06-24 23:26:00,unplanned,MEC-02,4866.0
3864,28,2026-05-19 07:56:00,2026-05-19 08:48:00,planned,CAL-01,1913.0
3865,18,2026-04-14 22:41:00,2026-04-15 00:50:00,planned,MEC-01,
3866,31,2026-05-10 04:41:00,2026-05-10 07:36:00,planned,MEC-01,
3867,4,2026-06-17 20:12:00,2026-06-17 21:28:00,planned,ELEC-01,892.0
3868,34,2026-05-18 18:00:00,2026-05-18 20:39:00,unplanned,MAT-01,4508.0
3869,12,2026-06-10 07:51:00,2026-06-10 08:33:00,planned,MEC-02,7098.0
3870,49,2026-04-27 17:55:00,2026-04-27 19:45:00,planned,MAT-01,7355.0
3871,22,2026-01-18 02:05:00,2026-01-18 03:48:00,planned,ELEC-01,8029.0
3872,3,2026-03-14 19:11:00,2026-03-14 20:16:00,planned,CAL-01,8950.0
3873,41,2026-05-16 16:05:00,2026-05-16 18:24:00,planned,ELEC-01,
3874,12,2026-03-28 01:09:00,2026-03-28 03:27:00,unplanned,MAT-01,
3875,29,2026-05-23 19:21:00,2026-05-23 20:56:00,unplanned,MEC-01,2075.0
3876,40,2026-05-17 15:53:00,2026-05-17 17:02:00,planned,ELEC-01,2966.0
3877,31,2026-06-05 08:37:00,2026-06-05 11:02:00,unplanned,MEC-01,3469.0
3878,14,2026-06-10 23:19:00,2026-06-11 00:44:00,planned,MEC-01,6546.0
3879,28,2026-03-19 16:46:00,2026-03-19 19:27:00,planned,ELEC-01,3916.0
3880,7,2026-05-29 13:16:00,2026-05-29 14:44:00,unplanned,MEC-02,719.0
3881,19,2026-05-18 11:08:00,2026-05-18 11:40:00,planned,CAL-01,858.0
3882,10,2026-02-23 22:33:00,2026-02-23 23:38:00,planned,MAT-01,
3883,11,2026-04-12 10:09:00,2026-04-12 12:07:00,unplanned,MAT-01,2841.0
3884,19,2026-06-02 03:15:00,2026-06-02 05:18:00,unplanned,MEC-02,4288.0
3885,38,2026-01-29 17:03:00,2026-01-29 18:41:00,unplanned,MEC-01,
3886,45,2026-01-07 06:39:00,2026-01-07 06:55:00,planned,CAL-01,9098.0
3887,28,2026-03-22 10:39:00,2026-03-22 13:02:00,planned,MEC-02,
3888,7,2026-04-28 07:28:00,2026-04-28 08:08:00,planned,MEC-02,4169.0
3889,24,2026-03-27 14:26:00,2026-03-27 15:43:00,planned,ELEC-01,8363.0
3890,40,2026-06-24 19:04:00,2026-06-24 19:16:00,unplanned,MAT-01,
3891,22,2026-01-08 04:45:00,2026-01-08 06:13:00,planned,ELEC-01,6071.0
3892,3,2026-06-17 17:07:00,2026-06-17 19:37:00,planned,MEC-02,
3893,9,2026-06-18 11:56:00,2026-06-18 13:06:00,planned,MAT-01,1614.0
3894,8,2026-02-27 23:24:00,2026-02-28 00:48:00,unplanned,CAL-01,2806.0
3895,45,2026-03-02 07:47:00,2026-03-02 09:26:00,planned,MAT-01,8905.0
3896,28,2026-02-04 07:30:00,2026-02-04 07:42:00,planned,MAT-01,4351.0
3897,9,2026-04-05 00:50:00,2026-04-05 03:47:00,planned,CAL-01,
3898,10,2026-05-06 09:36:00,2026-05-06 11:56:00,unplanned,MEC-01,1344.0
3899,23,2026-05-02 10:21:00,2026-05-02 13:20:00,unplanned,MEC-01,9204.0
3900,38,2026-02-06 10:21:00,2026-02-06 13:10:00,planned,ELEC-01,9933.0
3901,26,2026-05-17 10:07:00,2026-05-17 11:43:00,planned,MEC-01,4421.0
3902,48,2026-02-08 17:08:00,2026-02-08 19:23:00,unplanned,MAT-01,765.0
3903,40,2026-04-01 16:03:00,2026-04-01 17:22:00,unplanned,ELEC-01,7861.0
3904,5,2026-02-07 12:38:00,2026-02-07 14:47:00,planned,MAT-01,3572.0
3905,33,2026-02-28 00:58:00,2026-02-28 02:26:00,planned,MAT-01,5209.0
3906,21,2026-03-09 07:43:00,2026-03-09 10:07:00,planned,MEC-02,5242.0
3907,30,2026-06-26 19:22:00,2026-06-26 21:09:00,unplanned,MEC-02,9860.0
3908,30,2026-03-20 18:22:00,2026-03-20 18:31:00,planned,CAL-01,
3909,43,2026-03-19 10:34:00,2026-03-19 12:28:00,planned,MEC-01,
3910,33,2026-05-06 05:15:00,2026-05-06 07:35:00,planned,CAL-01,3912.0
3911,39,2026-04-29 11:36:00,2026-04-29 13:45:00,planned,MAT-01,4913.0
3912,43,2026-01-31 23:39:00,2026-02-01 01:47:00,planned,MAT-01,9204.0
3913,35,2026-01-05 15:50:00,2026-01-05 17:46:00,unplanned,MAT-01,6083.0
3914,41,2026-01-23 02:25:00,2026-01-23 04:28:00,unplanned,CAL-01,1231.0
3915,23,2026-02-20 03:21:00,2026-02-20 04:03:00,unplanned,MEC-02,6064.0
3916,22,2026-01-14 22:03:00,2026-01-14 23:25:00,unplanned,MEC-02,3281.0
3917,44,2026-01-26 16:37:00,2026-01-26 18:02:00,planned,MEC-02,2552.0
3918,46,2026-01-29 19:09:00,2026-01-29 20:10:00,planned,ELEC-01,435.0
3919,14,2026-01-02 14:16:00,2026-01-02 15:18:00,unplanned,MEC-02,6079.0
3920,31,2026-01-19 05:33:00,2026-01-19 08:17:00,unplanned,MAT-01,1058.0
3921,25,2026-06-17 15:11:00,2026-06-17 15:47:00,unplanned,MEC-01,5293.0
3922,13,2026-05-15 23:01:00,2026-05-16 01:53:00,planned,MAT-01,7906.0
3923,17,2026-02-21 05:28:00,2026-02-21 08:18:00,planned,MAT-01,2847.0
3924,3,2026-06-02 14:14:00,2026-06-02 16:43:00,planned,CAL-01,8764.0
3925,41,2026-05-08 08:34:00,2026-05-08 10:39:00,unplanned,MAT-01,
3926,24,2026-05-21 21:55:00,2026-05-21 23:13:00,planned,ELEC-01,4649.0
3927,14,2026-05-10 23:51:00,2026-05-11 01:59:00,planned,CAL-01,5319.0
3928,27,2026-03-02 17:13:00,2026-03-02 19:21:00,planned,CAL-01,232.0
3929,5,2026-04-05 04:58:00,2026-04-05 07:32:00,unplanned,MEC-02,1887.0
3930,24,2026-01-02 16:36:00,2026-01-02 19:16:00,planned,MAT-01,
3931,19,2026-03-24 22:43:00,2026-03-25 01:34:00,unplanned,CAL-01,7225.0
3932,14,2026-06-05 05:58:00,2026-06-05 07:05:00,planned,MEC-01,990.0
3933,50,2026-06-24 01:07:00,2026-06-24 02:16:00,unplanned,MAT-01,2912.0
3934,48,2026-04-16 07:50:00,2026-04-16 08:08:00,planned,MAT-01,9557.0
3935,45,2026-03-10 17:19:00,2026-03-10 18:55:00,unplanned,MEC-02,5597.0
3936,45,2026-06-22 16:02:00,2026-06-22 18:03:00,planned,MEC-01,4448.0
3937,48,2026-04-06 22:02:00,2026-04-06 22:27:00,planned,MEC-02,583.0
3938,41,2026-03-25 05:37:00,2026-03-25 07:23:00,planned,CAL-01,1887.0
3939,20,2026-06-13 10:21:00,2026-06-13 11:58:00,unplanned,MEC-02,3080.0
3940,27,2026-04-16 05:33:00,2026-04-16 06:32:00,unplanned,MEC-02,553.0
3941,48,2026-01-14 22:32:00,2026-01-15 01:19:00,planned,MEC-01,
3942,42,2026-04-15 04:17:00,2026-04-15 06:36:00,unplanned,CAL-01,1146.0
3943,29,2026-06-09 08:47:00,2026-06-09 11:37:00,unplanned,CAL-01,3735.0
3944,41,2026-01-30 16:18:00,2026-01-30 19:06:00,planned,CAL-01,
3945,42,2026-01-24 19:00:00,2026-01-24 20:08:00,planned,MEC-01,2707.0
3946,35,2026-01-15 12:45:00,2026-01-15 14:57:00,unplanned,MEC-02,5897.0
3947,9,2026-04-08 04:54:00,2026-04-08 06:39:00,unplanned,ELEC-01,6707.0
3948,30,2026-03-22 04:35:00,2026-03-22 06:43:00,planned,MEC-02,9772.0
3949,49,2026-01-11 21:21:00,2026-01-11 22:16:00,planned,CAL-01,4980.0
3950,28,2026-04-21 20:52:00,2026-04-21 21:39:00,planned,CAL-01,5107.0
3951,10,2026-03-10 01:07:00,2026-03-10 03:21:00,planned,MEC-02,3384.0
3952,40,2026-03-04 12:28:00,2026-03-04 14:05:00,unplanned,ELEC-01,7048.0
3953,18,2026-02-21 02:36:00,2026-02-21 04:43:00,planned,MEC-02,8278.0
3954,5,2026-02-28 02:40:00,2026-02-28 03:24:00,planned,MAT-01,
3955,31,2026-01-19 09:07:00,2026-01-19 10:15:00,unplanned,MEC-02,5627.0
3956,13,2026-04-08 11:00:00,2026-04-08 11:34:00,planned,MEC-01,772.0
3957,20,2026-04-23 22:02:00,2026-04-24 00:58:00,planned,MEC-02,578.0
3958,10,2026-05-29 11:20:00,2026-05-29 12:01:00,planned,MEC-01,3786.0
3959,39,2026-01-20 13:39:00,2026-01-20 16:17:00,planned,CAL-01,6408.0
3960,19,2026-05-04 02:22:00,2026-05-04 04:41:00,unplanned,ELEC-01,3372.0
3961,22,2026-01-11 20:36:00,2026-01-11 22:34:00,planned,CAL-01,3274.0
3962,8,2026-05-24 17:30:00,2026-05-24 18:46:00,planned,CAL-01,
3963,18,2026-04-02 22:21:00,2026-04-02 23:13:00,unplanned,CAL-01,
3964,2,2026-06-04 14:04:00,2026-06-04 16:02:00,unplanned,MAT-01,9465.0
3965,20,2026-02-08 20:18:00,2026-02-08 20:26:00,planned,CAL-01,
3966,2,2026-02-22 16:19:00,2026-02-22 18:10:00,planned,MEC-01,8235.0
3967,49,2026-06-16 08:59:00,2026-06-16 10:05:00,planned,CAL-01,9482.0
3968,8,2026-06-06 13:59:00,2026-06-06 14:04:00,planned,MAT-01,
3969,49,2026-04-12 22:10:00,2026-04-13 00:45:00,planned,ELEC-01,6101.0
3970,26,2026-01-08 04:07:00,2026-01-08 04:54:00,planned,CAL-01,262.0
3971,49,2026-02-16 05:32:00,2026-02-16 05:43:00,unplanned,ELEC-01,4810.0
3972,23,2026-04-10 06:39:00,2026-04-10 08:03:00,unplanned,MEC-01,105.0
3973,30,2026-06-21 04:34:00,2026-06-21 05:49:00,planned,MEC-02,7624.0
3974,35,2026-03-15 08:00:00,2026-03-15 09:08:00,unplanned,CAL-01,8846.0
3975,23,2026-04-25 12:56:00,2026-04-25 13:49:00,planned,ELEC-01,9792.0
3976,37,2026-06-07 07:14:00,2026-06-07 07:20:00,unplanned,CAL-01,
3977,37,2026-05-23 21:51:00,2026-05-23 23:06:00,planned,ELEC-01,113.0
3978,10,2026-03-09 12:51:00,2026-03-09 15:36:00,planned,ELEC-01,194.0
3979,27,2026-06-19 15:32:00,2026-06-19 15:45:00,unplanned,MEC-02,1194.0
3980,13,2026-02-26 12:48:00,2026-02-26 15:10:00,planned,MAT-01,3948.0
3981,33,2026-04-08 10:40:00,2026-04-08 12:20:00,planned,MEC-01,8672.0
3982,30,2026-04-18 03:52:00,2026-04-18 06:34:00,planned,MEC-01,
3983,37,2026-03-28 23:24:00,2026-03-29 00:04:00,unplanned,MAT-01,
3984,29,2026-01-04 01:23:00,2026-01-04 04:17:00,unplanned,ELEC-01,4886.0
3985,15,2026-05-16 13:29:00,2026-05-16 14:16:00,unplanned,MAT-01,2018.0
3986,1,2026-03-13 14:31:00,2026-03-13 17:20:00,planned,MEC-01,8575.0
3987,39,2026-05-28 00:16:00,2026-05-28 01:22:00,unplanned,MAT-01,
3988,32,2026-02-04 04:46:00,2026-02-04 06:53:00,planned,CAL-01,
3989,15,2026-04-04 19:40:00,2026-04-04 21:49:00,unplanned,MEC-02,9043.0
3990,33,2026-04-21 00:13:00,2026-04-21 01:22:00,unplanned,MEC-01,5978.0
3991,40,2026-04-24 22:14:00,2026-04-25 00:40:00,planned,ELEC-01,3700.0
3992,16,2026-06-20 03:30:00,2026-06-20 04:36:00,planned,CAL-01,
3993,28,2026-01-02 12:44:00,2026-01-02 12:49:00,planned,ELEC-01,
3994,33,2026-06-13 07:56:00,2026-06-13 09:18:00,unplanned,MEC-02,1601.0
3995,21,2026-03-29 13:33:00,2026-03-29 15:28:00,unplanned,MEC-01,8427.0
3996,37,2026-03-12 09:28:00,2026-03-12 10:31:00,unplanned,ELEC-01,312.0
3997,42,2026-04-05 14:04:00,2026-04-05 16:31:00,unplanned,ELEC-01,
3998,50,2026-04-14 18:55:00,2026-04-14 19:52:00,unplanned,MAT-01,9981.0
3999,50,2026-03-27 14:33:00,2026-03-27 14:59:00,unplanned,MEC-02,7902.0
4000,15,2026-05-20 05:35:00,2026-05-20 08:19:00,planned,MEC-01,4195.0
4001,31,2026-05-31 16:02:00,2026-05-31 18:09:00,planned,MAT-01,31.0
4002,31,2026-04-29 11:39:00,2026-04-29 11:57:00,planned,MEC-02,1042.0
4003,10,2026-03-22 09:23:00,2026-03-22 11:48:00,unplanned,MEC-01,
4004,2,2026-04-13 05:00:00,2026-04-13 06:30:00,unplanned,ELEC-01,
4005,20,2026-02-05 22:33:00,2026-02-06 00:56:00,unplanned,MAT-01,
4006,31,2026-02-11 22:56:00,2026-02-12 01:30:00,planned,ELEC-01,3012.0
4007,2,2026-05-03 05:08:00,2026-05-03 05:25:00,planned,ELEC-01,3925.0
4008,43,2026-06-05 00:51:00,2026-06-05 02:33:00,unplanned,MEC-01,6771.0
4009,11,2026-02-27 14:22:00,2026-02-27 15:49:00,planned,ELEC-01,4038.0
4010,42,2026-02-23 00:12:00,2026-02-23 02:53:00,unplanned,MAT-01,
4011,26,2026-05-31 13:30:00,2026-05-31 13:52:00,planned,MEC-01,2211.0
4012,21,2026-03-25 07:39:00,2026-03-25 08:23:00,planned,MEC-01,3147.0
4013,42,2026-06-22 02:55:00,2026-06-22 04:11:00,unplanned,MEC-01,2152.0
4014,21,2026-05-09 09:01:00,2026-05-09 10:22:00,unplanned,MEC-01,4272.0
4015,38,2026-05-05 00:58:00,2026-05-05 01:04:00,unplanned,ELEC-01,6870.0
4016,42,2026-05-29 21:30:00,2026-05-29 22:46:00,planned,CAL-01,
4017,37,2026-02-20 20:56:00,2026-02-20 22:19:00,planned,MAT-01,3257.0
4018,3,2026-01-22 08:54:00,2026-01-22 09:04:00,planned,MEC-02,4588.0
4019,4,2026-06-03 13:54:00,2026-06-03 15:22:00,unplanned,ELEC-01,28.0
4020,35,2026-04-26 14:29:00,2026-04-26 17:27:00,planned,CAL-01,
4021,38,2026-05-14 05:10:00,2026-05-14 05:36:00,unplanned,ELEC-01,
4022,14,2026-04-26 10:27:00,2026-04-26 10:33:00,unplanned,CAL-01,6196.0
4023,3,2026-04-26 02:59:00,2026-04-26 03:34:00,planned,MAT-01,9270.0
4024,31,2026-05-29 05:25:00,2026-05-29 05:58:00,planned,MEC-02,
4025,45,2026-06-22 04:19:00,2026-06-22 04:54:00,unplanned,MEC-01,2613.0
4026,8,2026-04-23 17:41:00,2026-04-23 17:57:00,unplanned,MAT-01,6417.0
4027,3,2026-05-23 12:44:00,2026-05-23 13:51:00,planned,MAT-01,
4028,50,2026-01-13 06:32:00,2026-01-13 09:02:00,unplanned,ELEC-01,
4029,45,2026-01-20 21:55:00,2026-01-20 22:13:00,planned,MEC-01,
4030,26,2026-04-12 11:31:00,2026-04-12 14:05:00,planned,MEC-02,9019.0
4031,49,2026-03-10 19:06:00,2026-03-10 22:00:00,planned,MEC-02,9286.0
4032,28,2026-04-25 01:09:00,2026-04-25 02:53:00,unplanned,MEC-02,925.0
4033,21,2026-05-18 14:32:00,2026-05-18 16:18:00,unplanned,MAT-01,8255.0
4034,10,2026-02-22 13:11:00,2026-02-22 14:40:00,unplanned,MEC-02,
4035,4,2026-02-15 14:22:00,2026-02-15 16:31:00,planned,MEC-01,7554.0
4036,9,2026-01-03 12:30:00,2026-01-03 13:10:00,planned,MAT-01,1020.0
4037,43,2026-06-28 10:10:00,2026-06-28 10:50:00,unplanned,MEC-01,
4038,40,2026-01-19 01:23:00,2026-01-19 03:43:00,unplanned,ELEC-01,6332.0
4039,22,2026-02-13 11:09:00,2026-02-13 11:53:00,unplanned,MEC-02,7469.0
4040,17,2026-01-24 13:11:00,2026-01-24 14:18:00,unplanned,MEC-01,3445.0
4041,33,2026-03-11 20:17:00,2026-03-11 20:35:00,planned,MEC-01,506.0
4042,38,2026-06-19 14:57:00,2026-06-19 17:38:00,planned,ELEC-01,5183.0
4043,20,2026-03-24 01:56:00,2026-03-24 04:34:00,unplanned,MAT-01,6451.0
4044,20,2026-02-11 08:23:00,2026-02-11 11:04:00,unplanned,MEC-02,4470.0
4045,27,2026-01-05 14:21:00,2026-01-05 16:06:00,planned,CAL-01,9013.0
4046,9,2026-04-30 12:05:00,2026-04-30 12:45:00,planned,MEC-01,
4047,16,2026-06-29 05:02:00,2026-06-29 08:02:00,planned,ELEC-01,2632.0
4048,47,2026-04-26 19:11:00,2026-04-26 21:13:00,unplanned,CAL-01,7638.0
4049,30,2026-04-22 08:51:00,2026-04-22 09:09:00,unplanned,MEC-01,
4050,37,2026-01-04 00:13:00,2026-01-04 02:00:00,planned,ELEC-01,6610.0
4051,33,2026-02-15 04:57:00,2026-02-15 05:20:00,unplanned,MEC-02,7599.0
4052,29,2026-04-21 01:09:00,2026-04-21 01:37:00,planned,CAL-01,3359.0
4053,19,2026-06-01 15:09:00,2026-06-01 17:11:00,planned,MEC-02,6149.0
4054,42,2026-01-07 07:41:00,2026-01-07 10:38:00,planned,CAL-01,4937.0
4055,9,2026-01-23 09:16:00,2026-01-23 09:31:00,unplanned,ELEC-01,
4056,42,2026-01-03 18:19:00,2026-01-03 20:23:00,planned,MEC-01,81.0
4057,8,2026-01-18 23:54:00,2026-01-19 02:40:00,planned,CAL-01,3403.0
4058,1,2026-01-24 21:19:00,2026-01-24 22:47:00,planned,ELEC-01,
4059,40,2026-04-17 09:31:00,2026-04-17 10:44:00,unplanned,CAL-01,8626.0
4060,4,2026-05-31 15:43:00,2026-05-31 16:52:00,planned,MAT-01,6941.0
4061,40,2026-02-17 01:37:00,2026-02-17 01:56:00,unplanned,CAL-01,3265.0
4062,24,2026-03-19 02:36:00,2026-03-19 05:36:00,unplanned,MAT-01,7700.0
4063,17,2026-02-22 05:44:00,2026-02-22 06:14:00,planned,ELEC-01,
4064,36,2026-04-30 15:02:00,2026-04-30 16:59:00,planned,MEC-02,9778.0
4065,7,2026-04-05 03:06:00,2026-04-05 04:58:00,unplanned,CAL-01,
4066,11,2026-06-23 14:44:00,2026-06-23 17:04:00,planned,CAL-01,
4067,8,2026-06-12 19:07:00,2026-06-12 20:55:00,unplanned,MAT-01,
4068,28,2026-02-28 08:56:00,2026-02-28 09:36:00,planned,ELEC-01,4152.0
4069,7,2026-01-04 10:24:00,2026-01-04 10:56:00,unplanned,MAT-01,6315.0
4070,3,2026-01-26 08:42:00,2026-01-26 10:36:00,planned,ELEC-01,
4071,24,2026-06-12 01:27:00,2026-06-12 02:39:00,unplanned,MEC-02,
4072,11,2026-04-29 21:07:00,2026-04-29 23:52:00,unplanned,MAT-01,4397.0
4073,2,2026-05-10 22:02:00,2026-05-10 22:13:00,unplanned,CAL-01,1077.0
4074,39,2026-06-16 09:34:00,2026-06-16 11:24:00,planned,MEC-02,9023.0
4075,46,2026-02-22 09:50:00,2026-02-22 09:57:00,unplanned,MEC-01,2419.0
4076,17,2026-02-25 07:58:00,2026-02-25 10:17:00,unplanned,MEC-02,6643.0
4077,33,2026-01-23 08:47:00,2026-01-23 09:52:00,planned,MAT-01,2765.0
4078,13,2026-04-19 09:50:00,2026-04-19 11:17:00,unplanned,CAL-01,4144.0
4079,27,2026-03-07 06:17:00,2026-03-07 06:29:00,unplanned,MEC-01,5148.0
4080,35,2026-06-28 18:34:00,2026-06-28 19:23:00,planned,MEC-01,
4081,7,2026-04-11 00:00:00,2026-04-11 00:21:00,unplanned,ELEC-01,
4082,18,2026-02-07 09:50:00,2026-02-07 12:02:00,unplanned,CAL-01,1741.0
4083,29,2026-06-26 22:40:00,2026-06-26 23:15:00,planned,CAL-01,
4084,7,2026-06-09 20:06:00,2026-06-09 20:22:00,planned,MEC-02,
4085,19,2026-04-10 13:42:00,2026-04-10 15:32:00,planned,MEC-02,
4086,43,2026-02-09 11:07:00,2026-02-09 11:54:00,unplanned,CAL-01,
4087,45,2026-01-31 22:41:00,2026-02-01 01:30:00,unplanned,ELEC-01,
4088,29,2026-06-08 18:31:00,2026-06-08 19:35:00,unplanned,MEC-01,
4089,13,2026-03-24 04:42:00,2026-03-24 07:21:00,unplanned,ELEC-01,
4090,48,2026-04-26 03:18:00,2026-04-26 05:29:00,unplanned,MAT-01,2970.0
4091,39,2026-04-16 18:27:00,2026-04-16 21:10:00,unplanned,CAL-01,38.0
4092,18,2026-04-21 17:30:00,2026-04-21 19:52:00,unplanned,MAT-01,541.0
4093,46,2026-02-08 10:03:00,2026-02-08 11:51:00,unplanned,MAT-01,7025.0
4094,50,2026-03-14 23:16:00,2026-03-15 00:44:00,planned,ELEC-01,4524.0
4095,12,2026-05-23 12:45:00,2026-05-23 15:04:00,unplanned,MEC-02,
4096,26,2026-06-14 18:23:00,2026-06-14 19:17:00,unplanned,CAL-01,
4097,43,2026-04-29 12:12:00,2026-04-29 15:03:00,planned,MEC-02,8564.0
4098,28,2026-02-16 13:02:00,2026-02-16 14:54:00,planned,ELEC-01,3437.0
4099,14,2026-04-02 12:31:00,2026-04-02 14:14:00,planned,ELEC-01,2939.0
4100,47,2026-06-15 12:19:00,2026-06-15 15:08:00,planned,CAL-01,6948.0
4101,49,2026-04-28 19:59:00,2026-04-28 22:06:00,unplanned,MEC-02,1349.0
4102,24,2026-01-22 06:56:00,2026-01-22 09:16:00,unplanned,MAT-01,2706.0
4103,11,2026-03-19 10:15:00,2026-03-19 12:04:00,unplanned,MAT-01,
4104,39,2026-02-06 13:35:00,2026-02-06 15:51:00,planned,CAL-01,
4105,9,2026-03-14 06:30:00,2026-03-14 08:03:00,unplanned,MAT-01,
4106,22,2026-04-06 00:28:00,2026-04-06 01:27:00,unplanned,MEC-02,6127.0
4107,17,2026-05-07 22:34:00,2026-05-08 00:51:00,planned,MEC-02,2264.0
4108,43,2026-04-12 04:34:00,2026-04-12 05:36:00,unplanned,MEC-01,4478.0
4109,1,2026-04-09 21:15:00,2026-04-09 21:43:00,planned,CAL-01,8700.0
4110,22,2026-06-23 05:27:00,2026-06-23 07:32:00,planned,ELEC-01,6219.0
4111,13,2026-05-08 17:14:00,2026-05-08 19:21:00,unplanned,MEC-02,
4112,41,2026-03-26 23:30:00,2026-03-27 01:55:00,unplanned,MAT-01,3141.0
4113,30,2026-03-15 08:39:00,2026-03-15 09:55:00,planned,MAT-01,1986.0
4114,35,2026-02-05 16:34:00,2026-02-05 17:10:00,unplanned,ELEC-01,9817.0
4115,48,2026-02-09 04:52:00,2026-02-09 06:09:00,unplanned,MAT-01,3140.0
4116,16,2026-01-22 01:59:00,2026-01-22 03:42:00,unplanned,MAT-01,2741.0
4117,19,2026-01-26 13:03:00,2026-01-26 14:37:00,unplanned,CAL-01,
4118,16,2026-04-12 08:10:00,2026-04-12 08:19:00,planned,MAT-01,5887.0
4119,21,2026-02-02 01:36:00,2026-02-02 04:18:00,unplanned,CAL-01,6787.0
4120,2,2026-03-12 03:24:00,2026-03-12 05:35:00,planned,MEC-01,9093.0
4121,39,2026-01-02 16:11:00,2026-01-02 18:56:00,unplanned,MAT-01,1991.0
4122,24,2026-01-06 22:57:00,2026-01-07 00:27:00,unplanned,ELEC-01,9633.0
4123,28,2026-06-13 00:02:00,2026-06-13 00:07:00,unplanned,MEC-02,
4124,36,2026-03-06 11:14:00,2026-03-06 14:01:00,planned,MEC-02,7388.0
4125,6,2026-03-08 22:15:00,2026-03-09 01:00:00,unplanned,ELEC-01,1184.0
4126,37,2026-02-17 07:21:00,2026-02-17 08:08:00,planned,MAT-01,685.0
4127,44,2026-03-20 23:53:00,2026-03-21 01:24:00,unplanned,MEC-02,
4128,22,2026-04-12 23:47:00,2026-04-13 01:44:00,unplanned,MAT-01,
4129,6,2026-02-25 15:20:00,2026-02-25 17:26:00,unplanned,MEC-01,1878.0
4130,25,2026-03-24 06:42:00,2026-03-24 07:43:00,unplanned,MEC-01,
4131,38,2026-06-05 08:07:00,2026-06-05 09:10:00,unplanned,MAT-01,
4132,35,2026-06-07 05:12:00,2026-06-07 07:59:00,planned,MAT-01,1015.0
4133,30,2026-06-04 19:09:00,2026-06-04 21:15:00,planned,MEC-01,4267.0
4134,23,2026-03-07 05:41:00,2026-03-07 08:06:00,unplanned,CAL-01,1693.0
4135,19,2026-05-15 22:45:00,2026-05-15 22:53:00,unplanned,ELEC-01,7924.0
4136,41,2026-02-28 22:01:00,2026-02-28 22:14:00,unplanned,CAL-01,5747.0
4137,20,2026-02-18 15:11:00,2026-02-18 16:00:00,planned,MAT-01,7820.0
4138,25,2026-02-09 03:34:00,2026-02-09 05:13:00,planned,ELEC-01,7554.0
4139,49,2026-06-26 15:07:00,2026-06-26 16:20:00,planned,MEC-01,3666.0
4140,12,2026-03-14 14:19:00,2026-03-14 15:01:00,planned,MAT-01,771.0
4141,23,2026-06-24 07:48:00,2026-06-24 08:27:00,planned,MEC-01,161.0
4142,44,2026-05-15 05:20:00,2026-05-15 06:49:00,planned,MEC-02,
4143,4,2026-05-11 17:43:00,2026-05-11 19:22:00,unplanned,MAT-01,
4144,47,2026-04-22 02:07:00,2026-04-22 05:00:00,planned,ELEC-01,
4145,28,2026-05-08 14:05:00,2026-05-08 16:17:00,unplanned,MAT-01,
4146,8,2026-01-14 08:54:00,2026-01-14 10:43:00,planned,MEC-01,
4147,34,2026-03-25 09:24:00,2026-03-25 09:33:00,planned,CAL-01,
4148,38,2026-05-26 19:24:00,2026-05-26 20:55:00,planned,ELEC-01,4214.0
4149,33,2026-06-25 05:05:00,2026-06-25 07:45:00,planned,ELEC-01,
4150,37,2026-04-15 17:44:00,2026-04-15 17:54:00,unplanned,CAL-01,9420.0
4151,30,2026-02-28 19:52:00,2026-02-28 21:49:00,planned,ELEC-01,
4152,49,2026-03-11 02:13:00,2026-03-11 02:24:00,unplanned,ELEC-01,8658.0
4153,28,2026-04-17 20:01:00,2026-04-17 21:02:00,unplanned,MAT-01,
4154,38,2026-06-22 04:55:00,2026-06-22 05:28:00,planned,MAT-01,8884.0
4155,48,2026-02-03 09:53:00,2026-02-03 12:50:00,unplanned,CAL-01,7014.0
4156,24,2026-04-01 22:59:00,2026-04-02 00:36:00,planned,MEC-01,5546.0
4157,1,2026-02-28 12:47:00,2026-02-28 12:55:00,unplanned,CAL-01,1240.0
4158,19,2026-05-11 02:06:00,2026-05-11 04:41:00,unplanned,CAL-01,
4159,26,2026-03-03 07:34:00,2026-03-03 09:05:00,planned,CAL-01,7712.0
4160,43,2026-04-01 07:09:00,2026-04-01 09:35:00,unplanned,MEC-01,5434.0
4161,37,2026-05-12 01:41:00,2026-05-12 02:55:00,planned,MAT-01,3451.0
4162,29,2026-01-02 08:39:00,2026-01-02 09:10:00,planned,CAL-01,6642.0
4163,46,2026-01-29 21:41:00,2026-01-29 22:31:00,unplanned,MEC-02,7920.0
4164,31,2026-04-26 22:14:00,2026-04-27 01:13:00,unplanned,MAT-01,9926.0
4165,14,2026-06-08 08:54:00,2026-06-08 10:56:00,unplanned,ELEC-01,576.0
4166,38,2026-01-30 17:52:00,2026-01-30 19:06:00,unplanned,MAT-01,7534.0
4167,46,2026-03-09 05:46:00,2026-03-09 06:51:00,planned,MAT-01,9635.0
4168,4,2026-02-15 16:26:00,2026-02-15 18:14:00,unplanned,MAT-01,6856.0
4169,26,2026-01-16 01:48:00,2026-01-16 02:09:00,unplanned,MEC-02,6711.0
4170,30,2026-05-31 01:39:00,2026-05-31 04:31:00,planned,CAL-01,9781.0
4171,39,2026-06-25 16:47:00,2026-06-25 17:06:00,planned,MEC-01,6105.0
4172,35,2026-03-16 04:12:00,2026-03-16 07:12:00,planned,MAT-01,
4173,30,2026-04-01 04:44:00,2026-04-01 05:05:00,unplanned,MEC-02,1275.0
4174,43,2026-03-27 11:07:00,2026-03-27 11:37:00,planned,MAT-01,730.0
4175,33,2026-01-15 10:35:00,2026-01-15 13:30:00,planned,CAL-01,8493.0
4176,6,2026-04-26 13:07:00,2026-04-26 13:58:00,unplanned,MEC-02,9760.0
4177,41,2026-02-02 11:57:00,2026-02-02 12:27:00,unplanned,CAL-01,7871.0
4178,31,2026-04-16 06:32:00,2026-04-16 08:31:00,unplanned,CAL-01,
4179,21,2026-01-07 06:50:00,2026-01-07 08:06:00,unplanned,MEC-01,
4180,6,2026-01-26 22:27:00,2026-01-27 00:48:00,unplanned,MEC-02,
4181,15,2026-02-09 23:44:00,2026-02-09 23:51:00,planned,MAT-01,5448.0
4182,4,2026-05-05 07:34:00,2026-05-05 09:59:00,planned,CAL-01,
4183,14,2026-02-02 13:30:00,2026-02-02 14:21:00,unplanned,MEC-01,383.0
4184,23,2026-06-04 22:51:00,2026-06-05 00:22:00,unplanned,MAT-01,
4185,30,2026-04-12 10:58:00,2026-04-12 11:30:00,unplanned,ELEC-01,6153.0
4186,4,2026-02-16 16:10:00,2026-02-16 18:28:00,unplanned,MAT-01,2608.0
4187,49,2026-02-05 10:22:00,2026-02-05 12:45:00,planned,ELEC-01,8853.0
4188,47,2026-02-07 20:09:00,2026-02-07 20:57:00,unplanned,MEC-02,7003.0
4189,38,2026-02-12 17:54:00,2026-02-12 20:51:00,unplanned,ELEC-01,1103.0
4190,23,2026-04-03 23:05:00,2026-04-03 23:13:00,unplanned,MEC-01,2575.0
4191,42,2026-01-11 04:14:00,2026-01-11 05:47:00,planned,ELEC-01,4900.0
4192,4,2026-02-23 21:38:00,2026-02-23 22:32:00,planned,ELEC-01,7708.0
4193,32,2026-02-28 18:02:00,2026-02-28 20:13:00,planned,ELEC-01,5788.0
4194,33,2026-01-27 15:31:00,2026-01-27 16:41:00,unplanned,CAL-01,7533.0
4195,39,2026-04-22 15:53:00,2026-04-22 17:15:00,unplanned,CAL-01,9787.0
4196,3,2026-02-20 12:43:00,2026-02-20 14:25:00,planned,CAL-01,1148.0
4197,37,2026-06-09 02:30:00,2026-06-09 05:08:00,planned,ELEC-01,6569.0
4198,40,2026-04-26 21:32:00,2026-04-26 23:16:00,unplanned,ELEC-01,8099.0
4199,44,2026-05-23 09:09:00,2026-05-23 10:30:00,unplanned,MEC-02,2371.0
4200,28,2026-03-08 08:14:00,2026-03-08 09:36:00,planned,CAL-01,
4201,43,2026-06-28 04:42:00,2026-06-28 06:25:00,planned,MAT-01,3514.0
4202,37,2026-01-21 03:47:00,2026-01-21 04:26:00,planned,CAL-01,6421.0
4203,41,2026-04-04 13:20:00,2026-04-04 15:32:00,planned,CAL-01,5709.0
4204,10,2026-02-06 01:43:00,2026-02-06 03:16:00,unplanned,MEC-02,3751.0
4205,49,2026-02-22 16:37:00,2026-02-22 16:48:00,unplanned,CAL-01,1215.0
4206,21,2026-05-28 11:07:00,2026-05-28 13:11:00,planned,MEC-02,9331.0
4207,42,2026-03-17 01:59:00,2026-03-17 03:05:00,unplanned,MEC-02,953.0
4208,21,2026-02-08 04:17:00,2026-02-08 05:22:00,unplanned,ELEC-01,344.0
4209,42,2026-02-02 08:57:00,2026-02-02 10:53:00,planned,MEC-01,
4210,20,2026-04-20 10:16:00,2026-04-20 10:53:00,unplanned,MEC-02,9687.0
4211,42,2026-04-13 00:25:00,2026-04-13 00:36:00,unplanned,CAL-01,6714.0
4212,10,2026-05-15 04:51:00,2026-05-15 06:07:00,unplanned,CAL-01,8917.0
4213,40,2026-01-14 07:54:00,2026-01-14 08:31:00,planned,CAL-01,1435.0
4214,25,2026-04-26 09:51:00,2026-04-26 10:52:00,unplanned,MAT-01,7271.0
4215,18,2026-04-25 13:52:00,2026-04-25 16:29:00,unplanned,MEC-02,2658.0
4216,32,2026-01-18 15:18:00,2026-01-18 17:49:00,planned,MEC-01,9081.0
4217,4,2026-02-15 18:45:00,2026-02-15 21:14:00,planned,MAT-01,1208.0
4218,22,2026-06-05 20:28:00,2026-06-05 21:45:00,planned,CAL-01,
4219,15,2026-04-06 22:03:00,2026-04-06 22:17:00,planned,CAL-01,457.0
4220,16,2026-03-31 15:02:00,2026-03-31 16:49:00,planned,MEC-02,
4221,24,2026-06-11 07:50:00,2026-06-11 10:11:00,planned,ELEC-01,
4222,45,2026-06-01 08:45:00,2026-06-01 09:22:00,unplanned,MAT-01,1260.0
4223,2,2026-03-14 19:13:00,2026-03-14 21:38:00,unplanned,CAL-01,9892.0
4224,4,2026-03-12 06:09:00,2026-03-12 08:22:00,planned,MAT-01,
4225,34,2026-04-21 01:29:00,2026-04-21 04:21:00,planned,MAT-01,7133.0
4226,9,2026-02-22 07:48:00,2026-02-22 09:53:00,unplanned,MAT-01,
4227,42,2026-06-16 23:14:00,2026-06-16 23:26:00,unplanned,ELEC-01,
4228,23,2026-01-31 16:43:00,2026-01-31 18:59:00,unplanned,MEC-01,7700.0
4229,10,2026-02-13 09:53:00,2026-02-13 10:39:00,planned,MAT-01,7577.0
4230,47,2026-04-28 06:10:00,2026-04-28 08:46:00,unplanned,MEC-01,9549.0
4231,10,2026-04-27 12:12:00,2026-04-27 14:28:00,planned,ELEC-01,7019.0
4232,30,2026-01-11 20:06:00,2026-01-11 22:19:00,unplanned,MEC-01,3355.0
4233,25,2026-05-02 23:15:00,2026-05-03 01:21:00,planned,MEC-02,
4234,5,2026-04-10 10:33:00,2026-04-10 11:59:00,unplanned,MEC-01,
4235,16,2026-03-16 08:02:00,2026-03-16 09:13:00,planned,MAT-01,2511.0
4236,48,2026-02-11 09:54:00,2026-02-11 10:20:00,unplanned,CAL-01,
4237,21,2026-03-10 11:51:00,2026-03-10 14:07:00,unplanned,MAT-01,5848.0
4238,41,2026-01-15 20:08:00,2026-01-15 22:09:00,unplanned,MAT-01,8007.0
4239,12,2026-02-10 00:57:00,2026-02-10 03:48:00,planned,MEC-01,
4240,8,2026-05-05 12:38:00,2026-05-05 13:24:00,planned,MEC-01,5707.0
4241,1,2026-02-04 02:30:00,2026-02-04 04:30:00,unplanned,MEC-02,
4242,13,2026-06-11 06:16:00,2026-06-11 06:43:00,planned,MEC-02,7857.0
4243,20,2026-05-08 07:31:00,2026-05-08 09:35:00,planned,MAT-01,
4244,46,2026-04-16 07:51:00,2026-04-16 10:14:00,planned,CAL-01,6042.0
4245,38,2026-06-02 19:10:00,2026-06-02 19:40:00,unplanned,MAT-01,2960.0
4246,49,2026-03-28 21:07:00,2026-03-28 23:40:00,planned,MEC-02,965.0
4247,34,2026-06-21 06:18:00,2026-06-21 07:39:00,planned,MEC-02,4389.0
4248,43,2026-06-03 22:30:00,2026-06-04 01:22:00,unplanned,MEC-01,8275.0
4249,32,2026-03-12 15:07:00,2026-03-12 18:04:00,planned,MEC-02,5925.0
4250,37,2026-05-01 15:46:00,2026-05-01 15:51:00,planned,ELEC-01,
4251,21,2026-02-15 21:58:00,2026-02-16 00:58:00,unplanned,CAL-01,
4252,8,2026-04-01 17:55:00,2026-04-01 20:44:00,unplanned,MEC-02,
4253,48,2026-03-08 14:50:00,2026-03-08 15:11:00,planned,MAT-01,5191.0
4254,16,2026-02-17 17:15:00,2026-02-17 19:02:00,unplanned,MEC-01,3443.0
4255,46,2026-05-16 22:07:00,2026-05-17 00:00:00,planned,ELEC-01,
4256,25,2026-01-29 19:59:00,2026-01-29 21:04:00,unplanned,MAT-01,
4257,29,2026-05-20 06:35:00,2026-05-20 08:56:00,planned,MAT-01,
4258,48,2026-05-09 11:58:00,2026-05-09 14:55:00,unplanned,CAL-01,5146.0
4259,24,2026-06-13 06:24:00,2026-06-13 07:13:00,planned,MEC-01,5161.0
4260,28,2026-04-18 13:54:00,2026-04-18 16:05:00,planned,MEC-01,4156.0
4261,6,2026-03-19 07:57:00,2026-03-19 10:05:00,planned,ELEC-01,
4262,33,2026-02-04 10:15:00,2026-02-04 12:53:00,planned,MAT-01,
4263,10,2026-03-09 09:41:00,2026-03-09 11:58:00,planned,MAT-01,7093.0
4264,17,2026-02-20 21:17:00,2026-02-20 23:19:00,planned,MAT-01,8851.0
4265,1,2026-03-03 16:32:00,2026-03-03 19:06:00,unplanned,MEC-02,5705.0
4266,48,2026-01-15 15:41:00,2026-01-15 16:06:00,planned,MEC-02,1322.0
4267,32,2026-04-27 12:36:00,2026-04-27 15:28:00,planned,ELEC-01,7670.0
4268,13,2026-05-02 21:33:00,2026-05-02 23:33:00,unplanned,MAT-01,5139.0
4269,38,2026-04-20 22:41:00,2026-04-21 00:58:00,unplanned,ELEC-01,7248.0
4270,34,2026-06-14 23:38:00,2026-06-14 23:58:00,planned,CAL-01,4926.0
4271,41,2026-01-14 06:17:00,2026-01-14 07:51:00,planned,MEC-01,4906.0
4272,36,2026-02-03 11:14:00,2026-02-03 13:24:00,unplanned,MAT-01,
4273,1,2026-06-09 21:08:00,2026-06-09 23:18:00,planned,MAT-01,1104.0
4274,22,2026-05-27 14:03:00,2026-05-27 14:58:00,unplanned,MAT-01,9752.0
4275,14,2026-01-17 07:34:00,2026-01-17 07:46:00,planned,MEC-02,4598.0
4276,9,2026-04-20 10:26:00,2026-04-20 12:19:00,planned,MAT-01,299.0
4277,1,2026-01-12 15:52:00,2026-01-12 17:54:00,planned,MAT-01,2800.0
4278,43,2026-06-12 16:44:00,2026-06-12 18:49:00,planned,MAT-01,6879.0
4279,29,2026-06-06 04:47:00,2026-06-06 05:14:00,planned,CAL-01,
4280,7,2026-03-14 23:12:00,2026-03-14 23:21:00,unplanned,MEC-01,7150.0
4281,46,2026-01-28 15:57:00,2026-01-28 16:29:00,unplanned,MEC-01,4239.0
4282,27,2026-01-31 07:56:00,2026-01-31 08:49:00,unplanned,MEC-02,
4283,18,2026-06-24 09:55:00,2026-06-24 12:30:00,unplanned,MAT-01,5504.0
4284,28,2026-05-11 05:15:00,2026-05-11 07:49:00,planned,MEC-02,8046.0
4285,1,2026-03-13 00:38:00,2026-03-13 01:44:00,unplanned,CAL-01,
4286,11,2026-01-28 16:31:00,2026-01-28 18:51:00,planned,MEC-01,
4287,9,2026-02-05 19:34:00,2026-02-05 21:18:00,planned,CAL-01,
4288,27,2026-01-10 00:14:00,2026-01-10 01:53:00,planned,MEC-02,1994.0
4289,21,2026-05-25 21:55:00,2026-05-25 22:50:00,unplanned,MEC-02,
4290,1,2026-06-17 15:36:00,2026-06-17 16:26:00,unplanned,MEC-01,2763.0
4291,31,2026-03-23 02:38:00,2026-03-23 05:29:00,planned,MEC-02,7161.0
4292,43,2026-03-26 17:30:00,2026-03-26 18:21:00,planned,ELEC-01,5139.0
4293,17,2026-04-05 08:09:00,2026-04-05 08:31:00,planned,CAL-01,7293.0
4294,30,2026-03-22 00:49:00,2026-03-22 01:23:00,unplanned,MAT-01,5106.0
4295,28,2026-04-13 10:53:00,2026-04-13 12:56:00,unplanned,MAT-01,7816.0
4296,23,2026-02-27 19:37:00,2026-02-27 20:02:00,planned,MEC-01,7049.0
4297,29,2026-01-19 14:20:00,2026-01-19 14:39:00,planned,CAL-01,9237.0
4298,38,2026-02-03 09:51:00,2026-02-03 12:20:00,planned,MEC-02,6824.0
4299,32,2026-04-19 08:35:00,2026-04-19 09:53:00,planned,ELEC-01,4264.0
4300,38,2026-05-13 15:09:00,2026-05-13 15:14:00,planned,MEC-01,5632.0
4301,20,2026-03-04 21:58:00,2026-03-04 23:29:00,planned,ELEC-01,8144.0
4302,14,2026-05-05 01:26:00,2026-05-05 02:30:00,planned,MEC-02,2423.0
4303,12,2026-04-30 20:37:00,2026-04-30 22:05:00,unplanned,ELEC-01,6164.0
4304,2,2026-06-22 18:47:00,2026-06-22 19:41:00,planned,ELEC-01,1760.0
4305,41,2026-01-30 10:47:00,2026-01-30 12:37:00,planned,ELEC-01,3213.0
4306,20,2026-06-29 23:50:00,2026-06-30 01:05:00,planned,ELEC-01,
4307,8,2026-05-11 17:37:00,2026-05-11 19:09:00,unplanned,MEC-02,1633.0
4308,1,2026-05-31 02:20:00,2026-05-31 05:11:00,planned,MEC-02,4921.0
4309,35,2026-05-17 02:26:00,2026-05-17 04:31:00,planned,MEC-02,445.0
4310,38,2026-03-23 08:34:00,2026-03-23 10:20:00,planned,ELEC-01,
4311,18,2026-02-13 00:01:00,2026-02-13 00:48:00,planned,MEC-01,5528.0
4312,40,2026-03-24 08:05:00,2026-03-24 08:50:00,unplanned,CAL-01,5176.0
4313,29,2026-06-20 16:58:00,2026-06-20 17:40:00,planned,MAT-01,
4314,3,2026-01-24 07:38:00,2026-01-24 10:20:00,unplanned,ELEC-01,
4315,47,2026-06-05 01:55:00,2026-06-05 03:20:00,unplanned,MEC-02,8716.0
4316,41,2026-04-08 09:05:00,2026-04-08 11:54:00,planned,ELEC-01,5951.0
4317,6,2026-01-23 18:09:00,2026-01-23 21:07:00,unplanned,MEC-01,3858.0
4318,31,2026-02-09 05:59:00,2026-02-09 08:08:00,planned,MEC-02,8769.0
4319,20,2026-02-20 09:34:00,2026-02-20 12:31:00,unplanned,MEC-01,3624.0
4320,48,2026-02-11 03:28:00,2026-02-11 05:26:00,unplanned,MAT-01,
4321,39,2026-01-30 09:05:00,2026-01-30 09:56:00,unplanned,ELEC-01,7918.0
4322,35,2026-04-02 22:40:00,2026-04-03 00:06:00,planned,MAT-01,5399.0
4323,21,2026-04-10 22:40:00,2026-04-10 23:48:00,unplanned,ELEC-01,3800.0
4324,40,2026-01-15 06:21:00,2026-01-15 06:50:00,planned,MEC-01,7818.0
4325,8,2026-04-04 21:30:00,2026-04-05 00:05:00,planned,CAL-01,8358.0
4326,25,2026-05-16 20:05:00,2026-05-16 20:33:00,planned,MEC-02,
4327,6,2026-05-13 01:08:00,2026-05-13 02:14:00,planned,ELEC-01,9418.0
4328,14,2026-04-30 01:39:00,2026-04-30 02:06:00,planned,CAL-01,6801.0
4329,5,2026-02-22 15:28:00,2026-02-22 16:56:00,unplanned,MEC-02,4072.0
4330,44,2026-06-20 16:12:00,2026-06-20 17:23:00,planned,MEC-02,5017.0
4331,48,2026-02-25 12:36:00,2026-02-25 13:16:00,unplanned,ELEC-01,646.0
4332,39,2026-06-02 05:28:00,2026-06-02 08:20:00,unplanned,MEC-02,
4333,19,2026-04-09 14:13:00,2026-04-09 16:22:00,unplanned,MAT-01,1373.0
4334,30,2026-06-26 04:53:00,2026-06-26 06:31:00,unplanned,MEC-02,6550.0
4335,38,2026-04-16 13:34:00,2026-04-16 16:33:00,planned,CAL-01,1763.0
4336,18,2026-02-02 20:41:00,2026-02-02 22:43:00,planned,MAT-01,8128.0
4337,2,2026-01-23 22:14:00,2026-01-23 22:46:00,planned,MEC-01,
4338,39,2026-05-22 23:29:00,2026-05-23 00:30:00,unplanned,MEC-01,
4339,29,2026-05-13 19:49:00,2026-05-13 20:47:00,planned,ELEC-01,9347.0
4340,2,2026-04-13 17:43:00,2026-04-13 19:47:00,planned,CAL-01,4737.0
4341,24,2026-02-07 21:10:00,2026-02-07 21:26:00,planned,MAT-01,
4342,50,2026-05-19 19:33:00,2026-05-19 20:32:00,planned,MEC-01,4444.0
4343,3,2026-02-02 04:08:00,2026-02-02 04:27:00,unplanned,ELEC-01,8962.0
4344,1,2026-06-08 07:24:00,2026-06-08 08:48:00,planned,MEC-02,858.0
4345,39,2026-04-16 08:57:00,2026-04-16 11:32:00,unplanned,MEC-02,
4346,19,2026-02-16 08:08:00,2026-02-16 10:29:00,planned,ELEC-01,
4347,35,2026-05-15 21:34:00,2026-05-15 23:23:00,planned,MAT-01,1442.0
4348,12,2026-04-23 09:31:00,2026-04-23 11:35:00,planned,CAL-01,3318.0
4349,24,2026-01-02 18:50:00,2026-01-02 19:30:00,unplanned,ELEC-01,
4350,11,2026-01-07 08:21:00,2026-01-07 09:52:00,planned,MEC-01,1404.0
4351,3,2026-03-25 20:48:00,2026-03-25 22:12:00,unplanned,MEC-02,9529.0
4352,36,2026-05-11 03:19:00,2026-05-11 03:44:00,unplanned,MEC-02,
4353,47,2026-03-19 03:54:00,2026-03-19 04:59:00,planned,MAT-01,1430.0
4354,26,2026-03-12 17:17:00,2026-03-12 17:38:00,unplanned,MEC-01,9200.0
4355,32,2026-06-22 04:41:00,2026-06-22 05:57:00,planned,MEC-02,
4356,20,2026-04-06 02:52:00,2026-04-06 04:34:00,planned,MEC-01,9403.0
4357,42,2026-05-24 12:06:00,2026-05-24 14:21:00,planned,ELEC-01,7821.0
4358,46,2026-05-14 14:54:00,2026-05-14 17:48:00,unplanned,MAT-01,1751.0
4359,27,2026-05-23 09:27:00,2026-05-23 11:35:00,planned,ELEC-01,9139.0
4360,25,2026-06-14 14:01:00,2026-06-14 15:00:00,unplanned,MEC-01,
4361,30,2026-03-09 14:44:00,2026-03-09 16:32:00,unplanned,MEC-02,
4362,7,2026-03-31 04:37:00,2026-03-31 07:29:00,planned,ELEC-01,
4363,43,2026-06-25 01:58:00,2026-06-25 04:58:00,planned,ELEC-01,719.0
4364,50,2026-06-21 00:09:00,2026-06-21 01:31:00,planned,MEC-02,8853.0
4365,47,2026-02-16 02:06:00,2026-02-16 03:42:00,unplanned,ELEC-01,5391.0
4366,37,2026-06-22 13:48:00,2026-06-22 16:00:00,planned,MEC-01,7087.0
4367,11,2026-04-26 05:39:00,2026-04-26 07:47:00,planned,MEC-01,614.0
4368,29,2026-06-16 14:09:00,2026-06-16 16:46:00,unplanned,MAT-01,
4369,20,2026-05-06 14:55:00,2026-05-06 16:10:00,unplanned,ELEC-01,639.0
4370,24,2026-03-14 23:27:00,2026-03-14 23:53:00,planned,MEC-02,
4371,42,2026-03-07 07:41:00,2026-03-07 09:04:00,planned,MAT-01,2915.0
4372,20,2026-03-06 05:00:00,2026-03-06 06:11:00,unplanned,CAL-01,
4373,33,2026-06-17 15:37:00,2026-06-17 15:53:00,planned,CAL-01,304.0
4374,46,2026-02-17 10:51:00,2026-02-17 11:25:00,unplanned,CAL-01,
4375,33,2026-01-10 00:16:00,2026-01-10 02:59:00,planned,ELEC-01,8423.0
4376,14,2026-01-02 17:00:00,2026-01-02 19:25:00,planned,MEC-02,8017.0
4377,24,2026-03-08 16:40:00,2026-03-08 16:52:00,unplanned,ELEC-01,2354.0
4378,35,2026-03-02 00:15:00,2026-03-02 01:27:00,planned,ELEC-01,2138.0
4379,39,2026-06-08 08:24:00,2026-06-08 09:38:00,unplanned,MAT-01,3350.0
4380,42,2026-05-19 08:57:00,2026-05-19 11:53:00,planned,MEC-01,1870.0
4381,41,2026-06-07 11:54:00,2026-06-07 13:47:00,planned,MEC-01,
4382,47,2026-01-21 03:26:00,2026-01-21 05:42:00,unplanned,MEC-01,9698.0
4383,7,2026-04-21 19:15:00,2026-04-21 21:42:00,unplanned,ELEC-01,
4384,47,2026-02-16 19:59:00,2026-02-16 22:42:00,unplanned,CAL-01,5297.0
4385,49,2026-06-13 16:25:00,2026-06-13 18:23:00,planned,CAL-01,
4386,47,2026-05-15 02:40:00,2026-05-15 03:33:00,unplanned,CAL-01,
4387,28,2026-03-20 19:33:00,2026-03-20 21:58:00,planned,ELEC-01,
4388,49,2026-03-20 12:08:00,2026-03-20 14:39:00,unplanned,MEC-01,3186.0
4389,24,2026-03-07 14:48:00,2026-03-07 17:07:00,planned,MAT-01,8806.0
4390,1,2026-02-26 01:03:00,2026-02-26 02:11:00,unplanned,CAL-01,112.0
4391,35,2026-04-26 16:15:00,2026-04-26 18:43:00,unplanned,ELEC-01,4236.0
4392,39,2026-02-18 04:02:00,2026-02-18 06:03:00,unplanned,MEC-01,7020.0
4393,31,2026-03-29 22:07:00,2026-03-29 22:43:00,unplanned,MEC-02,
4394,44,2026-02-14 21:14:00,2026-02-14 21:44:00,unplanned,MEC-02,
4395,2,2026-03-08 06:19:00,2026-03-08 06:37:00,unplanned,CAL-01,4736.0
4396,44,2026-05-22 01:11:00,2026-05-22 02:54:00,unplanned,MEC-02,228.0
4397,24,2026-01-01 12:38:00,2026-01-01 13:04:00,unplanned,CAL-01,
4398,24,2026-04-04 19:21:00,2026-04-04 19:41:00,unplanned,MAT-01,
4399,46,2026-02-09 09:49:00,2026-02-09 11:22:00,unplanned,ELEC-01,1075.0
4400,36,2026-03-07 20:24:00,2026-03-07 22:31:00,planned,MEC-02,5307.0
4401,45,2026-04-12 22:50:00,2026-04-13 01:17:00,planned,ELEC-01,
4402,26,2026-05-29 02:50:00,2026-05-29 05:31:00,unplanned,MEC-02,760.0
4403,18,2026-02-28 13:32:00,2026-02-28 13:43:00,unplanned,MAT-01,3523.0
4404,47,2026-02-21 12:57:00,2026-02-21 15:53:00,unplanned,MAT-01,3629.0
4405,40,2026-04-13 18:43:00,2026-04-13 19:56:00,unplanned,MAT-01,2194.0
4406,43,2026-05-19 04:05:00,2026-05-19 05:19:00,planned,MAT-01,
4407,8,2026-05-09 16:05:00,2026-05-09 17:56:00,planned,CAL-01,
4408,24,2026-01-07 03:32:00,2026-01-07 04:53:00,planned,MAT-01,3947.0
4409,45,2026-06-02 16:20:00,2026-06-02 18:06:00,planned,ELEC-01,728.0
4410,36,2026-03-03 09:41:00,2026-03-03 11:45:00,planned,ELEC-01,
4411,42,2026-06-20 12:43:00,2026-06-20 15:18:00,planned,MEC-02,8981.0
4412,32,2026-04-29 22:22:00,2026-04-29 22:57:00,unplanned,MEC-02,9374.0
4413,47,2026-01-21 19:05:00,2026-01-21 19:47:00,unplanned,ELEC-01,1629.0
4414,15,2026-05-15 03:23:00,2026-05-15 05:32:00,planned,ELEC-01,2677.0
4415,42,2026-06-08 08:10:00,2026-06-08 09:16:00,unplanned,MEC-02,9271.0
4416,44,2026-01-26 16:27:00,2026-01-26 16:36:00,planned,MEC-01,
4417,30,2026-05-17 06:05:00,2026-05-17 07:02:00,planned,MEC-01,7485.0
4418,10,2026-05-21 08:01:00,2026-05-21 08:12:00,unplanned,MEC-02,7955.0
4419,44,2026-02-21 06:03:00,2026-02-21 08:54:00,unplanned,CAL-01,4297.0
4420,50,2026-04-18 17:13:00,2026-04-18 18:07:00,unplanned,ELEC-01,
4421,18,2026-03-09 17:38:00,2026-03-09 20:07:00,unplanned,CAL-01,5672.0
4422,32,2026-03-03 06:14:00,2026-03-03 09:10:00,unplanned,CAL-01,1629.0
4423,38,2026-06-14 08:38:00,2026-06-14 11:03:00,unplanned,MAT-01,410.0
4424,37,2026-02-27 16:45:00,2026-02-27 19:23:00,unplanned,CAL-01,2706.0
4425,37,2026-03-27 05:07:00,2026-03-27 05:24:00,unplanned,MAT-01,8632.0
4426,33,2026-02-24 14:54:00,2026-02-24 15:18:00,planned,MAT-01,3580.0
4427,12,2026-04-30 06:45:00,2026-04-30 08:39:00,unplanned,MAT-01,4360.0
4428,23,2026-05-06 16:28:00,2026-05-06 19:10:00,planned,MEC-01,8351.0
4429,14,2026-06-04 09:17:00,2026-06-04 09:29:00,unplanned,MEC-02,1645.0
4430,7,2026-06-26 14:57:00,2026-06-26 15:05:00,unplanned,MEC-02,9560.0
4431,39,2026-05-10 17:14:00,2026-05-10 17:43:00,planned,MEC-02,2556.0
4432,14,2026-04-24 08:39:00,2026-04-24 09:53:00,planned,ELEC-01,5063.0
4433,10,2026-01-16 00:48:00,2026-01-16 02:53:00,planned,ELEC-01,4671.0
4434,40,2026-03-23 03:35:00,2026-03-23 05:30:00,planned,CAL-01,6226.0
4435,22,2026-04-02 17:49:00,2026-04-02 18:01:00,planned,MAT-01,2921.0
4436,30,2026-06-15 08:32:00,2026-06-15 11:04:00,planned,ELEC-01,8579.0
4437,5,2026-06-26 09:39:00,2026-06-26 11:52:00,planned,MEC-01,
4438,17,2026-02-13 04:04:00,2026-02-13 04:25:00,planned,MEC-02,7196.0
4439,5,2026-01-24 21:03:00,2026-01-24 22:55:00,unplanned,MEC-01,1493.0
4440,9,2026-01-13 15:43:00,2026-01-13 17:42:00,planned,MEC-01,
4441,30,2026-06-04 04:56:00,2026-06-04 06:04:00,planned,MAT-01,7493.0
4442,25,2026-04-17 23:31:00,2026-04-18 00:59:00,planned,MEC-02,9190.0
4443,25,2026-06-26 06:46:00,2026-06-26 07:21:00,planned,MEC-02,
4444,4,2026-02-07 19:57:00,2026-02-07 22:38:00,unplanned,ELEC-01,8234.0
4445,43,2026-01-06 14:34:00,2026-01-06 16:13:00,unplanned,MAT-01,
4446,49,2026-04-14 08:16:00,2026-04-14 09:00:00,unplanned,MEC-01,
4447,46,2026-04-26 03:10:00,2026-04-26 03:52:00,unplanned,CAL-01,
4448,17,2026-04-22 17:39:00,2026-04-22 18:36:00,unplanned,MEC-01,9457.0
4449,41,2026-04-27 23:15:00,2026-04-28 00:42:00,unplanned,CAL-01,2863.0
4450,2,2026-01-25 15:49:00,2026-01-25 16:55:00,planned,MAT-01,5818.0
4451,16,2026-06-16 05:13:00,2026-06-16 07:36:00,unplanned,MAT-01,1663.0
4452,3,2026-05-07 12:51:00,2026-05-07 13:00:00,planned,MEC-02,9839.0
4453,32,2026-01-29 05:42:00,2026-01-29 06:41:00,planned,CAL-01,7246.0
4454,29,2026-03-06 22:27:00,2026-03-07 00:58:00,unplanned,CAL-01,3975.0
4455,39,2026-04-05 09:07:00,2026-04-05 09:58:00,unplanned,MEC-02,4182.0
4456,9,2026-03-06 07:01:00,2026-03-06 07:19:00,unplanned,ELEC-01,4082.0
4457,39,2026-02-20 07:48:00,2026-02-20 09:56:00,planned,ELEC-01,8950.0
4458,14,2026-01-12 15:06:00,2026-01-12 16:32:00,planned,ELEC-01,2795.0
4459,1,2026-01-22 12:16:00,2026-01-22 14:33:00,planned,MEC-01,1115.0
4460,35,2026-03-30 15:21:00,2026-03-30 17:46:00,unplanned,ELEC-01,7669.0
4461,26,2026-05-26 21:58:00,2026-05-27 00:20:00,planned,MEC-02,2224.0
4462,38,2026-06-17 05:00:00,2026-06-17 07:49:00,planned,MAT-01,1762.0
4463,33,2026-06-28 02:59:00,2026-06-28 04:25:00,planned,ELEC-01,2629.0
4464,50,2026-01-03 13:38:00,2026-01-03 16:37:00,planned,MEC-01,176.0
4465,34,2026-01-23 15:31:00,2026-01-23 16:35:00,planned,ELEC-01,
4466,12,2026-06-19 15:23:00,2026-06-19 16:40:00,unplanned,MAT-01,75.0
4467,34,2026-06-26 04:02:00,2026-06-26 05:18:00,planned,MAT-01,8586.0
4468,28,2026-03-31 03:02:00,2026-03-31 03:26:00,planned,MEC-01,5097.0
4469,21,2026-05-12 04:06:00,2026-05-12 04:54:00,planned,MAT-01,
4470,40,2026-04-24 11:10:00,2026-04-24 13:02:00,planned,MAT-01,2674.0
4471,1,2026-06-09 09:09:00,2026-06-09 09:24:00,unplanned,MAT-01,
4472,43,2026-06-10 16:29:00,2026-06-10 18:02:00,planned,CAL-01,9071.0
4473,11,2026-05-31 23:18:00,2026-06-01 00:32:00,planned,ELEC-01,
4474,26,2026-01-30 22:00:00,2026-01-31 00:22:00,unplanned,ELEC-01,1244.0
4475,24,2026-01-13 12:38:00,2026-01-13 13:33:00,unplanned,MEC-02,5092.0
4476,40,2026-05-26 14:22:00,2026-05-26 15:52:00,unplanned,CAL-01,
4477,49,2026-02-14 10:57:00,2026-02-14 13:24:00,planned,MAT-01,6623.0
4478,29,2026-01-15 11:38:00,2026-01-15 13:59:00,unplanned,MEC-01,
4479,44,2026-05-31 08:20:00,2026-05-31 10:32:00,unplanned,ELEC-01,
4480,3,2026-06-14 15:22:00,2026-06-14 17:40:00,unplanned,MAT-01,4613.0
4481,21,2026-04-19 19:35:00,2026-04-19 20:46:00,planned,MEC-02,
4482,25,2026-02-13 03:59:00,2026-02-13 04:09:00,unplanned,MEC-01,
4483,41,2026-02-21 04:02:00,2026-02-21 04:38:00,unplanned,ELEC-01,3835.0
4484,29,2026-05-30 00:40:00,2026-05-30 03:00:00,planned,ELEC-01,2694.0
4485,15,2026-02-06 13:21:00,2026-02-06 14:53:00,unplanned,CAL-01,
4486,26,2026-06-06 09:51:00,2026-06-06 11:39:00,unplanned,ELEC-01,9246.0
4487,7,2026-04-03 01:47:00,2026-04-03 02:35:00,unplanned,CAL-01,7316.0
4488,20,2026-02-24 19:53:00,2026-02-24 21:55:00,planned,MAT-01,8503.0
4489,50,2026-02-03 13:21:00,2026-02-03 16:14:00,unplanned,MEC-01,8185.0
4490,14,2026-04-07 06:31:00,2026-04-07 09:14:00,planned,MAT-01,5222.0
4491,36,2026-06-10 16:26:00,2026-06-10 19:19:00,planned,CAL-01,2494.0
4492,1,2026-06-28 08:58:00,2026-06-28 10:06:00,unplanned,MEC-02,
4493,50,2026-05-12 03:07:00,2026-05-12 04:39:00,planned,MEC-02,322.0
4494,46,2026-01-11 12:41:00,2026-01-11 15:10:00,unplanned,MEC-01,6145.0
4495,26,2026-05-09 02:56:00,2026-05-09 03:51:00,unplanned,MAT-01,
4496,26,2026-06-04 13:29:00,2026-06-04 16:28:00,unplanned,CAL-01,
4497,7,2026-06-09 21:57:00,2026-06-09 23:51:00,unplanned,ELEC-01,
4498,50,2026-04-23 07:05:00,2026-04-23 07:51:00,planned,MEC-02,312.0
4499,6,2026-02-02 20:24:00,2026-02-02 20:30:00,unplanned,MEC-02,
4500,48,2026-02-13 13:34:00,2026-02-13 15:53:00,planned,MEC-02,7239.0
4501,6,2026-06-26 05:17:00,2026-06-26 07:59:00,unplanned,MEC-02,7222.0
4502,28,2026-02-16 13:25:00,2026-02-16 16:02:00,unplanned,ELEC-01,
4503,40,2026-06-11 06:01:00,2026-06-11 07:11:00,planned,CAL-01,1232.0
4504,35,2026-06-13 15:23:00,2026-06-13 18:19:00,planned,MEC-02,69.0
4505,19,2026-04-08 01:34:00,2026-04-08 03:57:00,planned,MAT-01,
4506,36,2026-03-31 06:16:00,2026-03-31 09:12:00,unplanned,CAL-01,
4507,42,2026-03-17 03:23:00,2026-03-17 05:25:00,planned,ELEC-01,6120.0
4508,37,2026-02-08 23:53:00,2026-02-09 00:28:00,unplanned,MAT-01,3602.0
4509,7,2026-01-03 11:01:00,2026-01-03 11:09:00,planned,ELEC-01,7701.0
4510,11,2026-05-22 09:20:00,2026-05-22 11:21:00,unplanned,MEC-02,1903.0
4511,29,2026-04-21 11:44:00,2026-04-21 12:34:00,unplanned,MEC-02,2708.0
4512,21,2026-02-28 17:50:00,2026-02-28 19:26:00,unplanned,MEC-02,
4513,47,2026-06-04 17:02:00,2026-06-04 19:21:00,planned,MEC-01,
4514,48,2026-03-01 00:47:00,2026-03-01 02:57:00,planned,CAL-01,5626.0
4515,20,2026-04-11 09:49:00,2026-04-11 11:35:00,unplanned,CAL-01,8581.0
4516,37,2026-05-28 11:56:00,2026-05-28 13:48:00,unplanned,MEC-02,
4517,38,2026-03-30 18:43:00,2026-03-30 21:09:00,unplanned,CAL-01,2990.0
4518,30,2026-06-04 11:48:00,2026-06-04 12:38:00,unplanned,CAL-01,
4519,17,2026-02-21 20:00:00,2026-02-21 21:41:00,unplanned,CAL-01,6792.0
4520,47,2026-03-25 21:35:00,2026-03-25 23:38:00,unplanned,MAT-01,7133.0
4521,46,2026-01-09 04:22:00,2026-01-09 07:16:00,planned,MEC-01,
4522,9,2026-04-03 12:45:00,2026-04-03 15:10:00,planned,MAT-01,
4523,28,2026-01-11 23:28:00,2026-01-12 02:13:00,unplanned,ELEC-01,
4524,15,2026-05-03 13:58:00,2026-05-03 15:06:00,planned,MEC-02,8552.0
4525,17,2026-01-26 10:09:00,2026-01-26 12:20:00,planned,MAT-01,326.0
4526,18,2026-03-25 23:03:00,2026-03-26 00:58:00,unplanned,MAT-01,
4527,38,2026-03-14 05:03:00,2026-03-14 05:28:00,planned,MEC-01,
4528,40,2026-03-31 10:59:00,2026-03-31 12:46:00,unplanned,ELEC-01,5499.0
4529,3,2026-02-10 01:00:00,2026-02-10 03:29:00,planned,CAL-01,
4530,47,2026-03-18 20:19:00,2026-03-18 20:40:00,unplanned,MEC-01,1495.0
4531,38,2026-02-03 01:14:00,2026-02-03 02:59:00,planned,MEC-01,4776.0
4532,47,2026-05-07 12:54:00,2026-05-07 13:38:00,unplanned,CAL-01,
4533,18,2026-01-30 06:54:00,2026-01-30 09:05:00,unplanned,CAL-01,8986.0
4534,25,2026-06-09 01:42:00,2026-06-09 04:09:00,planned,MAT-01,7592.0
4535,8,2026-04-13 02:42:00,2026-04-13 05:10:00,unplanned,MEC-02,
4536,49,2026-03-26 18:15:00,2026-03-26 18:32:00,planned,ELEC-01,
4537,32,2026-02-02 10:53:00,2026-02-02 12:49:00,planned,CAL-01,1530.0
4538,31,2026-05-04 03:32:00,2026-05-04 06:02:00,unplanned,ELEC-01,4472.0
4539,23,2026-03-15 07:17:00,2026-03-15 07:50:00,planned,MEC-02,6874.0
4540,40,2026-03-14 04:54:00,2026-03-14 05:48:00,unplanned,ELEC-01,
4541,22,2026-04-21 07:52:00,2026-04-21 09:07:00,planned,ELEC-01,5587.0
4542,5,2026-01-24 12:13:00,2026-01-24 13:19:00,unplanned,MAT-01,4319.0
4543,29,2026-05-22 05:30:00,2026-05-22 05:47:00,planned,CAL-01,6510.0
4544,25,2026-06-07 22:31:00,2026-06-08 00:31:00,unplanned,MEC-02,4330.0
4545,11,2026-04-24 21:13:00,2026-04-24 21:55:00,unplanned,MEC-01,7321.0
4546,26,2026-06-29 04:22:00,2026-06-29 06:34:00,planned,CAL-01,8611.0
4547,19,2026-03-27 08:48:00,2026-03-27 11:00:00,planned,MEC-01,7700.0
4548,33,2026-06-28 12:37:00,2026-06-28 15:22:00,planned,CAL-01,
4549,14,2026-06-06 12:48:00,2026-06-06 13:43:00,planned,MEC-02,4553.0
4550,50,2026-04-26 06:49:00,2026-04-26 07:42:00,unplanned,MEC-02,
4551,36,2026-05-07 18:06:00,2026-05-07 19:47:00,planned,MAT-01,6822.0
4552,42,2026-01-24 11:19:00,2026-01-24 14:15:00,planned,MEC-02,
4553,49,2026-05-01 19:37:00,2026-05-01 20:04:00,planned,ELEC-01,5533.0
4554,33,2026-06-01 03:03:00,2026-06-01 05:30:00,planned,MEC-01,6927.0
4555,10,2026-02-21 00:09:00,2026-02-21 00:15:00,planned,MEC-01,5932.0
4556,35,2026-01-16 13:34:00,2026-01-16 14:09:00,planned,MEC-02,1108.0
4557,1,2026-02-17 04:16:00,2026-02-17 04:27:00,planned,MEC-02,6330.0
4558,30,2026-03-29 05:07:00,2026-03-29 05:27:00,planned,ELEC-01,3566.0
4559,32,2026-03-11 21:50:00,2026-03-11 22:16:00,unplanned,MAT-01,
4560,47,2026-04-27 12:55:00,2026-04-27 13:41:00,planned,MAT-01,6454.0
4561,19,2026-06-28 14:08:00,2026-06-28 17:03:00,planned,MAT-01,
4562,29,2026-02-17 03:32:00,2026-02-17 04:07:00,unplanned,MAT-01,
4563,9,2026-05-10 20:06:00,2026-05-10 22:38:00,unplanned,MEC-01,
4564,17,2026-05-02 08:15:00,2026-05-02 09:45:00,planned,MEC-01,
4565,2,2026-04-08 06:28:00,2026-04-08 06:36:00,unplanned,CAL-01,1636.0
4566,45,2026-05-08 02:44:00,2026-05-08 04:50:00,unplanned,MEC-01,3376.0
4567,21,2026-03-31 15:06:00,2026-03-31 17:39:00,planned,CAL-01,4462.0
4568,16,2026-01-24 08:08:00,2026-01-24 09:31:00,unplanned,MEC-02,
4569,43,2026-05-05 22:28:00,2026-05-05 23:02:00,unplanned,MAT-01,9128.0
4570,12,2026-01-19 23:36:00,2026-01-20 01:36:00,unplanned,MAT-01,98.0
4571,22,2026-05-13 22:03:00,2026-05-13 23:51:00,planned,MEC-02,7448.0
4572,10,2026-02-23 14:15:00,2026-02-23 16:47:00,unplanned,MEC-01,
4573,29,2026-01-06 16:16:00,2026-01-06 17:39:00,unplanned,MEC-01,8048.0
4574,31,2026-06-18 21:21:00,2026-06-18 23:03:00,unplanned,MAT-01,8361.0
4575,42,2026-04-29 10:20:00,2026-04-29 11:04:00,unplanned,MAT-01,3162.0
4576,41,2026-03-12 03:37:00,2026-03-12 05:41:00,planned,ELEC-01,1455.0
4577,3,2026-03-24 12:12:00,2026-03-24 13:20:00,unplanned,CAL-01,6607.0
4578,42,2026-04-15 14:32:00,2026-04-15 16:17:00,planned,MEC-02,7522.0
4579,28,2026-03-02 06:49:00,2026-03-02 07:22:00,unplanned,ELEC-01,
4580,36,2026-06-01 22:30:00,2026-06-02 00:16:00,unplanned,CAL-01,
4581,6,2026-04-21 08:14:00,2026-04-21 08:37:00,unplanned,MEC-02,2004.0
4582,2,2026-03-19 03:20:00,2026-03-19 06:11:00,unplanned,ELEC-01,1776.0
4583,4,2026-05-10 08:52:00,2026-05-10 11:38:00,unplanned,CAL-01,9662.0
4584,15,2026-04-08 02:02:00,2026-04-08 04:48:00,unplanned,MAT-01,462.0
4585,30,2026-02-05 20:48:00,2026-02-05 20:55:00,unplanned,MEC-01,4682.0
4586,6,2026-01-29 20:17:00,2026-01-29 20:53:00,unplanned,CAL-01,
4587,6,2026-01-09 17:03:00,2026-01-09 19:31:00,unplanned,MAT-01,
4588,20,2026-03-13 17:26:00,2026-03-13 19:57:00,planned,MAT-01,7110.0
4589,12,2026-04-19 19:32:00,2026-04-19 19:37:00,planned,MEC-01,5153.0
4590,14,2026-04-15 11:09:00,2026-04-15 14:09:00,unplanned,MAT-01,
4591,19,2026-03-10 16:55:00,2026-03-10 17:19:00,unplanned,MAT-01,9918.0
4592,4,2026-05-22 17:37:00,2026-05-22 18:19:00,planned,ELEC-01,3421.0
4593,44,2026-02-06 16:09:00,2026-02-06 19:04:00,unplanned,ELEC-01,5236.0
4594,15,2026-05-16 23:25:00,2026-05-17 00:42:00,unplanned,MAT-01,4583.0
4595,47,2026-01-16 01:59:00,2026-01-16 03:08:00,unplanned,ELEC-01,
4596,6,2026-04-10 14:06:00,2026-04-10 16:15:00,planned,ELEC-01,8416.0
4597,49,2026-01-05 12:44:00,2026-01-05 14:10:00,planned,CAL-01,
4598,21,2026-06-25 00:11:00,2026-06-25 00:44:00,unplanned,MEC-02,9506.0
4599,47,2026-05-04 15:33:00,2026-05-04 16:59:00,unplanned,CAL-01,1382.0
4600,41,2026-05-08 15:39:00,2026-05-08 18:13:00,planned,MAT-01,3053.0
4601,2,2026-03-01 17:03:00,2026-03-01 19:30:00,planned,CAL-01,
4602,39,2026-04-04 02:07:00,2026-04-04 04:51:00,planned,MEC-01,4692.0
4603,20,2026-05-02 12:29:00,2026-05-02 13:02:00,unplanned,MEC-01,
4604,43,2026-04-15 16:10:00,2026-04-15 18:10:00,planned,MEC-02,1482.0
4605,16,2026-01-05 03:32:00,2026-01-05 04:51:00,unplanned,CAL-01,3743.0
4606,14,2026-04-14 19:28:00,2026-04-14 20:34:00,planned,ELEC-01,
4607,30,2026-03-31 01:53:00,2026-03-31 04:21:00,planned,MEC-02,7527.0
4608,30,2026-03-04 00:51:00,2026-03-04 02:35:00,unplanned,CAL-01,6360.0
4609,33,2026-02-13 21:51:00,2026-02-13 21:57:00,planned,MEC-02,5905.0
4610,40,2026-01-19 09:44:00,2026-01-19 10:48:00,planned,ELEC-01,8031.0
4611,31,2026-03-12 02:58:00,2026-03-12 03:11:00,unplanned,MEC-02,6871.0
4612,38,2026-03-16 05:55:00,2026-03-16 07:55:00,unplanned,CAL-01,
4613,18,2026-02-14 03:50:00,2026-02-14 04:15:00,planned,ELEC-01,3107.0
4614,21,2026-04-05 07:47:00,2026-04-05 08:30:00,planned,MEC-01,
4615,17,2026-03-16 10:15:00,2026-03-16 10:54:00,unplanned,MEC-02,
4616,5,2026-03-27 03:04:00,2026-03-27 05:36:00,unplanned,MEC-02,6785.0
4617,16,2026-02-28 07:13:00,2026-02-28 09:24:00,planned,MAT-01,
4618,19,2026-05-26 05:05:00,2026-05-26 06:10:00,unplanned,MEC-01,
4619,8,2026-04-01 07:59:00,2026-04-01 10:07:00,unplanned,ELEC-01,3046.0
4620,29,2026-02-01 18:40:00,2026-02-01 18:52:00,unplanned,MAT-01,3105.0
4621,22,2026-02-17 05:07:00,2026-02-17 06:45:00,planned,CAL-01,5912.0
4622,26,2026-01-06 12:27:00,2026-01-06 15:07:00,unplanned,MEC-01,8948.0
4623,16,2026-06-22 15:09:00,2026-06-22 15:58:00,unplanned,MEC-01,
4624,43,2026-06-18 18:49:00,2026-06-18 20:02:00,unplanned,MEC-01,
4625,17,2026-04-19 16:45:00,2026-04-19 17:08:00,planned,ELEC-01,
4626,20,2026-03-30 05:09:00,2026-03-30 05:41:00,planned,MEC-02,3306.0
4627,21,2026-03-02 01:46:00,2026-03-02 03:01:00,planned,CAL-01,6813.0
4628,36,2026-02-04 13:21:00,2026-02-04 15:48:00,planned,MEC-01,7773.0
4629,15,2026-01-04 17:34:00,2026-01-04 18:04:00,unplanned,CAL-01,
4630,34,2026-03-20 05:16:00,2026-03-20 07:49:00,planned,ELEC-01,9546.0
4631,30,2026-05-31 16:38:00,2026-05-31 17:56:00,unplanned,CAL-01,4485.0
4632,7,2026-05-01 18:54:00,2026-05-01 19:26:00,planned,CAL-01,2967.0
4633,17,2026-04-21 22:11:00,2026-04-21 23:16:00,unplanned,MEC-02,
4634,6,2026-06-28 15:06:00,2026-06-28 17:19:00,unplanned,MAT-01,2515.0
4635,15,2026-05-02 00:53:00,2026-05-02 02:16:00,planned,CAL-01,
4636,45,2026-06-14 10:05:00,2026-06-14 10:58:00,planned,MEC-02,
4637,27,2026-06-04 11:06:00,2026-06-04 12:35:00,planned,MAT-01,9196.0
4638,36,2026-06-08 21:31:00,2026-06-08 23:26:00,unplanned,MEC-02,8295.0
4639,29,2026-06-03 22:41:00,2026-06-04 00:27:00,planned,MAT-01,8907.0
4640,24,2026-06-05 12:15:00,2026-06-05 13:03:00,planned,CAL-01,9846.0
4641,37,2026-04-15 04:13:00,2026-04-15 05:58:00,unplanned,MEC-02,911.0
4642,47,2026-03-23 12:20:00,2026-03-23 13:41:00,unplanned,MEC-01,731.0
4643,16,2026-04-03 11:12:00,2026-04-03 14:06:00,planned,MAT-01,7685.0
4644,16,2026-06-27 09:58:00,2026-06-27 11:47:00,unplanned,MEC-02,
4645,37,2026-05-16 04:30:00,2026-05-16 06:59:00,unplanned,MAT-01,5961.0
4646,44,2026-05-11 04:10:00,2026-05-11 04:22:00,planned,MEC-01,
4647,28,2026-03-26 15:57:00,2026-03-26 17:30:00,unplanned,MAT-01,1662.0
4648,2,2026-02-06 04:30:00,2026-02-06 07:19:00,unplanned,MEC-02,
4649,14,2026-06-24 23:29:00,2026-06-25 01:03:00,planned,MEC-02,9176.0
4650,37,2026-03-02 17:22:00,2026-03-02 17:50:00,planned,MEC-01,
4651,32,2026-02-16 14:48:00,2026-02-16 17:31:00,unplanned,ELEC-01,
4652,28,2026-04-22 22:26:00,2026-04-22 23:19:00,unplanned,ELEC-01,
4653,49,2026-06-13 16:41:00,2026-06-13 18:51:00,unplanned,MEC-01,6058.0
4654,30,2026-02-10 03:31:00,2026-02-10 06:07:00,planned,MEC-02,4029.0
4655,48,2026-02-05 00:55:00,2026-02-05 01:38:00,unplanned,MAT-01,1118.0
4656,18,2026-02-02 05:51:00,2026-02-02 06:32:00,unplanned,MEC-02,1387.0
4657,8,2026-03-26 20:53:00,2026-03-26 21:51:00,unplanned,MEC-01,6332.0
4658,7,2026-02-20 15:03:00,2026-02-20 17:56:00,planned,MEC-01,611.0
4659,21,2026-04-23 00:04:00,2026-04-23 00:38:00,planned,MEC-01,
4660,30,2026-02-17 13:57:00,2026-02-17 15:26:00,unplanned,CAL-01,
4661,23,2026-01-01 06:16:00,2026-01-01 08:23:00,unplanned,ELEC-01,
4662,29,2026-02-11 14:19:00,2026-02-11 14:53:00,planned,CAL-01,3701.0
4663,38,2026-04-11 20:09:00,2026-04-11 23:07:00,unplanned,CAL-01,3536.0
4664,11,2026-01-21 12:49:00,2026-01-21 14:48:00,unplanned,ELEC-01,
4665,4,2026-04-19 15:06:00,2026-04-19 17:01:00,unplanned,ELEC-01,
4666,22,2026-03-25 16:25:00,2026-03-25 17:57:00,unplanned,CAL-01,7536.0
4667,5,2026-02-17 08:42:00,2026-02-17 09:32:00,planned,ELEC-01,5784.0
4668,44,2026-06-10 08:35:00,2026-06-10 11:19:00,planned,MEC-02,2556.0
4669,11,2026-06-23 12:14:00,2026-06-23 13:28:00,planned,MAT-01,1914.0
4670,30,2026-06-14 04:26:00,2026-06-14 05:59:00,planned,CAL-01,2475.0
4671,24,2026-05-16 06:48:00,2026-05-16 07:00:00,unplanned,MAT-01,3748.0
4672,3,2026-03-15 11:48:00,2026-03-15 14:43:00,unplanned,MEC-01,
4673,13,2026-04-21 21:39:00,2026-04-21 22:00:00,planned,MAT-01,3187.0
4674,47,2026-03-15 23:20:00,2026-03-15 23:44:00,unplanned,ELEC-01,5270.0
4675,33,2026-02-04 12:07:00,2026-02-04 12:43:00,unplanned,MEC-01,2056.0
4676,38,2026-05-26 15:37:00,2026-05-26 16:16:00,unplanned,MAT-01,
4677,38,2026-06-08 02:53:00,2026-06-08 04:51:00,planned,CAL-01,9790.0
4678,14,2026-06-08 07:27:00,2026-06-08 08:04:00,unplanned,MEC-01,
4679,16,2026-02-20 09:09:00,2026-02-20 09:58:00,unplanned,MAT-01,
4680,26,2026-02-25 18:36:00,2026-02-25 20:27:00,planned,MEC-02,9850.0
4681,12,2026-06-21 18:01:00,2026-06-21 18:21:00,planned,CAL-01,9409.0
4682,23,2026-01-05 00:32:00,2026-01-05 03:07:00,unplanned,MEC-02,1687.0
4683,18,2026-04-16 00:23:00,2026-04-16 01:14:00,unplanned,MAT-01,5562.0
4684,21,2026-02-07 14:44:00,2026-02-07 14:58:00,unplanned,MEC-02,
4685,8,2026-01-17 09:34:00,2026-01-17 10:56:00,planned,MEC-01,
4686,43,2026-01-25 15:27:00,2026-01-25 15:33:00,planned,MAT-01,1925.0
4687,18,2026-01-31 20:04:00,2026-01-31 21:04:00,planned,MEC-01,
4688,17,2026-03-17 15:42:00,2026-03-17 16:14:00,unplanned,ELEC-01,5339.0
4689,35,2026-05-27 20:18:00,2026-05-27 21:12:00,planned,ELEC-01,4877.0
4690,32,2026-01-20 13:35:00,2026-01-20 15:15:00,unplanned,MEC-01,
4691,1,2026-01-18 08:35:00,2026-01-18 08:44:00,unplanned,MEC-02,2161.0
4692,27,2026-01-08 11:13:00,2026-01-08 13:40:00,planned,MEC-01,9767.0
4693,18,2026-01-27 14:58:00,2026-01-27 15:29:00,unplanned,ELEC-01,
4694,14,2026-01-15 08:49:00,2026-01-15 11:20:00,unplanned,MAT-01,6415.0
4695,9,2026-02-01 19:01:00,2026-02-01 19:29:00,planned,MEC-01,1070.0
4696,24,2026-02-20 16:58:00,2026-02-20 17:09:00,unplanned,CAL-01,
4697,36,2026-05-25 19:41:00,2026-05-25 20:10:00,planned,CAL-01,295.0
4698,42,2026-06-18 16:04:00,2026-06-18 18:27:00,unplanned,CAL-01,
4699,30,2026-03-29 11:15:00,2026-03-29 13:55:00,unplanned,MEC-01,
4700,21,2026-03-03 14:35:00,2026-03-03 17:08:00,planned,ELEC-01,
4701,9,2026-01-06 02:30:00,2026-01-06 02:36:00,planned,MEC-02,
4702,19,2026-02-26 09:20:00,2026-02-26 10:55:00,unplanned,MEC-01,6599.0
4703,20,2026-01-18 06:47:00,2026-01-18 09:36:00,planned,CAL-01,3750.0
4704,35,2026-01-24 23:29:00,2026-01-24 23:38:00,unplanned,ELEC-01,5678.0
4705,37,2026-05-29 14:12:00,2026-05-29 16:07:00,unplanned,MAT-01,
4706,38,2026-05-25 21:07:00,2026-05-25 21:27:00,planned,ELEC-01,6252.0
4707,31,2026-01-25 19:43:00,2026-01-25 20:43:00,unplanned,MEC-01,1220.0
4708,10,2026-02-12 18:48:00,2026-02-12 21:24:00,planned,MEC-02,5202.0
4709,15,2026-06-28 14:18:00,2026-06-28 16:49:00,unplanned,MAT-01,3143.0
4710,7,2026-05-13 01:34:00,2026-05-13 03:53:00,unplanned,MAT-01,
4711,15,2026-06-09 03:05:00,2026-06-09 03:19:00,unplanned,CAL-01,
4712,12,2026-02-06 09:31:00,2026-02-06 10:26:00,unplanned,CAL-01,3785.0
4713,36,2026-04-05 09:59:00,2026-04-05 10:34:00,unplanned,MEC-01,2707.0
4714,25,2026-05-08 20:52:00,2026-05-08 22:37:00,planned,MEC-02,
4715,34,2026-04-21 01:12:00,2026-04-21 02:57:00,unplanned,ELEC-01,8610.0
4716,11,2026-06-06 13:59:00,2026-06-06 14:30:00,unplanned,CAL-01,5499.0
4717,22,2026-05-30 16:51:00,2026-05-30 18:08:00,planned,ELEC-01,9079.0
4718,33,2026-02-07 20:58:00,2026-02-07 22:08:00,planned,MEC-01,
4719,21,2026-05-16 11:21:00,2026-05-16 12:13:00,planned,MAT-01,
4720,34,2026-05-19 10:58:00,2026-05-19 12:40:00,planned,ELEC-01,6867.0
4721,11,2026-05-13 20:29:00,2026-05-13 22:13:00,planned,MAT-01,8583.0
4722,26,2026-02-06 12:00:00,2026-02-06 13:52:00,unplanned,MAT-01,600.0
4723,9,2026-05-19 14:10:00,2026-05-19 17:06:00,planned,MEC-02,6929.0
4724,49,2026-05-08 20:31:00,2026-05-08 22:26:00,unplanned,ELEC-01,9169.0
4725,14,2026-01-15 21:28:00,2026-01-16 00:22:00,unplanned,MEC-01,
4726,22,2026-01-11 00:51:00,2026-01-11 03:01:00,unplanned,MAT-01,9251.0
4727,12,2026-02-11 23:39:00,2026-02-12 00:13:00,planned,ELEC-01,
4728,42,2026-02-19 22:40:00,2026-02-20 00:43:00,unplanned,MEC-02,6409.0
4729,7,2026-05-15 23:50:00,2026-05-16 01:36:00,unplanned,MAT-01,9857.0
4730,33,2026-05-14 20:39:00,2026-05-14 21:11:00,planned,MAT-01,
4731,39,2026-05-13 16:42:00,2026-05-13 18:04:00,planned,MEC-01,642.0
4732,12,2026-02-12 04:40:00,2026-02-12 05:28:00,unplanned,CAL-01,4407.0
4733,44,2026-05-02 07:03:00,2026-05-02 08:11:00,planned,MEC-02,8114.0
4734,9,2026-05-29 11:06:00,2026-05-29 13:32:00,planned,MAT-01,8513.0
4735,20,2026-06-02 17:07:00,2026-06-02 18:39:00,planned,ELEC-01,2237.0
4736,23,2026-04-23 00:09:00,2026-04-23 00:51:00,unplanned,CAL-01,
4737,41,2026-02-05 11:07:00,2026-02-05 12:21:00,unplanned,CAL-01,135.0
4738,12,2026-06-23 20:00:00,2026-06-23 20:40:00,unplanned,MEC-02,7749.0
4739,35,2026-06-18 11:36:00,2026-06-18 12:09:00,planned,CAL-01,
4740,16,2026-05-11 05:51:00,2026-05-11 07:47:00,unplanned,CAL-01,4147.0
4741,27,2026-03-20 00:54:00,2026-03-20 01:57:00,planned,CAL-01,
4742,29,2026-01-22 21:26:00,2026-01-22 22:16:00,unplanned,MEC-02,9489.0
4743,11,2026-03-17 11:31:00,2026-03-17 12:06:00,unplanned,CAL-01,
4744,43,2026-06-11 07:56:00,2026-06-11 09:37:00,planned,MAT-01,
4745,9,2026-02-28 08:14:00,2026-02-28 10:32:00,planned,MEC-02,4420.0
4746,24,2026-02-08 09:11:00,2026-02-08 09:16:00,planned,MAT-01,8393.0
4747,34,2026-04-05 07:43:00,2026-04-05 08:36:00,planned,CAL-01,7065.0
4748,9,2026-04-28 04:15:00,2026-04-28 06:17:00,planned,CAL-01,
4749,36,2026-02-04 17:40:00,2026-02-04 17:58:00,unplanned,CAL-01,
4750,40,2026-02-27 13:14:00,2026-02-27 15:55:00,unplanned,ELEC-01,8123.0
4751,7,2026-02-06 10:25:00,2026-02-06 11:31:00,planned,MEC-02,4284.0
4752,39,2026-01-14 00:25:00,2026-01-14 02:48:00,unplanned,CAL-01,453.0
4753,9,2026-05-19 09:25:00,2026-05-19 11:37:00,unplanned,CAL-01,
4754,2,2026-03-02 01:06:00,2026-03-02 02:26:00,unplanned,MEC-01,
4755,8,2026-05-14 04:43:00,2026-05-14 06:53:00,unplanned,MEC-01,5705.0
4756,34,2026-01-20 05:19:00,2026-01-20 06:27:00,unplanned,MEC-02,6154.0
4757,7,2026-03-19 17:14:00,2026-03-19 17:52:00,planned,ELEC-01,4053.0
4758,45,2026-04-04 19:16:00,2026-04-04 20:11:00,unplanned,ELEC-01,9064.0
4759,22,2026-06-01 22:10:00,2026-06-02 00:34:00,unplanned,MAT-01,1880.0
4760,17,2026-01-19 11:00:00,2026-01-19 11:51:00,unplanned,ELEC-01,9839.0
4761,17,2026-03-06 20:45:00,2026-03-06 23:36:00,unplanned,MEC-02,2697.0
4762,26,2026-01-27 04:43:00,2026-01-27 07:34:00,unplanned,MEC-01,6390.0
4763,47,2026-02-21 16:38:00,2026-02-21 16:58:00,planned,CAL-01,3884.0
4764,47,2026-01-08 20:58:00,2026-01-08 21:42:00,unplanned,MEC-02,6877.0
4765,27,2026-02-26 00:25:00,2026-02-26 02:13:00,planned,MEC-01,5822.0
4766,30,2026-03-06 01:46:00,2026-03-06 02:51:00,planned,MEC-01,5293.0
4767,21,2026-06-24 21:46:00,2026-06-24 23:54:00,unplanned,MEC-02,
4768,27,2026-04-25 04:32:00,2026-04-25 07:09:00,unplanned,MEC-01,3480.0
4769,25,2026-05-15 15:27:00,2026-05-15 15:48:00,unplanned,MAT-01,4542.0
4770,44,2026-05-12 00:01:00,2026-05-12 01:37:00,unplanned,MEC-02,
4771,2,2026-04-26 00:44:00,2026-04-26 02:50:00,planned,MAT-01,153.0
4772,2,2026-04-24 00:15:00,2026-04-24 00:23:00,unplanned,ELEC-01,
4773,6,2026-01-12 07:08:00,2026-01-12 08:32:00,unplanned,ELEC-01,
4774,7,2026-03-13 14:56:00,2026-03-13 17:26:00,unplanned,MEC-01,678.0
4775,9,2026-03-25 21:55:00,2026-03-25 22:27:00,unplanned,MEC-02,
4776,41,2026-06-26 19:04:00,2026-06-26 20:53:00,planned,ELEC-01,441.0
4777,14,2026-02-13 20:53:00,2026-02-13 23:46:00,unplanned,MAT-01,8697.0
4778,29,2026-02-09 23:58:00,2026-02-10 00:12:00,unplanned,MEC-01,620.0
4779,30,2026-05-01 12:48:00,2026-05-01 13:14:00,unplanned,ELEC-01,
4780,29,2026-03-21 02:41:00,2026-03-21 02:47:00,unplanned,CAL-01,5488.0
4781,8,2026-01-05 22:01:00,2026-01-05 23:10:00,planned,MAT-01,8427.0
4782,16,2026-03-21 11:49:00,2026-03-21 12:02:00,unplanned,ELEC-01,5303.0
4783,4,2026-05-01 11:37:00,2026-05-01 12:54:00,unplanned,MAT-01,5428.0
4784,30,2026-06-16 19:58:00,2026-06-16 21:28:00,unplanned,MEC-01,8695.0
4785,42,2026-05-03 21:43:00,2026-05-03 23:32:00,planned,CAL-01,4089.0
4786,9,2026-03-14 19:46:00,2026-03-14 22:36:00,planned,ELEC-01,4689.0
4787,41,2026-04-20 06:38:00,2026-04-20 07:56:00,unplanned,MEC-02,3252.0
4788,31,2026-06-23 19:44:00,2026-06-23 20:51:00,unplanned,MAT-01,
4789,43,2026-01-22 01:17:00,2026-01-22 04:00:00,planned,CAL-01,2682.0
4790,30,2026-05-05 04:56:00,2026-05-05 05:53:00,unplanned,MEC-02,
4791,9,2026-05-19 11:07:00,2026-05-19 12:59:00,planned,MEC-02,7865.0
4792,5,2026-05-07 12:06:00,2026-05-07 13:20:00,unplanned,MAT-01,5354.0
4793,41,2026-04-02 09:33:00,2026-04-02 10:47:00,unplanned,MEC-02,7079.0
4794,46,2026-02-21 14:41:00,2026-02-21 15:31:00,planned,MAT-01,9519.0
4795,26,2026-01-06 08:39:00,2026-01-06 09:58:00,unplanned,CAL-01,9931.0
4796,35,2026-03-18 03:04:00,2026-03-18 05:50:00,planned,MAT-01,7090.0
4797,27,2026-05-03 05:54:00,2026-05-03 08:11:00,unplanned,MEC-01,4755.0
4798,50,2026-04-02 07:41:00,2026-04-02 08:53:00,unplanned,CAL-01,4455.0
4799,34,2026-01-04 07:04:00,2026-01-04 09:20:00,unplanned,MAT-01,2176.0
4800,21,2026-02-03 06:54:00,2026-02-03 09:37:00,planned,ELEC-01,5649.0
4801,27,2026-06-10 18:45:00,2026-06-10 19:35:00,planned,MAT-01,6069.0
4802,27,2026-02-07 06:59:00,2026-02-07 08:24:00,planned,MEC-01,
4803,7,2026-06-13 07:09:00,2026-06-13 08:23:00,planned,MEC-01,9943.0
4804,35,2026-06-25 03:14:00,2026-06-25 06:01:00,planned,MEC-02,
4805,3,2026-06-06 06:50:00,2026-06-06 08:05:00,planned,ELEC-01,
4806,35,2026-03-13 10:40:00,2026-03-13 11:27:00,unplanned,MAT-01,5766.0
4807,43,2026-04-17 15:34:00,2026-04-17 17:35:00,planned,MEC-02,
4808,27,2026-04-01 04:56:00,2026-04-01 06:49:00,unplanned,CAL-01,
4809,35,2026-02-12 19:51:00,2026-02-12 21:31:00,unplanned,MEC-01,
4810,34,2026-02-27 19:39:00,2026-02-27 20:16:00,planned,CAL-01,1076.0
4811,13,2026-03-03 23:18:00,2026-03-03 23:33:00,planned,MEC-01,5468.0
4812,16,2026-03-02 15:56:00,2026-03-02 17:50:00,planned,MEC-01,6774.0
4813,21,2026-05-07 03:54:00,2026-05-07 04:42:00,planned,ELEC-01,
4814,22,2026-05-15 03:31:00,2026-05-15 03:54:00,unplanned,MEC-02,4997.0
4815,15,2026-05-31 01:16:00,2026-05-31 02:51:00,unplanned,ELEC-01,
4816,4,2026-06-26 09:17:00,2026-06-26 11:37:00,unplanned,MAT-01,1098.0
4817,33,2026-06-03 07:22:00,2026-06-03 07:54:00,unplanned,MAT-01,397.0
4818,20,2026-05-07 23:46:00,2026-05-08 01:17:00,unplanned,ELEC-01,8643.0
4819,39,2026-03-16 22:29:00,2026-03-17 00:43:00,unplanned,MEC-02,
4820,43,2026-03-09 06:32:00,2026-03-09 08:54:00,unplanned,MAT-01,
4821,32,2026-04-25 21:16:00,2026-04-25 23:58:00,planned,ELEC-01,3901.0
4822,50,2026-05-13 23:49:00,2026-05-14 01:01:00,planned,MEC-02,6767.0
4823,20,2026-05-11 16:15:00,2026-05-11 18:03:00,planned,ELEC-01,824.0
4824,35,2026-04-13 01:45:00,2026-04-13 04:30:00,planned,CAL-01,3873.0
4825,16,2026-02-19 02:43:00,2026-02-19 02:50:00,unplanned,MEC-01,
4826,50,2026-05-23 14:02:00,2026-05-23 14:24:00,planned,MEC-01,8678.0
4827,34,2026-02-01 07:15:00,2026-02-01 08:00:00,planned,CAL-01,
4828,45,2026-01-13 18:09:00,2026-01-13 19:12:00,unplanned,MEC-01,
4829,18,2026-04-23 05:36:00,2026-04-23 08:17:00,unplanned,MEC-01,7847.0
4830,48,2026-05-08 12:01:00,2026-05-08 13:56:00,planned,ELEC-01,5627.0
4831,28,2026-05-08 16:23:00,2026-05-08 16:52:00,unplanned,ELEC-01,5224.0
4832,43,2026-02-22 07:55:00,2026-02-22 10:13:00,planned,CAL-01,6319.0
4833,35,2026-01-19 14:37:00,2026-01-19 16:03:00,unplanned,ELEC-01,8390.0
4834,15,2026-06-21 16:23:00,2026-06-21 17:15:00,unplanned,CAL-01,6682.0
4835,44,2026-06-09 17:46:00,2026-06-09 19:41:00,planned,CAL-01,
4836,38,2026-06-17 04:29:00,2026-06-17 04:34:00,planned,MAT-01,8229.0
4837,35,2026-06-18 10:02:00,2026-06-18 12:48:00,planned,ELEC-01,261.0
4838,35,2026-04-29 04:14:00,2026-04-29 04:41:00,planned,CAL-01,724.0
4839,16,2026-06-29 23:35:00,2026-06-30 01:50:00,unplanned,ELEC-01,807.0
4840,26,2026-02-20 18:13:00,2026-02-20 19:11:00,planned,MEC-01,6591.0
4841,3,2026-01-26 15:39:00,2026-01-26 16:52:00,unplanned,MEC-02,3006.0
4842,49,2026-05-20 15:28:00,2026-05-20 17:48:00,planned,CAL-01,
4843,2,2026-03-24 22:37:00,2026-03-24 23:39:00,unplanned,CAL-01,
4844,1,2026-06-14 07:18:00,2026-06-14 10:02:00,planned,MEC-01,6594.0
4845,17,2026-05-12 06:17:00,2026-05-12 08:18:00,unplanned,MEC-02,8664.0
4846,8,2026-06-16 12:29:00,2026-06-16 12:43:00,unplanned,MEC-01,
4847,6,2026-03-12 22:57:00,2026-03-12 23:35:00,unplanned,MEC-02,1435.0
4848,9,2026-02-22 08:53:00,2026-02-22 10:02:00,planned,MEC-02,5892.0
4849,44,2026-05-12 13:04:00,2026-05-12 14:34:00,unplanned,MAT-01,6785.0
4850,43,2026-03-18 12:10:00,2026-03-18 13:52:00,planned,MEC-02,7104.0
4851,12,2026-02-06 22:53:00,2026-02-07 00:40:00,planned,CAL-01,
4852,11,2026-02-14 13:18:00,2026-02-14 15:07:00,unplanned,MAT-01,
4853,15,2026-06-26 11:06:00,2026-06-26 12:53:00,unplanned,MEC-02,5708.0
4854,20,2026-06-21 18:38:00,2026-06-21 21:30:00,planned,MEC-02,
4855,41,2026-04-21 23:49:00,2026-04-22 01:08:00,planned,ELEC-01,63.0
4856,33,2026-02-12 23:52:00,2026-02-13 02:37:00,unplanned,CAL-01,6678.0
4857,35,2026-03-21 21:18:00,2026-03-21 21:45:00,unplanned,CAL-01,3195.0
4858,30,2026-02-06 19:06:00,2026-02-06 20:34:00,planned,MAT-01,
4859,37,2026-04-03 07:33:00,2026-04-03 10:28:00,unplanned,MAT-01,436.0
4860,40,2026-04-15 00:43:00,2026-04-15 03:24:00,unplanned,CAL-01,1389.0
4861,18,2026-01-08 17:36:00,2026-01-08 17:57:00,planned,MAT-01,5700.0
4862,35,2026-06-20 11:31:00,2026-06-20 11:57:00,unplanned,CAL-01,5892.0
4863,6,2026-03-26 16:30:00,2026-03-26 19:08:00,planned,MEC-02,5818.0
4864,24,2026-04-08 04:44:00,2026-04-08 05:03:00,planned,ELEC-01,4186.0
4865,20,2026-02-22 06:51:00,2026-02-22 07:40:00,planned,MEC-01,2738.0
4866,28,2026-02-23 07:09:00,2026-02-23 10:00:00,planned,ELEC-01,
4867,29,2026-05-02 10:31:00,2026-05-02 13:19:00,unplanned,ELEC-01,
4868,48,2026-03-12 10:19:00,2026-03-12 10:58:00,planned,MEC-01,14.0
4869,39,2026-05-17 13:31:00,2026-05-17 15:02:00,planned,MEC-01,8567.0
4870,34,2026-03-21 19:00:00,2026-03-21 21:54:00,unplanned,MAT-01,4686.0
4871,7,2026-03-29 20:24:00,2026-03-29 21:53:00,unplanned,CAL-01,4131.0
4872,41,2026-05-13 02:11:00,2026-05-13 03:42:00,planned,CAL-01,
4873,42,2026-02-15 22:51:00,2026-02-15 23:28:00,planned,MEC-01,3479.0
4874,4,2026-06-14 05:42:00,2026-06-14 05:51:00,planned,CAL-01,5303.0
4875,37,2026-04-13 21:15:00,2026-04-13 21:28:00,unplanned,CAL-01,6509.0
4876,26,2026-06-12 09:16:00,2026-06-12 10:11:00,unplanned,ELEC-01,
4877,40,2026-04-11 20:48:00,2026-04-11 22:50:00,unplanned,MEC-02,
4878,8,2026-01-11 01:57:00,2026-01-11 02:23:00,unplanned,MEC-01,1873.0
4879,2,2026-06-17 08:13:00,2026-06-17 08:31:00,unplanned,ELEC-01,4699.0
4880,7,2026-04-15 11:43:00,2026-04-15 12:50:00,planned,MEC-02,4801.0
4881,15,2026-01-31 09:41:00,2026-01-31 10:44:00,planned,MEC-01,
4882,39,2026-01-12 23:05:00,2026-01-13 01:26:00,unplanned,MAT-01,2763.0
4883,44,2026-05-27 04:43:00,2026-05-27 05:05:00,planned,ELEC-01,9466.0
4884,39,2026-03-09 12:19:00,2026-03-09 15:02:00,planned,ELEC-01,
4885,35,2026-03-01 22:15:00,2026-03-01 22:36:00,unplanned,MEC-01,8597.0
4886,26,2026-05-01 23:42:00,2026-05-02 01:01:00,unplanned,MEC-01,
4887,22,2026-05-28 22:49:00,2026-05-29 01:35:00,unplanned,MEC-02,2888.0
4888,18,2026-03-03 01:54:00,2026-03-03 04:36:00,planned,MEC-02,5559.0
4889,8,2026-05-05 07:03:00,2026-05-05 09:14:00,planned,MAT-01,6250.0
4890,30,2026-03-01 09:59:00,2026-03-01 10:42:00,unplanned,MAT-01,
4891,9,2026-03-20 01:37:00,2026-03-20 03:26:00,planned,MEC-02,5426.0
4892,2,2026-03-27 15:15:00,2026-03-27 17:52:00,planned,MEC-02,
4893,12,2026-05-03 21:24:00,2026-05-03 22:14:00,planned,ELEC-01,8091.0
4894,29,2026-03-21 19:34:00,2026-03-21 20:09:00,planned,MEC-01,7051.0
4895,12,2026-06-12 04:57:00,2026-06-12 06:11:00,planned,MEC-02,801.0
4896,1,2026-02-08 21:37:00,2026-02-09 00:14:00,unplanned,MEC-02,6770.0
4897,39,2026-01-03 06:44:00,2026-01-03 09:15:00,unplanned,ELEC-01,
4898,47,2026-03-31 21:31:00,2026-03-31 22:26:00,unplanned,ELEC-01,
4899,29,2026-04-27 05:39:00,2026-04-27 08:26:00,planned,ELEC-01,1841.0
4900,23,2026-04-01 11:19:00,2026-04-01 12:09:00,planned,ELEC-01,
4901,20,2026-02-18 06:51:00,2026-02-18 09:28:00,unplanned,MAT-01,
4902,17,2026-02-20 18:09:00,2026-02-20 19:46:00,planned,MEC-01,9174.0
4903,50,2026-02-12 21:14:00,2026-02-12 22:58:00,unplanned,MEC-02,9068.0
4904,23,2026-02-23 20:13:00,2026-02-23 20:30:00,unplanned,MEC-01,1728.0
4905,49,2026-06-28 20:12:00,2026-06-28 22:41:00,planned,CAL-01,
4906,20,2026-04-16 14:04:00,2026-04-16 14:10:00,unplanned,MEC-02,7430.0
4907,43,2026-06-18 09:27:00,2026-06-18 09:49:00,planned,MEC-01,
4908,27,2026-01-28 22:12:00,2026-01-28 22:18:00,planned,MAT-01,
4909,50,2026-02-18 16:50:00,2026-02-18 18:56:00,planned,CAL-01,9547.0
4910,23,2026-02-12 01:12:00,2026-02-12 02:04:00,planned,ELEC-01,8498.0
4911,43,2026-06-19 20:08:00,2026-06-19 22:25:00,unplanned,ELEC-01,1527.0
4912,19,2026-05-21 20:34:00,2026-05-21 22:46:00,unplanned,CAL-01,
4913,35,2026-05-27 15:33:00,2026-05-27 16:15:00,planned,MEC-01,4174.0
4914,14,2026-06-01 12:02:00,2026-06-01 12:58:00,unplanned,MAT-01,
4915,10,2026-02-06 03:21:00,2026-02-06 06:06:00,unplanned,MEC-01,4463.0
4916,43,2026-03-16 22:57:00,2026-03-16 23:04:00,planned,ELEC-01,
4917,37,2026-05-23 06:10:00,2026-05-23 06:23:00,planned,CAL-01,4033.0
4918,36,2026-01-09 23:24:00,2026-01-10 01:08:00,unplanned,MEC-02,
4919,29,2026-02-18 21:58:00,2026-02-18 22:50:00,unplanned,MEC-01,2216.0
4920,42,2026-02-15 09:36:00,2026-02-15 10:58:00,unplanned,MEC-01,9125.0
4921,12,2026-03-02 04:47:00,2026-03-02 06:39:00,planned,MEC-01,6050.0
4922,32,2026-03-10 04:44:00,2026-03-10 05:25:00,unplanned,MAT-01,
4923,24,2026-05-07 01:24:00,2026-05-07 03:03:00,planned,MAT-01,
4924,2,2026-04-24 10:01:00,2026-04-24 11:36:00,planned,ELEC-01,
4925,16,2026-01-21 20:43:00,2026-01-21 23:39:00,unplanned,ELEC-01,5052.0
4926,24,2026-02-15 07:04:00,2026-02-15 07:13:00,unplanned,MEC-02,1326.0
4927,37,2026-01-19 18:56:00,2026-01-19 21:45:00,unplanned,MEC-01,3393.0
4928,28,2026-02-12 13:56:00,2026-02-12 16:20:00,unplanned,MEC-02,6157.0
4929,22,2026-05-13 08:09:00,2026-05-13 09:45:00,unplanned,MEC-02,
4930,3,2026-06-05 10:45:00,2026-06-05 11:08:00,unplanned,MEC-01,8393.0
4931,41,2026-06-05 19:40:00,2026-06-05 21:22:00,planned,MAT-01,
4932,44,2026-01-11 20:29:00,2026-01-11 22:03:00,unplanned,CAL-01,5731.0
4933,38,2026-01-26 12:38:00,2026-01-26 14:36:00,planned,CAL-01,6434.0
4934,35,2026-06-15 07:31:00,2026-06-15 09:07:00,planned,MEC-02,9761.0
4935,20,2026-02-12 01:07:00,2026-02-12 02:53:00,unplanned,ELEC-01,
4936,38,2026-02-02 09:45:00,2026-02-02 12:28:00,unplanned,MEC-01,
4937,43,2026-05-23 00:30:00,2026-05-23 03:12:00,planned,MEC-01,9624.0
4938,9,2026-06-29 06:26:00,2026-06-29 07:07:00,planned,CAL-01,
4939,16,2026-01-21 13:53:00,2026-01-21 15:03:00,unplanned,ELEC-01,
4940,20,2026-04-22 00:08:00,2026-04-22 01:22:00,unplanned,MEC-02,6812.0
4941,2,2026-06-27 04:46:00,2026-06-27 07:07:00,planned,ELEC-01,
4942,19,2026-01-04 14:19:00,2026-01-04 16:02:00,planned,CAL-01,
4943,18,2026-06-04 21:03:00,2026-06-04 23:04:00,planned,MAT-01,9413.0
4944,43,2026-04-29 10:44:00,2026-04-29 12:28:00,unplanned,MEC-01,331.0
4945,31,2026-04-18 20:57:00,2026-04-18 22:37:00,planned,CAL-01,1573.0
4946,24,2026-01-06 03:42:00,2026-01-06 04:39:00,unplanned,MEC-02,575.0
4947,7,2026-04-13 01:42:00,2026-04-13 02:42:00,unplanned,MEC-02,567.0
4948,1,2026-06-16 13:37:00,2026-06-16 13:46:00,unplanned,MEC-02,718.0
4949,42,2026-03-18 00:58:00,2026-03-18 03:38:00,planned,MEC-01,7261.0
4950,12,2026-04-25 16:01:00,2026-04-25 16:46:00,unplanned,MEC-01,
4951,22,2026-05-19 19:56:00,2026-05-19 21:23:00,planned,MAT-01,2817.0
4952,5,2026-06-14 00:36:00,2026-06-14 03:35:00,unplanned,MEC-01,4075.0
4953,24,2026-02-27 19:06:00,2026-02-27 22:02:00,planned,ELEC-01,1903.0
4954,41,2026-05-04 20:50:00,2026-05-04 21:57:00,unplanned,ELEC-01,6273.0
4955,3,2026-05-22 04:19:00,2026-05-22 06:27:00,unplanned,MAT-01,9133.0
4956,20,2026-01-19 02:28:00,2026-01-19 04:23:00,unplanned,ELEC-01,7065.0
4957,39,2026-04-28 01:59:00,2026-04-28 04:02:00,unplanned,MEC-01,4430.0
4958,31,2026-03-30 05:53:00,2026-03-30 08:13:00,planned,ELEC-01,
4959,18,2026-05-24 23:33:00,2026-05-25 00:33:00,planned,MAT-01,
4960,5,2026-06-07 18:55:00,2026-06-07 19:45:00,planned,ELEC-01,2834.0
4961,15,2026-03-23 09:57:00,2026-03-23 10:37:00,planned,MAT-01,2516.0
4962,35,2026-05-16 19:26:00,2026-05-16 21:57:00,unplanned,MAT-01,1306.0
4963,29,2026-05-21 13:08:00,2026-05-21 15:52:00,planned,MEC-02,
4964,30,2026-01-31 14:17:00,2026-01-31 17:07:00,unplanned,ELEC-01,3990.0
4965,22,2026-05-18 23:49:00,2026-05-19 01:33:00,planned,MEC-02,
4966,27,2026-04-19 21:28:00,2026-04-19 21:44:00,planned,MEC-02,
4967,11,2026-03-21 09:23:00,2026-03-21 10:45:00,planned,CAL-01,4045.0
4968,38,2026-02-28 13:47:00,2026-02-28 15:58:00,unplanned,ELEC-01,1998.0
4969,17,2026-06-25 21:41:00,2026-06-25 23:38:00,unplanned,MAT-01,6000.0
4970,47,2026-04-30 05:56:00,2026-04-30 07:21:00,unplanned,CAL-01,9051.0
4971,49,2026-04-08 16:54:00,2026-04-08 18:20:00,unplanned,MEC-01,8822.0
4972,43,2026-03-22 06:45:00,2026-03-22 08:30:00,planned,MEC-02,
4973,43,2026-05-28 16:07:00,2026-05-28 19:04:00,unplanned,ELEC-01,8176.0
4974,21,2026-03-21 14:13:00,2026-03-21 15:10:00,planned,MAT-01,4613.0
4975,49,2026-03-11 13:08:00,2026-03-11 15:10:00,unplanned,MEC-02,9230.0
4976,4,2026-01-12 15:13:00,2026-01-12 15:30:00,unplanned,MEC-02,7360.0
4977,1,2026-05-13 16:37:00,2026-05-13 18:44:00,unplanned,MAT-01,
4978,13,2026-01-08 15:55:00,2026-01-08 18:18:00,unplanned,ELEC-01,
4979,47,2026-04-11 12:31:00,2026-04-11 14:24:00,planned,CAL-01,5847.0
4980,30,2026-02-24 13:31:00,2026-02-24 15:01:00,unplanned,MEC-01,3168.0
4981,12,2026-02-20 00:32:00,2026-02-20 00:50:00,planned,CAL-01,
4982,43,2026-03-17 12:19:00,2026-03-17 15:03:00,unplanned,CAL-01,8317.0
4983,13,2026-05-12 05:51:00,2026-05-12 07:16:00,unplanned,MAT-01,3846.0
4984,5,2026-06-01 07:13:00,2026-06-01 09:37:00,unplanned,CAL-01,4977.0
4985,9,2026-03-28 16:28:00,2026-03-28 17:29:00,unplanned,MEC-02,5130.0
4986,8,2026-05-24 01:12:00,2026-05-24 01:48:00,planned,CAL-01,6908.0
4987,30,2026-05-01 06:39:00,2026-05-01 07:13:00,planned,CAL-01,1183.0
4988,32,2026-01-03 16:14:00,2026-01-03 16:35:00,planned,MEC-02,7277.0
4989,9,2026-05-23 11:58:00,2026-05-23 13:20:00,unplanned,CAL-01,4218.0
4990,42,2026-01-16 13:12:00,2026-01-16 15:52:00,planned,CAL-01,
4991,37,2026-03-28 19:42:00,2026-03-28 20:42:00,unplanned,MAT-01,2011.0
4992,22,2026-01-05 21:02:00,2026-01-06 00:02:00,unplanned,MAT-01,
4993,45,2026-03-26 01:54:00,2026-03-26 03:08:00,unplanned,MAT-01,
4994,35,2026-03-01 14:20:00,2026-03-01 14:38:00,planned,MAT-01,7367.0
4995,4,2026-04-19 08:28:00,2026-04-19 11:26:00,planned,MEC-02,3205.0
4996,47,2026-04-08 22:00:00,2026-04-08 22:56:00,planned,MEC-02,
4997,22,2026-01-06 00:11:00,2026-01-06 00:20:00,unplanned,CAL-01,7694.0
4998,17,2026-02-04 00:53:00,2026-02-04 01:22:00,unplanned,ELEC-01,7424.0
4999,11,2026-04-16 07:31:00,2026-04-16 08:04:00,planned,CAL-01,983.0
5000,2,2026-01-03 11:56:00,2026-01-03 13:57:00,unplanned,CAL-01,3739.0
5001,24,2026-06-09 14:30:00,2026-06-09 16:19:00,unplanned,ELEC-01,
5002,13,2026-04-09 04:05:00,2026-04-09 06:59:00,planned,MEC-02,
5003,9,2026-03-15 01:45:00,2026-03-15 02:19:00,planned,MEC-01,
5004,24,2026-04-29 07:11:00,2026-04-29 09:10:00,unplanned,MAT-01,8125.0
5005,20,2026-01-20 08:46:00,2026-01-20 09:35:00,unplanned,MEC-01,1797.0
5006,7,2026-03-07 20:32:00,2026-03-07 21:07:00,unplanned,ELEC-01,
5007,13,2026-02-23 17:31:00,2026-02-23 20:08:00,planned,MEC-01,
5008,28,2026-05-27 10:08:00,2026-05-27 12:46:00,planned,MEC-01,
5009,8,2026-01-07 17:56:00,2026-01-07 19:51:00,unplanned,CAL-01,4692.0
5010,42,2026-05-18 12:43:00,2026-05-18 13:57:00,planned,MEC-02,423.0
5011,19,2026-01-07 07:26:00,2026-01-07 10:13:00,planned,ELEC-01,563.0
5012,6,2026-05-24 07:34:00,2026-05-24 09:50:00,planned,MEC-02,
5013,29,2026-02-28 05:48:00,2026-02-28 08:14:00,planned,MEC-02,8707.0
5014,45,2026-05-01 20:52:00,2026-05-01 23:37:00,planned,ELEC-01,1900.0
5015,8,2026-06-14 19:53:00,2026-06-14 21:48:00,planned,ELEC-01,7036.0
5016,32,2026-05-22 16:17:00,2026-05-22 17:44:00,planned,ELEC-01,1172.0
5017,40,2026-06-19 01:40:00,2026-06-19 02:50:00,unplanned,MEC-02,
5018,43,2026-04-10 01:30:00,2026-04-10 02:30:00,planned,ELEC-01,5969.0
5019,39,2026-05-31 01:01:00,2026-05-31 02:31:00,planned,MEC-02,1238.0
5020,19,2026-04-13 07:50:00,2026-04-13 09:12:00,unplanned,MEC-02,1489.0
5021,23,2026-06-07 21:39:00,2026-06-07 21:44:00,planned,MAT-01,173.0
5022,20,2026-02-24 10:04:00,2026-02-24 12:59:00,planned,MEC-02,7609.0
5023,48,2026-03-27 21:48:00,2026-03-28 00:39:00,unplanned,MEC-02,
5024,40,2026-06-14 02:01:00,2026-06-14 03:14:00,planned,ELEC-01,8926.0
5025,33,2026-06-25 01:33:00,2026-06-25 02:38:00,planned,MEC-02,
5026,11,2026-03-17 02:41:00,2026-03-17 05:38:00,unplanned,ELEC-01,6470.0
5027,43,2026-05-01 15:48:00,2026-05-01 17:43:00,unplanned,MEC-01,81.0
5028,32,2026-05-30 12:25:00,2026-05-30 15:17:00,unplanned,MEC-02,8632.0
5029,18,2026-02-18 19:06:00,2026-02-18 19:19:00,planned,ELEC-01,224.0
5030,18,2026-03-04 08:34:00,2026-03-04 10:17:00,planned,MEC-02,865.0
5031,19,2026-05-23 14:21:00,2026-05-23 15:00:00,planned,MEC-02,4191.0
5032,26,2026-04-18 17:12:00,2026-04-18 17:57:00,planned,CAL-01,390.0
5033,12,2026-01-02 12:59:00,2026-01-02 15:42:00,planned,ELEC-01,4424.0
5034,36,2026-01-22 11:16:00,2026-01-22 12:35:00,unplanned,MEC-02,
5035,12,2026-05-21 14:27:00,2026-05-21 17:09:00,unplanned,MEC-02,
5036,12,2026-06-23 04:28:00,2026-06-23 06:24:00,unplanned,MAT-01,
5037,5,2026-01-08 20:32:00,2026-01-08 21:14:00,planned,MEC-01,3097.0
5038,35,2026-06-25 08:05:00,2026-06-25 10:16:00,planned,CAL-01,7729.0
5039,4,2026-06-08 18:10:00,2026-06-08 19:26:00,unplanned,CAL-01,1903.0
5040,34,2026-05-15 13:16:00,2026-05-15 14:23:00,unplanned,MEC-01,
5041,47,2026-03-30 12:51:00,2026-03-30 15:39:00,unplanned,ELEC-01,1083.0
5042,13,2026-02-18 00:35:00,2026-02-18 01:42:00,unplanned,MAT-01,8893.0
5043,6,2026-02-12 07:56:00,2026-02-12 09:14:00,unplanned,MEC-02,
5044,8,2026-06-18 12:49:00,2026-06-18 14:58:00,unplanned,MEC-01,1494.0
5045,41,2026-05-26 17:23:00,2026-05-26 19:14:00,planned,MEC-01,6765.0
5046,46,2026-03-24 06:07:00,2026-03-24 08:03:00,unplanned,MEC-01,
5047,5,2026-06-04 13:18:00,2026-06-04 15:23:00,planned,MAT-01,2345.0
5048,50,2026-06-01 14:38:00,2026-06-01 17:21:00,planned,MEC-01,8264.0
5049,26,2026-02-07 22:00:00,2026-02-08 00:12:00,unplanned,MEC-01,3745.0
5050,48,2026-03-27 06:58:00,2026-03-27 08:21:00,planned,CAL-01,7489.0
5051,14,2026-05-20 06:49:00,2026-05-20 09:02:00,planned,MAT-01,9006.0
5052,12,2026-01-20 07:58:00,2026-01-20 09:54:00,unplanned,CAL-01,
5053,17,2026-05-24 16:40:00,2026-05-24 18:04:00,unplanned,MEC-01,6123.0
5054,34,2026-01-07 07:52:00,2026-01-07 09:16:00,unplanned,MAT-01,7874.0
5055,18,2026-02-07 05:43:00,2026-02-07 08:00:00,planned,MEC-02,
5056,28,2026-06-07 22:06:00,2026-06-08 00:45:00,unplanned,MAT-01,6147.0
5057,50,2026-04-21 02:12:00,2026-04-21 03:25:00,unplanned,MEC-01,
5058,44,2026-01-02 23:58:00,2026-01-03 02:56:00,unplanned,MEC-02,7981.0
5059,19,2026-04-11 12:12:00,2026-04-11 12:41:00,planned,MAT-01,1353.0
5060,29,2026-03-29 15:34:00,2026-03-29 17:46:00,planned,MEC-01,
5061,36,2026-05-02 23:02:00,2026-05-02 23:36:00,unplanned,ELEC-01,9256.0
5062,4,2026-05-09 04:44:00,2026-05-09 07:03:00,planned,MAT-01,3199.0
5063,9,2026-03-30 10:19:00,2026-03-30 10:54:00,planned,MEC-02,
5064,30,2026-06-16 23:31:00,2026-06-17 01:10:00,unplanned,MEC-02,6133.0
5065,43,2026-02-23 23:43:00,2026-02-24 01:28:00,unplanned,MEC-02,1742.0
5066,15,2026-04-27 03:32:00,2026-04-27 03:58:00,unplanned,MEC-01,6414.0
5067,49,2026-05-22 06:51:00,2026-05-22 09:34:00,unplanned,CAL-01,519.0
5068,16,2026-06-29 08:35:00,2026-06-29 11:25:00,unplanned,CAL-01,3249.0
5069,1,2026-04-10 16:52:00,2026-04-10 19:31:00,unplanned,MAT-01,1263.0
5070,27,2026-02-02 02:10:00,2026-02-02 04:11:00,unplanned,ELEC-01,8307.0
5071,27,2026-01-28 19:18:00,2026-01-28 22:06:00,unplanned,CAL-01,7498.0
5072,3,2026-06-01 03:45:00,2026-06-01 04:37:00,unplanned,MEC-01,6897.0
5073,15,2026-04-22 19:56:00,2026-04-22 20:31:00,planned,ELEC-01,7512.0
5074,37,2026-04-01 16:37:00,2026-04-01 16:51:00,planned,MEC-02,2.0
5075,22,2026-02-22 02:17:00,2026-02-22 02:44:00,unplanned,CAL-01,7395.0
5076,25,2026-05-15 09:43:00,2026-05-15 10:34:00,planned,CAL-01,
5077,40,2026-02-28 02:48:00,2026-02-28 04:03:00,planned,MEC-02,2124.0
5078,47,2026-04-04 23:53:00,2026-04-05 01:22:00,planned,MEC-02,6309.0
5079,21,2026-06-23 20:05:00,2026-06-23 21:03:00,planned,MEC-01,
5080,45,2026-06-05 12:46:00,2026-06-05 15:45:00,planned,CAL-01,6488.0
5081,9,2026-04-07 10:03:00,2026-04-07 11:53:00,planned,MAT-01,8144.0
5082,14,2026-02-03 06:51:00,2026-02-03 08:26:00,unplanned,MEC-02,6271.0
5083,17,2026-04-08 05:09:00,2026-04-08 07:25:00,planned,MEC-01,1769.0
5084,28,2026-03-07 15:51:00,2026-03-07 16:35:00,planned,MEC-01,
5085,7,2026-05-12 01:51:00,2026-05-12 02:09:00,unplanned,MEC-01,
5086,49,2026-03-04 11:27:00,2026-03-04 13:59:00,unplanned,MEC-02,9897.0
5087,2,2026-01-11 14:50:00,2026-01-11 15:12:00,unplanned,MEC-02,759.0
5088,48,2026-04-30 22:01:00,2026-04-30 22:16:00,unplanned,MEC-02,7777.0
5089,35,2026-02-09 20:08:00,2026-02-09 23:02:00,unplanned,MEC-02,7476.0
5090,26,2026-06-18 00:23:00,2026-06-18 03:02:00,planned,MEC-02,
5091,20,2026-03-29 18:57:00,2026-03-29 19:21:00,planned,MEC-02,3930.0
5092,35,2026-06-20 07:04:00,2026-06-20 07:18:00,unplanned,ELEC-01,5143.0
5093,9,2026-02-13 20:37:00,2026-02-13 22:35:00,planned,CAL-01,2296.0
5094,50,2026-01-27 01:07:00,2026-01-27 01:54:00,unplanned,MEC-01,
5095,29,2026-02-16 07:43:00,2026-02-16 08:32:00,planned,CAL-01,
5096,39,2026-02-14 09:51:00,2026-02-14 12:51:00,unplanned,CAL-01,8882.0
5097,10,2026-03-03 16:04:00,2026-03-03 17:41:00,planned,MEC-02,8373.0
5098,22,2026-05-19 13:59:00,2026-05-19 15:56:00,unplanned,CAL-01,2784.0
5099,35,2026-04-01 23:09:00,2026-04-02 01:53:00,unplanned,MEC-02,
5100,21,2026-06-01 23:49:00,2026-06-02 01:28:00,planned,MAT-01,
5101,48,2026-02-04 15:54:00,2026-02-04 17:39:00,unplanned,ELEC-01,
5102,45,2026-01-26 07:23:00,2026-01-26 08:12:00,planned,MAT-01,
5103,1,2026-01-25 17:54:00,2026-01-25 20:28:00,unplanned,MEC-01,804.0
5104,15,2026-06-19 04:38:00,2026-06-19 06:42:00,planned,ELEC-01,5839.0
5105,27,2026-01-21 12:16:00,2026-01-21 12:46:00,planned,MEC-01,4139.0
5106,31,2026-04-14 08:57:00,2026-04-14 10:58:00,planned,MEC-02,
5107,34,2026-03-29 05:24:00,2026-03-29 05:35:00,unplanned,ELEC-01,
5108,17,2026-05-04 07:31:00,2026-05-04 10:28:00,unplanned,ELEC-01,
5109,34,2026-02-27 13:07:00,2026-02-27 14:14:00,unplanned,CAL-01,
5110,17,2026-04-01 08:21:00,2026-04-01 08:56:00,unplanned,MEC-02,9790.0
5111,25,2026-05-15 16:47:00,2026-05-15 18:51:00,planned,ELEC-01,7570.0
5112,20,2026-03-31 10:13:00,2026-03-31 12:53:00,planned,MAT-01,6945.0
5113,36,2026-05-28 05:17:00,2026-05-28 08:15:00,planned,CAL-01,9131.0
5114,45,2026-03-08 08:47:00,2026-03-08 11:36:00,planned,MAT-01,6816.0
5115,15,2026-05-01 08:34:00,2026-05-01 08:59:00,planned,MEC-01,9362.0
5116,20,2026-05-11 12:58:00,2026-05-11 14:32:00,unplanned,CAL-01,30.0
5117,47,2026-04-23 20:13:00,2026-04-23 22:33:00,planned,CAL-01,
5118,2,2026-02-25 10:45:00,2026-02-25 12:22:00,planned,CAL-01,3378.0
5119,17,2026-03-18 05:07:00,2026-03-18 06:47:00,unplanned,MEC-02,9309.0
5120,5,2026-06-10 03:04:00,2026-06-10 05:45:00,unplanned,ELEC-01,1366.0
5121,14,2026-04-23 02:29:00,2026-04-23 05:25:00,unplanned,MAT-01,6667.0
5122,19,2026-05-16 10:34:00,2026-05-16 12:21:00,planned,MAT-01,1530.0
5123,27,2026-04-07 14:45:00,2026-04-07 17:05:00,planned,MEC-01,438.0
5124,18,2026-06-29 12:27:00,2026-06-29 13:07:00,unplanned,ELEC-01,6911.0
5125,26,2026-01-28 18:01:00,2026-01-28 18:33:00,unplanned,MEC-01,
5126,33,2026-05-12 09:33:00,2026-05-12 10:24:00,unplanned,CAL-01,9532.0
5127,31,2026-03-04 05:57:00,2026-03-04 06:03:00,planned,MEC-02,
5128,35,2026-02-16 00:20:00,2026-02-16 01:06:00,planned,CAL-01,
5129,26,2026-05-06 13:27:00,2026-05-06 14:14:00,unplanned,MEC-01,501.0
5130,22,2026-06-15 07:58:00,2026-06-15 09:38:00,planned,MEC-01,2341.0
5131,8,2026-04-20 05:35:00,2026-04-20 07:31:00,planned,MEC-02,9283.0
5132,39,2026-06-18 09:08:00,2026-06-18 11:29:00,unplanned,ELEC-01,2513.0
5133,9,2026-06-09 04:50:00,2026-06-09 05:15:00,planned,MAT-01,3874.0
5134,15,2026-03-24 07:30:00,2026-03-24 09:54:00,planned,MEC-02,
5135,24,2026-01-04 17:01:00,2026-01-04 19:08:00,unplanned,MEC-01,5871.0
5136,1,2026-05-26 16:58:00,2026-05-26 17:59:00,unplanned,MAT-01,7407.0
5137,14,2026-03-26 22:14:00,2026-03-26 22:51:00,unplanned,MAT-01,6165.0
5138,35,2026-01-05 21:35:00,2026-01-05 23:59:00,planned,CAL-01,3044.0
5139,41,2026-04-11 22:53:00,2026-04-11 23:57:00,planned,MAT-01,
5140,46,2026-06-18 12:46:00,2026-06-18 15:24:00,unplanned,MEC-02,
5141,29,2026-06-27 11:39:00,2026-06-27 11:52:00,unplanned,CAL-01,
5142,14,2026-05-09 02:11:00,2026-05-09 03:07:00,unplanned,MEC-02,9398.0
5143,36,2026-06-08 23:06:00,2026-06-08 23:12:00,planned,CAL-01,579.0
5144,44,2026-04-22 17:10:00,2026-04-22 20:09:00,planned,MEC-01,9403.0
5145,48,2026-02-23 22:45:00,2026-02-24 01:04:00,unplanned,MEC-01,
5146,14,2026-04-09 03:14:00,2026-04-09 03:34:00,unplanned,MEC-01,1477.0
5147,23,2026-06-18 01:54:00,2026-06-18 02:49:00,planned,MAT-01,2311.0
5148,44,2026-03-29 10:21:00,2026-03-29 10:33:00,planned,CAL-01,4637.0
5149,41,2026-02-02 02:46:00,2026-02-02 03:00:00,unplanned,ELEC-01,
5150,39,2026-01-03 21:33:00,2026-01-03 21:59:00,planned,MEC-01,2710.0
5151,29,2026-03-21 22:24:00,2026-03-21 23:38:00,unplanned,MEC-02,
5152,32,2026-04-10 06:33:00,2026-04-10 06:46:00,planned,MEC-02,5651.0
5153,14,2026-06-25 01:11:00,2026-06-25 03:42:00,planned,MAT-01,1786.0
5154,40,2026-03-21 20:01:00,2026-03-21 22:18:00,unplanned,ELEC-01,2084.0
5155,10,2026-02-08 09:14:00,2026-02-08 10:21:00,planned,MEC-02,7331.0
5156,28,2026-06-08 20:04:00,2026-06-08 21:24:00,unplanned,MAT-01,
5157,38,2026-05-28 11:35:00,2026-05-28 13:51:00,unplanned,MEC-01,5653.0
5158,1,2026-03-21 19:25:00,2026-03-21 20:30:00,unplanned,MEC-02,
5159,48,2026-02-26 20:26:00,2026-02-26 20:32:00,planned,MAT-01,8290.0
5160,40,2026-01-24 08:09:00,2026-01-24 09:21:00,unplanned,MEC-01,9354.0
5161,33,2026-01-28 19:00:00,2026-01-28 20:30:00,planned,ELEC-01,3717.0
5162,38,2026-02-20 18:41:00,2026-02-20 20:33:00,unplanned,MAT-01,5700.0
5163,47,2026-06-29 15:50:00,2026-06-29 16:03:00,planned,MEC-01,7113.0
5164,44,2026-04-09 21:02:00,2026-04-09 22:50:00,unplanned,CAL-01,100.0
5165,46,2026-05-13 15:23:00,2026-05-13 17:11:00,planned,CAL-01,
5166,15,2026-02-21 13:45:00,2026-02-21 15:50:00,planned,CAL-01,5609.0
5167,27,2026-06-21 15:22:00,2026-06-21 16:01:00,unplanned,ELEC-01,
5168,16,2026-01-17 09:41:00,2026-01-17 12:18:00,unplanned,CAL-01,6136.0
5169,44,2026-04-19 07:12:00,2026-04-19 08:47:00,planned,MEC-02,4975.0
5170,45,2026-02-09 02:21:00,2026-02-09 05:18:00,planned,ELEC-01,6077.0
5171,10,2026-03-07 17:07:00,2026-03-07 19:07:00,planned,CAL-01,2470.0
5172,23,2026-05-27 06:57:00,2026-05-27 09:10:00,unplanned,ELEC-01,
5173,31,2026-06-16 14:15:00,2026-06-16 14:53:00,planned,MEC-01,9080.0
5174,46,2026-01-07 06:22:00,2026-01-07 06:35:00,planned,MEC-01,
5175,26,2026-02-18 23:16:00,2026-02-19 01:49:00,unplanned,MEC-01,295.0
5176,30,2026-03-31 21:53:00,2026-03-31 23:25:00,unplanned,MEC-02,2292.0
5177,30,2026-04-26 12:19:00,2026-04-26 13:39:00,unplanned,ELEC-01,4148.0
5178,7,2026-06-26 10:00:00,2026-06-26 11:33:00,unplanned,CAL-01,
5179,45,2026-06-27 06:48:00,2026-06-27 09:23:00,unplanned,CAL-01,1484.0
5180,33,2026-02-09 00:47:00,2026-02-09 03:37:00,unplanned,CAL-01,
5181,22,2026-03-14 12:38:00,2026-03-14 12:51:00,unplanned,CAL-01,
5182,41,2026-04-30 23:39:00,2026-05-01 01:53:00,unplanned,MEC-01,6342.0
5183,9,2026-01-27 03:42:00,2026-01-27 05:17:00,unplanned,MEC-01,
5184,14,2026-04-20 00:24:00,2026-04-20 00:38:00,unplanned,CAL-01,8057.0
5185,50,2026-06-15 02:34:00,2026-06-15 03:25:00,unplanned,CAL-01,7022.0
5186,29,2026-01-13 23:25:00,2026-01-13 23:33:00,planned,MEC-02,8965.0
5187,50,2026-01-04 19:34:00,2026-01-04 20:07:00,unplanned,MEC-02,1404.0
5188,49,2026-03-25 09:55:00,2026-03-25 11:25:00,unplanned,CAL-01,
5189,47,2026-05-11 14:33:00,2026-05-11 16:01:00,unplanned,MEC-02,6684.0
5190,18,2026-01-14 23:35:00,2026-01-15 01:36:00,planned,MEC-02,
5191,29,2026-01-13 09:02:00,2026-01-13 11:12:00,planned,MEC-02,5724.0
5192,19,2026-04-07 05:44:00,2026-04-07 06:43:00,planned,CAL-01,2377.0
5193,13,2026-01-08 10:14:00,2026-01-08 10:24:00,unplanned,MEC-01,
5194,1,2026-06-27 17:11:00,2026-06-27 18:59:00,planned,MEC-01,4446.0
5195,19,2026-05-10 02:10:00,2026-05-10 03:15:00,unplanned,CAL-01,
5196,35,2026-03-16 04:06:00,2026-03-16 05:15:00,unplanned,ELEC-01,9479.0
5197,27,2026-01-10 14:48:00,2026-01-10 17:07:00,planned,ELEC-01,97.0
5198,45,2026-02-13 10:03:00,2026-02-13 10:27:00,unplanned,ELEC-01,
5199,22,2026-06-11 11:56:00,2026-06-11 14:55:00,planned,MEC-01,
5200,34,2026-04-13 06:22:00,2026-04-13 08:01:00,planned,MAT-01,7798.0
5201,40,2026-03-01 10:32:00,2026-03-01 11:21:00,planned,ELEC-01,
5202,23,2026-04-11 03:45:00,2026-04-11 04:51:00,planned,MEC-02,6110.0
5203,2,2026-04-23 02:05:00,2026-04-23 04:24:00,unplanned,MEC-02,8589.0
5204,7,2026-03-31 11:27:00,2026-03-31 11:44:00,unplanned,MAT-01,
5205,32,2026-03-31 13:59:00,2026-03-31 15:35:00,unplanned,MEC-02,
5206,10,2026-01-15 01:11:00,2026-01-15 03:24:00,planned,MEC-01,9846.0
5207,22,2026-04-20 13:03:00,2026-04-20 15:13:00,planned,CAL-01,5996.0
5208,8,2026-06-27 08:40:00,2026-06-27 09:54:00,unplanned,MEC-02,
5209,10,2026-05-20 18:18:00,2026-05-20 19:52:00,planned,MEC-01,9571.0
5210,45,2026-03-14 22:33:00,2026-03-14 23:06:00,unplanned,MEC-01,
5211,49,2026-05-27 04:54:00,2026-05-27 05:53:00,unplanned,MAT-01,7688.0
5212,41,2026-01-11 22:40:00,2026-01-12 00:29:00,planned,CAL-01,4128.0
5213,37,2026-06-17 02:03:00,2026-06-17 04:52:00,unplanned,CAL-01,8387.0
5214,21,2026-01-18 21:46:00,2026-01-18 22:12:00,planned,MEC-01,7880.0
5215,12,2026-06-27 19:29:00,2026-06-27 20:42:00,unplanned,ELEC-01,8879.0
5216,49,2026-01-27 06:11:00,2026-01-27 08:18:00,unplanned,MEC-01,1169.0
5217,23,2026-03-25 00:57:00,2026-03-25 03:41:00,unplanned,MAT-01,
5218,29,2026-01-13 03:09:00,2026-01-13 04:34:00,planned,MAT-01,
5219,31,2026-05-14 07:39:00,2026-05-14 10:00:00,unplanned,MAT-01,4473.0
5220,36,2026-01-31 00:03:00,2026-01-31 02:47:00,planned,MEC-01,
5221,11,2026-05-04 11:18:00,2026-05-04 13:58:00,planned,MAT-01,6049.0
5222,9,2026-02-02 05:34:00,2026-02-02 06:16:00,unplanned,MEC-01,7048.0
5223,19,2026-02-11 08:22:00,2026-02-11 09:26:00,unplanned,MEC-02,3870.0
5224,15,2026-02-02 05:02:00,2026-02-02 07:44:00,planned,CAL-01,
5225,42,2026-01-11 23:44:00,2026-01-12 01:58:00,unplanned,MEC-01,7983.0
5226,47,2026-04-12 01:54:00,2026-04-12 03:56:00,unplanned,ELEC-01,
5227,23,2026-02-20 11:53:00,2026-02-20 13:14:00,planned,MEC-01,2379.0
5228,17,2026-06-16 12:24:00,2026-06-16 12:54:00,planned,MEC-01,4848.0
5229,25,2026-03-01 23:42:00,2026-03-02 02:32:00,unplanned,MAT-01,3849.0
5230,15,2026-03-07 20:14:00,2026-03-07 20:40:00,unplanned,ELEC-01,9729.0
5231,50,2026-01-06 05:15:00,2026-01-06 05:34:00,unplanned,MEC-02,
5232,2,2026-03-17 21:22:00,2026-03-17 22:11:00,unplanned,MEC-01,1433.0
5233,3,2026-02-03 15:20:00,2026-02-03 16:31:00,planned,ELEC-01,702.0
5234,1,2026-05-20 20:02:00,2026-05-20 20:25:00,planned,MEC-02,4082.0
5235,10,2026-01-21 12:28:00,2026-01-21 14:03:00,planned,MEC-01,5071.0
5236,40,2026-04-11 09:15:00,2026-04-11 11:19:00,unplanned,ELEC-01,1974.0
5237,27,2026-03-12 12:04:00,2026-03-12 12:35:00,unplanned,MAT-01,8717.0
5238,34,2026-02-14 13:48:00,2026-02-14 15:58:00,planned,ELEC-01,7676.0
5239,31,2026-03-20 09:05:00,2026-03-20 12:00:00,unplanned,MAT-01,
5240,12,2026-02-13 08:38:00,2026-02-13 10:46:00,unplanned,MEC-01,489.0
5241,14,2026-05-04 22:07:00,2026-05-04 23:58:00,planned,ELEC-01,2771.0
5242,42,2026-01-22 16:57:00,2026-01-22 18:57:00,planned,CAL-01,7146.0
5243,26,2026-01-29 07:25:00,2026-01-29 08:36:00,planned,ELEC-01,7297.0
5244,18,2026-02-13 04:32:00,2026-02-13 06:26:00,unplanned,ELEC-01,
5245,48,2026-05-25 23:45:00,2026-05-26 01:18:00,planned,MEC-01,6278.0
5246,8,2026-02-11 19:26:00,2026-02-11 22:07:00,unplanned,MEC-02,1512.0
5247,50,2026-01-18 18:47:00,2026-01-18 20:41:00,planned,MAT-01,
5248,16,2026-06-18 01:22:00,2026-06-18 03:05:00,planned,MAT-01,5853.0
5249,3,2026-06-16 04:44:00,2026-06-16 05:23:00,unplanned,MEC-01,
5250,21,2026-01-11 11:14:00,2026-01-11 11:52:00,planned,MEC-01,728.0
5251,45,2026-04-05 04:07:00,2026-04-05 04:40:00,unplanned,MAT-01,8711.0
5252,14,2026-05-14 05:43:00,2026-05-14 07:35:00,planned,MEC-01,7342.0
5253,33,2026-04-15 04:18:00,2026-04-15 07:12:00,planned,MEC-02,9351.0
5254,42,2026-03-17 02:47:00,2026-03-17 02:59:00,unplanned,ELEC-01,3825.0
5255,32,2026-03-23 14:23:00,2026-03-23 17:00:00,unplanned,ELEC-01,1753.0
5256,23,2026-05-01 07:52:00,2026-05-01 08:24:00,unplanned,MEC-01,1305.0
5257,10,2026-04-14 22:46:00,2026-04-15 00:17:00,unplanned,CAL-01,
5258,29,2026-04-11 16:35:00,2026-04-11 16:40:00,planned,MEC-01,
5259,48,2026-06-23 16:46:00,2026-06-23 17:56:00,planned,MEC-01,6330.0
5260,32,2026-03-27 07:07:00,2026-03-27 09:21:00,planned,ELEC-01,9104.0
5261,13,2026-03-12 22:51:00,2026-03-13 00:24:00,planned,ELEC-01,6256.0
5262,19,2026-02-10 21:39:00,2026-02-11 00:12:00,planned,CAL-01,4144.0
5263,22,2026-04-21 09:57:00,2026-04-21 10:46:00,planned,CAL-01,7443.0
5264,1,2026-01-15 20:13:00,2026-01-15 21:09:00,unplanned,ELEC-01,8877.0
5265,49,2026-05-09 21:00:00,2026-05-09 22:31:00,planned,ELEC-01,3008.0
5266,19,2026-03-14 05:38:00,2026-03-14 06:30:00,unplanned,MEC-02,
5267,37,2026-03-08 21:40:00,2026-03-08 22:42:00,planned,MEC-02,
5268,30,2026-03-30 08:05:00,2026-03-30 09:38:00,unplanned,ELEC-01,
5269,21,2026-03-29 12:03:00,2026-03-29 12:12:00,planned,CAL-01,
5270,24,2026-04-22 08:40:00,2026-04-22 09:21:00,unplanned,ELEC-01,
5271,34,2026-06-06 01:14:00,2026-06-06 02:55:00,unplanned,CAL-01,9354.0
5272,25,2026-02-27 00:51:00,2026-02-27 03:00:00,unplanned,MEC-01,8526.0
5273,40,2026-06-21 01:57:00,2026-06-21 02:58:00,unplanned,ELEC-01,1788.0
5274,21,2026-01-11 16:53:00,2026-01-11 17:21:00,planned,CAL-01,8412.0
5275,16,2026-03-01 07:13:00,2026-03-01 07:26:00,unplanned,ELEC-01,9452.0
5276,48,2026-02-18 03:34:00,2026-02-18 03:56:00,unplanned,MAT-01,
5277,34,2026-03-18 22:56:00,2026-03-18 23:09:00,unplanned,MEC-02,
5278,17,2026-04-15 18:02:00,2026-04-15 18:52:00,unplanned,MAT-01,
5279,6,2026-06-26 08:21:00,2026-06-26 09:33:00,unplanned,MEC-02,7740.0
5280,30,2026-03-17 08:21:00,2026-03-17 09:14:00,planned,CAL-01,
5281,9,2026-03-31 23:38:00,2026-03-31 23:48:00,unplanned,MEC-02,
5282,28,2026-03-07 00:08:00,2026-03-07 01:54:00,unplanned,MEC-01,5176.0
5283,5,2026-02-14 22:53:00,2026-02-14 23:37:00,unplanned,MEC-02,6490.0
5284,49,2026-06-15 15:03:00,2026-06-15 15:08:00,planned,MEC-01,
5285,7,2026-06-03 12:37:00,2026-06-03 12:50:00,unplanned,MEC-01,
5286,5,2026-06-08 20:48:00,2026-06-08 23:13:00,planned,CAL-01,4032.0
5287,32,2026-03-02 12:39:00,2026-03-02 14:41:00,unplanned,CAL-01,7702.0
5288,49,2026-04-11 21:28:00,2026-04-11 21:50:00,planned,MEC-02,7510.0
5289,46,2026-03-30 01:12:00,2026-03-30 03:05:00,planned,ELEC-01,4756.0
5290,33,2026-04-29 17:37:00,2026-04-29 20:13:00,unplanned,CAL-01,6412.0
5291,21,2026-01-07 16:19:00,2026-01-07 18:51:00,unplanned,MEC-02,7584.0
5292,15,2026-05-02 13:46:00,2026-05-02 14:15:00,unplanned,MAT-01,8029.0
5293,20,2026-01-10 06:04:00,2026-01-10 07:39:00,planned,MEC-02,9197.0
5294,47,2026-04-28 04:28:00,2026-04-28 05:14:00,unplanned,CAL-01,9932.0
5295,3,2026-02-12 23:43:00,2026-02-13 00:09:00,planned,MEC-02,1288.0
5296,16,2026-03-23 18:03:00,2026-03-23 19:33:00,unplanned,MEC-02,2270.0
5297,29,2026-05-04 04:37:00,2026-05-04 06:08:00,planned,MEC-01,
5298,50,2026-06-09 08:39:00,2026-06-09 10:10:00,planned,MEC-01,1283.0
5299,24,2026-01-03 21:00:00,2026-01-03 23:13:00,unplanned,MEC-01,
5300,41,2026-04-28 03:28:00,2026-04-28 05:07:00,unplanned,MAT-01,6924.0
5301,19,2026-05-04 16:14:00,2026-05-04 17:52:00,planned,MAT-01,8872.0
5302,11,2026-03-04 16:21:00,2026-03-04 17:42:00,unplanned,CAL-01,9703.0
5303,39,2026-05-02 22:48:00,2026-05-03 01:44:00,unplanned,CAL-01,468.0
5304,16,2026-02-09 12:51:00,2026-02-09 13:49:00,planned,MEC-02,963.0
5305,47,2026-06-27 18:52:00,2026-06-27 19:33:00,planned,MEC-02,1426.0
5306,18,2026-03-07 07:19:00,2026-03-07 07:55:00,planned,MEC-01,3813.0
5307,35,2026-01-29 06:59:00,2026-01-29 09:30:00,planned,MAT-01,
5308,44,2026-05-13 05:23:00,2026-05-13 07:02:00,planned,ELEC-01,
5309,9,2026-04-05 08:09:00,2026-04-05 08:50:00,unplanned,MEC-02,1589.0
5310,39,2026-02-03 05:23:00,2026-02-03 05:39:00,unplanned,MEC-02,2473.0
5311,15,2026-01-31 04:11:00,2026-01-31 04:36:00,planned,MEC-02,2037.0
5312,35,2026-03-12 19:27:00,2026-03-12 20:23:00,unplanned,CAL-01,4696.0
5313,32,2026-04-21 05:17:00,2026-04-21 07:37:00,planned,MEC-02,156.0
5314,31,2026-06-07 18:42:00,2026-06-07 19:19:00,unplanned,ELEC-01,
5315,19,2026-01-09 05:46:00,2026-01-09 08:09:00,unplanned,MEC-01,8463.0
5316,9,2026-05-27 06:35:00,2026-05-27 09:33:00,unplanned,MAT-01,8079.0
5317,44,2026-02-18 14:37:00,2026-02-18 17:01:00,planned,MEC-02,
5318,28,2026-05-17 22:49:00,2026-05-18 00:09:00,unplanned,ELEC-01,139.0
5319,31,2026-03-14 10:43:00,2026-03-14 10:58:00,unplanned,MEC-01,4733.0
5320,22,2026-01-22 09:41:00,2026-01-22 09:58:00,planned,MEC-01,
5321,8,2026-03-06 15:11:00,2026-03-06 16:08:00,unplanned,CAL-01,
5322,16,2026-03-24 08:16:00,2026-03-24 10:45:00,planned,MAT-01,4740.0
5323,35,2026-04-15 00:06:00,2026-04-15 02:55:00,unplanned,MAT-01,8624.0
5324,35,2026-06-14 14:15:00,2026-06-14 14:30:00,unplanned,ELEC-01,2831.0
5325,28,2026-03-28 09:20:00,2026-03-28 11:15:00,planned,ELEC-01,1823.0
5326,29,2026-02-06 16:23:00,2026-02-06 18:12:00,unplanned,CAL-01,5023.0
5327,30,2026-04-27 02:20:00,2026-04-27 05:00:00,unplanned,MEC-02,9779.0
5328,20,2026-02-19 01:25:00,2026-02-19 02:52:00,unplanned,ELEC-01,
5329,33,2026-03-23 08:14:00,2026-03-23 10:43:00,planned,MEC-01,
5330,43,2026-02-19 12:29:00,2026-02-19 13:17:00,planned,MEC-01,3339.0
5331,18,2026-02-15 04:43:00,2026-02-15 06:20:00,unplanned,MEC-02,8128.0
5332,15,2026-06-18 11:38:00,2026-06-18 13:17:00,planned,MAT-01,8522.0
5333,1,2026-04-08 19:36:00,2026-04-08 20:48:00,planned,MEC-01,9434.0
5334,29,2026-06-12 06:41:00,2026-06-12 07:00:00,unplanned,MEC-02,8850.0
5335,3,2026-05-03 07:51:00,2026-05-03 09:53:00,unplanned,ELEC-01,
5336,28,2026-01-28 15:38:00,2026-01-28 15:52:00,unplanned,MEC-02,7979.0
5337,1,2026-05-17 10:45:00,2026-05-17 12:34:00,planned,CAL-01,3717.0
5338,35,2026-01-11 23:42:00,2026-01-12 01:43:00,unplanned,ELEC-01,6222.0
5339,9,2026-01-29 17:10:00,2026-01-29 17:26:00,planned,CAL-01,8591.0
5340,44,2026-04-20 17:32:00,2026-04-20 17:49:00,unplanned,MAT-01,5271.0
5341,43,2026-01-27 22:04:00,2026-01-28 00:57:00,unplanned,MEC-02,
5342,37,2026-02-06 02:13:00,2026-02-06 04:21:00,planned,MAT-01,7012.0
5343,23,2026-03-24 19:02:00,2026-03-24 20:28:00,planned,ELEC-01,296.0
5344,8,2026-06-02 11:56:00,2026-06-02 14:25:00,planned,MEC-01,3963.0
5345,33,2026-03-11 09:55:00,2026-03-11 12:21:00,unplanned,MAT-01,4875.0
5346,50,2026-06-09 10:55:00,2026-06-09 13:32:00,planned,MAT-01,
5347,23,2026-03-11 00:30:00,2026-03-11 00:46:00,planned,CAL-01,1918.0
5348,31,2026-06-11 00:31:00,2026-06-11 00:39:00,unplanned,ELEC-01,8187.0
5349,4,2026-04-12 17:00:00,2026-04-12 19:29:00,planned,MAT-01,9277.0
5350,21,2026-04-06 09:48:00,2026-04-06 10:33:00,unplanned,CAL-01,9461.0
5351,11,2026-03-01 01:26:00,2026-03-01 03:21:00,planned,MEC-02,1420.0
5352,10,2026-04-20 13:07:00,2026-04-20 14:16:00,unplanned,MEC-02,3811.0
5353,17,2026-04-11 18:05:00,2026-04-11 19:57:00,unplanned,MEC-01,
5354,17,2026-02-16 02:48:00,2026-02-16 04:46:00,planned,ELEC-01,
5355,4,2026-03-07 16:50:00,2026-03-07 19:44:00,planned,MEC-01,1382.0
5356,15,2026-04-06 06:24:00,2026-04-06 09:09:00,planned,MEC-01,5532.0
5357,3,2026-04-08 17:26:00,2026-04-08 20:15:00,unplanned,CAL-01,9333.0
5358,30,2026-04-23 10:06:00,2026-04-23 12:46:00,planned,MEC-02,2611.0
5359,37,2026-04-29 17:04:00,2026-04-29 19:17:00,unplanned,MEC-02,5390.0
5360,16,2026-05-13 01:32:00,2026-05-13 03:14:00,planned,MAT-01,9690.0
5361,3,2026-04-23 21:50:00,2026-04-23 23:30:00,unplanned,CAL-01,
5362,29,2026-06-25 14:53:00,2026-06-25 16:53:00,planned,MAT-01,7195.0
5363,42,2026-06-25 08:24:00,2026-06-25 10:23:00,planned,CAL-01,
5364,18,2026-03-19 11:53:00,2026-03-19 14:51:00,planned,MAT-01,397.0
5365,45,2026-03-29 13:59:00,2026-03-29 14:24:00,unplanned,MAT-01,4101.0
5366,36,2026-02-18 00:01:00,2026-02-18 00:17:00,planned,ELEC-01,7372.0
5367,48,2026-03-16 20:04:00,2026-03-16 20:14:00,unplanned,MEC-01,5177.0
5368,18,2026-03-18 10:59:00,2026-03-18 11:52:00,unplanned,MAT-01,1805.0
5369,44,2026-04-07 19:44:00,2026-04-07 21:43:00,unplanned,ELEC-01,
5370,38,2026-03-10 14:36:00,2026-03-10 16:57:00,unplanned,CAL-01,
5371,50,2026-05-01 08:40:00,2026-05-01 10:07:00,planned,MAT-01,9975.0
5372,2,2026-06-23 23:36:00,2026-06-24 00:50:00,unplanned,ELEC-01,5701.0
5373,9,2026-05-28 05:13:00,2026-05-28 05:24:00,planned,MEC-01,409.0
5374,13,2026-04-08 04:10:00,2026-04-08 06:30:00,planned,MEC-02,
5375,41,2026-04-21 05:09:00,2026-04-21 05:55:00,planned,MAT-01,276.0
5376,11,2026-06-26 00:10:00,2026-06-26 00:23:00,planned,ELEC-01,7679.0
5377,21,2026-02-06 14:22:00,2026-02-06 16:47:00,planned,MEC-02,
5378,48,2026-03-17 17:47:00,2026-03-17 17:57:00,planned,MAT-01,3528.0
5379,43,2026-04-22 18:18:00,2026-04-22 21:06:00,unplanned,CAL-01,2762.0
5380,26,2026-06-26 19:21:00,2026-06-26 20:38:00,unplanned,MEC-01,6786.0
5381,16,2026-03-04 18:33:00,2026-03-04 19:35:00,planned,CAL-01,6939.0
5382,39,2026-03-14 15:51:00,2026-03-14 17:32:00,planned,ELEC-01,8467.0
5383,47,2026-05-08 13:59:00,2026-05-08 15:02:00,planned,CAL-01,
5384,47,2026-06-01 15:17:00,2026-06-01 17:56:00,unplanned,MAT-01,
5385,36,2026-06-02 10:26:00,2026-06-02 13:16:00,planned,MAT-01,8200.0
5386,8,2026-03-20 09:45:00,2026-03-20 11:44:00,unplanned,MEC-02,5147.0
5387,9,2026-01-07 02:35:00,2026-01-07 04:08:00,planned,ELEC-01,
5388,27,2026-04-01 10:12:00,2026-04-01 11:24:00,unplanned,CAL-01,3384.0
5389,42,2026-04-04 06:34:00,2026-04-04 06:40:00,planned,MEC-01,9218.0
5390,33,2026-03-09 09:38:00,2026-03-09 09:51:00,planned,ELEC-01,561.0
5391,3,2026-06-17 15:43:00,2026-06-17 15:52:00,unplanned,MEC-01,
5392,16,2026-04-30 20:29:00,2026-04-30 22:08:00,unplanned,CAL-01,
5393,50,2026-04-19 04:55:00,2026-04-19 06:52:00,unplanned,MEC-02,
5394,33,2026-01-29 15:22:00,2026-01-29 16:33:00,planned,MAT-01,6659.0
5395,33,2026-04-24 13:14:00,2026-04-24 14:42:00,unplanned,ELEC-01,
5396,45,2026-03-13 23:09:00,2026-03-14 01:13:00,planned,MAT-01,
5397,1,2026-03-12 16:39:00,2026-03-12 18:07:00,planned,CAL-01,9502.0
5398,37,2026-01-07 01:07:00,2026-01-07 01:41:00,unplanned,MAT-01,485.0
5399,20,2026-04-13 13:05:00,2026-04-13 15:10:00,planned,CAL-01,
5400,5,2026-04-18 03:07:00,2026-04-18 05:43:00,unplanned,MAT-01,
5401,27,2026-04-26 13:51:00,2026-04-26 15:25:00,planned,MEC-02,3129.0
5402,37,2026-04-14 01:49:00,2026-04-14 01:57:00,planned,MAT-01,
5403,29,2026-05-11 20:30:00,2026-05-11 21:45:00,unplanned,ELEC-01,3919.0
5404,21,2026-05-23 15:09:00,2026-05-23 16:38:00,unplanned,MEC-02,199.0
5405,5,2026-02-09 06:08:00,2026-02-09 07:17:00,unplanned,MAT-01,5893.0
5406,9,2026-04-14 20:13:00,2026-04-14 21:04:00,planned,MAT-01,3892.0
5407,44,2026-06-20 05:28:00,2026-06-20 05:42:00,unplanned,MEC-02,
5408,14,2026-05-14 13:18:00,2026-05-14 15:48:00,unplanned,MAT-01,9559.0
5409,35,2026-03-22 16:50:00,2026-03-22 19:46:00,unplanned,MEC-01,913.0
5410,36,2026-04-21 19:07:00,2026-04-21 21:52:00,unplanned,MAT-01,6804.0
5411,12,2026-05-28 00:20:00,2026-05-28 01:40:00,unplanned,CAL-01,9933.0
5412,39,2026-05-24 09:52:00,2026-05-24 10:10:00,planned,MEC-01,
5413,23,2026-02-02 00:13:00,2026-02-02 02:38:00,unplanned,MAT-01,8177.0
5414,21,2026-06-25 22:21:00,2026-06-26 00:14:00,unplanned,ELEC-01,1452.0
5415,29,2026-05-19 07:14:00,2026-05-19 08:02:00,unplanned,CAL-01,8534.0
5416,6,2026-05-27 18:52:00,2026-05-27 18:57:00,unplanned,ELEC-01,2545.0
5417,50,2026-03-19 10:22:00,2026-03-19 11:27:00,planned,MAT-01,2523.0
5418,36,2026-05-10 16:53:00,2026-05-10 19:45:00,unplanned,MAT-01,
5419,3,2026-01-03 20:58:00,2026-01-03 21:04:00,unplanned,MEC-02,
5420,42,2026-05-16 20:49:00,2026-05-16 23:36:00,planned,CAL-01,1501.0
5421,39,2026-02-19 01:38:00,2026-02-19 01:45:00,unplanned,MEC-02,5054.0
5422,35,2026-03-02 02:40:00,2026-03-02 02:47:00,unplanned,MEC-02,7667.0
5423,45,2026-04-19 10:47:00,2026-04-19 12:16:00,planned,ELEC-01,8998.0
5424,20,2026-01-28 15:05:00,2026-01-28 17:00:00,planned,CAL-01,
5425,15,2026-05-28 04:32:00,2026-05-28 06:58:00,planned,ELEC-01,195.0
5426,14,2026-01-02 01:12:00,2026-01-02 03:35:00,planned,MAT-01,3246.0
5427,17,2026-03-06 09:15:00,2026-03-06 11:24:00,unplanned,MAT-01,6817.0
5428,22,2026-03-10 10:05:00,2026-03-10 11:30:00,planned,MEC-02,4770.0
5429,35,2026-01-31 04:45:00,2026-01-31 07:30:00,planned,MAT-01,3064.0
5430,28,2026-06-05 09:55:00,2026-06-05 12:47:00,unplanned,MEC-01,2848.0
5431,6,2026-06-03 06:12:00,2026-06-03 07:32:00,unplanned,MAT-01,6707.0
5432,19,2026-05-26 03:24:00,2026-05-26 03:48:00,unplanned,MEC-02,
5433,38,2026-01-19 04:58:00,2026-01-19 07:21:00,unplanned,ELEC-01,9088.0
5434,6,2026-02-02 02:35:00,2026-02-02 04:00:00,unplanned,MEC-02,
5435,5,2026-03-15 03:32:00,2026-03-15 05:49:00,planned,CAL-01,8352.0
5436,13,2026-04-10 19:05:00,2026-04-10 20:49:00,unplanned,MEC-02,4334.0
5437,13,2026-01-02 04:02:00,2026-01-02 04:56:00,unplanned,CAL-01,3786.0
5438,33,2026-05-21 02:35:00,2026-05-21 02:41:00,planned,MEC-02,2990.0
5439,19,2026-02-19 22:14:00,2026-02-20 00:30:00,planned,MEC-02,
5440,38,2026-06-04 09:51:00,2026-06-04 11:40:00,unplanned,ELEC-01,4669.0
5441,50,2026-06-22 02:37:00,2026-06-22 05:08:00,planned,CAL-01,4006.0
5442,17,2026-01-29 17:36:00,2026-01-29 19:34:00,planned,MAT-01,4960.0
5443,22,2026-03-26 06:43:00,2026-03-26 09:43:00,unplanned,CAL-01,
5444,43,2026-04-28 03:34:00,2026-04-28 06:05:00,planned,MAT-01,1066.0
5445,11,2026-06-05 23:20:00,2026-06-06 00:24:00,planned,ELEC-01,2368.0
5446,49,2026-06-21 12:32:00,2026-06-21 15:28:00,planned,ELEC-01,8421.0
5447,12,2026-05-20 07:49:00,2026-05-20 09:49:00,planned,ELEC-01,8558.0
5448,36,2026-04-13 04:23:00,2026-04-13 06:35:00,planned,MEC-01,7624.0
5449,15,2026-01-08 09:22:00,2026-01-08 10:54:00,planned,MEC-02,2714.0
5450,11,2026-02-26 09:28:00,2026-02-26 12:06:00,planned,CAL-01,
5451,47,2026-04-22 14:11:00,2026-04-22 15:59:00,planned,MEC-01,8954.0
5452,14,2026-02-21 10:23:00,2026-02-21 13:13:00,planned,MEC-02,4920.0
5453,27,2026-04-02 15:03:00,2026-04-02 15:24:00,unplanned,MAT-01,7291.0
5454,20,2026-01-08 14:04:00,2026-01-08 16:06:00,unplanned,CAL-01,
5455,31,2026-05-25 02:52:00,2026-05-25 03:53:00,unplanned,MAT-01,6980.0
5456,20,2026-05-29 11:21:00,2026-05-29 12:00:00,planned,ELEC-01,5836.0
5457,3,2026-03-12 19:15:00,2026-03-12 21:02:00,planned,CAL-01,9897.0
5458,47,2026-06-26 05:04:00,2026-06-26 06:46:00,planned,CAL-01,
5459,1,2026-02-26 11:15:00,2026-02-26 11:24:00,planned,MAT-01,
5460,26,2026-02-27 00:04:00,2026-02-27 01:32:00,planned,MEC-02,8544.0
5461,28,2026-01-01 17:25:00,2026-01-01 18:04:00,planned,MEC-01,3418.0
5462,37,2026-03-18 09:23:00,2026-03-18 11:54:00,planned,MEC-01,7074.0
5463,37,2026-01-09 05:01:00,2026-01-09 07:57:00,unplanned,MEC-01,2438.0
5464,7,2026-02-20 01:00:00,2026-02-20 03:23:00,planned,MAT-01,
5465,4,2026-03-21 20:23:00,2026-03-21 21:24:00,unplanned,MEC-02,5661.0
5466,9,2026-01-21 03:34:00,2026-01-21 04:07:00,planned,MAT-01,4622.0
5467,10,2026-05-26 07:29:00,2026-05-26 09:55:00,planned,ELEC-01,6217.0
5468,12,2026-06-08 19:55:00,2026-06-08 21:30:00,unplanned,ELEC-01,3853.0
5469,39,2026-06-22 16:51:00,2026-06-22 18:44:00,unplanned,MAT-01,8716.0
5470,35,2026-01-01 04:55:00,2026-01-01 05:57:00,unplanned,ELEC-01,9546.0
5471,39,2026-06-18 21:44:00,2026-06-18 22:59:00,unplanned,MAT-01,
5472,46,2026-02-17 18:41:00,2026-02-17 21:34:00,unplanned,MAT-01,7920.0
5473,1,2026-01-29 21:32:00,2026-01-30 00:29:00,unplanned,MEC-02,214.0
5474,19,2026-03-12 13:48:00,2026-03-12 15:04:00,unplanned,MEC-01,5415.0
5475,12,2026-04-06 13:55:00,2026-04-06 14:57:00,planned,ELEC-01,4872.0
5476,22,2026-05-17 23:21:00,2026-05-18 00:02:00,planned,MEC-02,2616.0
5477,22,2026-06-22 00:21:00,2026-06-22 01:08:00,planned,MEC-01,8093.0
5478,15,2026-05-16 20:36:00,2026-05-16 22:05:00,unplanned,CAL-01,
5479,21,2026-03-28 17:03:00,2026-03-28 17:30:00,unplanned,MEC-01,9631.0
5480,39,2026-03-18 00:12:00,2026-03-18 01:50:00,planned,MEC-02,8959.0
5481,26,2026-04-11 17:07:00,2026-04-11 18:53:00,planned,ELEC-01,
5482,20,2026-06-25 23:01:00,2026-06-26 01:25:00,unplanned,ELEC-01,
5483,20,2026-04-27 05:54:00,2026-04-27 06:23:00,planned,MEC-01,3143.0
5484,1,2026-02-20 03:43:00,2026-02-20 04:10:00,planned,MAT-01,
5485,45,2026-03-28 10:51:00,2026-03-28 13:50:00,planned,MEC-02,6997.0
5486,22,2026-01-23 07:00:00,2026-01-23 08:15:00,unplanned,MEC-01,
5487,27,2026-05-06 08:37:00,2026-05-06 10:37:00,planned,CAL-01,4564.0
5488,25,2026-02-23 13:14:00,2026-02-23 15:14:00,unplanned,CAL-01,5180.0
5489,34,2026-01-21 04:57:00,2026-01-21 05:39:00,unplanned,ELEC-01,
5490,14,2026-05-14 17:57:00,2026-05-14 20:08:00,unplanned,MEC-01,9162.0
5491,24,2026-02-08 16:04:00,2026-02-08 16:51:00,unplanned,MAT-01,
5492,7,2026-03-31 03:12:00,2026-03-31 04:52:00,unplanned,CAL-01,
5493,23,2026-03-24 21:24:00,2026-03-25 00:02:00,planned,ELEC-01,
5494,17,2026-06-13 04:42:00,2026-06-13 05:17:00,unplanned,CAL-01,7550.0
5495,22,2026-01-11 22:25:00,2026-01-12 00:46:00,unplanned,MEC-01,
5496,32,2026-02-25 19:20:00,2026-02-25 21:45:00,unplanned,MEC-02,3420.0
5497,44,2026-02-25 11:01:00,2026-02-25 11:37:00,planned,MEC-01,3209.0
5498,5,2026-02-03 14:57:00,2026-02-03 17:28:00,planned,MEC-02,3942.0
5499,36,2026-04-11 13:50:00,2026-04-11 16:29:00,planned,ELEC-01,
5500,39,2026-02-07 17:40:00,2026-02-07 20:25:00,unplanned,MAT-01,8622.0
5501,39,2026-06-27 04:41:00,2026-06-27 04:55:00,unplanned,MEC-01,
5502,39,2026-06-02 12:52:00,2026-06-02 14:02:00,planned,ELEC-01,
5503,19,2026-06-21 20:07:00,2026-06-21 21:10:00,planned,MAT-01,3311.0
5504,13,2026-06-26 10:47:00,2026-06-26 12:04:00,planned,MEC-02,1556.0
5505,45,2026-01-19 21:00:00,2026-01-19 21:51:00,planned,ELEC-01,8181.0
5506,22,2026-04-27 14:00:00,2026-04-27 16:30:00,planned,CAL-01,8234.0
5507,30,2026-01-18 01:42:00,2026-01-18 03:33:00,unplanned,CAL-01,4985.0
5508,8,2026-03-19 13:05:00,2026-03-19 14:42:00,unplanned,ELEC-01,5909.0
5509,46,2026-04-10 13:52:00,2026-04-10 16:42:00,planned,MAT-01,7107.0
5510,14,2026-01-09 02:36:00,2026-01-09 04:31:00,unplanned,MAT-01,9029.0
5511,35,2026-06-10 05:49:00,2026-06-10 07:17:00,planned,MEC-01,
5512,3,2026-02-03 09:17:00,2026-02-03 10:14:00,planned,MEC-02,7184.0
5513,45,2026-02-08 05:37:00,2026-02-08 07:36:00,planned,CAL-01,2605.0
5514,4,2026-01-28 05:33:00,2026-01-28 06:20:00,planned,ELEC-01,
5515,4,2026-03-10 23:22:00,2026-03-11 00:44:00,planned,ELEC-01,9872.0
5516,24,2026-03-29 13:22:00,2026-03-29 15:46:00,unplanned,MEC-02,6729.0
5517,23,2026-03-03 21:58:00,2026-03-04 00:57:00,planned,MEC-01,8884.0
5518,28,2026-05-26 15:08:00,2026-05-26 15:16:00,planned,CAL-01,6554.0
5519,22,2026-05-29 11:03:00,2026-05-29 11:28:00,planned,MEC-01,5418.0
5520,44,2026-05-01 02:43:00,2026-05-01 03:40:00,unplanned,MEC-01,3860.0
5521,21,2026-02-26 15:03:00,2026-02-26 15:57:00,planned,MEC-02,
5522,34,2026-02-04 01:10:00,2026-02-04 02:32:00,planned,MAT-01,8524.0
5523,23,2026-05-04 08:36:00,2026-05-04 10:05:00,unplanned,MAT-01,621.0
5524,2,2026-05-25 01:57:00,2026-05-25 03:18:00,unplanned,CAL-01,6866.0
5525,25,2026-03-20 11:40:00,2026-03-20 14:40:00,planned,MEC-02,8025.0
5526,42,2026-02-20 04:17:00,2026-02-20 07:05:00,planned,ELEC-01,7685.0
5527,4,2026-01-10 00:32:00,2026-01-10 02:45:00,planned,ELEC-01,575.0
5528,19,2026-01-27 12:27:00,2026-01-27 13:16:00,unplanned,CAL-01,5571.0
5529,38,2026-02-14 13:21:00,2026-02-14 16:16:00,planned,ELEC-01,
5530,42,2026-01-24 04:30:00,2026-01-24 04:38:00,planned,MEC-01,3991.0
5531,46,2026-01-03 23:42:00,2026-01-04 02:10:00,planned,MAT-01,8149.0
5532,7,2026-06-24 10:13:00,2026-06-24 12:20:00,unplanned,MEC-02,6923.0
5533,46,2026-04-29 03:48:00,2026-04-29 04:15:00,unplanned,MEC-01,7129.0
5534,22,2026-01-30 04:02:00,2026-01-30 06:29:00,unplanned,ELEC-01,1476.0
5535,13,2026-04-08 06:27:00,2026-04-08 06:49:00,unplanned,MEC-01,3310.0
5536,21,2026-03-22 02:49:00,2026-03-22 04:21:00,unplanned,ELEC-01,2882.0
5537,2,2026-06-22 15:40:00,2026-06-22 17:03:00,planned,CAL-01,997.0
5538,27,2026-03-24 11:34:00,2026-03-24 14:18:00,planned,MEC-01,6739.0
5539,43,2026-03-08 13:00:00,2026-03-08 13:10:00,planned,MAT-01,9596.0
5540,40,2026-05-18 03:35:00,2026-05-18 05:35:00,planned,CAL-01,9632.0
5541,14,2026-04-23 12:29:00,2026-04-23 14:01:00,unplanned,MEC-02,5077.0
5542,40,2026-04-08 08:07:00,2026-04-08 10:36:00,planned,MEC-01,9125.0
5543,38,2026-06-24 02:22:00,2026-06-24 05:18:00,planned,MEC-02,5075.0
5544,20,2026-01-28 06:04:00,2026-01-28 07:51:00,unplanned,ELEC-01,393.0
5545,12,2026-03-22 11:57:00,2026-03-22 12:56:00,unplanned,MAT-01,1491.0
5546,28,2026-03-20 01:37:00,2026-03-20 03:37:00,unplanned,MEC-01,2815.0
5547,19,2026-04-18 02:49:00,2026-04-18 03:41:00,planned,MEC-02,3717.0
5548,17,2026-02-21 14:56:00,2026-02-21 16:04:00,planned,MAT-01,7720.0
5549,21,2026-03-09 18:05:00,2026-03-09 18:41:00,planned,MEC-02,
5550,43,2026-03-02 05:19:00,2026-03-02 05:27:00,planned,MEC-02,
5551,44,2026-04-20 17:50:00,2026-04-20 18:41:00,unplanned,CAL-01,692.0
5552,50,2026-03-28 22:29:00,2026-03-29 00:29:00,planned,CAL-01,7244.0
5553,20,2026-01-16 13:57:00,2026-01-16 16:00:00,unplanned,CAL-01,6100.0
5554,46,2026-06-26 03:29:00,2026-06-26 05:26:00,unplanned,CAL-01,
5555,30,2026-01-25 12:41:00,2026-01-25 13:05:00,unplanned,ELEC-01,9363.0
5556,49,2026-04-11 02:36:00,2026-04-11 02:45:00,planned,MAT-01,
5557,50,2026-01-08 11:46:00,2026-01-08 13:01:00,planned,MEC-02,7273.0
5558,49,2026-06-09 16:36:00,2026-06-09 18:59:00,unplanned,MEC-01,4711.0
5559,31,2026-01-21 03:55:00,2026-01-21 05:07:00,planned,MEC-01,
5560,32,2026-05-14 02:13:00,2026-05-14 02:34:00,planned,MEC-02,6805.0
5561,36,2026-01-21 00:35:00,2026-01-21 02:44:00,planned,CAL-01,4178.0
5562,9,2026-06-07 08:26:00,2026-06-07 10:00:00,unplanned,ELEC-01,2442.0
5563,5,2026-06-08 03:07:00,2026-06-08 05:28:00,unplanned,MEC-02,
5564,38,2026-04-28 05:21:00,2026-04-28 08:00:00,planned,MAT-01,
5565,11,2026-03-06 02:59:00,2026-03-06 03:28:00,unplanned,ELEC-01,
5566,35,2026-06-28 17:52:00,2026-06-28 19:05:00,planned,MEC-02,4097.0
5567,42,2026-05-15 20:44:00,2026-05-15 23:02:00,planned,CAL-01,1040.0
5568,14,2026-04-21 15:36:00,2026-04-21 16:36:00,unplanned,MAT-01,
5569,11,2026-02-07 10:29:00,2026-02-07 10:55:00,planned,CAL-01,4412.0
5570,38,2026-02-04 05:13:00,2026-02-04 05:21:00,unplanned,MEC-01,1024.0
5571,32,2026-05-22 08:37:00,2026-05-22 11:28:00,unplanned,MEC-02,
5572,18,2026-02-17 20:34:00,2026-02-17 23:04:00,unplanned,MEC-02,8516.0
5573,16,2026-05-24 13:26:00,2026-05-24 16:08:00,unplanned,CAL-01,7246.0
5574,7,2026-04-22 22:52:00,2026-04-23 00:37:00,planned,ELEC-01,2237.0
5575,25,2026-05-04 15:25:00,2026-05-04 17:11:00,unplanned,ELEC-01,
5576,34,2026-05-11 14:56:00,2026-05-11 16:39:00,unplanned,ELEC-01,1210.0
5577,46,2026-03-17 17:00:00,2026-03-17 19:02:00,unplanned,ELEC-01,
5578,27,2026-02-08 21:24:00,2026-02-09 00:11:00,unplanned,MEC-02,8579.0
5579,10,2026-01-27 15:58:00,2026-01-27 16:34:00,planned,MEC-01,
5580,39,2026-02-25 06:04:00,2026-02-25 08:22:00,unplanned,MEC-02,
5581,28,2026-06-29 05:36:00,2026-06-29 06:21:00,planned,ELEC-01,9108.0
5582,20,2026-05-02 03:57:00,2026-05-02 05:45:00,unplanned,MEC-02,62.0
5583,40,2026-06-28 18:08:00,2026-06-28 20:20:00,planned,MAT-01,4250.0
5584,22,2026-01-29 06:03:00,2026-01-29 07:47:00,unplanned,MEC-01,3214.0
5585,18,2026-02-24 23:39:00,2026-02-25 00:45:00,unplanned,MEC-01,2785.0
5586,26,2026-04-19 00:04:00,2026-04-19 02:38:00,planned,ELEC-01,8998.0
5587,6,2026-02-12 09:49:00,2026-02-12 12:33:00,unplanned,MAT-01,2867.0
5588,46,2026-04-03 12:48:00,2026-04-03 14:49:00,unplanned,MAT-01,
5589,4,2026-04-04 14:10:00,2026-04-04 15:50:00,planned,MEC-01,3258.0
5590,17,2026-05-16 09:36:00,2026-05-16 12:02:00,unplanned,MEC-01,4686.0
5591,50,2026-04-27 01:54:00,2026-04-27 02:41:00,planned,MEC-01,1257.0
5592,44,2026-05-03 04:13:00,2026-05-03 06:06:00,unplanned,MEC-01,4868.0
5593,26,2026-03-24 12:55:00,2026-03-24 13:38:00,unplanned,CAL-01,
5594,2,2026-02-21 07:01:00,2026-02-21 08:51:00,planned,ELEC-01,887.0
5595,44,2026-02-28 04:43:00,2026-02-28 05:18:00,planned,CAL-01,6243.0
5596,38,2026-04-03 09:13:00,2026-04-03 10:17:00,unplanned,CAL-01,
5597,18,2026-06-01 20:17:00,2026-06-01 22:05:00,unplanned,ELEC-01,4235.0
5598,39,2026-04-26 17:37:00,2026-04-26 17:42:00,planned,MEC-02,2642.0
5599,6,2026-03-21 16:14:00,2026-03-21 18:32:00,unplanned,MAT-01,1222.0
5600,39,2026-02-16 08:18:00,2026-02-16 08:26:00,unplanned,MEC-02,
5601,11,2026-04-15 13:23:00,2026-04-15 16:16:00,planned,MEC-02,
5602,47,2026-01-07 21:20:00,2026-01-07 21:27:00,unplanned,CAL-01,1233.0
5603,46,2026-04-09 07:40:00,2026-04-09 08:42:00,unplanned,CAL-01,3333.0
5604,25,2026-05-28 18:52:00,2026-05-28 20:26:00,unplanned,MEC-02,4390.0
5605,45,2026-03-20 15:48:00,2026-03-20 18:38:00,planned,MAT-01,5880.0
5606,4,2026-04-27 10:42:00,2026-04-27 13:42:00,planned,MEC-01,
5607,27,2026-02-15 19:41:00,2026-02-15 22:41:00,planned,MAT-01,
5608,19,2026-01-19 14:49:00,2026-01-19 15:18:00,unplanned,CAL-01,1818.0
5609,39,2026-02-15 18:57:00,2026-02-15 20:21:00,unplanned,MEC-01,5856.0
5610,37,2026-05-14 05:34:00,2026-05-14 07:10:00,planned,MEC-01,7271.0
5611,30,2026-02-15 13:56:00,2026-02-15 14:48:00,unplanned,MAT-01,3640.0
5612,31,2026-03-27 00:26:00,2026-03-27 02:56:00,planned,MEC-02,3171.0
5613,35,2026-04-01 14:50:00,2026-04-01 15:02:00,planned,MEC-01,5046.0
5614,5,2026-05-26 12:47:00,2026-05-26 14:54:00,unplanned,MEC-01,
5615,32,2026-01-03 03:08:00,2026-01-03 05:41:00,planned,CAL-01,3556.0
5616,48,2026-03-10 00:27:00,2026-03-10 00:35:00,planned,MAT-01,4113.0
5617,45,2026-04-11 20:58:00,2026-04-11 21:50:00,planned,MEC-02,
5618,3,2026-04-06 13:10:00,2026-04-06 16:05:00,unplanned,CAL-01,8857.0
5619,44,2026-05-06 12:13:00,2026-05-06 12:51:00,planned,MAT-01,
5620,41,2026-01-04 09:18:00,2026-01-04 10:27:00,unplanned,CAL-01,7187.0
5621,45,2026-01-28 19:38:00,2026-01-28 21:01:00,unplanned,CAL-01,
5622,10,2026-02-02 21:59:00,2026-02-02 23:38:00,unplanned,MEC-01,1375.0
5623,7,2026-06-17 14:00:00,2026-06-17 14:48:00,unplanned,MAT-01,2106.0
5624,26,2026-04-15 09:03:00,2026-04-15 10:27:00,planned,ELEC-01,6278.0
5625,42,2026-05-28 15:33:00,2026-05-28 15:40:00,planned,MEC-02,
5626,30,2026-03-05 07:13:00,2026-03-05 09:11:00,planned,MEC-01,
5627,17,2026-04-28 23:53:00,2026-04-29 00:13:00,planned,MEC-02,
5628,23,2026-02-09 02:01:00,2026-02-09 03:32:00,unplanned,MAT-01,
5629,33,2026-03-10 06:52:00,2026-03-10 09:10:00,unplanned,MAT-01,
5630,3,2026-04-01 08:27:00,2026-04-01 10:14:00,unplanned,MEC-02,8213.0
5631,27,2026-02-13 09:38:00,2026-02-13 09:48:00,planned,MEC-02,
5632,17,2026-06-18 01:03:00,2026-06-18 01:41:00,unplanned,MEC-01,3127.0
5633,13,2026-06-19 18:31:00,2026-06-19 19:43:00,unplanned,MAT-01,4344.0
5634,48,2026-03-27 01:06:00,2026-03-27 02:49:00,unplanned,MEC-01,3034.0
5635,8,2026-01-13 16:37:00,2026-01-13 16:43:00,unplanned,MAT-01,
5636,32,2026-03-17 17:38:00,2026-03-17 18:55:00,unplanned,ELEC-01,3111.0
5637,39,2026-06-08 05:33:00,2026-06-08 08:09:00,planned,ELEC-01,
5638,23,2026-02-26 15:22:00,2026-02-26 16:41:00,planned,ELEC-01,5275.0
5639,17,2026-05-16 16:42:00,2026-05-16 18:29:00,unplanned,MAT-01,3599.0
5640,38,2026-05-21 05:27:00,2026-05-21 06:28:00,planned,CAL-01,1000.0
5641,5,2026-06-13 13:44:00,2026-06-13 14:20:00,planned,MAT-01,1975.0
5642,43,2026-04-12 20:27:00,2026-04-12 21:21:00,unplanned,CAL-01,1525.0
5643,42,2026-02-13 02:38:00,2026-02-13 05:07:00,planned,MEC-02,487.0
5644,46,2026-06-09 03:36:00,2026-06-09 05:16:00,unplanned,MAT-01,2714.0
5645,36,2026-02-14 12:50:00,2026-02-14 14:25:00,unplanned,CAL-01,
5646,49,2026-04-10 02:34:00,2026-04-10 02:42:00,planned,CAL-01,8610.0
5647,28,2026-02-20 03:26:00,2026-02-20 05:19:00,unplanned,MAT-01,
5648,15,2026-05-18 09:54:00,2026-05-18 10:18:00,unplanned,CAL-01,
5649,50,2026-02-15 07:45:00,2026-02-15 10:20:00,planned,ELEC-01,
5650,49,2026-01-05 06:16:00,2026-01-05 07:14:00,planned,MEC-02,
5651,17,2026-01-08 23:54:00,2026-01-09 00:49:00,planned,MEC-01,5886.0
5652,49,2026-06-11 07:31:00,2026-06-11 08:11:00,planned,MAT-01,5205.0
5653,33,2026-03-28 22:44:00,2026-03-29 00:14:00,unplanned,ELEC-01,
5654,25,2026-01-28 05:32:00,2026-01-28 07:19:00,unplanned,MEC-01,4697.0
5655,5,2026-01-30 13:37:00,2026-01-30 14:56:00,planned,MEC-01,
5656,5,2026-02-03 22:38:00,2026-02-04 01:04:00,unplanned,CAL-01,
5657,1,2026-02-03 09:36:00,2026-02-03 12:07:00,planned,MEC-01,
5658,8,2026-01-26 14:45:00,2026-01-26 15:26:00,unplanned,MEC-02,
5659,32,2026-05-25 22:40:00,2026-05-25 23:41:00,unplanned,MEC-01,
5660,10,2026-04-11 23:12:00,2026-04-12 00:12:00,planned,MEC-01,
5661,6,2026-05-02 05:19:00,2026-05-02 05:54:00,planned,ELEC-01,4339.0
5662,41,2026-04-10 11:25:00,2026-04-10 13:19:00,planned,CAL-01,3243.0
5663,23,2026-04-02 22:44:00,2026-04-03 01:37:00,planned,MAT-01,5245.0
5664,37,2026-06-23 17:45:00,2026-06-23 18:29:00,planned,MAT-01,5373.0
5665,44,2026-06-18 21:42:00,2026-06-18 23:38:00,unplanned,MEC-01,
5666,10,2026-04-01 21:28:00,2026-04-02 00:01:00,planned,CAL-01,4473.0
5667,43,2026-03-08 07:28:00,2026-03-08 08:38:00,planned,ELEC-01,3333.0
5668,27,2026-05-18 09:43:00,2026-05-18 10:40:00,unplanned,ELEC-01,5535.0
5669,8,2026-06-17 14:20:00,2026-06-17 15:24:00,planned,MAT-01,986.0
5670,6,2026-06-11 22:04:00,2026-06-11 22:32:00,planned,MEC-01,
5671,2,2026-05-25 11:58:00,2026-05-25 12:27:00,planned,MEC-01,2472.0
5672,42,2026-01-19 11:40:00,2026-01-19 12:05:00,unplanned,MEC-02,2215.0
5673,41,2026-01-21 03:36:00,2026-01-21 06:32:00,planned,CAL-01,528.0
5674,12,2026-04-06 06:43:00,2026-04-06 07:34:00,unplanned,MAT-01,
5675,33,2026-06-13 13:44:00,2026-06-13 14:31:00,planned,MAT-01,
5676,17,2026-03-15 07:00:00,2026-03-15 09:13:00,unplanned,ELEC-01,
5677,34,2026-05-23 17:21:00,2026-05-23 18:36:00,unplanned,ELEC-01,4848.0
5678,26,2026-02-01 23:24:00,2026-02-02 00:22:00,planned,MEC-02,
5679,20,2026-01-23 11:43:00,2026-01-23 13:57:00,planned,MEC-01,8767.0
5680,45,2026-03-25 06:29:00,2026-03-25 07:51:00,unplanned,MEC-01,9551.0
5681,44,2026-04-03 21:07:00,2026-04-03 22:08:00,unplanned,MAT-01,5137.0
5682,12,2026-05-12 03:43:00,2026-05-12 06:14:00,planned,MEC-01,8307.0
5683,21,2026-01-30 12:31:00,2026-01-30 13:03:00,unplanned,MEC-02,1592.0
5684,10,2026-01-30 18:57:00,2026-01-30 20:29:00,planned,MEC-02,5488.0
5685,28,2026-06-16 18:08:00,2026-06-16 19:28:00,planned,MEC-01,8201.0
5686,45,2026-06-08 21:03:00,2026-06-08 23:04:00,planned,MEC-01,
5687,11,2026-04-27 10:58:00,2026-04-27 11:32:00,planned,CAL-01,3933.0
5688,34,2026-05-21 08:45:00,2026-05-21 10:08:00,planned,ELEC-01,
5689,35,2026-03-14 14:41:00,2026-03-14 15:43:00,unplanned,MAT-01,3511.0
5690,7,2026-04-12 10:32:00,2026-04-12 12:47:00,unplanned,MEC-02,9415.0
5691,35,2026-05-30 08:19:00,2026-05-30 10:18:00,unplanned,MAT-01,4985.0
5692,12,2026-04-30 06:14:00,2026-04-30 07:25:00,planned,ELEC-01,
5693,7,2026-03-26 13:38:00,2026-03-26 16:20:00,unplanned,MEC-02,
5694,48,2026-02-27 04:35:00,2026-02-27 07:17:00,planned,MEC-02,9703.0
5695,32,2026-05-14 21:28:00,2026-05-14 23:13:00,planned,MEC-02,
5696,6,2026-01-30 06:04:00,2026-01-30 07:56:00,unplanned,MEC-01,1678.0
5697,25,2026-01-02 08:44:00,2026-01-02 10:00:00,planned,ELEC-01,3868.0
5698,44,2026-05-17 10:59:00,2026-05-17 11:42:00,planned,MEC-01,715.0
5699,15,2026-04-26 14:13:00,2026-04-26 16:54:00,unplanned,CAL-01,4760.0
5700,36,2026-01-17 18:17:00,2026-01-17 21:01:00,unplanned,ELEC-01,69.0
5701,6,2026-03-14 09:21:00,2026-03-14 10:25:00,unplanned,MEC-01,8719.0
5702,27,2026-01-26 04:57:00,2026-01-26 05:59:00,unplanned,MEC-02,8764.0
5703,15,2026-05-28 14:30:00,2026-05-28 15:00:00,unplanned,MAT-01,8523.0
5704,5,2026-02-02 07:22:00,2026-02-02 09:57:00,unplanned,MEC-02,6111.0
5705,17,2026-02-05 03:59:00,2026-02-05 05:33:00,unplanned,CAL-01,
5706,19,2026-02-18 06:57:00,2026-02-18 09:21:00,unplanned,MAT-01,2408.0
5707,28,2026-06-20 09:37:00,2026-06-20 12:14:00,unplanned,MEC-02,5777.0
5708,20,2026-04-02 04:34:00,2026-04-02 06:20:00,unplanned,MAT-01,
5709,16,2026-03-10 14:16:00,2026-03-10 17:03:00,planned,ELEC-01,5684.0
5710,10,2026-05-12 18:58:00,2026-05-12 20:53:00,unplanned,ELEC-01,9375.0
5711,34,2026-03-11 17:51:00,2026-03-11 19:04:00,unplanned,MEC-01,9170.0
5712,30,2026-04-07 08:48:00,2026-04-07 09:29:00,planned,CAL-01,
5713,46,2026-05-10 12:48:00,2026-05-10 15:37:00,unplanned,MEC-01,3630.0
5714,41,2026-05-14 21:23:00,2026-05-15 00:02:00,planned,MAT-01,2938.0
5715,9,2026-01-18 17:48:00,2026-01-18 20:04:00,planned,MEC-01,
5716,15,2026-03-25 18:58:00,2026-03-25 19:50:00,planned,ELEC-01,
5717,46,2026-02-16 15:33:00,2026-02-16 18:22:00,planned,MEC-01,584.0
5718,22,2026-06-19 14:54:00,2026-06-19 17:29:00,unplanned,CAL-01,3239.0
5719,34,2026-03-21 03:14:00,2026-03-21 06:07:00,unplanned,MEC-01,
5720,13,2026-06-18 18:08:00,2026-06-18 20:52:00,planned,MEC-01,2874.0
5721,8,2026-05-11 06:12:00,2026-05-11 08:18:00,planned,ELEC-01,6108.0
5722,43,2026-01-25 23:48:00,2026-01-26 00:06:00,unplanned,CAL-01,5866.0
5723,2,2026-04-08 09:25:00,2026-04-08 10:44:00,planned,ELEC-01,
5724,9,2026-06-07 12:12:00,2026-06-07 13:24:00,planned,MAT-01,
5725,15,2026-01-17 14:30:00,2026-01-17 15:34:00,unplanned,ELEC-01,4828.0
5726,43,2026-02-19 04:05:00,2026-02-19 06:19:00,unplanned,ELEC-01,
5727,22,2026-04-19 11:37:00,2026-04-19 14:14:00,planned,MEC-01,5256.0
5728,28,2026-03-22 15:13:00,2026-03-22 18:06:00,unplanned,MEC-02,
5729,42,2026-01-18 18:05:00,2026-01-18 21:05:00,planned,MAT-01,2442.0
5730,31,2026-04-24 07:53:00,2026-04-24 08:09:00,unplanned,CAL-01,333.0
5731,19,2026-03-13 01:02:00,2026-03-13 02:55:00,planned,MEC-02,8976.0
5732,17,2026-01-31 02:26:00,2026-01-31 03:54:00,unplanned,ELEC-01,5567.0
5733,18,2026-03-02 21:02:00,2026-03-02 22:31:00,planned,MEC-02,3047.0
5734,3,2026-02-26 20:28:00,2026-02-26 22:22:00,unplanned,MAT-01,8253.0
5735,42,2026-06-11 11:08:00,2026-06-11 11:50:00,unplanned,CAL-01,2883.0
5736,5,2026-06-07 07:03:00,2026-06-07 09:58:00,planned,ELEC-01,8924.0
5737,8,2026-03-11 14:44:00,2026-03-11 17:15:00,planned,ELEC-01,
5738,36,2026-03-10 10:33:00,2026-03-10 11:47:00,planned,MEC-02,2785.0
5739,9,2026-02-15 09:28:00,2026-02-15 10:56:00,unplanned,MEC-01,5023.0
5740,3,2026-06-24 18:15:00,2026-06-24 19:46:00,planned,CAL-01,1527.0
5741,21,2026-04-14 20:41:00,2026-04-14 21:41:00,planned,MEC-02,9734.0
5742,20,2026-04-08 20:16:00,2026-04-08 22:36:00,planned,MAT-01,7183.0
5743,19,2026-01-27 23:06:00,2026-01-27 23:17:00,planned,CAL-01,2141.0
5744,17,2026-01-29 17:55:00,2026-01-29 18:49:00,planned,ELEC-01,4097.0
5745,27,2026-03-18 22:32:00,2026-03-18 22:47:00,planned,CAL-01,7272.0
5746,17,2026-03-08 08:56:00,2026-03-08 11:08:00,unplanned,CAL-01,3017.0
5747,20,2026-05-24 20:21:00,2026-05-24 21:29:00,unplanned,CAL-01,9897.0
5748,31,2026-05-07 14:51:00,2026-05-07 16:34:00,planned,CAL-01,4816.0
5749,15,2026-03-18 03:04:00,2026-03-18 03:11:00,planned,MEC-01,2043.0
5750,28,2026-06-12 01:59:00,2026-06-12 03:48:00,unplanned,ELEC-01,7534.0
5751,23,2026-02-21 20:34:00,2026-02-21 22:52:00,planned,MAT-01,
5752,4,2026-01-13 14:03:00,2026-01-13 14:26:00,planned,ELEC-01,
5753,10,2026-05-25 15:33:00,2026-05-25 17:05:00,unplanned,CAL-01,
5754,46,2026-02-16 14:13:00,2026-02-16 16:58:00,unplanned,CAL-01,4730.0
5755,12,2026-03-22 06:40:00,2026-03-22 07:32:00,unplanned,MAT-01,
5756,9,2026-01-01 07:05:00,2026-01-01 09:56:00,planned,MEC-01,
5757,36,2026-01-01 01:14:00,2026-01-01 03:43:00,planned,MAT-01,3489.0
5758,18,2026-02-01 00:38:00,2026-02-01 03:17:00,unplanned,MEC-02,
5759,32,2026-06-18 12:29:00,2026-06-18 13:55:00,planned,ELEC-01,
5760,15,2026-06-27 05:13:00,2026-06-27 07:51:00,unplanned,CAL-01,4630.0
5761,33,2026-06-08 15:03:00,2026-06-08 17:17:00,planned,MEC-01,3028.0
5762,46,2026-02-24 22:21:00,2026-02-24 23:57:00,unplanned,ELEC-01,2272.0
5763,50,2026-01-12 03:06:00,2026-01-12 05:23:00,unplanned,MEC-01,
5764,10,2026-06-25 11:36:00,2026-06-25 14:18:00,unplanned,ELEC-01,760.0
5765,32,2026-01-08 04:26:00,2026-01-08 06:32:00,planned,MEC-02,
5766,12,2026-03-12 07:24:00,2026-03-12 07:36:00,planned,MEC-01,1561.0
5767,45,2026-03-07 13:19:00,2026-03-07 14:35:00,planned,ELEC-01,3597.0
5768,45,2026-04-29 05:21:00,2026-04-29 05:36:00,unplanned,ELEC-01,46.0
5769,37,2026-02-03 05:46:00,2026-02-03 06:55:00,unplanned,MAT-01,9126.0
5770,31,2026-04-20 18:45:00,2026-04-20 21:41:00,planned,MEC-02,
5771,22,2026-03-10 11:39:00,2026-03-10 13:57:00,planned,MEC-02,9954.0
5772,12,2026-04-15 20:22:00,2026-04-15 22:49:00,unplanned,MEC-01,4285.0
5773,48,2026-03-07 06:10:00,2026-03-07 07:16:00,unplanned,CAL-01,8219.0
5774,45,2026-05-27 15:32:00,2026-05-27 15:39:00,planned,CAL-01,5527.0
5775,46,2026-01-27 15:28:00,2026-01-27 17:49:00,unplanned,MEC-01,
5776,49,2026-05-15 02:44:00,2026-05-15 04:22:00,planned,MAT-01,8402.0
5777,37,2026-04-28 17:58:00,2026-04-28 19:14:00,planned,CAL-01,
5778,19,2026-03-17 04:00:00,2026-03-17 04:50:00,unplanned,CAL-01,8419.0
5779,30,2026-06-10 10:29:00,2026-06-10 11:58:00,planned,MAT-01,
5780,20,2026-01-17 22:08:00,2026-01-18 00:43:00,unplanned,MEC-02,1261.0
5781,30,2026-06-06 19:49:00,2026-06-06 21:52:00,unplanned,CAL-01,7111.0
5782,30,2026-03-22 08:47:00,2026-03-22 09:51:00,planned,ELEC-01,
5783,33,2026-05-07 01:17:00,2026-05-07 04:09:00,unplanned,MEC-02,941.0
5784,3,2026-05-18 11:50:00,2026-05-18 12:09:00,planned,ELEC-01,
5785,5,2026-06-22 17:02:00,2026-06-22 19:51:00,planned,ELEC-01,9673.0
5786,4,2026-03-15 00:47:00,2026-03-15 02:31:00,planned,MEC-01,6152.0
5787,34,2026-06-09 01:04:00,2026-06-09 03:11:00,unplanned,MEC-02,6687.0
5788,5,2026-04-29 13:27:00,2026-04-29 13:58:00,planned,MEC-01,2855.0
5789,10,2026-01-12 18:14:00,2026-01-12 19:04:00,planned,ELEC-01,3174.0
5790,20,2026-04-04 10:07:00,2026-04-04 10:57:00,unplanned,CAL-01,9886.0
5791,44,2026-04-26 03:45:00,2026-04-26 06:38:00,planned,MEC-01,
5792,17,2026-06-10 08:23:00,2026-06-10 10:21:00,unplanned,MAT-01,3985.0
5793,32,2026-02-10 16:57:00,2026-02-10 18:54:00,planned,MEC-02,1230.0
5794,8,2026-02-11 01:29:00,2026-02-11 04:05:00,unplanned,MEC-02,6889.0
5795,41,2026-05-19 18:16:00,2026-05-19 21:01:00,planned,CAL-01,8640.0
5796,20,2026-03-23 10:00:00,2026-03-23 12:57:00,planned,MAT-01,485.0
5797,10,2026-04-08 13:06:00,2026-04-08 15:49:00,unplanned,MEC-01,
5798,35,2026-06-14 00:29:00,2026-06-14 02:44:00,unplanned,MEC-01,6787.0
5799,35,2026-04-26 18:21:00,2026-04-26 21:15:00,unplanned,ELEC-01,7211.0
5800,16,2026-05-24 16:45:00,2026-05-24 17:56:00,unplanned,MEC-01,
5801,4,2026-06-10 16:04:00,2026-06-10 16:27:00,unplanned,CAL-01,4723.0
5802,47,2026-01-20 13:08:00,2026-01-20 14:06:00,planned,MEC-02,131.0
5803,17,2026-02-08 02:34:00,2026-02-08 03:00:00,planned,ELEC-01,
5804,50,2026-06-02 06:22:00,2026-06-02 06:42:00,unplanned,CAL-01,1689.0
5805,10,2026-06-13 17:55:00,2026-06-13 19:30:00,unplanned,MEC-01,1023.0
5806,14,2026-05-30 14:35:00,2026-05-30 17:07:00,planned,CAL-01,605.0
5807,17,2026-06-22 09:06:00,2026-06-22 11:12:00,unplanned,ELEC-01,7586.0
5808,44,2026-01-07 19:38:00,2026-01-07 20:12:00,unplanned,MEC-02,2043.0
5809,7,2026-03-05 01:17:00,2026-03-05 01:44:00,planned,MAT-01,
5810,10,2026-02-25 03:11:00,2026-02-25 05:50:00,unplanned,CAL-01,8947.0
5811,33,2026-05-25 21:26:00,2026-05-25 22:45:00,planned,CAL-01,
5812,5,2026-02-11 16:19:00,2026-02-11 17:04:00,planned,CAL-01,
5813,42,2026-04-29 22:31:00,2026-04-29 23:19:00,unplanned,MEC-02,1394.0
5814,26,2026-04-22 17:10:00,2026-04-22 19:04:00,planned,ELEC-01,7226.0
5815,26,2026-05-18 22:03:00,2026-05-18 23:05:00,unplanned,CAL-01,
5816,26,2026-06-21 23:07:00,2026-06-21 23:54:00,unplanned,MEC-01,3987.0
5817,33,2026-02-23 22:39:00,2026-02-23 23:40:00,unplanned,CAL-01,
5818,20,2026-02-02 14:29:00,2026-02-02 15:00:00,planned,CAL-01,7800.0
5819,43,2026-01-25 10:57:00,2026-01-25 11:25:00,unplanned,MAT-01,5604.0
5820,20,2026-03-01 10:16:00,2026-03-01 10:38:00,planned,MAT-01,5724.0
5821,30,2026-04-04 18:07:00,2026-04-04 19:27:00,unplanned,CAL-01,7500.0
5822,26,2026-04-29 09:13:00,2026-04-29 11:23:00,unplanned,MEC-01,1799.0
5823,2,2026-02-20 08:22:00,2026-02-20 10:15:00,unplanned,MEC-01,4435.0
5824,13,2026-05-27 14:45:00,2026-05-27 17:10:00,planned,MEC-01,7369.0
5825,7,2026-02-13 14:01:00,2026-02-13 14:22:00,unplanned,MAT-01,5112.0
5826,20,2026-01-11 06:39:00,2026-01-11 06:55:00,planned,MAT-01,
5827,13,2026-05-20 16:04:00,2026-05-20 19:03:00,planned,CAL-01,5379.0
5828,13,2026-06-15 20:58:00,2026-06-15 21:43:00,unplanned,MEC-02,7151.0
5829,18,2026-04-13 21:54:00,2026-04-14 00:50:00,planned,CAL-01,3912.0
5830,35,2026-02-03 04:55:00,2026-02-03 06:14:00,planned,ELEC-01,2068.0
5831,10,2026-01-01 05:07:00,2026-01-01 06:20:00,planned,MEC-01,5247.0
5832,31,2026-02-08 14:32:00,2026-02-08 16:58:00,unplanned,MEC-01,3290.0
5833,11,2026-01-13 11:04:00,2026-01-13 13:27:00,planned,MAT-01,9550.0
5834,27,2026-02-17 07:29:00,2026-02-17 09:52:00,planned,MEC-02,
5835,4,2026-01-09 11:33:00,2026-01-09 12:42:00,planned,MAT-01,4479.0
5836,36,2026-01-18 20:51:00,2026-01-18 22:46:00,unplanned,ELEC-01,
5837,18,2026-02-01 23:27:00,2026-02-02 01:06:00,planned,MEC-01,
5838,4,2026-04-17 06:32:00,2026-04-17 06:42:00,planned,MEC-02,7068.0
5839,18,2026-04-02 11:46:00,2026-04-02 11:52:00,planned,MAT-01,5914.0
5840,44,2026-03-12 10:32:00,2026-03-12 10:50:00,planned,MEC-01,
5841,44,2026-05-01 21:03:00,2026-05-01 23:09:00,unplanned,ELEC-01,3232.0
5842,9,2026-04-26 06:47:00,2026-04-26 08:18:00,unplanned,CAL-01,7920.0
5843,1,2026-03-01 16:13:00,2026-03-01 18:01:00,unplanned,ELEC-01,2310.0
5844,26,2026-03-29 02:49:00,2026-03-29 03:37:00,planned,ELEC-01,5863.0
5845,45,2026-04-18 02:34:00,2026-04-18 05:16:00,planned,MEC-02,5525.0
5846,3,2026-01-14 11:07:00,2026-01-14 13:20:00,unplanned,ELEC-01,4139.0
5847,5,2026-05-29 07:53:00,2026-05-29 09:44:00,unplanned,MEC-01,
5848,5,2026-04-24 22:59:00,2026-04-25 01:10:00,planned,MAT-01,5699.0
5849,41,2026-04-26 04:22:00,2026-04-26 07:00:00,unplanned,CAL-01,1407.0
5850,45,2026-01-21 08:02:00,2026-01-21 09:35:00,planned,CAL-01,9071.0
5851,11,2026-04-18 21:18:00,2026-04-18 22:17:00,unplanned,MAT-01,8827.0
5852,41,2026-03-13 22:21:00,2026-03-14 00:09:00,planned,ELEC-01,3056.0
5853,40,2026-04-30 12:42:00,2026-04-30 13:41:00,planned,ELEC-01,9345.0
5854,48,2026-06-07 19:50:00,2026-06-07 20:47:00,unplanned,MEC-02,9084.0
5855,45,2026-03-31 08:13:00,2026-03-31 09:09:00,planned,CAL-01,6026.0
5856,10,2026-05-18 07:55:00,2026-05-18 10:42:00,planned,CAL-01,1272.0
5857,42,2026-01-13 06:42:00,2026-01-13 08:47:00,planned,MEC-02,7644.0
5858,31,2026-05-05 03:00:00,2026-05-05 03:36:00,planned,MEC-01,33.0
5859,11,2026-05-02 16:24:00,2026-05-02 19:23:00,planned,MEC-01,6530.0
5860,4,2026-06-22 06:53:00,2026-06-22 08:10:00,planned,MEC-01,6303.0
5861,11,2026-06-20 13:34:00,2026-06-20 15:35:00,planned,MAT-01,
5862,28,2026-05-05 05:22:00,2026-05-05 07:49:00,unplanned,MEC-02,
5863,16,2026-06-29 10:26:00,2026-06-29 11:39:00,unplanned,ELEC-01,2579.0
5864,50,2026-01-07 10:04:00,2026-01-07 12:59:00,unplanned,MEC-02,
5865,4,2026-01-26 03:45:00,2026-01-26 06:28:00,unplanned,MAT-01,8410.0
5866,22,2026-02-21 10:03:00,2026-02-21 11:20:00,planned,MEC-02,5743.0
5867,36,2026-02-02 22:47:00,2026-02-03 00:51:00,unplanned,MEC-01,9844.0
5868,37,2026-04-15 02:25:00,2026-04-15 03:11:00,unplanned,MEC-02,5907.0
5869,5,2026-06-15 01:13:00,2026-06-15 02:14:00,planned,MEC-02,
5870,41,2026-01-19 23:56:00,2026-01-20 00:22:00,planned,MAT-01,
5871,46,2026-06-28 00:22:00,2026-06-28 01:24:00,planned,MAT-01,8104.0
5872,47,2026-02-11 20:33:00,2026-02-11 21:44:00,unplanned,ELEC-01,9181.0
5873,15,2026-01-04 17:16:00,2026-01-04 18:12:00,unplanned,ELEC-01,3504.0
5874,34,2026-06-15 05:05:00,2026-06-15 06:43:00,unplanned,ELEC-01,4032.0
5875,39,2026-02-17 05:36:00,2026-02-17 07:51:00,planned,MEC-02,
5876,16,2026-02-03 16:05:00,2026-02-03 17:07:00,planned,MEC-02,
5877,19,2026-03-10 15:45:00,2026-03-10 17:28:00,planned,MEC-01,8761.0
5878,21,2026-01-28 08:07:00,2026-01-28 10:50:00,unplanned,MEC-02,8738.0
5879,19,2026-03-23 19:05:00,2026-03-23 21:59:00,unplanned,CAL-01,5089.0
5880,37,2026-01-05 02:49:00,2026-01-05 03:54:00,planned,MEC-01,7707.0
5881,4,2026-01-30 16:55:00,2026-01-30 19:39:00,unplanned,MEC-01,8658.0
5882,40,2026-05-31 00:12:00,2026-05-31 02:44:00,unplanned,MEC-01,
5883,33,2026-05-02 10:37:00,2026-05-02 10:49:00,unplanned,ELEC-01,6256.0
5884,25,2026-04-26 16:45:00,2026-04-26 16:58:00,unplanned,ELEC-01,3538.0
5885,18,2026-04-28 15:45:00,2026-04-28 17:48:00,planned,MAT-01,3286.0
5886,25,2026-05-31 15:53:00,2026-05-31 18:27:00,unplanned,MEC-01,7743.0
5887,23,2026-03-11 23:34:00,2026-03-12 02:23:00,unplanned,ELEC-01,4013.0
5888,36,2026-04-16 19:46:00,2026-04-16 20:22:00,planned,CAL-01,9992.0
5889,16,2026-05-30 01:59:00,2026-05-30 04:32:00,planned,ELEC-01,7094.0
5890,24,2026-02-18 07:10:00,2026-02-18 09:27:00,unplanned,ELEC-01,3403.0
5891,17,2026-02-09 01:15:00,2026-02-09 02:19:00,planned,MEC-02,5440.0
5892,12,2026-01-28 02:26:00,2026-01-28 04:27:00,planned,MEC-02,
5893,31,2026-02-05 00:45:00,2026-02-05 02:26:00,unplanned,MEC-02,4766.0
5894,41,2026-02-15 18:06:00,2026-02-15 20:14:00,planned,MAT-01,1191.0
5895,5,2026-06-12 21:12:00,2026-06-12 23:35:00,unplanned,MEC-02,8245.0
5896,11,2026-02-06 02:03:00,2026-02-06 04:31:00,unplanned,MEC-02,5070.0
5897,35,2026-06-29 05:00:00,2026-06-29 07:34:00,unplanned,MEC-02,6705.0
5898,25,2026-02-05 09:55:00,2026-02-05 10:56:00,planned,MEC-02,5519.0
5899,17,2026-04-03 00:16:00,2026-04-03 02:09:00,planned,ELEC-01,7339.0
5900,43,2026-02-02 00:12:00,2026-02-02 01:11:00,planned,MEC-01,1423.0
5901,41,2026-01-16 19:16:00,2026-01-16 21:29:00,unplanned,MEC-01,9990.0
5902,11,2026-02-24 13:54:00,2026-02-24 16:16:00,unplanned,CAL-01,
5903,34,2026-03-17 04:17:00,2026-03-17 05:50:00,unplanned,ELEC-01,1395.0
5904,19,2026-02-01 20:28:00,2026-02-01 21:42:00,planned,MAT-01,9327.0
5905,16,2026-03-10 03:15:00,2026-03-10 03:20:00,planned,MEC-01,
5906,3,2026-04-22 07:40:00,2026-04-22 10:08:00,unplanned,CAL-01,7790.0
5907,49,2026-03-09 14:09:00,2026-03-09 15:02:00,planned,MAT-01,7606.0
5908,5,2026-01-04 15:59:00,2026-01-04 17:29:00,unplanned,MEC-02,
5909,42,2026-02-06 17:10:00,2026-02-06 19:34:00,unplanned,MEC-01,3915.0
5910,9,2026-06-03 20:45:00,2026-06-03 21:13:00,planned,MEC-01,5981.0
5911,44,2026-04-02 04:21:00,2026-04-02 05:13:00,planned,ELEC-01,
5912,10,2026-06-04 16:29:00,2026-06-04 17:53:00,planned,MAT-01,
5913,21,2026-02-22 04:05:00,2026-02-22 07:01:00,planned,MEC-01,2007.0
5914,18,2026-02-24 04:20:00,2026-02-24 07:07:00,planned,MAT-01,
5915,43,2026-02-21 21:37:00,2026-02-21 22:04:00,unplanned,MEC-01,3603.0
5916,10,2026-04-03 21:06:00,2026-04-03 22:28:00,unplanned,MEC-02,8708.0
5917,38,2026-06-11 05:05:00,2026-06-11 07:53:00,planned,ELEC-01,5970.0
5918,35,2026-01-29 09:33:00,2026-01-29 11:31:00,planned,ELEC-01,167.0
5919,50,2026-03-19 04:23:00,2026-03-19 05:43:00,planned,MEC-01,3110.0
5920,28,2026-04-12 00:58:00,2026-04-12 01:20:00,unplanned,ELEC-01,
5921,13,2026-03-21 19:06:00,2026-03-21 20:45:00,unplanned,MAT-01,6134.0
5922,35,2026-01-02 18:45:00,2026-01-02 20:50:00,planned,ELEC-01,7856.0
5923,3,2026-02-20 17:54:00,2026-02-20 19:56:00,planned,CAL-01,
5924,46,2026-01-10 04:08:00,2026-01-10 07:04:00,planned,MAT-01,3577.0
5925,22,2026-01-24 06:23:00,2026-01-24 06:36:00,planned,MAT-01,286.0
5926,36,2026-06-05 08:43:00,2026-06-05 10:50:00,planned,MEC-02,
5927,9,2026-02-24 17:58:00,2026-02-24 20:35:00,unplanned,CAL-01,
5928,42,2026-06-24 02:30:00,2026-06-24 03:26:00,unplanned,ELEC-01,6544.0
5929,32,2026-05-08 20:45:00,2026-05-08 21:40:00,planned,MAT-01,4893.0
5930,7,2026-01-14 00:00:00,2026-01-14 00:12:00,unplanned,MEC-01,6166.0
5931,19,2026-01-26 12:36:00,2026-01-26 15:19:00,unplanned,CAL-01,5861.0
5932,24,2026-01-09 07:34:00,2026-01-09 09:59:00,planned,MAT-01,
5933,24,2026-01-18 21:34:00,2026-01-18 23:06:00,planned,MEC-02,3885.0
5934,17,2026-01-15 21:39:00,2026-01-15 23:34:00,unplanned,CAL-01,2835.0
5935,3,2026-06-07 13:35:00,2026-06-07 14:16:00,unplanned,MEC-02,431.0
5936,34,2026-04-16 09:01:00,2026-04-16 10:50:00,unplanned,MEC-02,
5937,14,2026-01-07 05:57:00,2026-01-07 07:30:00,planned,MEC-01,
5938,29,2026-01-01 21:29:00,2026-01-01 21:38:00,planned,CAL-01,
5939,17,2026-02-25 11:56:00,2026-02-25 12:43:00,unplanned,MEC-02,3885.0
5940,17,2026-06-26 01:50:00,2026-06-26 04:23:00,planned,ELEC-01,6636.0
5941,33,2026-03-24 15:18:00,2026-03-24 15:40:00,unplanned,MEC-02,331.0
5942,41,2026-06-10 12:21:00,2026-06-10 14:06:00,planned,MEC-02,
5943,33,2026-06-17 04:34:00,2026-06-17 07:17:00,planned,MEC-01,2680.0
5944,31,2026-02-27 04:46:00,2026-02-27 05:37:00,planned,MEC-01,
5945,10,2026-06-21 14:26:00,2026-06-21 15:06:00,planned,MEC-02,
5946,47,2026-05-15 03:15:00,2026-05-15 04:38:00,unplanned,CAL-01,
5947,7,2026-04-25 16:22:00,2026-04-25 16:40:00,planned,ELEC-01,1906.0
5948,7,2026-06-13 13:58:00,2026-06-13 16:47:00,unplanned,ELEC-01,
5949,16,2026-01-19 22:28:00,2026-01-19 23:59:00,unplanned,CAL-01,4623.0
5950,3,2026-01-10 20:30:00,2026-01-10 21:06:00,planned,CAL-01,6816.0
5951,7,2026-06-07 06:02:00,2026-06-07 08:02:00,planned,MEC-02,6839.0
5952,3,2026-02-26 00:45:00,2026-02-26 02:22:00,unplanned,MEC-01,4429.0
5953,29,2026-05-05 11:05:00,2026-05-05 13:47:00,unplanned,ELEC-01,8894.0
5954,5,2026-02-20 05:35:00,2026-02-20 06:00:00,unplanned,MAT-01,575.0
5955,25,2026-03-17 18:32:00,2026-03-17 19:44:00,unplanned,MAT-01,8166.0
5956,14,2026-02-03 15:17:00,2026-02-03 15:34:00,planned,ELEC-01,2180.0
5957,30,2026-03-04 02:21:00,2026-03-04 02:52:00,unplanned,MAT-01,7659.0
5958,10,2026-01-04 13:37:00,2026-01-04 14:39:00,planned,MEC-01,9917.0
5959,28,2026-06-28 17:10:00,2026-06-28 17:42:00,planned,ELEC-01,
5960,35,2026-01-11 01:09:00,2026-01-11 01:53:00,unplanned,MEC-02,
5961,6,2026-03-01 14:45:00,2026-03-01 17:03:00,unplanned,MEC-01,
5962,1,2026-05-28 02:00:00,2026-05-28 03:53:00,unplanned,MEC-01,7790.0
5963,39,2026-02-09 07:14:00,2026-02-09 07:35:00,planned,ELEC-01,5753.0
5964,20,2026-04-11 06:05:00,2026-04-11 08:30:00,unplanned,MEC-01,
5965,2,2026-04-14 23:09:00,2026-04-15 00:43:00,unplanned,CAL-01,3996.0
5966,12,2026-04-07 06:46:00,2026-04-07 09:40:00,unplanned,ELEC-01,1967.0
5967,21,2026-02-07 10:54:00,2026-02-07 13:03:00,planned,MAT-01,
5968,46,2026-05-25 00:56:00,2026-05-25 02:15:00,planned,MEC-02,
5969,42,2026-03-14 07:06:00,2026-03-14 07:20:00,planned,CAL-01,3990.0
5970,4,2026-04-22 00:13:00,2026-04-22 02:07:00,unplanned,MAT-01,6816.0
5971,41,2026-01-02 14:20:00,2026-01-02 15:27:00,planned,CAL-01,1265.0
5972,43,2026-04-23 18:08:00,2026-04-23 19:41:00,planned,MEC-02,288.0
5973,25,2026-05-25 01:56:00,2026-05-25 04:35:00,unplanned,MAT-01,9941.0
5974,38,2026-02-22 13:28:00,2026-02-22 16:15:00,unplanned,MEC-01,845.0
5975,34,2026-01-04 00:26:00,2026-01-04 02:55:00,unplanned,MEC-02,6994.0
5976,30,2026-04-11 00:09:00,2026-04-11 01:44:00,planned,ELEC-01,8415.0
5977,40,2026-01-09 15:56:00,2026-01-09 17:47:00,planned,MAT-01,6127.0
5978,6,2026-04-01 22:33:00,2026-04-02 01:21:00,unplanned,MAT-01,
5979,6,2026-03-12 07:05:00,2026-03-12 09:14:00,planned,MEC-01,5947.0
5980,20,2026-03-21 03:20:00,2026-03-21 03:40:00,unplanned,MEC-01,
5981,8,2026-06-15 09:15:00,2026-06-15 11:34:00,unplanned,CAL-01,1321.0
5982,9,2026-06-14 08:38:00,2026-06-14 11:18:00,unplanned,MAT-01,6686.0
5983,34,2026-02-15 18:14:00,2026-02-15 19:20:00,planned,ELEC-01,
5984,29,2026-02-11 11:28:00,2026-02-11 12:06:00,unplanned,MEC-02,
5985,1,2026-06-24 10:39:00,2026-06-24 12:55:00,unplanned,ELEC-01,8289.0
5986,6,2026-01-17 09:32:00,2026-01-17 12:15:00,unplanned,MEC-02,3552.0
5987,26,2026-02-01 17:22:00,2026-02-01 19:29:00,planned,MEC-01,7874.0
5988,32,2026-05-31 19:10:00,2026-05-31 19:44:00,unplanned,ELEC-01,4650.0
5989,9,2026-05-01 22:14:00,2026-05-02 00:02:00,unplanned,MEC-01,6485.0
5990,26,2026-02-09 00:05:00,2026-02-09 02:07:00,planned,ELEC-01,3266.0
5991,27,2026-06-20 18:36:00,2026-06-20 20:55:00,unplanned,MAT-01,5985.0
5992,43,2026-06-26 11:37:00,2026-06-26 13:34:00,planned,MEC-01,2903.0
5993,44,2026-03-08 21:19:00,2026-03-08 22:38:00,unplanned,MEC-01,
5994,26,2026-06-08 16:24:00,2026-06-08 18:36:00,planned,MEC-01,
5995,4,2026-01-16 22:00:00,2026-01-17 00:30:00,unplanned,MAT-01,
5996,28,2026-06-21 14:05:00,2026-06-21 16:41:00,unplanned,ELEC-01,9975.0
5997,5,2026-04-01 09:52:00,2026-04-01 11:38:00,unplanned,CAL-01,4126.0
5998,47,2026-02-09 15:57:00,2026-02-09 18:24:00,planned,MEC-02,8639.0
5999,49,2026-03-29 19:53:00,2026-03-29 21:25:00,unplanned,MEC-01,
6000,20,2026-01-19 06:36:00,2026-01-19 08:43:00,planned,CAL-01,1907.0
6001,35,2026-05-29 14:05:00,2026-05-29 16:09:00,planned,MEC-02,1620.0
6002,13,2026-02-01 11:57:00,2026-02-01 12:25:00,unplanned,CAL-01,1851.0
6003,8,2026-05-30 04:34:00,2026-05-30 06:47:00,unplanned,MEC-02,1233.0
6004,43,2026-04-18 15:46:00,2026-04-18 16:35:00,planned,CAL-01,
6005,38,2026-01-20 08:30:00,2026-01-20 10:07:00,planned,CAL-01,5753.0
6006,49,2026-05-31 17:27:00,2026-05-31 19:59:00,planned,MAT-01,4561.0
6007,40,2026-06-23 20:48:00,2026-06-23 23:04:00,planned,MEC-01,1350.0
6008,27,2026-06-09 21:24:00,2026-06-09 23:27:00,planned,MEC-01,6506.0
6009,49,2026-04-26 12:25:00,2026-04-26 14:06:00,unplanned,MAT-01,9289.0
6010,25,2026-03-13 10:57:00,2026-03-13 12:56:00,unplanned,MEC-02,
6011,40,2026-06-29 02:44:00,2026-06-29 04:21:00,unplanned,ELEC-01,3540.0
6012,34,2026-06-17 08:45:00,2026-06-17 10:35:00,planned,MEC-02,3179.0
6013,47,2026-06-24 04:26:00,2026-06-24 05:00:00,unplanned,CAL-01,1508.0
6014,5,2026-03-23 02:51:00,2026-03-23 03:46:00,unplanned,MEC-01,
6015,16,2026-05-16 03:04:00,2026-05-16 05:24:00,unplanned,MAT-01,6185.0
6016,8,2026-06-20 07:58:00,2026-06-20 09:50:00,planned,MAT-01,1715.0
6017,17,2026-01-21 23:13:00,2026-01-21 23:57:00,planned,CAL-01,4403.0
6018,1,2026-01-25 08:37:00,2026-01-25 10:22:00,unplanned,MEC-02,9834.0
6019,18,2026-05-18 12:30:00,2026-05-18 13:42:00,unplanned,MEC-02,5875.0
6020,22,2026-06-14 14:47:00,2026-06-14 17:05:00,planned,MAT-01,9243.0
6021,2,2026-02-25 06:35:00,2026-02-25 06:54:00,planned,MEC-01,
6022,29,2026-03-21 07:17:00,2026-03-21 08:10:00,planned,MAT-01,8166.0
6023,30,2026-05-31 03:32:00,2026-05-31 05:15:00,unplanned,ELEC-01,
6024,17,2026-04-07 09:02:00,2026-04-07 10:08:00,unplanned,MEC-02,9110.0
6025,7,2026-05-02 13:20:00,2026-05-02 13:50:00,unplanned,MEC-02,
6026,28,2026-03-25 19:44:00,2026-03-25 19:51:00,unplanned,ELEC-01,5816.0
6027,34,2026-01-14 17:12:00,2026-01-14 17:28:00,unplanned,MAT-01,5768.0
6028,14,2026-02-23 16:57:00,2026-02-23 18:40:00,planned,MEC-01,
6029,33,2026-05-01 18:36:00,2026-05-01 20:21:00,planned,MAT-01,6611.0
6030,4,2026-03-16 07:42:00,2026-03-16 09:18:00,planned,MEC-02,6264.0
6031,46,2026-01-11 23:35:00,2026-01-12 00:27:00,planned,MAT-01,8411.0
6032,26,2026-01-06 04:14:00,2026-01-06 04:51:00,unplanned,MAT-01,
6033,8,2026-04-30 01:30:00,2026-04-30 01:50:00,planned,MEC-01,5922.0
6034,4,2026-01-23 23:44:00,2026-01-24 02:11:00,unplanned,CAL-01,
6035,44,2026-05-20 02:58:00,2026-05-20 05:13:00,unplanned,ELEC-01,6900.0
6036,4,2026-05-18 12:49:00,2026-05-18 15:07:00,unplanned,MEC-02,2638.0
6037,37,2026-03-31 19:09:00,2026-03-31 19:57:00,planned,ELEC-01,
6038,24,2026-06-26 12:56:00,2026-06-26 15:22:00,planned,MEC-02,2657.0
6039,43,2026-02-26 09:08:00,2026-02-26 12:02:00,unplanned,MAT-01,1382.0
6040,8,2026-04-09 01:59:00,2026-04-09 03:59:00,planned,ELEC-01,1154.0
6041,4,2026-02-16 01:02:00,2026-02-16 01:55:00,unplanned,MEC-01,6392.0
6042,13,2026-05-29 16:05:00,2026-05-29 17:35:00,unplanned,MEC-02,3202.0
6043,39,2026-01-11 00:31:00,2026-01-11 03:17:00,unplanned,MEC-02,
6044,49,2026-04-25 20:12:00,2026-04-25 20:53:00,unplanned,CAL-01,
6045,3,2026-04-28 12:04:00,2026-04-28 13:18:00,planned,ELEC-01,
6046,48,2026-03-20 23:23:00,2026-03-21 01:57:00,planned,CAL-01,2395.0
6047,37,2026-04-08 18:16:00,2026-04-08 21:00:00,planned,MEC-01,3558.0
6048,25,2026-03-11 01:45:00,2026-03-11 04:11:00,planned,MEC-01,3446.0
6049,29,2026-01-31 06:17:00,2026-01-31 07:43:00,planned,MEC-01,
6050,23,2026-03-21 07:23:00,2026-03-21 09:18:00,planned,MAT-01,4007.0
6051,12,2026-02-07 03:00:00,2026-02-07 04:37:00,unplanned,MEC-02,4505.0
6052,11,2026-01-26 07:30:00,2026-01-26 09:14:00,unplanned,MEC-01,
6053,43,2026-03-22 14:25:00,2026-03-22 15:33:00,planned,ELEC-01,7003.0
6054,23,2026-05-05 18:57:00,2026-05-05 20:14:00,unplanned,MEC-02,1242.0
6055,34,2026-04-08 12:59:00,2026-04-08 15:43:00,planned,CAL-01,3801.0
6056,11,2026-02-21 07:21:00,2026-02-21 09:43:00,planned,ELEC-01,3370.0
6057,37,2026-04-16 16:21:00,2026-04-16 16:59:00,planned,MEC-02,8584.0
6058,1,2026-02-28 11:07:00,2026-02-28 12:27:00,planned,ELEC-01,1902.0
6059,27,2026-02-05 00:15:00,2026-02-05 02:28:00,planned,MEC-02,3631.0
6060,11,2026-02-18 11:39:00,2026-02-18 12:08:00,planned,MEC-02,8447.0
6061,34,2026-01-01 08:24:00,2026-01-01 08:54:00,unplanned,MAT-01,
6062,11,2026-03-25 07:07:00,2026-03-25 09:48:00,unplanned,CAL-01,
6063,38,2026-01-23 01:31:00,2026-01-23 02:05:00,planned,MEC-01,
6064,23,2026-06-13 17:16:00,2026-06-13 20:01:00,unplanned,MEC-02,
6065,28,2026-01-01 23:55:00,2026-01-02 00:14:00,unplanned,MAT-01,
6066,47,2026-05-10 01:31:00,2026-05-10 03:22:00,planned,MEC-02,3540.0
6067,8,2026-02-18 13:27:00,2026-02-18 16:12:00,unplanned,MAT-01,7377.0
6068,23,2026-06-01 13:52:00,2026-06-01 14:24:00,planned,ELEC-01,9457.0
6069,35,2026-03-26 20:48:00,2026-03-26 22:16:00,unplanned,MAT-01,101.0
6070,7,2026-06-10 18:44:00,2026-06-10 20:03:00,planned,CAL-01,5530.0
6071,50,2026-05-30 14:52:00,2026-05-30 16:33:00,unplanned,CAL-01,831.0
6072,18,2026-03-29 20:50:00,2026-03-29 23:38:00,unplanned,MAT-01,2269.0
6073,38,2026-04-12 20:52:00,2026-04-12 23:12:00,planned,CAL-01,
6074,41,2026-04-06 08:09:00,2026-04-06 08:54:00,unplanned,MEC-01,
6075,8,2026-03-29 08:10:00,2026-03-29 10:55:00,planned,MAT-01,2129.0
6076,31,2026-01-06 22:07:00,2026-01-06 23:37:00,planned,MAT-01,5246.0
6077,12,2026-03-23 23:19:00,2026-03-24 00:17:00,planned,MEC-01,8907.0
6078,18,2026-04-19 09:53:00,2026-04-19 12:46:00,unplanned,MEC-02,
6079,46,2026-04-30 09:47:00,2026-04-30 12:39:00,unplanned,MEC-01,2296.0
6080,28,2026-03-03 01:55:00,2026-03-03 03:11:00,unplanned,ELEC-01,
6081,14,2026-03-04 15:14:00,2026-03-04 18:01:00,unplanned,CAL-01,5712.0
6082,12,2026-06-07 23:33:00,2026-06-08 02:05:00,unplanned,MAT-01,
6083,33,2026-02-02 11:19:00,2026-02-02 13:35:00,unplanned,MEC-02,
6084,27,2026-03-21 17:27:00,2026-03-21 18:32:00,unplanned,MEC-02,4725.0
6085,14,2026-05-10 02:58:00,2026-05-10 03:56:00,planned,ELEC-01,7282.0
6086,42,2026-06-14 09:40:00,2026-06-14 12:32:00,planned,CAL-01,762.0
6087,13,2026-01-21 17:06:00,2026-01-21 19:52:00,planned,MAT-01,
6088,35,2026-03-28 12:15:00,2026-03-28 14:11:00,unplanned,MAT-01,
6089,9,2026-05-14 17:41:00,2026-05-14 19:44:00,unplanned,MEC-01,6347.0
6090,40,2026-04-28 23:39:00,2026-04-29 01:55:00,planned,CAL-01,
6091,22,2026-02-28 19:02:00,2026-02-28 19:40:00,planned,MEC-01,9508.0
6092,7,2026-06-20 11:08:00,2026-06-20 13:09:00,planned,MEC-02,6533.0
6093,14,2026-03-28 09:38:00,2026-03-28 11:24:00,planned,MAT-01,
6094,13,2026-04-23 14:18:00,2026-04-23 16:16:00,planned,ELEC-01,8823.0
6095,20,2026-05-29 09:22:00,2026-05-29 10:29:00,unplanned,MEC-01,
6096,19,2026-01-17 23:48:00,2026-01-18 01:56:00,unplanned,CAL-01,4660.0
6097,44,2026-04-03 22:20:00,2026-04-04 01:13:00,unplanned,CAL-01,
6098,23,2026-03-23 07:02:00,2026-03-23 07:45:00,unplanned,MEC-01,5605.0
6099,35,2026-02-23 20:32:00,2026-02-23 22:19:00,unplanned,ELEC-01,
6100,29,2026-03-25 00:34:00,2026-03-25 01:03:00,unplanned,MEC-01,4355.0
6101,39,2026-02-26 13:34:00,2026-02-26 15:50:00,unplanned,MAT-01,7748.0
6102,24,2026-04-19 21:18:00,2026-04-19 22:11:00,planned,MEC-02,5925.0
6103,49,2026-03-28 05:01:00,2026-03-28 06:23:00,unplanned,CAL-01,
6104,13,2026-03-09 04:19:00,2026-03-09 06:42:00,planned,ELEC-01,8533.0
6105,25,2026-06-29 14:27:00,2026-06-29 15:19:00,unplanned,CAL-01,
6106,47,2026-05-10 01:11:00,2026-05-10 01:52:00,unplanned,CAL-01,
6107,33,2026-04-10 10:23:00,2026-04-10 12:16:00,unplanned,ELEC-01,3304.0
6108,18,2026-01-19 22:29:00,2026-01-20 01:09:00,unplanned,ELEC-01,3868.0
6109,5,2026-03-20 01:16:00,2026-03-20 01:27:00,planned,MEC-01,
6110,41,2026-06-23 19:22:00,2026-06-23 22:06:00,unplanned,ELEC-01,6076.0
6111,4,2026-02-02 12:52:00,2026-02-02 14:15:00,planned,CAL-01,6991.0
6112,29,2026-04-30 18:41:00,2026-04-30 20:10:00,planned,MAT-01,4081.0
6113,34,2026-02-04 13:28:00,2026-02-04 14:52:00,planned,ELEC-01,
6114,13,2026-05-06 19:40:00,2026-05-06 21:20:00,planned,MEC-02,6906.0
6115,30,2026-01-13 17:08:00,2026-01-13 17:27:00,unplanned,MAT-01,3972.0
6116,3,2026-02-19 03:40:00,2026-02-19 05:36:00,unplanned,MEC-01,1111.0
6117,28,2026-05-17 22:54:00,2026-05-17 23:51:00,unplanned,CAL-01,
6118,12,2026-04-30 15:22:00,2026-04-30 18:11:00,unplanned,MEC-02,3729.0
6119,37,2026-03-07 21:50:00,2026-03-07 22:31:00,unplanned,MEC-01,3998.0
6120,47,2026-02-17 06:01:00,2026-02-17 06:21:00,unplanned,ELEC-01,6164.0
6121,13,2026-04-05 15:51:00,2026-04-05 17:51:00,unplanned,MEC-01,
6122,33,2026-04-02 23:37:00,2026-04-03 00:11:00,planned,MEC-02,
6123,29,2026-03-31 14:15:00,2026-03-31 16:05:00,unplanned,MEC-02,4254.0
6124,2,2026-04-12 16:17:00,2026-04-12 18:54:00,unplanned,ELEC-01,4854.0
6125,33,2026-06-12 11:36:00,2026-06-12 12:49:00,planned,CAL-01,3424.0
6126,28,2026-05-20 01:25:00,2026-05-20 03:17:00,planned,MAT-01,9485.0
6127,8,2026-04-06 20:55:00,2026-04-06 23:05:00,planned,ELEC-01,7150.0
6128,30,2026-03-27 10:32:00,2026-03-27 13:09:00,unplanned,ELEC-01,8338.0
6129,49,2026-02-17 04:35:00,2026-02-17 05:19:00,planned,MEC-02,7436.0
6130,47,2026-06-07 06:01:00,2026-06-07 06:47:00,unplanned,MAT-01,
6131,11,2026-03-13 09:56:00,2026-03-13 11:55:00,unplanned,CAL-01,
6132,20,2026-02-23 02:06:00,2026-02-23 05:05:00,planned,CAL-01,7692.0
6133,39,2026-01-04 06:17:00,2026-01-04 08:07:00,unplanned,MAT-01,5689.0
6134,38,2026-06-11 04:53:00,2026-06-11 05:21:00,planned,ELEC-01,7425.0
6135,50,2026-04-08 11:21:00,2026-04-08 14:03:00,planned,ELEC-01,2186.0
6136,31,2026-02-09 07:16:00,2026-02-09 10:14:00,planned,MAT-01,3363.0
6137,7,2026-02-16 05:11:00,2026-02-16 05:19:00,planned,MAT-01,
6138,1,2026-05-05 23:48:00,2026-05-06 02:39:00,unplanned,MAT-01,9495.0
6139,3,2026-03-03 01:38:00,2026-03-03 02:55:00,planned,CAL-01,2906.0
6140,27,2026-04-28 02:03:00,2026-04-28 02:55:00,planned,CAL-01,7442.0
6141,18,2026-06-01 11:12:00,2026-06-01 14:07:00,unplanned,ELEC-01,8556.0
6142,22,2026-03-21 08:32:00,2026-03-21 09:15:00,unplanned,MEC-01,
6143,34,2026-03-15 10:39:00,2026-03-15 11:28:00,unplanned,ELEC-01,
6144,38,2026-05-08 06:56:00,2026-05-08 09:30:00,unplanned,ELEC-01,
6145,38,2026-03-29 08:53:00,2026-03-29 09:08:00,unplanned,MEC-01,1333.0
6146,5,2026-03-26 12:11:00,2026-03-26 12:59:00,unplanned,MEC-01,
6147,6,2026-05-11 00:31:00,2026-05-11 03:12:00,planned,MAT-01,
6148,8,2026-01-06 12:17:00,2026-01-06 13:12:00,planned,CAL-01,
6149,24,2026-01-18 14:05:00,2026-01-18 14:37:00,planned,MAT-01,
6150,9,2026-05-19 05:44:00,2026-05-19 05:59:00,unplanned,MEC-01,646.0
6151,19,2026-03-11 03:25:00,2026-03-11 03:35:00,unplanned,MAT-01,1838.0
6152,47,2026-03-26 01:36:00,2026-03-26 03:25:00,unplanned,MAT-01,2621.0
6153,14,2026-01-25 19:09:00,2026-01-25 20:58:00,unplanned,CAL-01,
6154,15,2026-05-15 16:23:00,2026-05-15 18:32:00,unplanned,CAL-01,8327.0
6155,46,2026-06-14 04:58:00,2026-06-14 05:44:00,planned,ELEC-01,
6156,9,2026-03-10 11:42:00,2026-03-10 12:51:00,planned,MEC-02,
6157,32,2026-05-31 12:18:00,2026-05-31 14:58:00,unplanned,MEC-02,2608.0
6158,36,2026-04-12 07:49:00,2026-04-12 08:10:00,planned,ELEC-01,9056.0
6159,16,2026-01-15 12:28:00,2026-01-15 14:30:00,unplanned,MEC-01,
6160,48,2026-02-21 09:54:00,2026-02-21 12:41:00,planned,ELEC-01,116.0
6161,12,2026-01-24 09:31:00,2026-01-24 09:54:00,unplanned,CAL-01,7318.0
6162,8,2026-06-08 03:33:00,2026-06-08 04:13:00,unplanned,MEC-02,4388.0
6163,8,2026-05-12 14:17:00,2026-05-12 14:35:00,planned,ELEC-01,7781.0
6164,37,2026-03-03 14:53:00,2026-03-03 15:04:00,planned,MEC-02,
6165,47,2026-04-11 20:15:00,2026-04-11 20:46:00,planned,MEC-02,
6166,47,2026-04-08 20:40:00,2026-04-08 23:05:00,planned,MAT-01,9392.0
6167,10,2026-04-25 17:41:00,2026-04-25 20:26:00,unplanned,MAT-01,3371.0
6168,11,2026-02-01 18:43:00,2026-02-01 20:18:00,unplanned,MEC-01,9406.0
6169,15,2026-01-03 13:26:00,2026-01-03 13:50:00,planned,MEC-01,8067.0
6170,7,2026-05-03 09:24:00,2026-05-03 12:18:00,planned,ELEC-01,3322.0
6171,47,2026-05-12 00:32:00,2026-05-12 02:13:00,unplanned,MEC-02,
6172,11,2026-02-23 16:40:00,2026-02-23 17:54:00,unplanned,MEC-02,2462.0
6173,5,2026-06-29 14:41:00,2026-06-29 15:51:00,planned,CAL-01,7630.0
6174,42,2026-05-15 08:50:00,2026-05-15 10:26:00,planned,CAL-01,6458.0
6175,42,2026-03-22 08:56:00,2026-03-22 10:16:00,planned,MEC-02,5717.0
6176,36,2026-03-10 12:43:00,2026-03-10 14:29:00,planned,CAL-01,5672.0
6177,36,2026-01-06 21:31:00,2026-01-06 22:04:00,unplanned,MEC-02,
6178,26,2026-02-23 02:18:00,2026-02-23 04:25:00,planned,CAL-01,8771.0
6179,38,2026-05-16 08:00:00,2026-05-16 08:13:00,unplanned,MEC-02,
6180,38,2026-06-21 16:24:00,2026-06-21 17:34:00,unplanned,CAL-01,4428.0
6181,2,2026-03-25 13:19:00,2026-03-25 14:07:00,planned,ELEC-01,5012.0
6182,13,2026-02-21 23:26:00,2026-02-22 00:52:00,planned,MEC-01,
6183,31,2026-06-11 04:40:00,2026-06-11 07:04:00,planned,MEC-01,5147.0
6184,2,2026-04-25 08:49:00,2026-04-25 09:24:00,planned,ELEC-01,
6185,34,2026-04-21 07:25:00,2026-04-21 10:09:00,unplanned,CAL-01,6046.0
6186,22,2026-06-27 21:09:00,2026-06-27 23:49:00,unplanned,ELEC-01,
6187,14,2026-04-11 21:04:00,2026-04-11 22:19:00,unplanned,CAL-01,7143.0
6188,6,2026-05-15 14:37:00,2026-05-15 17:22:00,planned,ELEC-01,2653.0
6189,25,2026-04-25 15:12:00,2026-04-25 16:45:00,planned,CAL-01,9171.0
6190,18,2026-03-14 02:27:00,2026-03-14 04:08:00,planned,MEC-01,7217.0
6191,30,2026-01-29 06:30:00,2026-01-29 07:43:00,unplanned,MEC-01,75.0
6192,43,2026-03-29 18:20:00,2026-03-29 20:36:00,unplanned,ELEC-01,9361.0
6193,12,2026-01-25 20:39:00,2026-01-25 22:46:00,planned,MEC-02,5559.0
6194,17,2026-01-13 04:23:00,2026-01-13 05:05:00,planned,CAL-01,577.0
6195,29,2026-05-01 17:39:00,2026-05-01 20:16:00,unplanned,MEC-01,7643.0
6196,43,2026-05-28 00:10:00,2026-05-28 01:01:00,unplanned,MEC-02,4540.0
6197,8,2026-06-22 08:08:00,2026-06-22 08:59:00,unplanned,MEC-02,
6198,20,2026-01-01 05:54:00,2026-01-01 06:29:00,unplanned,MAT-01,7730.0
6199,37,2026-04-05 17:30:00,2026-04-05 20:14:00,planned,MEC-02,8758.0
6200,1,2026-05-10 16:31:00,2026-05-10 17:51:00,planned,ELEC-01,
6201,33,2026-04-14 00:55:00,2026-04-14 03:01:00,planned,MEC-01,8980.0
6202,21,2026-02-11 20:53:00,2026-02-11 22:10:00,unplanned,MAT-01,7646.0
6203,18,2026-04-08 15:19:00,2026-04-08 16:36:00,unplanned,MEC-01,
6204,37,2026-03-06 03:16:00,2026-03-06 03:48:00,planned,MEC-01,6774.0
6205,35,2026-01-20 20:42:00,2026-01-20 22:50:00,unplanned,MEC-01,1581.0
6206,5,2026-06-12 11:55:00,2026-06-12 14:47:00,unplanned,MAT-01,5815.0
6207,50,2026-03-24 12:07:00,2026-03-24 12:50:00,unplanned,MEC-02,7719.0
6208,35,2026-02-15 08:40:00,2026-02-15 11:22:00,planned,MEC-01,3822.0
6209,32,2026-04-15 13:34:00,2026-04-15 15:35:00,unplanned,ELEC-01,5168.0
6210,10,2026-01-08 23:20:00,2026-01-09 00:19:00,planned,CAL-01,3122.0
6211,49,2026-01-24 16:31:00,2026-01-24 19:04:00,planned,ELEC-01,9284.0
6212,35,2026-06-26 22:27:00,2026-06-26 22:38:00,unplanned,MEC-01,4666.0
6213,9,2026-02-23 18:01:00,2026-02-23 19:19:00,unplanned,MAT-01,2409.0
6214,22,2026-06-09 20:44:00,2026-06-09 22:02:00,planned,MEC-01,
6215,47,2026-04-12 18:28:00,2026-04-12 19:43:00,planned,MAT-01,9825.0
6216,43,2026-04-23 03:58:00,2026-04-23 05:22:00,planned,MEC-02,8609.0
6217,49,2026-03-12 09:18:00,2026-03-12 11:34:00,planned,CAL-01,3314.0
6218,17,2026-04-23 09:22:00,2026-04-23 10:55:00,unplanned,CAL-01,
6219,26,2026-06-16 13:56:00,2026-06-16 16:34:00,unplanned,MEC-02,5950.0
6220,15,2026-02-06 12:49:00,2026-02-06 13:16:00,planned,ELEC-01,
6221,33,2026-06-05 15:26:00,2026-06-05 16:31:00,unplanned,MAT-01,6904.0
6222,40,2026-05-29 20:42:00,2026-05-29 21:39:00,unplanned,MAT-01,7932.0
6223,32,2026-03-08 07:24:00,2026-03-08 08:29:00,planned,MAT-01,4786.0
6224,41,2026-06-05 02:38:00,2026-06-05 04:24:00,planned,MEC-02,2393.0
6225,4,2026-05-29 15:19:00,2026-05-29 17:59:00,planned,MEC-02,7306.0
6226,16,2026-01-24 10:04:00,2026-01-24 11:41:00,unplanned,MEC-02,1955.0
6227,11,2026-05-01 15:44:00,2026-05-01 18:23:00,planned,CAL-01,2357.0
6228,28,2026-04-06 07:56:00,2026-04-06 10:11:00,unplanned,MEC-02,
6229,21,2026-01-31 00:26:00,2026-01-31 00:51:00,planned,CAL-01,
6230,28,2026-06-18 01:46:00,2026-06-18 03:16:00,unplanned,MEC-02,3763.0
6231,18,2026-03-03 03:22:00,2026-03-03 04:05:00,unplanned,CAL-01,4126.0
6232,45,2026-03-17 20:04:00,2026-03-17 20:31:00,unplanned,MEC-02,4977.0
6233,30,2026-01-04 11:33:00,2026-01-04 12:11:00,unplanned,MEC-01,157.0
6234,49,2026-03-07 16:54:00,2026-03-07 19:37:00,unplanned,MAT-01,3886.0
6235,14,2026-05-03 00:30:00,2026-05-03 00:56:00,planned,CAL-01,9046.0
6236,46,2026-06-05 04:52:00,2026-06-05 06:24:00,planned,MAT-01,
6237,15,2026-06-09 05:27:00,2026-06-09 06:30:00,unplanned,MEC-02,7199.0
6238,11,2026-03-23 06:44:00,2026-03-23 08:20:00,unplanned,MEC-02,8889.0
6239,41,2026-04-25 11:18:00,2026-04-25 12:28:00,unplanned,MEC-01,
6240,11,2026-01-17 04:32:00,2026-01-17 05:28:00,planned,MEC-01,
6241,45,2026-04-07 20:19:00,2026-04-07 22:27:00,planned,ELEC-01,
6242,19,2026-01-27 17:26:00,2026-01-27 19:58:00,planned,CAL-01,
6243,7,2026-06-28 21:29:00,2026-06-28 22:08:00,planned,CAL-01,4482.0
6244,27,2026-02-17 17:49:00,2026-02-17 20:40:00,unplanned,MEC-02,3302.0
6245,47,2026-01-18 12:47:00,2026-01-18 15:21:00,planned,MEC-02,
6246,29,2026-01-18 09:31:00,2026-01-18 09:51:00,planned,MEC-01,167.0
6247,44,2026-02-08 21:06:00,2026-02-08 21:36:00,unplanned,ELEC-01,4084.0
6248,20,2026-02-13 19:37:00,2026-02-13 21:06:00,unplanned,MEC-01,
6249,46,2026-05-31 11:43:00,2026-05-31 11:55:00,planned,MAT-01,5322.0
6250,27,2026-01-30 19:46:00,2026-01-30 21:49:00,unplanned,MEC-02,1012.0
6251,49,2026-04-04 22:11:00,2026-04-04 22:55:00,planned,CAL-01,3940.0
6252,49,2026-03-08 15:20:00,2026-03-08 16:58:00,unplanned,ELEC-01,7365.0
6253,44,2026-03-01 15:12:00,2026-03-01 15:42:00,unplanned,MEC-02,3926.0
6254,14,2026-06-11 14:34:00,2026-06-11 16:17:00,unplanned,ELEC-01,9278.0
6255,8,2026-02-24 17:02:00,2026-02-24 18:14:00,planned,ELEC-01,
6256,13,2026-01-24 05:18:00,2026-01-24 05:24:00,unplanned,ELEC-01,5362.0
6257,34,2026-02-02 01:21:00,2026-02-02 02:02:00,unplanned,MEC-01,7030.0
6258,38,2026-04-10 09:48:00,2026-04-10 12:10:00,planned,MEC-01,
6259,8,2026-03-22 10:33:00,2026-03-22 12:44:00,unplanned,CAL-01,2702.0
6260,29,2026-06-08 17:59:00,2026-06-08 19:34:00,planned,CAL-01,
6261,25,2026-02-06 22:23:00,2026-02-06 22:52:00,unplanned,MAT-01,4186.0
6262,26,2026-01-17 05:40:00,2026-01-17 07:03:00,planned,MEC-02,
6263,32,2026-04-08 21:19:00,2026-04-09 00:16:00,unplanned,MEC-02,1941.0
6264,49,2026-05-17 01:13:00,2026-05-17 01:27:00,planned,MAT-01,1830.0
6265,5,2026-01-24 08:13:00,2026-01-24 10:57:00,planned,MEC-02,
6266,22,2026-06-09 09:07:00,2026-06-09 11:45:00,unplanned,CAL-01,1057.0
6267,18,2026-02-26 08:54:00,2026-02-26 11:18:00,unplanned,MAT-01,3064.0
6268,33,2026-03-11 19:54:00,2026-03-11 20:06:00,unplanned,ELEC-01,
6269,27,2026-01-28 12:49:00,2026-01-28 15:36:00,planned,CAL-01,1060.0
6270,24,2026-04-06 13:34:00,2026-04-06 14:29:00,planned,MAT-01,4892.0
6271,36,2026-05-09 06:45:00,2026-05-09 09:26:00,unplanned,MEC-02,
6272,33,2026-04-15 01:36:00,2026-04-15 01:58:00,unplanned,MAT-01,8720.0
6273,35,2026-06-17 11:10:00,2026-06-17 13:29:00,unplanned,MEC-02,1009.0
6274,26,2026-06-17 13:03:00,2026-06-17 15:41:00,planned,CAL-01,2582.0
6275,40,2026-04-04 18:44:00,2026-04-04 21:44:00,unplanned,MEC-01,982.0
6276,44,2026-02-13 19:17:00,2026-02-13 20:58:00,planned,MAT-01,
6277,18,2026-01-31 21:00:00,2026-01-31 21:05:00,planned,MAT-01,8880.0
6278,15,2026-05-08 00:04:00,2026-05-08 00:35:00,unplanned,MAT-01,3695.0
6279,15,2026-03-11 07:59:00,2026-03-11 09:06:00,planned,MEC-01,
6280,3,2026-02-14 15:12:00,2026-02-14 16:51:00,unplanned,MEC-02,516.0
6281,9,2026-02-21 13:48:00,2026-02-21 15:10:00,planned,CAL-01,7750.0
6282,47,2026-05-21 22:49:00,2026-05-22 00:02:00,unplanned,ELEC-01,9956.0
6283,43,2026-01-09 16:32:00,2026-01-09 17:07:00,unplanned,MEC-01,9520.0
6284,45,2026-04-02 15:25:00,2026-04-02 15:36:00,planned,MEC-01,1587.0
6285,24,2026-03-31 11:15:00,2026-03-31 11:57:00,planned,MAT-01,4198.0
6286,32,2026-02-03 22:35:00,2026-02-04 00:55:00,planned,MEC-02,3789.0
6287,12,2026-01-16 10:35:00,2026-01-16 11:02:00,planned,ELEC-01,7069.0
6288,43,2026-05-25 11:37:00,2026-05-25 11:52:00,unplanned,CAL-01,1729.0
6289,15,2026-05-02 23:30:00,2026-05-03 02:21:00,planned,MEC-01,9219.0
6290,40,2026-04-24 18:32:00,2026-04-24 21:06:00,unplanned,ELEC-01,
6291,31,2026-03-10 02:44:00,2026-03-10 04:50:00,planned,CAL-01,5391.0
6292,3,2026-03-26 06:17:00,2026-03-26 07:04:00,unplanned,ELEC-01,
6293,4,2026-01-28 05:30:00,2026-01-28 07:51:00,planned,MEC-01,9629.0
6294,40,2026-02-21 13:39:00,2026-02-21 13:55:00,planned,CAL-01,4921.0
6295,44,2026-04-04 20:20:00,2026-04-04 21:39:00,unplanned,CAL-01,4513.0
6296,11,2026-04-24 07:24:00,2026-04-24 09:28:00,unplanned,MAT-01,4844.0
6297,39,2026-04-30 02:35:00,2026-04-30 05:01:00,unplanned,MEC-01,
6298,32,2026-04-17 03:03:00,2026-04-17 04:24:00,unplanned,CAL-01,9078.0
6299,17,2026-04-12 08:19:00,2026-04-12 08:38:00,planned,CAL-01,
6300,7,2026-04-18 06:44:00,2026-04-18 08:33:00,unplanned,CAL-01,8458.0
6301,18,2026-04-02 06:26:00,2026-04-02 07:32:00,planned,MEC-02,
6302,7,2026-05-12 02:03:00,2026-05-12 02:11:00,planned,ELEC-01,9582.0
6303,4,2026-02-14 01:13:00,2026-02-14 03:05:00,planned,MEC-02,3788.0
6304,1,2026-06-24 09:13:00,2026-06-24 10:22:00,unplanned,ELEC-01,8231.0
6305,19,2026-05-17 15:13:00,2026-05-17 17:01:00,unplanned,MEC-01,
6306,9,2026-02-15 05:39:00,2026-02-15 05:48:00,unplanned,ELEC-01,7116.0
6307,9,2026-04-15 05:03:00,2026-04-15 07:46:00,planned,CAL-01,9068.0
6308,4,2026-06-01 00:16:00,2026-06-01 02:06:00,planned,MEC-01,
6309,42,2026-01-22 02:58:00,2026-01-22 04:30:00,unplanned,MEC-02,5114.0
6310,9,2026-02-26 14:34:00,2026-02-26 15:31:00,unplanned,MEC-01,313.0
6311,14,2026-05-18 21:11:00,2026-05-18 22:39:00,planned,MEC-01,5884.0
6312,47,2026-05-09 12:35:00,2026-05-09 15:35:00,unplanned,CAL-01,4900.0
6313,25,2026-02-20 00:10:00,2026-02-20 00:53:00,unplanned,MEC-01,1976.0
6314,12,2026-02-12 14:49:00,2026-02-12 16:22:00,planned,CAL-01,2835.0
6315,42,2026-01-26 20:30:00,2026-01-26 21:44:00,unplanned,MEC-01,7473.0
6316,1,2026-06-12 09:46:00,2026-06-12 10:20:00,planned,MEC-02,
6317,10,2026-03-15 14:50:00,2026-03-15 15:04:00,planned,MEC-02,
6318,31,2026-01-14 20:47:00,2026-01-14 21:46:00,planned,ELEC-01,8992.0
6319,43,2026-03-28 04:31:00,2026-03-28 07:10:00,planned,ELEC-01,
6320,11,2026-02-18 05:43:00,2026-02-18 06:02:00,planned,CAL-01,1886.0
6321,46,2026-04-27 19:55:00,2026-04-27 21:59:00,unplanned,CAL-01,7461.0
6322,42,2026-02-17 15:10:00,2026-02-17 18:09:00,planned,ELEC-01,
6323,30,2026-03-30 09:12:00,2026-03-30 11:01:00,unplanned,MEC-02,7154.0
6324,17,2026-06-24 03:20:00,2026-06-24 05:20:00,planned,CAL-01,
6325,25,2026-01-30 16:00:00,2026-01-30 17:43:00,planned,MEC-02,
6326,26,2026-04-08 09:49:00,2026-04-08 11:00:00,unplanned,MEC-01,9102.0
6327,19,2026-04-20 22:09:00,2026-04-20 22:55:00,unplanned,MAT-01,9848.0
6328,42,2026-03-13 04:31:00,2026-03-13 07:06:00,unplanned,MEC-02,8250.0
6329,45,2026-04-20 01:04:00,2026-04-20 01:39:00,unplanned,CAL-01,2175.0
6330,24,2026-06-12 16:44:00,2026-06-12 19:43:00,planned,ELEC-01,
6331,46,2026-06-11 21:55:00,2026-06-11 22:44:00,planned,ELEC-01,
6332,39,2026-03-22 01:56:00,2026-03-22 02:12:00,planned,CAL-01,948.0
6333,10,2026-01-31 04:01:00,2026-01-31 04:28:00,unplanned,CAL-01,9606.0
6334,41,2026-02-18 00:16:00,2026-02-18 02:44:00,unplanned,CAL-01,7678.0
6335,17,2026-01-22 14:19:00,2026-01-22 16:03:00,planned,MEC-02,9545.0
6336,12,2026-01-23 16:10:00,2026-01-23 16:47:00,unplanned,ELEC-01,873.0
6337,5,2026-02-04 22:22:00,2026-02-04 22:44:00,unplanned,MEC-01,985.0
6338,42,2026-05-21 03:19:00,2026-05-21 04:19:00,unplanned,MEC-01,7374.0
6339,29,2026-02-19 06:33:00,2026-02-19 06:46:00,unplanned,MEC-01,
6340,33,2026-03-28 02:22:00,2026-03-28 04:56:00,planned,MEC-02,7911.0
6341,11,2026-05-17 06:46:00,2026-05-17 07:33:00,planned,ELEC-01,8353.0
6342,15,2026-04-30 22:42:00,2026-05-01 00:53:00,unplanned,MEC-02,4016.0
6343,26,2026-01-05 11:49:00,2026-01-05 14:34:00,unplanned,CAL-01,
6344,6,2026-04-14 00:02:00,2026-04-14 01:38:00,planned,MEC-02,1899.0
6345,13,2026-02-03 14:14:00,2026-02-03 14:51:00,planned,MEC-01,1544.0
6346,13,2026-06-09 23:46:00,2026-06-10 01:35:00,unplanned,ELEC-01,4477.0
6347,45,2026-02-05 21:42:00,2026-02-05 22:49:00,planned,ELEC-01,2736.0
6348,1,2026-04-05 21:35:00,2026-04-05 21:58:00,unplanned,MEC-01,8718.0
6349,38,2026-06-05 04:20:00,2026-06-05 04:43:00,unplanned,MEC-02,5049.0
6350,15,2026-04-16 23:47:00,2026-04-17 00:15:00,planned,ELEC-01,
6351,18,2026-03-31 03:04:00,2026-03-31 04:52:00,unplanned,MEC-01,
6352,35,2026-02-22 03:38:00,2026-02-22 06:04:00,planned,MEC-01,
6353,45,2026-01-18 21:06:00,2026-01-18 22:14:00,unplanned,MAT-01,
6354,30,2026-02-16 10:03:00,2026-02-16 10:14:00,planned,MEC-01,8313.0
6355,35,2026-03-04 04:01:00,2026-03-04 04:30:00,planned,MAT-01,6084.0
6356,43,2026-06-03 10:10:00,2026-06-03 11:55:00,planned,CAL-01,
6357,7,2026-01-16 16:24:00,2026-01-16 19:21:00,unplanned,ELEC-01,705.0
6358,33,2026-06-26 09:33:00,2026-06-26 09:57:00,unplanned,ELEC-01,7475.0
6359,8,2026-04-01 14:06:00,2026-04-01 14:46:00,unplanned,MEC-02,
6360,43,2026-04-07 16:47:00,2026-04-07 18:49:00,unplanned,CAL-01,1209.0
6361,50,2026-05-18 17:40:00,2026-05-18 19:22:00,unplanned,ELEC-01,
6362,33,2026-01-13 23:53:00,2026-01-14 02:24:00,unplanned,MAT-01,275.0
6363,21,2026-06-27 01:51:00,2026-06-27 02:49:00,planned,MEC-01,
6364,8,2026-01-28 19:53:00,2026-01-28 20:42:00,unplanned,ELEC-01,
6365,7,2026-02-09 01:48:00,2026-02-09 04:12:00,planned,MEC-02,2059.0
6366,49,2026-03-05 06:58:00,2026-03-05 07:51:00,unplanned,MAT-01,
6367,5,2026-03-22 19:24:00,2026-03-22 20:47:00,planned,ELEC-01,6217.0
6368,2,2026-06-07 07:05:00,2026-06-07 08:17:00,planned,MEC-01,3763.0
6369,32,2026-03-29 16:54:00,2026-03-29 18:57:00,unplanned,CAL-01,1841.0
6370,34,2026-04-04 07:26:00,2026-04-04 09:13:00,unplanned,MAT-01,1659.0
6371,47,2026-04-23 01:27:00,2026-04-23 02:10:00,unplanned,ELEC-01,
6372,9,2026-05-07 06:51:00,2026-05-07 07:26:00,planned,MEC-02,
6373,28,2026-05-27 21:05:00,2026-05-27 22:46:00,planned,CAL-01,1975.0
6374,39,2026-06-16 09:17:00,2026-06-16 10:39:00,planned,ELEC-01,4119.0
6375,32,2026-05-16 20:32:00,2026-05-16 20:47:00,unplanned,MEC-01,7248.0
6376,30,2026-05-19 09:31:00,2026-05-19 11:10:00,unplanned,CAL-01,2943.0
6377,24,2026-04-17 23:17:00,2026-04-18 00:29:00,planned,MEC-01,
6378,6,2026-04-24 05:19:00,2026-04-24 06:28:00,unplanned,MEC-02,4084.0
6379,15,2026-04-16 06:12:00,2026-04-16 06:49:00,planned,MEC-01,9606.0
6380,25,2026-04-11 05:20:00,2026-04-11 05:51:00,planned,MEC-02,
6381,40,2026-03-14 13:52:00,2026-03-14 16:20:00,planned,MAT-01,
6382,44,2026-01-09 10:35:00,2026-01-09 10:42:00,unplanned,MAT-01,6025.0
6383,23,2026-03-10 01:05:00,2026-03-10 03:43:00,planned,MEC-02,2561.0
6384,27,2026-04-19 14:15:00,2026-04-19 15:13:00,unplanned,MEC-02,
6385,1,2026-05-10 05:39:00,2026-05-10 06:21:00,unplanned,MEC-01,2068.0
6386,10,2026-03-20 03:20:00,2026-03-20 03:56:00,planned,CAL-01,3226.0
6387,30,2026-03-24 05:25:00,2026-03-24 05:40:00,planned,CAL-01,8590.0
6388,42,2026-03-24 02:13:00,2026-03-24 02:21:00,planned,MEC-02,1996.0
6389,1,2026-06-01 18:59:00,2026-06-01 19:50:00,unplanned,MEC-01,6148.0
6390,14,2026-06-14 21:01:00,2026-06-14 22:40:00,planned,CAL-01,4809.0
6391,10,2026-05-20 11:46:00,2026-05-20 14:30:00,planned,MEC-02,297.0
6392,26,2026-02-07 04:15:00,2026-02-07 06:02:00,unplanned,MEC-02,7136.0
6393,34,2026-06-02 10:59:00,2026-06-02 13:17:00,planned,ELEC-01,1456.0
6394,38,2026-03-24 15:24:00,2026-03-24 16:18:00,unplanned,CAL-01,8262.0
6395,27,2026-03-28 11:54:00,2026-03-28 13:20:00,planned,MEC-02,
6396,29,2026-06-04 17:58:00,2026-06-04 19:11:00,unplanned,MAT-01,7772.0
6397,41,2026-02-05 14:38:00,2026-02-05 15:35:00,planned,MAT-01,9662.0
6398,45,2026-01-27 12:46:00,2026-01-27 15:46:00,unplanned,CAL-01,2286.0
6399,21,2026-01-03 00:40:00,2026-01-03 03:38:00,unplanned,MEC-02,7656.0
6400,12,2026-06-18 04:56:00,2026-06-18 05:42:00,planned,ELEC-01,2915.0
6401,29,2026-05-25 23:29:00,2026-05-26 01:56:00,unplanned,ELEC-01,641.0
6402,37,2026-02-19 22:58:00,2026-02-20 00:03:00,unplanned,MEC-02,6615.0
6403,47,2026-03-14 09:43:00,2026-03-14 10:36:00,unplanned,CAL-01,
6404,12,2026-06-19 09:20:00,2026-06-19 12:16:00,planned,ELEC-01,7718.0
6405,46,2026-01-29 02:01:00,2026-01-29 02:41:00,unplanned,ELEC-01,5876.0
6406,35,2026-03-24 06:43:00,2026-03-24 06:55:00,unplanned,MAT-01,2594.0
6407,8,2026-06-26 03:07:00,2026-06-26 05:28:00,planned,MEC-01,
6408,17,2026-03-18 16:56:00,2026-03-18 18:43:00,unplanned,MEC-02,
6409,34,2026-03-13 10:29:00,2026-03-13 11:38:00,planned,ELEC-01,8947.0
6410,41,2026-06-20 09:31:00,2026-06-20 09:57:00,unplanned,MAT-01,8021.0
6411,38,2026-01-09 11:17:00,2026-01-09 13:59:00,unplanned,CAL-01,8308.0
6412,2,2026-02-11 07:47:00,2026-02-11 08:31:00,unplanned,MEC-01,7378.0
6413,25,2026-01-19 17:15:00,2026-01-19 19:35:00,unplanned,ELEC-01,
6414,12,2026-03-20 03:39:00,2026-03-20 05:15:00,unplanned,CAL-01,
6415,26,2026-05-08 01:45:00,2026-05-08 03:49:00,unplanned,MAT-01,1691.0
6416,50,2026-02-21 10:31:00,2026-02-21 12:22:00,unplanned,ELEC-01,
6417,35,2026-04-10 02:53:00,2026-04-10 05:47:00,planned,MEC-01,
6418,20,2026-03-03 14:17:00,2026-03-03 17:10:00,planned,ELEC-01,7971.0
6419,24,2026-04-18 20:13:00,2026-04-18 21:38:00,planned,MEC-01,1856.0
6420,15,2026-06-21 07:56:00,2026-06-21 08:43:00,unplanned,MAT-01,8501.0
6421,29,2026-04-20 13:06:00,2026-04-20 13:17:00,unplanned,MAT-01,8945.0
6422,30,2026-02-04 03:01:00,2026-02-04 03:33:00,planned,MAT-01,1848.0
6423,38,2026-03-15 03:12:00,2026-03-15 03:39:00,unplanned,ELEC-01,5210.0
6424,24,2026-06-25 21:21:00,2026-06-25 22:22:00,planned,MEC-01,3345.0
6425,30,2026-03-20 04:18:00,2026-03-20 04:39:00,planned,MEC-02,8221.0
6426,32,2026-02-12 07:43:00,2026-02-12 08:23:00,planned,MEC-01,2486.0
6427,34,2026-01-17 01:38:00,2026-01-17 02:22:00,planned,ELEC-01,
6428,17,2026-01-02 19:32:00,2026-01-02 21:17:00,planned,MAT-01,
6429,8,2026-04-20 17:24:00,2026-04-20 20:17:00,planned,MEC-01,
6430,41,2026-05-10 07:16:00,2026-05-10 09:06:00,unplanned,MAT-01,2471.0
6431,29,2026-06-10 03:51:00,2026-06-10 04:40:00,unplanned,CAL-01,2756.0
6432,36,2026-02-27 16:13:00,2026-02-27 17:25:00,unplanned,MAT-01,5382.0
6433,9,2026-06-23 19:56:00,2026-06-23 20:40:00,planned,CAL-01,349.0
6434,35,2026-04-05 09:03:00,2026-04-05 09:47:00,unplanned,CAL-01,5088.0
6435,2,2026-05-05 11:23:00,2026-05-05 13:09:00,unplanned,MAT-01,685.0
6436,41,2026-01-30 19:46:00,2026-01-30 21:03:00,unplanned,MEC-02,851.0
6437,21,2026-04-03 18:07:00,2026-04-03 20:32:00,unplanned,MEC-02,1514.0
6438,4,2026-01-19 02:54:00,2026-01-19 04:58:00,unplanned,CAL-01,7755.0
6439,33,2026-04-21 19:23:00,2026-04-21 21:33:00,planned,MEC-02,
6440,20,2026-04-24 04:06:00,2026-04-24 06:09:00,planned,MEC-02,6021.0
6441,41,2026-03-25 07:08:00,2026-03-25 10:07:00,unplanned,MEC-01,3855.0
6442,19,2026-02-22 06:20:00,2026-02-22 07:35:00,planned,MEC-02,5033.0
6443,22,2026-02-03 12:26:00,2026-02-03 14:41:00,planned,MEC-02,3688.0
6444,9,2026-01-08 07:21:00,2026-01-08 09:47:00,planned,CAL-01,2395.0
6445,2,2026-01-16 08:37:00,2026-01-16 11:27:00,planned,CAL-01,2508.0
6446,17,2026-01-29 22:43:00,2026-01-30 00:15:00,planned,MEC-02,
6447,13,2026-05-29 11:09:00,2026-05-29 13:10:00,unplanned,MEC-01,
6448,38,2026-06-02 20:50:00,2026-06-02 21:22:00,planned,MAT-01,114.0
6449,21,2026-05-18 20:46:00,2026-05-18 21:21:00,unplanned,ELEC-01,4872.0
6450,26,2026-05-24 09:02:00,2026-05-24 10:16:00,unplanned,MEC-01,293.0
6451,17,2026-03-19 11:19:00,2026-03-19 12:29:00,planned,MEC-01,5560.0
6452,12,2026-05-20 00:41:00,2026-05-20 02:33:00,planned,CAL-01,
6453,19,2026-06-15 03:32:00,2026-06-15 06:04:00,unplanned,ELEC-01,8508.0
6454,31,2026-04-18 17:55:00,2026-04-18 20:08:00,planned,MEC-02,
6455,42,2026-03-14 01:18:00,2026-03-14 03:44:00,unplanned,CAL-01,6603.0
6456,39,2026-06-07 00:39:00,2026-06-07 00:47:00,planned,MEC-01,4625.0
6457,21,2026-04-09 09:43:00,2026-04-09 12:07:00,unplanned,MEC-01,
6458,15,2026-04-14 04:26:00,2026-04-14 04:40:00,planned,MEC-02,
6459,24,2026-01-24 15:34:00,2026-01-24 17:21:00,planned,MAT-01,7354.0
6460,3,2026-01-31 00:10:00,2026-01-31 01:27:00,planned,MEC-01,
6461,8,2026-06-07 09:25:00,2026-06-07 11:16:00,planned,MAT-01,9577.0
6462,6,2026-01-07 13:36:00,2026-01-07 14:13:00,planned,CAL-01,4372.0
6463,40,2026-06-21 21:13:00,2026-06-21 21:59:00,planned,MEC-02,7526.0
6464,27,2026-06-20 19:27:00,2026-06-20 20:01:00,planned,MEC-02,
6465,49,2026-03-28 05:10:00,2026-03-28 05:15:00,planned,ELEC-01,6846.0
6466,16,2026-01-02 21:07:00,2026-01-02 21:59:00,planned,MAT-01,9571.0
6467,12,2026-04-15 02:00:00,2026-04-15 04:15:00,planned,CAL-01,
6468,9,2026-05-04 23:49:00,2026-05-04 23:54:00,unplanned,MAT-01,
6469,30,2026-06-20 01:59:00,2026-06-20 02:38:00,planned,MAT-01,
6470,34,2026-05-15 23:21:00,2026-05-16 00:56:00,planned,MEC-02,3507.0
6471,26,2026-02-18 00:36:00,2026-02-18 03:16:00,planned,CAL-01,5426.0
6472,26,2026-06-07 22:12:00,2026-06-08 00:04:00,planned,MAT-01,
6473,37,2026-01-01 11:07:00,2026-01-01 12:33:00,unplanned,MAT-01,6744.0
6474,20,2026-05-09 23:45:00,2026-05-10 01:02:00,planned,MEC-02,9439.0
6475,10,2026-02-16 17:22:00,2026-02-16 18:36:00,planned,MAT-01,
6476,11,2026-05-12 06:13:00,2026-05-12 06:33:00,unplanned,MEC-02,
6477,4,2026-01-05 21:43:00,2026-01-05 23:35:00,unplanned,CAL-01,
6478,40,2026-06-11 18:03:00,2026-06-11 20:44:00,planned,MEC-02,8007.0
6479,32,2026-06-16 17:26:00,2026-06-16 19:00:00,unplanned,CAL-01,3077.0
6480,12,2026-06-07 08:32:00,2026-06-07 10:44:00,planned,ELEC-01,
6481,43,2026-02-10 22:36:00,2026-02-11 01:04:00,planned,MEC-02,
6482,40,2026-01-17 09:42:00,2026-01-17 12:10:00,planned,MEC-02,6257.0
6483,17,2026-03-20 08:27:00,2026-03-20 09:06:00,planned,MEC-01,
6484,19,2026-05-04 11:16:00,2026-05-04 12:13:00,unplanned,MEC-02,8959.0
6485,26,2026-02-01 02:20:00,2026-02-01 03:01:00,unplanned,MAT-01,3173.0
6486,35,2026-02-15 03:37:00,2026-02-15 03:50:00,planned,MAT-01,
6487,37,2026-06-07 06:42:00,2026-06-07 07:36:00,unplanned,ELEC-01,3863.0
6488,43,2026-04-23 06:23:00,2026-04-23 07:56:00,unplanned,MEC-01,
6489,44,2026-01-04 05:59:00,2026-01-04 06:38:00,unplanned,CAL-01,8423.0
6490,38,2026-01-26 21:03:00,2026-01-26 22:50:00,unplanned,CAL-01,120.0
6491,20,2026-06-29 22:05:00,2026-06-29 23:05:00,unplanned,ELEC-01,997.0
6492,28,2026-03-12 04:37:00,2026-03-12 07:02:00,planned,CAL-01,
6493,8,2026-02-19 07:32:00,2026-02-19 07:58:00,unplanned,ELEC-01,6741.0
6494,25,2026-05-14 23:48:00,2026-05-15 02:42:00,planned,CAL-01,7292.0
6495,11,2026-06-12 21:42:00,2026-06-12 23:10:00,unplanned,CAL-01,609.0
6496,38,2026-02-25 16:32:00,2026-02-25 18:38:00,unplanned,CAL-01,
6497,28,2026-06-17 01:54:00,2026-06-17 02:15:00,planned,MAT-01,
6498,1,2026-03-12 05:44:00,2026-03-12 06:05:00,planned,MEC-02,7278.0
6499,44,2026-03-24 02:20:00,2026-03-24 02:53:00,planned,CAL-01,8504.0
6500,28,2026-06-12 03:36:00,2026-06-12 06:23:00,planned,CAL-01,9945.0
6501,42,2026-05-25 10:27:00,2026-05-25 12:19:00,planned,ELEC-01,5146.0
6502,41,2026-04-25 15:04:00,2026-04-25 16:12:00,unplanned,MAT-01,
6503,8,2026-05-30 21:49:00,2026-05-31 00:12:00,unplanned,MEC-02,8262.0
6504,30,2026-03-03 17:15:00,2026-03-03 17:38:00,planned,MEC-01,1278.0
6505,42,2026-05-04 02:37:00,2026-05-04 05:02:00,unplanned,CAL-01,920.0
6506,49,2026-04-09 09:49:00,2026-04-09 10:03:00,unplanned,ELEC-01,6444.0
6507,10,2026-05-09 13:19:00,2026-05-09 14:25:00,planned,MAT-01,2722.0
6508,30,2026-04-12 03:07:00,2026-04-12 04:20:00,unplanned,MEC-01,8093.0
6509,5,2026-05-08 10:21:00,2026-05-08 10:27:00,planned,MEC-02,5143.0
6510,3,2026-01-24 03:43:00,2026-01-24 04:02:00,unplanned,ELEC-01,4513.0
6511,4,2026-01-28 16:20:00,2026-01-28 17:51:00,planned,MEC-01,2844.0
6512,24,2026-02-08 03:06:00,2026-02-08 03:35:00,unplanned,MEC-01,
6513,12,2026-05-11 01:23:00,2026-05-11 03:42:00,planned,ELEC-01,6779.0
6514,32,2026-02-01 15:52:00,2026-02-01 18:30:00,unplanned,CAL-01,
6515,27,2026-04-05 17:18:00,2026-04-05 17:23:00,unplanned,MAT-01,8726.0
6516,50,2026-04-13 08:59:00,2026-04-13 09:05:00,planned,CAL-01,
6517,18,2026-01-26 23:54:00,2026-01-27 00:07:00,unplanned,MEC-02,
6518,36,2026-05-31 12:00:00,2026-05-31 12:26:00,planned,MEC-01,2807.0
6519,30,2026-03-02 19:31:00,2026-03-02 22:07:00,unplanned,MAT-01,7691.0
6520,10,2026-03-23 06:57:00,2026-03-23 08:56:00,unplanned,MEC-01,4008.0
6521,22,2026-05-23 05:32:00,2026-05-23 08:07:00,unplanned,MEC-02,3512.0
6522,17,2026-01-26 02:20:00,2026-01-26 05:04:00,unplanned,CAL-01,7028.0
6523,41,2026-06-25 15:30:00,2026-06-25 17:28:00,unplanned,MEC-01,9201.0
6524,16,2026-05-22 15:25:00,2026-05-22 18:21:00,planned,MEC-02,7593.0
6525,32,2026-02-03 20:15:00,2026-02-03 20:33:00,unplanned,ELEC-01,6318.0
6526,41,2026-01-27 08:10:00,2026-01-27 10:18:00,planned,MAT-01,1374.0
6527,38,2026-02-18 10:51:00,2026-02-18 12:10:00,planned,CAL-01,3650.0
6528,32,2026-05-24 12:37:00,2026-05-24 13:23:00,planned,ELEC-01,5267.0
6529,20,2026-04-08 20:21:00,2026-04-08 22:41:00,planned,MEC-01,9432.0
6530,42,2026-01-02 18:14:00,2026-01-02 21:07:00,unplanned,ELEC-01,3339.0
6531,35,2026-02-19 00:29:00,2026-02-19 00:34:00,planned,MAT-01,7657.0
6532,11,2026-01-10 06:56:00,2026-01-10 08:21:00,unplanned,MEC-02,6160.0
6533,24,2026-03-07 16:33:00,2026-03-07 17:27:00,unplanned,ELEC-01,8637.0
6534,9,2026-02-02 11:35:00,2026-02-02 12:47:00,planned,MEC-01,1057.0
6535,45,2026-04-02 23:35:00,2026-04-03 02:07:00,planned,MAT-01,6851.0
6536,32,2026-03-19 15:07:00,2026-03-19 16:31:00,unplanned,MEC-01,2264.0
6537,19,2026-05-10 02:40:00,2026-05-10 05:05:00,unplanned,CAL-01,
6538,17,2026-05-13 03:36:00,2026-05-13 05:10:00,planned,MEC-01,8464.0
6539,1,2026-02-27 10:26:00,2026-02-27 12:16:00,unplanned,CAL-01,1445.0
6540,31,2026-02-12 07:45:00,2026-02-12 08:38:00,unplanned,ELEC-01,4217.0
6541,11,2026-04-30 11:13:00,2026-04-30 14:03:00,planned,ELEC-01,2951.0
6542,34,2026-03-30 20:25:00,2026-03-30 21:33:00,unplanned,ELEC-01,
6543,20,2026-02-12 09:01:00,2026-02-12 10:33:00,unplanned,ELEC-01,2516.0
6544,12,2026-04-04 19:31:00,2026-04-04 20:42:00,unplanned,MAT-01,
6545,32,2026-06-26 14:42:00,2026-06-26 16:06:00,planned,MEC-02,9550.0
6546,31,2026-06-08 00:47:00,2026-06-08 00:58:00,planned,MEC-02,
6547,17,2026-06-26 19:37:00,2026-06-26 21:13:00,planned,MAT-01,9711.0
6548,26,2026-01-17 05:46:00,2026-01-17 08:30:00,unplanned,CAL-01,
6549,11,2026-06-01 07:17:00,2026-06-01 07:33:00,planned,CAL-01,4059.0
6550,20,2026-06-13 07:16:00,2026-06-13 08:28:00,planned,ELEC-01,
6551,42,2026-03-10 17:51:00,2026-03-10 19:24:00,unplanned,CAL-01,3943.0
6552,27,2026-04-08 06:06:00,2026-04-08 06:50:00,planned,MAT-01,6689.0
6553,18,2026-03-21 13:41:00,2026-03-21 15:54:00,planned,ELEC-01,2125.0
6554,28,2026-03-16 17:05:00,2026-03-16 19:00:00,unplanned,MEC-01,4437.0
6555,35,2026-01-07 07:30:00,2026-01-07 07:45:00,unplanned,MEC-02,1885.0
6556,47,2026-04-28 01:45:00,2026-04-28 02:06:00,planned,MEC-01,343.0
6557,10,2026-05-13 04:09:00,2026-05-13 06:44:00,planned,ELEC-01,8874.0
6558,25,2026-05-04 20:06:00,2026-05-04 20:58:00,planned,MEC-02,
6559,29,2026-02-06 06:31:00,2026-02-06 09:19:00,planned,MEC-02,1048.0
6560,50,2026-06-10 11:53:00,2026-06-10 13:17:00,planned,MEC-02,7148.0
6561,44,2026-02-06 07:18:00,2026-02-06 09:13:00,planned,MEC-01,
6562,39,2026-04-02 17:18:00,2026-04-02 17:34:00,unplanned,ELEC-01,1997.0
6563,36,2026-04-15 09:42:00,2026-04-15 11:49:00,planned,MAT-01,6354.0
6564,36,2026-03-30 06:15:00,2026-03-30 06:49:00,planned,MAT-01,2273.0
6565,40,2026-06-24 21:01:00,2026-06-24 23:23:00,planned,MEC-02,4302.0
6566,50,2026-01-16 06:22:00,2026-01-16 06:42:00,unplanned,MEC-02,6837.0
6567,48,2026-03-05 13:41:00,2026-03-05 15:58:00,planned,CAL-01,
6568,37,2026-06-26 11:09:00,2026-06-26 13:51:00,planned,CAL-01,
6569,35,2026-01-04 15:45:00,2026-01-04 17:32:00,planned,MAT-01,3219.0
6570,37,2026-01-16 16:38:00,2026-01-16 19:20:00,unplanned,CAL-01,6698.0
6571,21,2026-01-04 05:54:00,2026-01-04 06:31:00,planned,MAT-01,499.0
6572,26,2026-05-21 22:19:00,2026-05-21 23:20:00,planned,MEC-01,
6573,2,2026-01-16 21:04:00,2026-01-16 23:32:00,unplanned,MEC-02,
6574,11,2026-03-24 15:41:00,2026-03-24 16:25:00,unplanned,MEC-02,7161.0
6575,17,2026-01-26 20:55:00,2026-01-26 23:28:00,planned,MEC-02,5422.0
6576,22,2026-06-12 03:19:00,2026-06-12 05:43:00,unplanned,MEC-02,5974.0
6577,6,2026-02-06 22:27:00,2026-02-07 01:11:00,unplanned,MEC-02,381.0
6578,20,2026-02-22 11:20:00,2026-02-22 13:35:00,planned,MEC-02,5976.0
6579,10,2026-02-22 11:19:00,2026-02-22 13:33:00,planned,MAT-01,
6580,30,2026-04-05 10:00:00,2026-04-05 10:39:00,planned,ELEC-01,5040.0
6581,13,2026-06-28 21:42:00,2026-06-28 22:55:00,unplanned,MEC-02,6837.0
6582,15,2026-01-29 03:15:00,2026-01-29 04:30:00,unplanned,CAL-01,
6583,20,2026-02-26 12:56:00,2026-02-26 13:50:00,planned,MEC-02,46.0
6584,39,2026-06-15 10:00:00,2026-06-15 12:37:00,planned,CAL-01,
6585,44,2026-04-22 01:45:00,2026-04-22 04:15:00,unplanned,CAL-01,1481.0
6586,26,2026-02-23 23:12:00,2026-02-23 23:38:00,unplanned,CAL-01,4574.0
6587,19,2026-05-22 08:11:00,2026-05-22 09:52:00,unplanned,ELEC-01,4842.0
6588,44,2026-05-05 08:54:00,2026-05-05 11:52:00,unplanned,CAL-01,
6589,31,2026-02-25 04:20:00,2026-02-25 04:34:00,unplanned,MEC-01,6253.0
6590,17,2026-04-25 18:56:00,2026-04-25 19:55:00,unplanned,CAL-01,7821.0
6591,15,2026-04-11 18:40:00,2026-04-11 21:34:00,unplanned,CAL-01,
6592,25,2026-02-02 15:20:00,2026-02-02 17:48:00,planned,MAT-01,8727.0
6593,9,2026-02-20 10:04:00,2026-02-20 11:23:00,unplanned,MAT-01,1139.0
6594,21,2026-06-21 22:28:00,2026-06-22 00:54:00,unplanned,MEC-02,952.0
6595,48,2026-04-27 15:14:00,2026-04-27 16:18:00,unplanned,MEC-02,2036.0
6596,26,2026-03-08 00:46:00,2026-03-08 03:25:00,unplanned,CAL-01,3352.0
6597,15,2026-04-23 07:09:00,2026-04-23 09:53:00,planned,MEC-02,8599.0
6598,13,2026-02-27 14:31:00,2026-02-27 17:27:00,unplanned,ELEC-01,5349.0
6599,47,2026-02-23 08:00:00,2026-02-23 10:39:00,unplanned,MEC-01,
6600,41,2026-05-12 11:20:00,2026-05-12 12:12:00,planned,MEC-01,
6601,43,2026-06-29 15:04:00,2026-06-29 15:17:00,planned,CAL-01,
6602,46,2026-02-24 21:47:00,2026-02-24 22:03:00,unplanned,MEC-01,
6603,28,2026-02-12 21:30:00,2026-02-12 22:31:00,unplanned,MEC-01,6808.0
6604,40,2026-04-25 09:48:00,2026-04-25 12:19:00,unplanned,ELEC-01,
6605,36,2026-06-09 17:43:00,2026-06-09 18:43:00,planned,ELEC-01,6191.0
6606,12,2026-06-08 17:24:00,2026-06-08 18:28:00,planned,MEC-02,1738.0
6607,6,2026-01-21 13:25:00,2026-01-21 15:57:00,planned,MEC-01,
6608,2,2026-06-08 19:40:00,2026-06-08 20:27:00,unplanned,ELEC-01,
6609,16,2026-01-30 12:00:00,2026-01-30 13:02:00,planned,MAT-01,827.0
6610,34,2026-04-09 04:02:00,2026-04-09 04:49:00,unplanned,MEC-02,1447.0
6611,28,2026-03-25 14:50:00,2026-03-25 15:29:00,planned,CAL-01,6733.0
6612,46,2026-05-23 18:05:00,2026-05-23 20:34:00,unplanned,CAL-01,
6613,11,2026-01-24 12:25:00,2026-01-24 14:21:00,planned,MEC-01,2461.0
6614,37,2026-06-09 15:53:00,2026-06-09 18:28:00,unplanned,MEC-02,
6615,50,2026-05-23 01:48:00,2026-05-23 03:51:00,planned,CAL-01,6741.0
6616,8,2026-04-01 01:02:00,2026-04-01 03:55:00,planned,MEC-01,7100.0
6617,45,2026-03-06 06:28:00,2026-03-06 06:40:00,unplanned,MAT-01,
6618,44,2026-02-21 00:34:00,2026-02-21 01:52:00,unplanned,MEC-01,9060.0
6619,42,2026-02-16 02:56:00,2026-02-16 03:19:00,planned,MAT-01,6855.0
6620,15,2026-03-16 20:46:00,2026-03-16 21:28:00,planned,CAL-01,9533.0
6621,41,2026-02-28 09:50:00,2026-02-28 10:35:00,planned,MEC-02,9377.0
6622,34,2026-03-16 18:29:00,2026-03-16 18:40:00,unplanned,MEC-02,7228.0
6623,6,2026-02-07 04:55:00,2026-02-07 06:33:00,unplanned,MEC-01,6844.0
6624,31,2026-03-11 15:26:00,2026-03-11 17:27:00,unplanned,CAL-01,
6625,23,2026-01-07 00:18:00,2026-01-07 02:16:00,planned,CAL-01,9271.0
6626,5,2026-05-02 08:27:00,2026-05-02 10:58:00,unplanned,MEC-01,4488.0
6627,12,2026-05-10 08:03:00,2026-05-10 09:41:00,planned,MEC-02,4275.0
6628,41,2026-01-03 09:06:00,2026-01-03 09:57:00,unplanned,ELEC-01,6781.0
6629,46,2026-03-31 22:07:00,2026-04-01 00:59:00,planned,MEC-02,
6630,46,2026-03-27 15:59:00,2026-03-27 17:06:00,unplanned,MEC-02,1410.0
6631,20,2026-02-22 14:40:00,2026-02-22 15:25:00,planned,MEC-02,7201.0
6632,2,2026-01-24 21:16:00,2026-01-25 00:13:00,planned,ELEC-01,
6633,1,2026-05-04 13:14:00,2026-05-04 15:24:00,planned,CAL-01,8614.0
6634,28,2026-01-20 04:05:00,2026-01-20 04:31:00,planned,ELEC-01,2814.0
6635,29,2026-04-03 05:30:00,2026-04-03 08:23:00,unplanned,MAT-01,2640.0
6636,22,2026-05-30 04:19:00,2026-05-30 05:40:00,unplanned,CAL-01,
6637,33,2026-03-29 03:58:00,2026-03-29 04:57:00,planned,ELEC-01,1699.0
6638,41,2026-06-07 16:10:00,2026-06-07 17:00:00,planned,MEC-01,3669.0
6639,35,2026-06-21 07:53:00,2026-06-21 09:46:00,planned,CAL-01,7586.0
6640,6,2026-06-16 22:46:00,2026-06-16 23:26:00,unplanned,MEC-01,3772.0
6641,2,2026-03-23 08:20:00,2026-03-23 10:15:00,planned,MEC-01,517.0
6642,35,2026-03-04 00:47:00,2026-03-04 01:27:00,planned,ELEC-01,9037.0
6643,14,2026-03-06 14:41:00,2026-03-06 16:53:00,planned,MEC-01,7942.0
6644,44,2026-02-03 08:38:00,2026-02-03 08:43:00,planned,ELEC-01,
6645,38,2026-05-27 07:39:00,2026-05-27 08:53:00,unplanned,ELEC-01,
6646,13,2026-02-16 18:24:00,2026-02-16 20:39:00,unplanned,ELEC-01,
6647,14,2026-05-11 00:47:00,2026-05-11 02:03:00,planned,CAL-01,8886.0
6648,46,2026-04-03 02:43:00,2026-04-03 03:20:00,unplanned,CAL-01,7582.0
6649,23,2026-06-07 18:55:00,2026-06-07 20:19:00,planned,MEC-01,2790.0
6650,25,2026-02-28 17:25:00,2026-02-28 18:15:00,planned,ELEC-01,9266.0
6651,23,2026-04-14 11:17:00,2026-04-14 11:58:00,planned,MEC-01,3490.0
6652,50,2026-05-11 15:34:00,2026-05-11 15:48:00,planned,CAL-01,6862.0
6653,20,2026-06-05 23:00:00,2026-06-05 23:21:00,planned,MAT-01,3239.0
6654,24,2026-05-18 01:36:00,2026-05-18 01:46:00,planned,ELEC-01,8843.0
6655,1,2026-03-07 11:27:00,2026-03-07 14:19:00,planned,MAT-01,5825.0
6656,37,2026-02-22 16:34:00,2026-02-22 18:06:00,unplanned,CAL-01,
6657,47,2026-01-26 04:03:00,2026-01-26 06:39:00,planned,ELEC-01,1510.0
6658,12,2026-02-16 12:10:00,2026-02-16 14:27:00,unplanned,ELEC-01,8895.0
6659,11,2026-06-13 10:03:00,2026-06-13 12:37:00,planned,MAT-01,6319.0
6660,3,2026-04-15 14:11:00,2026-04-15 14:54:00,unplanned,MEC-02,
6661,19,2026-06-13 22:06:00,2026-06-14 00:54:00,unplanned,MEC-02,
6662,40,2026-02-10 17:48:00,2026-02-10 18:53:00,planned,CAL-01,
6663,47,2026-06-11 09:30:00,2026-06-11 10:46:00,unplanned,MAT-01,2042.0
6664,3,2026-04-19 16:37:00,2026-04-19 17:52:00,unplanned,MAT-01,976.0
6665,18,2026-04-26 23:12:00,2026-04-27 00:04:00,planned,MEC-01,7169.0
6666,18,2026-05-16 00:55:00,2026-05-16 02:23:00,planned,ELEC-01,2813.0
6667,9,2026-03-18 02:02:00,2026-03-18 02:44:00,planned,CAL-01,3157.0
6668,14,2026-04-28 02:36:00,2026-04-28 04:09:00,planned,CAL-01,7682.0
6669,8,2026-01-07 21:43:00,2026-01-07 22:45:00,unplanned,ELEC-01,3722.0
6670,32,2026-05-20 15:37:00,2026-05-20 18:18:00,unplanned,CAL-01,9557.0
6671,20,2026-04-30 04:49:00,2026-04-30 05:01:00,unplanned,ELEC-01,9598.0
6672,23,2026-06-03 11:48:00,2026-06-03 13:03:00,unplanned,ELEC-01,5004.0
6673,49,2026-06-26 13:38:00,2026-06-26 14:29:00,unplanned,CAL-01,6439.0
6674,16,2026-06-23 22:36:00,2026-06-23 23:39:00,unplanned,ELEC-01,5750.0
6675,6,2026-01-30 02:33:00,2026-01-30 04:20:00,unplanned,ELEC-01,
6676,7,2026-02-24 03:49:00,2026-02-24 06:13:00,planned,MEC-02,1146.0
6677,11,2026-01-08 15:47:00,2026-01-08 16:29:00,unplanned,ELEC-01,8168.0
6678,2,2026-02-22 10:45:00,2026-02-22 12:42:00,planned,CAL-01,6530.0
6679,32,2026-05-11 21:39:00,2026-05-11 23:59:00,unplanned,ELEC-01,6825.0
6680,5,2026-01-29 23:23:00,2026-01-30 01:29:00,unplanned,MAT-01,25.0
6681,36,2026-04-18 04:46:00,2026-04-18 06:56:00,planned,MAT-01,
6682,14,2026-02-03 20:39:00,2026-02-03 22:32:00,planned,MAT-01,
6683,31,2026-06-05 08:45:00,2026-06-05 10:43:00,unplanned,CAL-01,4097.0
6684,9,2026-03-25 18:50:00,2026-03-25 20:29:00,unplanned,ELEC-01,9352.0
6685,23,2026-03-05 19:28:00,2026-03-05 21:15:00,planned,CAL-01,3839.0
6686,40,2026-02-09 06:15:00,2026-02-09 06:26:00,unplanned,MAT-01,7774.0
6687,44,2026-02-05 13:41:00,2026-02-05 15:30:00,unplanned,MAT-01,
6688,31,2026-04-26 04:09:00,2026-04-26 05:10:00,planned,CAL-01,4255.0
6689,15,2026-06-05 01:37:00,2026-06-05 03:10:00,planned,MEC-01,1892.0
6690,25,2026-04-10 06:50:00,2026-04-10 07:26:00,unplanned,MEC-01,
6691,35,2026-06-24 21:27:00,2026-06-25 00:16:00,planned,MAT-01,
6692,29,2026-04-27 19:11:00,2026-04-27 22:00:00,unplanned,MEC-02,8373.0
6693,16,2026-01-14 11:51:00,2026-01-14 14:39:00,planned,MEC-02,505.0
6694,41,2026-06-29 15:05:00,2026-06-29 16:52:00,planned,CAL-01,
6695,28,2026-05-28 17:55:00,2026-05-28 19:11:00,planned,MEC-02,
6696,8,2026-03-02 13:37:00,2026-03-02 16:19:00,unplanned,MEC-01,5130.0
6697,8,2026-04-28 21:13:00,2026-04-28 21:54:00,unplanned,MEC-01,6340.0
6698,39,2026-04-09 22:03:00,2026-04-09 22:19:00,unplanned,MEC-02,
6699,11,2026-01-29 01:50:00,2026-01-29 03:30:00,planned,MAT-01,5471.0
6700,21,2026-03-03 12:59:00,2026-03-03 15:00:00,planned,MAT-01,6205.0
6701,31,2026-06-02 00:44:00,2026-06-02 02:47:00,unplanned,CAL-01,3462.0
6702,22,2026-06-17 17:56:00,2026-06-17 20:32:00,planned,ELEC-01,3606.0
6703,31,2026-04-27 02:45:00,2026-04-27 05:25:00,unplanned,CAL-01,5816.0
6704,43,2026-05-26 04:35:00,2026-05-26 04:57:00,unplanned,MAT-01,3887.0
6705,4,2026-04-04 15:50:00,2026-04-04 16:05:00,unplanned,CAL-01,
6706,7,2026-02-09 10:55:00,2026-02-09 11:03:00,planned,CAL-01,1229.0
6707,40,2026-03-02 20:41:00,2026-03-02 22:03:00,unplanned,MEC-01,8886.0
6708,27,2026-04-22 13:46:00,2026-04-22 14:56:00,planned,MAT-01,8585.0
6709,4,2026-06-24 00:41:00,2026-06-24 00:51:00,planned,MEC-01,2891.0
6710,40,2026-03-10 12:08:00,2026-03-10 15:04:00,planned,CAL-01,1462.0
6711,44,2026-04-25 07:22:00,2026-04-25 07:51:00,planned,ELEC-01,6736.0
6712,23,2026-06-12 12:37:00,2026-06-12 13:17:00,planned,MEC-01,
6713,2,2026-06-03 19:29:00,2026-06-03 21:03:00,planned,MEC-01,
6714,43,2026-02-02 00:12:00,2026-02-02 02:21:00,unplanned,MEC-01,6797.0
6715,9,2026-04-09 03:21:00,2026-04-09 04:58:00,unplanned,MEC-02,4604.0
6716,15,2026-02-24 13:49:00,2026-02-24 14:58:00,unplanned,MEC-01,9334.0
6717,11,2026-06-21 17:14:00,2026-06-21 19:45:00,planned,MEC-01,
6718,36,2026-06-05 18:51:00,2026-06-05 21:30:00,planned,MAT-01,8109.0
6719,2,2026-06-25 19:33:00,2026-06-25 22:02:00,unplanned,MEC-02,
6720,48,2026-05-15 03:36:00,2026-05-15 05:49:00,planned,CAL-01,5134.0
6721,48,2026-05-24 00:22:00,2026-05-24 01:29:00,planned,CAL-01,7457.0
6722,2,2026-01-27 18:40:00,2026-01-27 18:50:00,unplanned,MAT-01,3157.0
6723,46,2026-03-06 06:14:00,2026-03-06 08:24:00,planned,MEC-02,3948.0
6724,25,2026-06-04 22:22:00,2026-06-05 00:08:00,unplanned,ELEC-01,9679.0
6725,25,2026-01-31 09:02:00,2026-01-31 10:30:00,planned,MEC-01,6682.0
6726,42,2026-05-22 13:27:00,2026-05-22 13:40:00,unplanned,ELEC-01,2185.0
6727,16,2026-02-07 21:48:00,2026-02-07 21:53:00,unplanned,MEC-01,
6728,38,2026-05-07 20:42:00,2026-05-07 22:43:00,unplanned,MEC-01,5689.0
6729,50,2026-01-05 21:45:00,2026-01-05 22:21:00,planned,MAT-01,3943.0
6730,15,2026-02-10 04:17:00,2026-02-10 05:47:00,unplanned,ELEC-01,
6731,31,2026-01-09 14:32:00,2026-01-09 15:30:00,planned,MAT-01,
6732,20,2026-01-19 09:37:00,2026-01-19 11:06:00,unplanned,ELEC-01,9251.0
6733,16,2026-06-28 19:30:00,2026-06-28 19:59:00,planned,CAL-01,4929.0
6734,11,2026-05-07 10:18:00,2026-05-07 11:59:00,planned,MAT-01,2100.0
6735,32,2026-02-22 05:51:00,2026-02-22 07:14:00,planned,MAT-01,768.0
6736,30,2026-03-06 01:50:00,2026-03-06 03:57:00,unplanned,MAT-01,
6737,13,2026-06-25 16:01:00,2026-06-25 17:43:00,unplanned,MEC-02,6144.0
6738,4,2026-05-16 23:02:00,2026-05-17 01:02:00,unplanned,MAT-01,
6739,4,2026-04-18 02:03:00,2026-04-18 04:58:00,planned,MAT-01,
6740,17,2026-03-09 14:26:00,2026-03-09 16:02:00,planned,ELEC-01,
6741,11,2026-04-18 13:01:00,2026-04-18 14:04:00,planned,MAT-01,9079.0
6742,10,2026-03-19 04:35:00,2026-03-19 05:23:00,unplanned,ELEC-01,7303.0
6743,42,2026-03-12 20:57:00,2026-03-12 23:28:00,unplanned,MAT-01,
6744,32,2026-06-09 17:12:00,2026-06-09 17:55:00,unplanned,MEC-02,5638.0
6745,44,2026-02-24 01:03:00,2026-02-24 01:45:00,unplanned,CAL-01,1675.0
6746,3,2026-05-06 09:25:00,2026-05-06 09:40:00,planned,ELEC-01,
6747,16,2026-03-14 16:17:00,2026-03-14 19:04:00,planned,MEC-01,6725.0
6748,24,2026-01-14 10:58:00,2026-01-14 12:49:00,planned,CAL-01,
6749,29,2026-02-05 23:31:00,2026-02-06 00:09:00,unplanned,ELEC-01,5324.0
6750,13,2026-04-29 00:52:00,2026-04-29 01:48:00,unplanned,MEC-02,7750.0
6751,49,2026-05-19 20:07:00,2026-05-19 20:23:00,planned,MEC-01,
6752,21,2026-04-10 07:00:00,2026-04-10 07:53:00,unplanned,CAL-01,7537.0
6753,18,2026-05-28 13:30:00,2026-05-28 14:41:00,planned,MEC-02,
6754,32,2026-03-29 07:09:00,2026-03-29 08:00:00,planned,CAL-01,7822.0
6755,4,2026-02-13 08:35:00,2026-02-13 10:08:00,unplanned,MAT-01,
6756,4,2026-04-11 15:08:00,2026-04-11 17:00:00,unplanned,MEC-02,2910.0
6757,47,2026-04-11 11:43:00,2026-04-11 12:08:00,unplanned,MAT-01,9103.0
6758,16,2026-06-03 18:19:00,2026-06-03 19:02:00,unplanned,MEC-02,
6759,42,2026-04-30 12:00:00,2026-04-30 13:36:00,planned,MEC-02,9144.0
6760,19,2026-01-16 00:43:00,2026-01-16 01:01:00,unplanned,MEC-02,7683.0
6761,9,2026-06-10 06:36:00,2026-06-10 07:07:00,planned,ELEC-01,4162.0
6762,3,2026-03-05 16:41:00,2026-03-05 17:44:00,unplanned,MEC-01,4855.0
6763,42,2026-02-18 09:03:00,2026-02-18 10:48:00,planned,ELEC-01,5347.0
6764,9,2026-04-29 22:03:00,2026-04-30 00:10:00,unplanned,MEC-01,
6765,14,2026-02-08 13:32:00,2026-02-08 16:02:00,planned,ELEC-01,7790.0
6766,13,2026-03-19 23:21:00,2026-03-19 23:56:00,unplanned,ELEC-01,4901.0
6767,34,2026-05-31 11:52:00,2026-05-31 12:25:00,unplanned,MEC-02,8265.0
6768,32,2026-05-13 21:55:00,2026-05-14 00:09:00,unplanned,CAL-01,2165.0
6769,41,2026-04-24 02:24:00,2026-04-24 04:09:00,unplanned,ELEC-01,5740.0
6770,8,2026-04-25 07:42:00,2026-04-25 09:00:00,unplanned,MEC-01,4577.0
6771,40,2026-05-14 03:46:00,2026-05-14 05:51:00,unplanned,ELEC-01,2572.0
6772,43,2026-06-07 16:53:00,2026-06-07 17:43:00,unplanned,MAT-01,551.0
6773,14,2026-05-05 00:42:00,2026-05-05 01:20:00,planned,MEC-01,
6774,22,2026-03-17 11:30:00,2026-03-17 11:52:00,planned,MAT-01,
6775,4,2026-06-19 14:06:00,2026-06-19 15:21:00,planned,ELEC-01,6555.0
6776,36,2026-05-05 19:47:00,2026-05-05 21:32:00,unplanned,MEC-02,
6777,47,2026-03-19 22:15:00,2026-03-19 22:51:00,unplanned,MEC-02,4103.0
6778,26,2026-04-18 09:20:00,2026-04-18 11:45:00,planned,ELEC-01,180.0
6779,14,2026-05-19 08:10:00,2026-05-19 10:46:00,unplanned,CAL-01,
6780,49,2026-05-01 17:51:00,2026-05-01 20:32:00,unplanned,MAT-01,3800.0
6781,19,2026-02-09 23:17:00,2026-02-10 01:27:00,planned,ELEC-01,
6782,41,2026-06-18 04:42:00,2026-06-18 05:55:00,unplanned,MAT-01,
6783,18,2026-01-27 15:54:00,2026-01-27 17:30:00,planned,MAT-01,
6784,2,2026-04-04 13:01:00,2026-04-04 13:12:00,unplanned,ELEC-01,574.0
6785,9,2026-03-25 18:28:00,2026-03-25 19:35:00,unplanned,CAL-01,2398.0
6786,41,2026-05-27 19:42:00,2026-05-27 20:53:00,unplanned,CAL-01,4561.0
6787,27,2026-05-13 14:45:00,2026-05-13 17:31:00,unplanned,ELEC-01,2300.0
6788,21,2026-04-25 18:02:00,2026-04-25 19:31:00,unplanned,MAT-01,
6789,10,2026-03-08 07:40:00,2026-03-08 10:29:00,planned,CAL-01,8466.0
6790,22,2026-06-21 20:54:00,2026-06-21 21:40:00,unplanned,MEC-02,7432.0
6791,48,2026-03-24 02:43:00,2026-03-24 04:00:00,unplanned,CAL-01,574.0
6792,22,2026-03-17 12:20:00,2026-03-17 12:59:00,planned,MEC-01,
6793,4,2026-01-12 15:00:00,2026-01-12 16:39:00,unplanned,MAT-01,1446.0
6794,35,2026-06-21 09:28:00,2026-06-21 09:51:00,planned,MEC-01,3767.0
6795,33,2026-05-22 01:04:00,2026-05-22 01:55:00,planned,MEC-02,8129.0
6796,45,2026-06-07 18:43:00,2026-06-07 19:15:00,planned,MEC-02,1194.0
6797,28,2026-02-08 11:52:00,2026-02-08 14:38:00,unplanned,MAT-01,9621.0
6798,7,2026-06-06 01:38:00,2026-06-06 03:03:00,planned,MAT-01,
6799,11,2026-02-02 23:43:00,2026-02-03 01:03:00,planned,MEC-01,
6800,2,2026-01-01 19:03:00,2026-01-01 21:52:00,unplanned,MEC-01,1881.0
6801,41,2026-03-08 07:45:00,2026-03-08 10:02:00,planned,MAT-01,3773.0
6802,31,2026-04-03 09:49:00,2026-04-03 11:33:00,unplanned,ELEC-01,3487.0
6803,3,2026-05-16 12:05:00,2026-05-16 14:40:00,planned,MAT-01,6788.0
6804,27,2026-06-21 08:50:00,2026-06-21 11:32:00,unplanned,CAL-01,7816.0
6805,3,2026-02-06 23:47:00,2026-02-07 01:44:00,unplanned,MEC-01,2262.0
6806,28,2026-04-04 03:51:00,2026-04-04 05:54:00,planned,MEC-01,
6807,38,2026-02-04 07:00:00,2026-02-04 09:07:00,planned,MEC-02,4096.0
6808,13,2026-02-05 22:32:00,2026-02-06 00:59:00,unplanned,CAL-01,
6809,27,2026-06-15 19:06:00,2026-06-15 19:57:00,planned,CAL-01,7073.0
6810,6,2026-01-04 22:15:00,2026-01-04 23:01:00,planned,MEC-01,4543.0
6811,5,2026-06-14 13:45:00,2026-06-14 15:14:00,unplanned,CAL-01,953.0
6812,48,2026-03-15 08:04:00,2026-03-15 09:12:00,planned,MEC-02,6003.0
6813,26,2026-01-14 09:59:00,2026-01-14 11:35:00,unplanned,MAT-01,3377.0
6814,41,2026-06-22 12:39:00,2026-06-22 14:13:00,planned,MAT-01,3011.0
6815,20,2026-05-29 06:04:00,2026-05-29 06:21:00,unplanned,MAT-01,9576.0
6816,7,2026-01-10 14:56:00,2026-01-10 17:12:00,planned,ELEC-01,2424.0
6817,43,2026-04-08 21:18:00,2026-04-09 00:08:00,planned,ELEC-01,9452.0
6818,28,2026-04-03 03:44:00,2026-04-03 06:06:00,planned,MEC-01,8449.0
6819,11,2026-02-18 10:18:00,2026-02-18 12:43:00,unplanned,MEC-02,8365.0
6820,11,2026-06-10 17:38:00,2026-06-10 18:15:00,unplanned,ELEC-01,5274.0
6821,19,2026-03-18 23:11:00,2026-03-19 01:33:00,planned,CAL-01,3225.0
6822,31,2026-03-20 06:19:00,2026-03-20 08:49:00,planned,CAL-01,5201.0
6823,12,2026-04-30 15:31:00,2026-04-30 17:56:00,unplanned,MAT-01,7017.0
6824,18,2026-03-13 21:43:00,2026-03-13 21:59:00,planned,ELEC-01,952.0
6825,38,2026-04-13 14:49:00,2026-04-13 17:21:00,unplanned,MEC-01,
6826,22,2026-06-10 21:34:00,2026-06-11 00:07:00,planned,ELEC-01,2295.0
6827,14,2026-04-04 08:48:00,2026-04-04 11:31:00,planned,MAT-01,4618.0
6828,40,2026-04-10 03:05:00,2026-04-10 03:17:00,planned,ELEC-01,9298.0
6829,35,2026-05-08 21:10:00,2026-05-08 23:42:00,unplanned,ELEC-01,7958.0
6830,26,2026-02-13 06:35:00,2026-02-13 09:34:00,unplanned,CAL-01,798.0
6831,1,2026-05-17 10:29:00,2026-05-17 11:19:00,unplanned,MEC-01,
6832,48,2026-02-07 05:49:00,2026-02-07 06:02:00,unplanned,MEC-02,5545.0
6833,41,2026-01-10 16:30:00,2026-01-10 19:11:00,planned,CAL-01,4706.0
6834,46,2026-04-24 16:21:00,2026-04-24 16:32:00,unplanned,ELEC-01,9158.0
6835,13,2026-05-18 12:24:00,2026-05-18 13:25:00,unplanned,MEC-02,
6836,24,2026-02-25 10:16:00,2026-02-25 11:59:00,unplanned,MAT-01,2464.0
6837,42,2026-02-25 05:00:00,2026-02-25 06:42:00,planned,MEC-01,8502.0
6838,28,2026-05-10 03:38:00,2026-05-10 03:57:00,planned,ELEC-01,6304.0
6839,45,2026-03-07 03:21:00,2026-03-07 05:51:00,unplanned,CAL-01,633.0
6840,18,2026-06-25 02:41:00,2026-06-25 03:36:00,planned,MEC-02,3376.0
6841,47,2026-02-13 09:10:00,2026-02-13 11:50:00,unplanned,CAL-01,
6842,35,2026-04-13 05:43:00,2026-04-13 07:24:00,unplanned,MAT-01,
6843,5,2026-05-02 15:01:00,2026-05-02 17:43:00,unplanned,ELEC-01,6330.0
6844,25,2026-06-27 10:31:00,2026-06-27 12:28:00,unplanned,CAL-01,7061.0
6845,29,2026-05-30 06:33:00,2026-05-30 06:40:00,planned,CAL-01,8002.0
6846,36,2026-01-17 21:44:00,2026-01-17 22:57:00,planned,ELEC-01,7145.0
6847,30,2026-03-29 06:07:00,2026-03-29 06:21:00,unplanned,MAT-01,7096.0
6848,33,2026-01-04 05:40:00,2026-01-04 07:22:00,unplanned,CAL-01,
6849,12,2026-02-17 14:29:00,2026-02-17 16:21:00,planned,ELEC-01,
6850,19,2026-03-22 12:10:00,2026-03-22 13:32:00,planned,CAL-01,6709.0
6851,41,2026-03-24 13:24:00,2026-03-24 14:25:00,planned,MEC-02,4005.0
6852,3,2026-04-28 14:34:00,2026-04-28 16:55:00,planned,CAL-01,3589.0
6853,28,2026-05-04 05:37:00,2026-05-04 06:11:00,unplanned,MAT-01,
6854,27,2026-03-07 12:32:00,2026-03-07 13:51:00,planned,MEC-01,7179.0
6855,42,2026-04-04 08:00:00,2026-04-04 09:28:00,unplanned,MEC-02,
6856,27,2026-06-15 19:30:00,2026-06-15 20:46:00,unplanned,CAL-01,
6857,12,2026-01-26 06:32:00,2026-01-26 08:56:00,planned,MEC-01,6040.0
6858,43,2026-01-10 04:08:00,2026-01-10 06:55:00,unplanned,ELEC-01,
6859,50,2026-06-05 12:43:00,2026-06-05 13:07:00,unplanned,ELEC-01,3418.0
6860,17,2026-01-13 21:59:00,2026-01-13 23:30:00,unplanned,MAT-01,2235.0
6861,12,2026-06-10 10:42:00,2026-06-10 11:56:00,unplanned,CAL-01,8485.0
6862,36,2026-02-05 13:41:00,2026-02-05 15:16:00,unplanned,MEC-02,5860.0
6863,8,2026-03-24 01:28:00,2026-03-24 03:40:00,unplanned,CAL-01,1917.0
6864,9,2026-01-30 00:03:00,2026-01-30 03:01:00,unplanned,CAL-01,
6865,5,2026-04-17 08:27:00,2026-04-17 08:33:00,planned,CAL-01,3235.0
6866,32,2026-03-01 00:11:00,2026-03-01 02:04:00,planned,MAT-01,5742.0
6867,47,2026-05-25 09:46:00,2026-05-25 12:24:00,planned,CAL-01,5710.0
6868,5,2026-05-14 03:47:00,2026-05-14 06:43:00,planned,MEC-02,9950.0
6869,18,2026-04-07 09:18:00,2026-04-07 11:30:00,planned,CAL-01,139.0
6870,19,2026-01-07 23:20:00,2026-01-08 00:25:00,planned,MAT-01,
6871,27,2026-04-17 09:28:00,2026-04-17 09:52:00,unplanned,MEC-01,
6872,30,2026-03-26 04:09:00,2026-03-26 06:50:00,planned,ELEC-01,7021.0
6873,32,2026-05-06 18:55:00,2026-05-06 21:48:00,unplanned,ELEC-01,9259.0
6874,33,2026-02-06 14:39:00,2026-02-06 15:42:00,planned,MEC-01,
6875,43,2026-01-19 07:58:00,2026-01-19 10:13:00,planned,ELEC-01,5617.0
6876,33,2026-04-21 11:47:00,2026-04-21 13:20:00,planned,MEC-02,6255.0
6877,50,2026-03-12 04:47:00,2026-03-12 06:43:00,unplanned,MAT-01,
6878,28,2026-05-01 08:01:00,2026-05-01 08:58:00,planned,MEC-01,8350.0
6879,25,2026-04-15 07:02:00,2026-04-15 08:07:00,unplanned,MEC-01,4065.0
6880,8,2026-05-28 23:43:00,2026-05-29 00:27:00,unplanned,CAL-01,2883.0
6881,28,2026-06-10 23:27:00,2026-06-11 00:07:00,unplanned,MEC-01,968.0
6882,30,2026-01-29 18:52:00,2026-01-29 20:02:00,planned,MAT-01,7087.0
6883,36,2026-06-05 20:08:00,2026-06-05 21:50:00,planned,CAL-01,4777.0
6884,22,2026-03-06 01:32:00,2026-03-06 02:30:00,planned,CAL-01,6087.0
6885,18,2026-04-24 07:12:00,2026-04-24 09:01:00,planned,CAL-01,8283.0
6886,9,2026-04-05 12:55:00,2026-04-05 14:28:00,unplanned,MEC-01,7264.0
6887,10,2026-04-08 09:24:00,2026-04-08 11:16:00,planned,MEC-02,2834.0
6888,36,2026-02-12 21:40:00,2026-02-12 23:47:00,unplanned,ELEC-01,
6889,16,2026-06-29 18:01:00,2026-06-29 19:37:00,planned,CAL-01,
6890,37,2026-06-07 14:56:00,2026-06-07 16:57:00,unplanned,MEC-01,316.0
6891,17,2026-03-06 08:22:00,2026-03-06 08:47:00,planned,MAT-01,5675.0
6892,7,2026-06-13 01:16:00,2026-06-13 01:39:00,unplanned,MEC-01,9415.0
6893,10,2026-01-07 05:13:00,2026-01-07 07:07:00,unplanned,MEC-02,473.0
6894,9,2026-05-15 13:50:00,2026-05-15 16:24:00,unplanned,MEC-01,3475.0
6895,47,2026-03-02 22:10:00,2026-03-02 23:57:00,planned,MAT-01,3984.0
6896,36,2026-06-28 19:47:00,2026-06-28 22:13:00,unplanned,MEC-02,1324.0
6897,26,2026-03-18 17:45:00,2026-03-18 20:09:00,unplanned,CAL-01,6664.0
6898,40,2026-05-28 05:35:00,2026-05-28 07:02:00,planned,MEC-01,5973.0
6899,32,2026-06-10 07:00:00,2026-06-10 07:52:00,unplanned,MEC-02,
6900,19,2026-01-02 07:27:00,2026-01-02 07:59:00,unplanned,MAT-01,1180.0
6901,38,2026-02-17 12:10:00,2026-02-17 13:12:00,unplanned,CAL-01,4890.0
6902,4,2026-05-06 05:08:00,2026-05-06 05:16:00,unplanned,ELEC-01,198.0
6903,45,2026-04-25 15:52:00,2026-04-25 18:19:00,planned,CAL-01,1632.0
6904,38,2026-02-22 05:55:00,2026-02-22 08:28:00,planned,MEC-01,
6905,20,2026-03-24 14:45:00,2026-03-24 15:25:00,unplanned,MEC-02,5311.0
6906,25,2026-05-14 10:42:00,2026-05-14 12:35:00,unplanned,ELEC-01,3769.0
6907,50,2026-03-11 15:37:00,2026-03-11 18:21:00,planned,MEC-02,
6908,26,2026-03-10 15:09:00,2026-03-10 15:24:00,planned,MEC-01,
6909,24,2026-01-02 14:53:00,2026-01-02 16:51:00,planned,ELEC-01,3029.0
6910,36,2026-06-23 08:50:00,2026-06-23 10:08:00,planned,MEC-02,
6911,18,2026-05-24 19:52:00,2026-05-24 22:50:00,planned,CAL-01,6305.0
6912,45,2026-01-13 16:10:00,2026-01-13 17:24:00,unplanned,CAL-01,7627.0
6913,24,2026-02-26 07:49:00,2026-02-26 08:15:00,unplanned,CAL-01,3228.0
6914,47,2026-03-23 15:16:00,2026-03-23 17:22:00,planned,MEC-02,1534.0
6915,48,2026-06-01 20:42:00,2026-06-01 23:18:00,planned,MEC-02,9972.0
6916,2,2026-06-24 18:24:00,2026-06-24 19:58:00,planned,MEC-01,2174.0
6917,16,2026-04-25 12:37:00,2026-04-25 13:25:00,unplanned,CAL-01,1945.0
6918,19,2026-04-30 13:44:00,2026-04-30 14:32:00,unplanned,MEC-01,
6919,31,2026-05-28 06:43:00,2026-05-28 07:31:00,planned,ELEC-01,744.0
6920,6,2026-02-08 14:36:00,2026-02-08 17:11:00,planned,CAL-01,2219.0
6921,17,2026-03-02 23:10:00,2026-03-02 23:48:00,planned,MEC-02,8830.0
6922,27,2026-01-07 14:48:00,2026-01-07 15:15:00,planned,MAT-01,2664.0
6923,31,2026-01-27 09:17:00,2026-01-27 10:51:00,unplanned,MEC-01,
6924,46,2026-06-15 20:43:00,2026-06-15 22:24:00,planned,CAL-01,2465.0
6925,3,2026-02-22 09:22:00,2026-02-22 12:07:00,unplanned,MEC-01,764.0
6926,46,2026-04-16 11:13:00,2026-04-16 11:33:00,planned,ELEC-01,
6927,37,2026-04-26 04:25:00,2026-04-26 06:55:00,planned,MEC-01,8840.0
6928,3,2026-06-28 10:54:00,2026-06-28 13:27:00,unplanned,CAL-01,4017.0
6929,19,2026-03-20 13:32:00,2026-03-20 15:58:00,unplanned,ELEC-01,6121.0
6930,17,2026-01-16 07:43:00,2026-01-16 09:02:00,unplanned,MAT-01,9317.0
6931,29,2026-01-02 22:25:00,2026-01-03 01:03:00,unplanned,CAL-01,310.0
6932,44,2026-04-18 10:42:00,2026-04-18 10:55:00,unplanned,MEC-02,2850.0
6933,1,2026-01-03 23:27:00,2026-01-04 01:16:00,unplanned,CAL-01,6279.0
6934,38,2026-05-09 10:54:00,2026-05-09 13:45:00,planned,CAL-01,
6935,36,2026-04-26 22:53:00,2026-04-27 00:41:00,unplanned,CAL-01,8750.0
6936,31,2026-05-27 01:31:00,2026-05-27 03:51:00,planned,ELEC-01,502.0
6937,23,2026-01-06 08:53:00,2026-01-06 09:52:00,unplanned,MAT-01,5477.0
6938,50,2026-01-12 01:53:00,2026-01-12 03:56:00,unplanned,ELEC-01,
6939,15,2026-06-19 00:56:00,2026-06-19 02:41:00,planned,MAT-01,9342.0
6940,31,2026-05-12 09:22:00,2026-05-12 11:11:00,unplanned,CAL-01,1662.0
6941,33,2026-02-27 11:50:00,2026-02-27 12:54:00,planned,MEC-01,287.0
6942,37,2026-04-11 22:07:00,2026-04-11 22:27:00,planned,MEC-01,4647.0
6943,43,2026-06-13 07:28:00,2026-06-13 08:17:00,planned,ELEC-01,988.0
6944,13,2026-04-19 10:43:00,2026-04-19 11:21:00,planned,MEC-02,1739.0
6945,42,2026-06-22 00:18:00,2026-06-22 01:06:00,planned,ELEC-01,
6946,28,2026-03-11 04:02:00,2026-03-11 06:51:00,planned,MAT-01,1235.0
6947,17,2026-04-04 14:53:00,2026-04-04 17:14:00,planned,CAL-01,2496.0
6948,2,2026-03-14 08:57:00,2026-03-14 11:50:00,unplanned,ELEC-01,3478.0
6949,28,2026-06-18 15:34:00,2026-06-18 18:04:00,unplanned,MEC-02,
6950,23,2026-03-31 07:36:00,2026-03-31 07:58:00,unplanned,CAL-01,5272.0
6951,34,2026-03-29 14:19:00,2026-03-29 16:44:00,planned,CAL-01,6403.0
6952,13,2026-02-01 00:53:00,2026-02-01 03:15:00,planned,ELEC-01,
6953,18,2026-02-01 04:15:00,2026-02-01 05:59:00,planned,MEC-01,6903.0
6954,30,2026-06-03 03:16:00,2026-06-03 03:49:00,planned,CAL-01,4986.0
6955,36,2026-05-24 08:55:00,2026-05-24 11:52:00,unplanned,MEC-01,7151.0
6956,36,2026-06-28 02:41:00,2026-06-28 04:48:00,planned,MEC-02,
6957,20,2026-03-20 03:12:00,2026-03-20 04:01:00,unplanned,MEC-02,
6958,12,2026-06-03 10:51:00,2026-06-03 13:31:00,planned,MEC-01,1908.0
6959,39,2026-01-22 01:01:00,2026-01-22 03:40:00,unplanned,MEC-02,1206.0
6960,27,2026-03-15 19:46:00,2026-03-15 21:23:00,planned,MAT-01,8172.0
6961,27,2026-06-21 01:23:00,2026-06-21 01:37:00,planned,ELEC-01,9311.0
6962,48,2026-06-04 07:58:00,2026-06-04 10:00:00,planned,MEC-02,9728.0
6963,38,2026-05-31 12:44:00,2026-05-31 14:05:00,planned,MEC-01,2217.0
6964,20,2026-05-05 15:22:00,2026-05-05 17:34:00,unplanned,MEC-01,
6965,36,2026-01-24 11:49:00,2026-01-24 12:52:00,planned,MEC-01,7287.0
6966,40,2026-06-23 13:25:00,2026-06-23 13:57:00,planned,MAT-01,5805.0
6967,22,2026-05-05 09:20:00,2026-05-05 11:48:00,unplanned,MEC-01,
6968,14,2026-04-01 09:03:00,2026-04-01 11:32:00,planned,MEC-02,
6969,41,2026-04-11 09:49:00,2026-04-11 11:15:00,planned,MEC-02,4150.0
6970,22,2026-05-27 08:34:00,2026-05-27 09:02:00,planned,MEC-01,5504.0
6971,31,2026-05-28 01:43:00,2026-05-28 02:24:00,planned,MEC-01,
6972,14,2026-02-03 07:14:00,2026-02-03 09:57:00,planned,MEC-01,5247.0
6973,48,2026-05-28 05:20:00,2026-05-28 06:40:00,unplanned,CAL-01,5862.0
6974,33,2026-03-13 04:46:00,2026-03-13 06:45:00,unplanned,MEC-02,311.0
6975,16,2026-02-19 09:34:00,2026-02-19 09:55:00,unplanned,ELEC-01,911.0
6976,46,2026-05-29 09:36:00,2026-05-29 10:59:00,planned,ELEC-01,
6977,30,2026-03-25 22:26:00,2026-03-25 23:42:00,unplanned,MEC-02,
6978,47,2026-02-18 19:54:00,2026-02-18 21:30:00,unplanned,CAL-01,4617.0
6979,45,2026-03-07 22:37:00,2026-03-07 23:50:00,unplanned,MEC-02,
6980,42,2026-02-08 21:14:00,2026-02-09 00:08:00,planned,MEC-01,9592.0
6981,35,2026-04-10 16:04:00,2026-04-10 19:01:00,unplanned,CAL-01,228.0
6982,25,2026-03-30 08:38:00,2026-03-30 09:26:00,unplanned,ELEC-01,9346.0
6983,34,2026-01-01 17:44:00,2026-01-01 18:21:00,unplanned,ELEC-01,9485.0
6984,16,2026-02-22 10:01:00,2026-02-22 11:38:00,unplanned,CAL-01,
6985,33,2026-05-24 14:10:00,2026-05-24 16:47:00,planned,MEC-01,4514.0
6986,20,2026-01-15 20:01:00,2026-01-15 20:58:00,unplanned,ELEC-01,
6987,47,2026-03-08 10:27:00,2026-03-08 13:20:00,planned,MAT-01,
6988,47,2026-04-01 13:56:00,2026-04-01 14:46:00,unplanned,MEC-01,3537.0
6989,8,2026-03-01 19:20:00,2026-03-01 20:50:00,planned,MEC-01,
6990,40,2026-01-02 17:46:00,2026-01-02 19:56:00,unplanned,MEC-02,3447.0
6991,25,2026-01-04 08:02:00,2026-01-04 09:02:00,planned,MEC-01,
6992,22,2026-03-24 20:56:00,2026-03-24 22:35:00,unplanned,MEC-01,
6993,1,2026-06-03 11:00:00,2026-06-03 11:11:00,planned,MEC-02,
6994,5,2026-03-16 06:25:00,2026-03-16 06:33:00,planned,MEC-01,5573.0
6995,5,2026-05-06 11:20:00,2026-05-06 11:30:00,planned,MEC-01,4614.0
6996,14,2026-02-24 07:03:00,2026-02-24 07:32:00,planned,MEC-02,3978.0
6997,18,2026-04-01 18:38:00,2026-04-01 20:56:00,planned,MEC-01,1400.0
6998,39,2026-05-13 13:36:00,2026-05-13 15:31:00,planned,CAL-01,
6999,36,2026-05-18 16:49:00,2026-05-18 18:57:00,planned,MAT-01,1231.0
7000,17,2026-03-08 19:10:00,2026-03-08 20:42:00,planned,CAL-01,2527.0
7001,25,2026-01-18 14:43:00,2026-01-18 17:36:00,planned,CAL-01,4925.0
7002,40,2026-01-08 13:38:00,2026-01-08 14:13:00,planned,MAT-01,6114.0
7003,28,2026-05-11 19:12:00,2026-05-11 20:35:00,unplanned,MEC-02,7804.0
7004,45,2026-04-06 15:37:00,2026-04-06 17:37:00,unplanned,MEC-02,3209.0
7005,10,2026-06-24 23:02:00,2026-06-25 00:18:00,unplanned,ELEC-01,
7006,12,2026-05-20 13:58:00,2026-05-20 14:55:00,planned,MEC-01,9898.0
7007,32,2026-05-17 23:56:00,2026-05-18 00:43:00,unplanned,MEC-01,9304.0
7008,12,2026-01-08 14:46:00,2026-01-08 14:57:00,unplanned,MEC-02,
7009,42,2026-06-27 18:55:00,2026-06-27 21:55:00,planned,MEC-02,9601.0
7010,24,2026-03-18 12:21:00,2026-03-18 13:24:00,unplanned,MEC-01,
7011,21,2026-03-31 21:10:00,2026-03-31 23:30:00,unplanned,MEC-02,
7012,35,2026-02-19 22:25:00,2026-02-20 00:46:00,planned,MAT-01,
7013,39,2026-05-07 03:20:00,2026-05-07 05:49:00,planned,CAL-01,
7014,17,2026-02-15 05:30:00,2026-02-15 06:18:00,unplanned,CAL-01,3134.0
7015,40,2026-02-05 03:21:00,2026-02-05 04:30:00,planned,MAT-01,2083.0
7016,7,2026-03-27 21:08:00,2026-03-27 22:37:00,unplanned,ELEC-01,5573.0
7017,11,2026-04-07 15:19:00,2026-04-07 17:05:00,planned,MAT-01,2085.0
7018,19,2026-03-24 06:17:00,2026-03-24 08:23:00,planned,CAL-01,
7019,21,2026-01-26 13:56:00,2026-01-26 14:45:00,planned,MEC-02,9322.0
7020,32,2026-01-07 14:57:00,2026-01-07 16:45:00,planned,ELEC-01,2985.0
7021,43,2026-06-29 03:40:00,2026-06-29 04:22:00,unplanned,ELEC-01,6120.0
7022,26,2026-05-05 08:59:00,2026-05-05 09:07:00,planned,CAL-01,3541.0
7023,44,2026-05-07 15:07:00,2026-05-07 16:09:00,planned,MEC-01,9975.0
7024,6,2026-05-09 09:40:00,2026-05-09 10:00:00,unplanned,MEC-02,6993.0
7025,33,2026-05-08 11:42:00,2026-05-08 11:48:00,planned,MEC-02,
7026,37,2026-05-14 05:05:00,2026-05-14 07:13:00,unplanned,MEC-02,2241.0
7027,41,2026-06-17 17:59:00,2026-06-17 20:02:00,planned,MAT-01,4818.0
7028,35,2026-03-22 11:08:00,2026-03-22 12:01:00,planned,CAL-01,5334.0
7029,11,2026-05-05 12:40:00,2026-05-05 13:55:00,planned,MEC-02,8384.0
7030,39,2026-01-09 03:14:00,2026-01-09 04:12:00,planned,MAT-01,9046.0
7031,49,2026-05-16 08:39:00,2026-05-16 09:20:00,unplanned,MAT-01,2420.0
7032,34,2026-06-27 21:51:00,2026-06-28 00:00:00,planned,CAL-01,8338.0
7033,50,2026-05-07 02:26:00,2026-05-07 03:08:00,planned,ELEC-01,9172.0
7034,31,2026-02-18 22:08:00,2026-02-19 00:19:00,unplanned,MEC-01,1809.0
7035,30,2026-02-07 18:55:00,2026-02-07 21:25:00,planned,CAL-01,4359.0
7036,19,2026-04-28 09:30:00,2026-04-28 11:11:00,unplanned,MEC-01,7635.0
7037,32,2026-04-07 18:56:00,2026-04-07 21:29:00,planned,ELEC-01,
7038,36,2026-02-17 17:49:00,2026-02-17 19:16:00,planned,MAT-01,
7039,4,2026-02-17 06:02:00,2026-02-17 07:27:00,planned,MAT-01,
7040,28,2026-02-03 15:28:00,2026-02-03 16:58:00,unplanned,MEC-02,1069.0
7041,49,2026-02-21 16:13:00,2026-02-21 17:38:00,unplanned,MEC-01,
7042,43,2026-01-31 02:46:00,2026-01-31 05:37:00,unplanned,MEC-02,7576.0
7043,7,2026-03-12 10:15:00,2026-03-12 12:31:00,planned,MEC-02,
7044,30,2026-05-03 04:20:00,2026-05-03 06:49:00,unplanned,MAT-01,
7045,41,2026-01-16 03:39:00,2026-01-16 04:04:00,planned,MAT-01,4896.0
7046,14,2026-02-01 22:59:00,2026-02-02 01:07:00,unplanned,CAL-01,
7047,22,2026-05-08 03:53:00,2026-05-08 06:46:00,planned,MEC-01,4211.0
7048,16,2026-01-22 06:10:00,2026-01-22 07:15:00,planned,ELEC-01,1417.0
7049,42,2026-03-15 08:41:00,2026-03-15 10:05:00,unplanned,CAL-01,
7050,15,2026-03-10 01:28:00,2026-03-10 01:40:00,unplanned,MAT-01,3225.0
7051,36,2026-06-20 03:22:00,2026-06-20 04:44:00,unplanned,MEC-02,2952.0
7052,18,2026-06-17 15:38:00,2026-06-17 16:04:00,planned,MAT-01,
7053,29,2026-02-09 13:41:00,2026-02-09 15:06:00,planned,ELEC-01,1895.0
7054,24,2026-05-18 20:07:00,2026-05-18 22:33:00,unplanned,MAT-01,9424.0
7055,30,2026-03-26 23:46:00,2026-03-27 01:14:00,unplanned,CAL-01,
7056,47,2026-02-06 09:16:00,2026-02-06 12:03:00,planned,ELEC-01,
7057,40,2026-04-22 00:49:00,2026-04-22 02:36:00,unplanned,ELEC-01,
7058,17,2026-02-07 03:14:00,2026-02-07 05:07:00,planned,CAL-01,7286.0
7059,47,2026-02-05 21:48:00,2026-02-05 22:37:00,planned,MAT-01,
7060,28,2026-06-12 14:10:00,2026-06-12 15:46:00,unplanned,MEC-02,5316.0
7061,28,2026-06-20 06:53:00,2026-06-20 08:05:00,unplanned,MEC-02,8737.0
7062,8,2026-01-07 13:20:00,2026-01-07 14:20:00,unplanned,ELEC-01,
7063,11,2026-05-11 03:10:00,2026-05-11 03:22:00,unplanned,ELEC-01,9351.0
7064,7,2026-04-28 06:02:00,2026-04-28 06:50:00,unplanned,MEC-01,4135.0
7065,1,2026-02-11 16:03:00,2026-02-11 18:23:00,planned,MEC-01,3137.0
7066,41,2026-05-02 07:24:00,2026-05-02 08:41:00,planned,MAT-01,
7067,28,2026-01-10 11:23:00,2026-01-10 13:46:00,planned,CAL-01,
7068,5,2026-01-25 10:58:00,2026-01-25 12:36:00,planned,ELEC-01,4121.0
7069,22,2026-03-18 01:45:00,2026-03-18 04:45:00,unplanned,MEC-01,7718.0
7070,5,2026-05-21 08:53:00,2026-05-21 09:06:00,planned,ELEC-01,
7071,45,2026-01-24 19:03:00,2026-01-24 20:58:00,unplanned,MEC-01,679.0
7072,28,2026-04-11 07:13:00,2026-04-11 08:03:00,unplanned,MEC-02,6973.0
7073,30,2026-01-03 22:06:00,2026-01-04 01:04:00,unplanned,CAL-01,
7074,35,2026-04-23 22:31:00,2026-04-24 01:14:00,planned,MAT-01,4794.0
7075,5,2026-06-11 08:46:00,2026-06-11 09:27:00,planned,MAT-01,
7076,2,2026-05-30 09:05:00,2026-05-30 11:07:00,unplanned,CAL-01,
7077,13,2026-04-02 19:25:00,2026-04-02 19:36:00,unplanned,ELEC-01,
7078,16,2026-05-31 20:34:00,2026-05-31 21:14:00,planned,ELEC-01,5970.0
7079,11,2026-04-10 23:56:00,2026-04-11 00:33:00,planned,MEC-01,1959.0
7080,36,2026-03-08 08:22:00,2026-03-08 10:52:00,unplanned,ELEC-01,6340.0
7081,45,2026-06-20 08:45:00,2026-06-20 10:04:00,planned,CAL-01,7766.0
7082,37,2026-06-07 13:10:00,2026-06-07 15:55:00,unplanned,ELEC-01,
7083,31,2026-02-13 09:26:00,2026-02-13 11:49:00,planned,MEC-02,
7084,42,2026-01-12 15:40:00,2026-01-12 17:52:00,unplanned,MAT-01,6178.0
7085,5,2026-03-17 17:09:00,2026-03-17 18:37:00,unplanned,MEC-02,
7086,43,2026-01-17 23:44:00,2026-01-18 01:06:00,planned,ELEC-01,3855.0
7087,44,2026-01-26 16:14:00,2026-01-26 16:39:00,planned,MEC-02,9662.0
7088,37,2026-03-16 06:52:00,2026-03-16 09:08:00,planned,CAL-01,354.0
7089,2,2026-05-19 20:25:00,2026-05-19 20:39:00,planned,MAT-01,3785.0
7090,33,2026-04-22 13:26:00,2026-04-22 14:58:00,planned,ELEC-01,
7091,24,2026-03-10 13:44:00,2026-03-10 15:17:00,planned,MEC-02,2601.0
7092,11,2026-01-30 21:12:00,2026-01-30 21:55:00,planned,ELEC-01,
7093,1,2026-02-14 15:22:00,2026-02-14 17:10:00,unplanned,ELEC-01,
7094,20,2026-06-18 05:51:00,2026-06-18 07:21:00,unplanned,MAT-01,
7095,28,2026-04-20 17:40:00,2026-04-20 20:07:00,unplanned,MEC-01,2371.0
7096,50,2026-01-19 20:44:00,2026-01-19 23:18:00,unplanned,ELEC-01,1893.0
7097,48,2026-03-16 04:37:00,2026-03-16 06:10:00,unplanned,ELEC-01,9851.0
7098,17,2026-02-06 23:15:00,2026-02-07 00:12:00,unplanned,ELEC-01,
7099,46,2026-02-07 21:35:00,2026-02-08 00:12:00,unplanned,MEC-02,5804.0
7100,5,2026-05-16 05:36:00,2026-05-16 06:49:00,planned,CAL-01,
7101,2,2026-04-23 06:23:00,2026-04-23 07:13:00,unplanned,CAL-01,8470.0
7102,14,2026-02-02 18:07:00,2026-02-02 20:30:00,unplanned,MEC-02,3316.0
7103,20,2026-01-04 12:38:00,2026-01-04 15:37:00,planned,CAL-01,655.0
7104,37,2026-02-05 06:37:00,2026-02-05 07:40:00,unplanned,ELEC-01,
7105,17,2026-01-26 01:36:00,2026-01-26 02:07:00,planned,MEC-01,4665.0
7106,40,2026-01-28 06:24:00,2026-01-28 09:01:00,unplanned,ELEC-01,6004.0
7107,26,2026-05-21 13:22:00,2026-05-21 14:22:00,unplanned,MEC-01,3092.0
7108,17,2026-06-07 19:14:00,2026-06-07 20:46:00,unplanned,MEC-02,
7109,5,2026-02-13 17:12:00,2026-02-13 17:46:00,unplanned,MAT-01,5830.0
7110,42,2026-05-30 18:38:00,2026-05-30 19:11:00,unplanned,MEC-01,812.0
7111,31,2026-04-22 05:53:00,2026-04-22 07:07:00,planned,CAL-01,4717.0
7112,34,2026-06-11 04:02:00,2026-06-11 07:00:00,planned,MEC-02,3832.0
7113,32,2026-03-03 13:30:00,2026-03-03 13:46:00,planned,CAL-01,
7114,45,2026-03-09 11:02:00,2026-03-09 11:37:00,unplanned,MAT-01,
7115,4,2026-02-17 05:05:00,2026-02-17 05:46:00,planned,CAL-01,3121.0
7116,1,2026-02-27 15:04:00,2026-02-27 17:02:00,unplanned,MAT-01,4874.0
7117,40,2026-05-13 07:22:00,2026-05-13 08:04:00,unplanned,CAL-01,
7118,19,2026-03-03 10:21:00,2026-03-03 12:18:00,unplanned,MEC-02,
7119,1,2026-03-16 23:07:00,2026-03-16 23:42:00,unplanned,MEC-01,4517.0
7120,4,2026-01-27 15:39:00,2026-01-27 16:31:00,planned,MEC-02,2910.0
7121,24,2026-02-11 23:31:00,2026-02-12 00:30:00,unplanned,MEC-02,
7122,15,2026-06-16 06:05:00,2026-06-16 09:02:00,planned,ELEC-01,
7123,31,2026-05-19 01:38:00,2026-05-19 01:43:00,planned,CAL-01,7744.0
7124,5,2026-02-15 14:05:00,2026-02-15 14:12:00,planned,MEC-02,5755.0
7125,28,2026-04-21 05:56:00,2026-04-21 08:20:00,planned,CAL-01,
7126,10,2026-06-20 19:13:00,2026-06-20 21:37:00,unplanned,MEC-02,
7127,46,2026-06-17 18:42:00,2026-06-17 19:04:00,unplanned,MAT-01,697.0
7128,6,2026-03-21 18:22:00,2026-03-21 20:36:00,unplanned,CAL-01,
7129,13,2026-02-04 11:59:00,2026-02-04 14:14:00,planned,MEC-02,8404.0
7130,21,2026-01-23 23:15:00,2026-01-24 02:05:00,planned,MEC-02,6817.0
7131,17,2026-05-13 00:59:00,2026-05-13 03:02:00,unplanned,ELEC-01,9178.0
7132,3,2026-05-05 00:31:00,2026-05-05 00:38:00,planned,ELEC-01,
7133,16,2026-05-22 18:18:00,2026-05-22 19:14:00,planned,MEC-02,
7134,20,2026-02-13 08:43:00,2026-02-13 11:41:00,unplanned,MEC-02,
7135,34,2026-04-26 03:33:00,2026-04-26 03:58:00,unplanned,MEC-01,6428.0
7136,15,2026-03-19 22:20:00,2026-03-19 23:14:00,unplanned,CAL-01,
7137,4,2026-01-25 10:52:00,2026-01-25 11:53:00,planned,MEC-02,9025.0
7138,22,2026-06-24 05:16:00,2026-06-24 06:10:00,planned,MEC-02,
7139,16,2026-06-12 23:19:00,2026-06-13 00:44:00,unplanned,MEC-01,
7140,36,2026-05-10 00:39:00,2026-05-10 03:38:00,unplanned,ELEC-01,7691.0
7141,10,2026-01-16 22:07:00,2026-01-17 01:03:00,planned,MEC-02,
7142,12,2026-06-22 11:13:00,2026-06-22 12:07:00,planned,MEC-01,
7143,13,2026-02-14 06:10:00,2026-02-14 07:04:00,unplanned,MEC-02,
7144,25,2026-02-03 02:41:00,2026-02-03 05:19:00,unplanned,CAL-01,
7145,37,2026-05-15 23:59:00,2026-05-16 00:42:00,unplanned,ELEC-01,9126.0
7146,27,2026-01-12 19:04:00,2026-01-12 21:49:00,planned,ELEC-01,1259.0
7147,8,2026-03-09 04:06:00,2026-03-09 04:59:00,planned,MEC-01,6248.0
7148,32,2026-06-02 10:18:00,2026-06-02 12:58:00,unplanned,ELEC-01,7530.0
7149,16,2026-06-12 12:11:00,2026-06-12 14:28:00,planned,CAL-01,
7150,25,2026-02-12 13:48:00,2026-02-12 14:24:00,planned,MEC-01,
7151,17,2026-04-04 19:45:00,2026-04-04 21:05:00,planned,MEC-02,
7152,3,2026-06-24 11:04:00,2026-06-24 13:55:00,planned,MEC-01,6239.0
7153,48,2026-03-17 17:49:00,2026-03-17 19:01:00,planned,MEC-01,997.0
7154,15,2026-05-05 08:10:00,2026-05-05 09:26:00,unplanned,ELEC-01,
7155,49,2026-03-06 19:54:00,2026-03-06 20:57:00,planned,ELEC-01,2557.0
7156,19,2026-06-24 04:47:00,2026-06-24 05:03:00,unplanned,MEC-01,3962.0
7157,7,2026-04-08 18:27:00,2026-04-08 19:15:00,unplanned,CAL-01,3529.0
7158,3,2026-02-01 12:56:00,2026-02-01 14:03:00,unplanned,ELEC-01,
7159,36,2026-01-04 16:29:00,2026-01-04 18:27:00,planned,CAL-01,1014.0
7160,16,2026-04-12 19:19:00,2026-04-12 19:52:00,unplanned,MEC-01,
7161,12,2026-01-14 19:38:00,2026-01-14 20:22:00,unplanned,ELEC-01,3097.0
7162,24,2026-03-25 15:17:00,2026-03-25 16:36:00,unplanned,MAT-01,4126.0
7163,21,2026-04-09 20:49:00,2026-04-09 21:44:00,planned,MAT-01,380.0
7164,27,2026-02-15 09:40:00,2026-02-15 10:30:00,unplanned,MEC-02,640.0
7165,38,2026-03-27 10:50:00,2026-03-27 13:18:00,unplanned,MEC-02,6480.0
7166,40,2026-04-12 05:35:00,2026-04-12 08:25:00,planned,MAT-01,
7167,50,2026-01-21 16:33:00,2026-01-21 19:29:00,planned,MEC-02,1452.0
7168,31,2026-06-25 05:17:00,2026-06-25 06:14:00,unplanned,CAL-01,6245.0
7169,38,2026-03-11 01:33:00,2026-03-11 04:15:00,unplanned,ELEC-01,922.0
7170,35,2026-05-13 11:47:00,2026-05-13 14:23:00,planned,MEC-01,
7171,37,2026-06-12 23:34:00,2026-06-13 00:32:00,unplanned,CAL-01,
7172,2,2026-02-04 17:04:00,2026-02-04 19:39:00,unplanned,MAT-01,
7173,20,2026-01-13 20:24:00,2026-01-13 22:52:00,planned,CAL-01,7191.0
7174,45,2026-06-24 21:00:00,2026-06-24 21:37:00,unplanned,MEC-02,3725.0
7175,40,2026-04-17 20:26:00,2026-04-17 21:16:00,planned,MEC-02,911.0
7176,9,2026-05-18 21:21:00,2026-05-19 00:19:00,unplanned,MEC-02,
7177,1,2026-04-30 07:51:00,2026-04-30 08:30:00,planned,MEC-01,7905.0
7178,4,2026-01-26 22:07:00,2026-01-27 00:04:00,planned,MEC-01,779.0
7179,16,2026-01-17 08:17:00,2026-01-17 09:01:00,planned,ELEC-01,6845.0
7180,49,2026-01-27 10:42:00,2026-01-27 11:13:00,unplanned,MAT-01,
7181,32,2026-02-01 19:09:00,2026-02-01 19:51:00,planned,MEC-02,8259.0
7182,28,2026-03-12 21:26:00,2026-03-12 22:46:00,planned,ELEC-01,6501.0
7183,9,2026-05-22 05:42:00,2026-05-22 08:09:00,unplanned,CAL-01,8248.0
7184,28,2026-04-04 13:45:00,2026-04-04 16:32:00,unplanned,MAT-01,9818.0
7185,50,2026-06-23 08:54:00,2026-06-23 09:28:00,unplanned,CAL-01,
7186,23,2026-02-15 07:04:00,2026-02-15 10:03:00,unplanned,MAT-01,
7187,45,2026-04-30 09:37:00,2026-04-30 10:41:00,planned,MEC-02,7477.0
7188,49,2026-04-11 08:31:00,2026-04-11 08:46:00,unplanned,ELEC-01,691.0
7189,15,2026-05-08 02:51:00,2026-05-08 04:18:00,unplanned,MEC-01,5354.0
7190,9,2026-03-08 00:41:00,2026-03-08 03:01:00,unplanned,MEC-02,
7191,38,2026-01-04 04:55:00,2026-01-04 07:46:00,planned,MEC-02,8313.0
7192,1,2026-05-01 11:00:00,2026-05-01 11:45:00,planned,MEC-02,
7193,6,2026-04-21 15:11:00,2026-04-21 18:04:00,unplanned,MEC-02,7969.0
7194,6,2026-01-23 11:59:00,2026-01-23 13:56:00,planned,MEC-01,6862.0
7195,44,2026-01-09 00:51:00,2026-01-09 03:19:00,unplanned,CAL-01,
7196,30,2026-06-07 11:06:00,2026-06-07 13:06:00,unplanned,MEC-01,1569.0
7197,11,2026-01-19 15:41:00,2026-01-19 17:40:00,unplanned,CAL-01,1670.0
7198,42,2026-05-19 07:33:00,2026-05-19 08:52:00,planned,MEC-02,4386.0
7199,50,2026-03-23 14:05:00,2026-03-23 16:47:00,planned,MEC-02,6536.0
7200,42,2026-04-13 13:11:00,2026-04-13 14:14:00,unplanned,ELEC-01,1489.0
7201,9,2026-03-26 15:44:00,2026-03-26 16:37:00,planned,MEC-01,
7202,37,2026-01-15 09:27:00,2026-01-15 11:31:00,unplanned,CAL-01,8772.0
7203,46,2026-01-08 14:57:00,2026-01-08 16:39:00,unplanned,MEC-02,8810.0
7204,47,2026-04-29 03:04:00,2026-04-29 04:21:00,planned,CAL-01,1202.0
7205,46,2026-05-12 19:41:00,2026-05-12 20:59:00,unplanned,ELEC-01,1782.0
7206,44,2026-05-31 16:23:00,2026-05-31 18:33:00,planned,MEC-02,7727.0
7207,45,2026-01-25 00:22:00,2026-01-25 01:34:00,unplanned,MEC-01,7044.0
7208,29,2026-05-18 06:48:00,2026-05-18 08:37:00,planned,MAT-01,
7209,1,2026-02-27 21:43:00,2026-02-28 00:16:00,unplanned,ELEC-01,9595.0
7210,30,2026-04-21 06:40:00,2026-04-21 07:38:00,unplanned,MAT-01,
7211,50,2026-01-05 17:19:00,2026-01-05 17:49:00,unplanned,MEC-02,4160.0
7212,36,2026-04-12 00:57:00,2026-04-12 01:27:00,planned,ELEC-01,3598.0
7213,40,2026-06-21 20:36:00,2026-06-21 23:05:00,unplanned,ELEC-01,2532.0
7214,34,2026-03-30 20:25:00,2026-03-30 23:22:00,unplanned,MAT-01,4907.0
7215,32,2026-04-11 22:25:00,2026-04-12 01:19:00,unplanned,ELEC-01,9285.0
7216,32,2026-05-22 22:06:00,2026-05-22 23:39:00,unplanned,MAT-01,5598.0
7217,44,2026-02-08 04:07:00,2026-02-08 05:49:00,planned,MEC-02,
7218,45,2026-06-19 20:23:00,2026-06-19 22:03:00,planned,CAL-01,6346.0
7219,47,2026-04-01 09:23:00,2026-04-01 09:28:00,planned,MAT-01,4240.0
7220,6,2026-02-23 17:50:00,2026-02-23 18:40:00,planned,CAL-01,2216.0
7221,22,2026-02-14 03:24:00,2026-02-14 04:26:00,planned,ELEC-01,9882.0
7222,15,2026-02-27 11:34:00,2026-02-27 13:01:00,planned,MEC-02,
7223,49,2026-04-17 04:06:00,2026-04-17 06:04:00,unplanned,ELEC-01,
7224,26,2026-02-22 12:09:00,2026-02-22 14:58:00,unplanned,ELEC-01,2008.0
7225,28,2026-01-22 12:09:00,2026-01-22 14:16:00,unplanned,ELEC-01,8464.0
7226,2,2026-04-23 00:51:00,2026-04-23 01:28:00,planned,CAL-01,9249.0
7227,5,2026-03-14 05:14:00,2026-03-14 08:11:00,unplanned,MAT-01,8582.0
7228,11,2026-05-02 09:26:00,2026-05-02 11:00:00,planned,MEC-01,1925.0
7229,1,2026-02-11 14:23:00,2026-02-11 16:11:00,planned,MEC-01,
7230,22,2026-04-17 11:12:00,2026-04-17 12:33:00,unplanned,MEC-02,9351.0
7231,49,2026-06-23 01:20:00,2026-06-23 02:27:00,planned,MEC-01,8735.0
7232,31,2026-02-16 02:40:00,2026-02-16 03:30:00,unplanned,MAT-01,3322.0
7233,13,2026-06-07 02:25:00,2026-06-07 04:59:00,unplanned,MAT-01,1517.0
7234,40,2026-01-13 12:07:00,2026-01-13 12:37:00,planned,MEC-02,9610.0
7235,40,2026-06-13 08:33:00,2026-06-13 10:21:00,planned,CAL-01,8382.0
7236,18,2026-05-31 19:46:00,2026-05-31 20:09:00,planned,ELEC-01,5202.0
7237,39,2026-06-04 23:26:00,2026-06-05 01:38:00,unplanned,MEC-02,
7238,21,2026-02-13 02:04:00,2026-02-13 03:14:00,unplanned,MEC-01,4146.0
7239,10,2026-03-14 19:31:00,2026-03-14 22:00:00,planned,MEC-01,2405.0
7240,48,2026-06-11 03:28:00,2026-06-11 04:29:00,planned,CAL-01,
7241,14,2026-03-08 21:56:00,2026-03-08 22:56:00,unplanned,ELEC-01,2855.0
7242,1,2026-01-18 10:46:00,2026-01-18 11:17:00,unplanned,CAL-01,4015.0
7243,10,2026-06-18 08:22:00,2026-06-18 08:52:00,planned,CAL-01,2368.0
7244,24,2026-06-28 22:04:00,2026-06-29 00:36:00,unplanned,ELEC-01,7357.0
7245,23,2026-06-06 21:31:00,2026-06-06 22:29:00,unplanned,MEC-02,
7246,6,2026-03-25 00:08:00,2026-03-25 00:53:00,unplanned,MAT-01,8652.0
7247,49,2026-06-02 20:47:00,2026-06-02 20:52:00,unplanned,MEC-02,
7248,24,2026-04-05 05:16:00,2026-04-05 05:29:00,planned,ELEC-01,4621.0
7249,28,2026-04-10 14:00:00,2026-04-10 15:19:00,planned,MEC-02,4859.0
7250,3,2026-03-14 20:35:00,2026-03-14 23:26:00,unplanned,MAT-01,
7251,18,2026-01-10 12:13:00,2026-01-10 12:45:00,unplanned,ELEC-01,7397.0
7252,15,2026-05-11 12:27:00,2026-05-11 13:31:00,planned,ELEC-01,9108.0
7253,44,2026-06-27 07:25:00,2026-06-27 08:49:00,unplanned,MEC-01,7772.0
7254,38,2026-06-01 10:03:00,2026-06-01 11:39:00,unplanned,ELEC-01,
7255,26,2026-05-29 12:29:00,2026-05-29 15:00:00,planned,MEC-02,1826.0
7256,14,2026-01-30 05:46:00,2026-01-30 08:38:00,planned,ELEC-01,6701.0
7257,46,2026-06-07 08:36:00,2026-06-07 09:01:00,unplanned,MEC-02,
7258,35,2026-06-15 23:30:00,2026-06-16 02:26:00,planned,MEC-02,5764.0
7259,17,2026-06-01 04:03:00,2026-06-01 04:21:00,unplanned,ELEC-01,1449.0
7260,27,2026-06-09 11:57:00,2026-06-09 14:17:00,unplanned,MEC-01,3481.0
7261,36,2026-05-03 12:08:00,2026-05-03 13:34:00,planned,MEC-01,
7262,15,2026-01-19 10:15:00,2026-01-19 11:00:00,unplanned,CAL-01,8228.0
7263,36,2026-01-12 22:24:00,2026-01-13 00:04:00,planned,MAT-01,6337.0
7264,15,2026-05-05 18:06:00,2026-05-05 20:13:00,planned,MAT-01,3045.0
7265,44,2026-03-05 20:48:00,2026-03-05 22:23:00,planned,CAL-01,2270.0
7266,22,2026-03-14 22:16:00,2026-03-15 00:03:00,planned,MEC-02,1570.0
7267,21,2026-03-15 16:10:00,2026-03-15 17:09:00,planned,CAL-01,362.0
7268,6,2026-02-10 16:14:00,2026-02-10 17:34:00,unplanned,MEC-02,8080.0
7269,46,2026-06-03 15:44:00,2026-06-03 18:14:00,planned,MEC-01,
7270,9,2026-06-16 09:13:00,2026-06-16 11:48:00,planned,CAL-01,3020.0
7271,38,2026-01-07 16:37:00,2026-01-07 17:28:00,unplanned,MEC-02,4535.0
7272,19,2026-01-20 21:18:00,2026-01-20 21:45:00,planned,ELEC-01,7167.0
7273,13,2026-01-02 11:46:00,2026-01-02 12:30:00,planned,CAL-01,6116.0
7274,31,2026-05-22 16:13:00,2026-05-22 18:27:00,planned,MEC-02,8804.0
7275,6,2026-01-21 23:29:00,2026-01-22 02:26:00,unplanned,MEC-02,4570.0
7276,40,2026-01-06 01:51:00,2026-01-06 03:28:00,planned,CAL-01,5242.0
7277,26,2026-02-08 19:15:00,2026-02-08 21:04:00,unplanned,MEC-01,3282.0
7278,19,2026-02-11 11:33:00,2026-02-11 11:50:00,unplanned,MEC-02,
7279,8,2026-02-24 11:30:00,2026-02-24 14:13:00,planned,MAT-01,
7280,33,2026-03-24 00:26:00,2026-03-24 01:27:00,planned,CAL-01,4050.0
7281,37,2026-02-02 20:23:00,2026-02-02 22:06:00,unplanned,ELEC-01,983.0
7282,8,2026-01-30 07:20:00,2026-01-30 08:13:00,planned,MEC-02,3166.0
7283,26,2026-03-31 18:39:00,2026-03-31 21:33:00,unplanned,MAT-01,5915.0
7284,20,2026-02-08 16:15:00,2026-02-08 17:24:00,planned,MEC-02,1280.0
7285,47,2026-04-09 09:15:00,2026-04-09 11:31:00,planned,ELEC-01,1970.0
7286,18,2026-03-19 01:54:00,2026-03-19 03:08:00,planned,MEC-02,1579.0
7287,44,2026-04-08 21:39:00,2026-04-08 23:53:00,unplanned,MAT-01,1980.0
7288,3,2026-04-18 23:45:00,2026-04-19 02:16:00,unplanned,MEC-02,
7289,25,2026-06-16 20:52:00,2026-06-16 22:22:00,unplanned,MAT-01,7527.0
7290,41,2026-06-21 03:26:00,2026-06-21 04:40:00,unplanned,MEC-02,6929.0
7291,50,2026-06-12 18:58:00,2026-06-12 20:39:00,unplanned,CAL-01,7134.0
7292,34,2026-03-17 21:10:00,2026-03-17 23:52:00,unplanned,MEC-01,3960.0
7293,28,2026-04-03 18:59:00,2026-04-03 21:11:00,unplanned,ELEC-01,6938.0
7294,5,2026-04-03 18:06:00,2026-04-03 20:26:00,planned,MEC-02,1898.0
7295,14,2026-03-31 04:14:00,2026-03-31 06:36:00,unplanned,MAT-01,
7296,4,2026-03-14 01:15:00,2026-03-14 03:01:00,planned,CAL-01,5753.0
7297,31,2026-05-20 11:52:00,2026-05-20 14:29:00,planned,MAT-01,1556.0
7298,32,2026-01-12 09:15:00,2026-01-12 10:45:00,unplanned,MAT-01,7278.0
7299,8,2026-02-25 14:39:00,2026-02-25 15:46:00,unplanned,ELEC-01,6220.0
7300,35,2026-01-08 16:44:00,2026-01-08 18:58:00,planned,MEC-02,
7301,42,2026-04-03 09:02:00,2026-04-03 11:20:00,unplanned,MAT-01,4219.0
7302,23,2026-01-16 22:35:00,2026-01-17 00:37:00,planned,MAT-01,9409.0
7303,1,2026-03-13 18:38:00,2026-03-13 21:13:00,unplanned,MEC-01,4802.0
7304,28,2026-04-18 14:49:00,2026-04-18 15:51:00,planned,MEC-02,7526.0
7305,33,2026-01-25 01:42:00,2026-01-25 04:39:00,planned,CAL-01,7978.0
7306,11,2026-02-21 17:10:00,2026-02-21 17:44:00,unplanned,MAT-01,4366.0
7307,48,2026-06-05 23:57:00,2026-06-06 00:46:00,planned,ELEC-01,
7308,23,2026-01-05 04:12:00,2026-01-05 05:01:00,unplanned,ELEC-01,1657.0
7309,13,2026-05-10 17:07:00,2026-05-10 19:18:00,planned,MAT-01,1016.0
7310,20,2026-01-12 06:39:00,2026-01-12 07:31:00,planned,MEC-01,4458.0
7311,22,2026-02-24 03:03:00,2026-02-24 04:09:00,planned,MAT-01,4009.0
7312,41,2026-06-06 17:44:00,2026-06-06 18:07:00,unplanned,CAL-01,2178.0
7313,35,2026-05-19 00:50:00,2026-05-19 03:47:00,planned,ELEC-01,
7314,24,2026-03-07 12:04:00,2026-03-07 12:40:00,unplanned,ELEC-01,8525.0
7315,14,2026-03-04 23:50:00,2026-03-05 01:48:00,planned,MAT-01,8541.0
7316,4,2026-02-10 14:13:00,2026-02-10 15:23:00,planned,MEC-01,8573.0
7317,34,2026-03-01 12:54:00,2026-03-01 13:17:00,planned,CAL-01,731.0
7318,25,2026-01-31 08:10:00,2026-01-31 10:06:00,unplanned,MEC-01,
7319,11,2026-05-20 23:59:00,2026-05-21 01:03:00,unplanned,CAL-01,3550.0
7320,36,2026-03-10 18:58:00,2026-03-10 19:49:00,planned,ELEC-01,1786.0
7321,22,2026-01-10 22:04:00,2026-01-10 22:23:00,planned,ELEC-01,
7322,31,2026-03-17 22:02:00,2026-03-18 00:44:00,planned,ELEC-01,
7323,41,2026-03-22 12:22:00,2026-03-22 12:50:00,unplanned,MAT-01,2180.0
7324,17,2026-01-05 06:55:00,2026-01-05 09:40:00,unplanned,ELEC-01,9816.0
7325,28,2026-01-01 01:28:00,2026-01-01 03:43:00,planned,MAT-01,
7326,27,2026-06-23 22:09:00,2026-06-23 23:26:00,planned,MEC-01,532.0
7327,30,2026-06-04 22:24:00,2026-06-04 23:09:00,planned,ELEC-01,4653.0
7328,28,2026-01-16 20:24:00,2026-01-16 22:47:00,planned,MEC-02,8000.0
7329,49,2026-02-16 13:00:00,2026-02-16 14:07:00,unplanned,MAT-01,
7330,21,2026-05-17 21:04:00,2026-05-17 22:18:00,planned,CAL-01,5038.0
7331,11,2026-05-08 11:09:00,2026-05-08 12:00:00,planned,CAL-01,
7332,28,2026-05-31 09:41:00,2026-05-31 10:52:00,unplanned,CAL-01,16.0
7333,38,2026-03-26 21:26:00,2026-03-26 23:53:00,planned,MEC-01,
7334,33,2026-03-16 17:13:00,2026-03-16 19:44:00,planned,ELEC-01,2731.0
7335,40,2026-02-07 16:10:00,2026-02-07 16:19:00,planned,ELEC-01,7373.0
7336,39,2026-04-16 17:26:00,2026-04-16 18:28:00,planned,MEC-01,1234.0
7337,24,2026-03-05 22:21:00,2026-03-05 22:28:00,planned,MEC-02,4410.0
7338,13,2026-01-03 00:12:00,2026-01-03 01:34:00,unplanned,MEC-02,987.0
7339,10,2026-06-18 05:14:00,2026-06-18 06:11:00,unplanned,MEC-02,1574.0
7340,31,2026-01-08 13:51:00,2026-01-08 14:24:00,planned,MEC-02,9327.0
7341,7,2026-06-10 01:29:00,2026-06-10 03:41:00,unplanned,ELEC-01,3840.0
7342,43,2026-04-14 23:40:00,2026-04-15 00:34:00,unplanned,MAT-01,
7343,26,2026-01-12 15:55:00,2026-01-12 17:03:00,unplanned,ELEC-01,7684.0
7344,39,2026-05-03 12:31:00,2026-05-03 13:03:00,unplanned,MAT-01,
7345,29,2026-04-25 09:08:00,2026-04-25 09:55:00,planned,CAL-01,8927.0
7346,24,2026-01-13 11:55:00,2026-01-13 14:53:00,planned,MEC-01,1986.0
7347,3,2026-06-25 12:49:00,2026-06-25 15:17:00,planned,MEC-02,6263.0
7348,29,2026-02-02 04:51:00,2026-02-02 07:30:00,unplanned,MAT-01,
7349,16,2026-01-15 23:57:00,2026-01-16 01:36:00,planned,MEC-02,3559.0
7350,8,2026-01-29 23:22:00,2026-01-30 01:17:00,planned,MAT-01,5543.0
7351,10,2026-04-21 20:06:00,2026-04-21 20:22:00,unplanned,ELEC-01,7297.0
7352,13,2026-03-13 14:12:00,2026-03-13 16:04:00,planned,CAL-01,2493.0
7353,6,2026-02-02 12:08:00,2026-02-02 12:58:00,planned,MEC-02,
7354,45,2026-05-10 04:21:00,2026-05-10 05:34:00,unplanned,MEC-01,728.0
7355,40,2026-03-27 19:48:00,2026-03-27 20:03:00,planned,MAT-01,
7356,36,2026-01-26 17:19:00,2026-01-26 18:38:00,unplanned,ELEC-01,1465.0
7357,23,2026-01-09 16:17:00,2026-01-09 19:14:00,unplanned,ELEC-01,9603.0
7358,46,2026-04-14 03:16:00,2026-04-14 04:02:00,planned,ELEC-01,3955.0
7359,7,2026-05-24 21:52:00,2026-05-24 22:26:00,unplanned,MAT-01,
7360,48,2026-04-21 17:43:00,2026-04-21 20:32:00,unplanned,MEC-02,3855.0
7361,49,2026-01-22 00:07:00,2026-01-22 00:16:00,unplanned,CAL-01,6182.0
7362,21,2026-05-17 22:12:00,2026-05-18 00:34:00,planned,MEC-02,8404.0
7363,38,2026-01-01 02:12:00,2026-01-01 02:53:00,planned,CAL-01,6916.0
7364,33,2026-02-20 17:31:00,2026-02-20 19:48:00,planned,CAL-01,3895.0
7365,4,2026-04-16 09:13:00,2026-04-16 11:04:00,unplanned,MEC-02,5137.0
7366,28,2026-05-07 01:41:00,2026-05-07 04:25:00,planned,MAT-01,
7367,27,2026-04-20 16:25:00,2026-04-20 19:13:00,planned,MAT-01,702.0
7368,6,2026-03-05 17:24:00,2026-03-05 20:06:00,unplanned,CAL-01,9788.0
7369,38,2026-01-28 22:36:00,2026-01-29 00:27:00,planned,ELEC-01,6629.0
7370,14,2026-01-26 22:56:00,2026-01-27 00:37:00,planned,ELEC-01,635.0
7371,36,2026-02-04 14:51:00,2026-02-04 16:27:00,planned,MAT-01,
7372,25,2026-05-12 19:22:00,2026-05-12 19:53:00,unplanned,ELEC-01,8060.0
7373,17,2026-03-10 01:07:00,2026-03-10 01:56:00,planned,MEC-01,808.0
7374,47,2026-02-07 11:22:00,2026-02-07 13:37:00,planned,MEC-02,7866.0
7375,32,2026-03-09 02:06:00,2026-03-09 02:58:00,unplanned,MEC-01,
7376,9,2026-05-17 00:41:00,2026-05-17 03:07:00,planned,ELEC-01,6093.0
7377,42,2026-06-01 09:47:00,2026-06-01 11:03:00,unplanned,MEC-01,3706.0
7378,27,2026-03-28 17:03:00,2026-03-28 17:13:00,unplanned,CAL-01,5193.0
7379,39,2026-02-06 15:55:00,2026-02-06 16:12:00,unplanned,MAT-01,3844.0
7380,4,2026-04-02 04:26:00,2026-04-02 05:28:00,unplanned,CAL-01,
7381,19,2026-06-29 16:51:00,2026-06-29 19:22:00,unplanned,MEC-01,7741.0
7382,50,2026-04-13 00:29:00,2026-04-13 01:26:00,planned,MAT-01,2353.0
7383,9,2026-02-09 06:39:00,2026-02-09 07:11:00,planned,CAL-01,
7384,6,2026-01-23 03:17:00,2026-01-23 03:40:00,planned,MEC-01,68.0
7385,46,2026-04-12 07:44:00,2026-04-12 08:02:00,unplanned,MAT-01,9472.0
7386,49,2026-01-17 13:10:00,2026-01-17 15:47:00,planned,ELEC-01,
7387,41,2026-04-28 22:18:00,2026-04-28 22:38:00,unplanned,MEC-01,9017.0
7388,23,2026-01-17 13:29:00,2026-01-17 15:03:00,unplanned,MAT-01,1789.0
7389,14,2026-01-25 19:25:00,2026-01-25 20:38:00,unplanned,MEC-02,2770.0
7390,4,2026-03-30 15:27:00,2026-03-30 16:05:00,unplanned,MAT-01,
7391,1,2026-06-21 09:09:00,2026-06-21 10:06:00,unplanned,MAT-01,4547.0
7392,7,2026-05-03 03:55:00,2026-05-03 04:18:00,unplanned,CAL-01,428.0
7393,2,2026-05-29 21:38:00,2026-05-30 00:14:00,unplanned,MEC-01,
7394,15,2026-01-13 01:29:00,2026-01-13 03:33:00,unplanned,CAL-01,4089.0
7395,23,2026-05-08 02:49:00,2026-05-08 03:57:00,unplanned,CAL-01,6737.0
7396,26,2026-03-26 00:26:00,2026-03-26 01:18:00,unplanned,MEC-02,9339.0
7397,2,2026-01-27 11:08:00,2026-01-27 13:59:00,planned,CAL-01,
7398,37,2026-06-19 11:55:00,2026-06-19 13:02:00,unplanned,MEC-01,
7399,46,2026-06-09 16:41:00,2026-06-09 17:29:00,planned,CAL-01,
7400,4,2026-06-23 19:08:00,2026-06-23 20:05:00,unplanned,MAT-01,
7401,35,2026-02-15 18:43:00,2026-02-15 21:26:00,unplanned,MAT-01,
7402,38,2026-01-10 07:52:00,2026-01-10 09:32:00,planned,MEC-01,
7403,20,2026-04-28 06:29:00,2026-04-28 08:43:00,unplanned,MEC-02,
7404,22,2026-01-22 16:51:00,2026-01-22 19:07:00,planned,MEC-01,3557.0
7405,17,2026-01-19 09:24:00,2026-01-19 10:10:00,unplanned,ELEC-01,6597.0
7406,28,2026-01-19 21:30:00,2026-01-20 00:29:00,planned,MEC-02,7062.0
7407,37,2026-06-04 12:49:00,2026-06-04 14:49:00,unplanned,ELEC-01,1416.0
7408,32,2026-06-24 09:02:00,2026-06-24 09:40:00,unplanned,ELEC-01,
7409,18,2026-05-07 09:06:00,2026-05-07 12:04:00,unplanned,MEC-02,6048.0
7410,25,2026-03-07 00:10:00,2026-03-07 01:08:00,unplanned,MEC-01,
7411,24,2026-06-12 18:58:00,2026-06-12 20:29:00,planned,MEC-01,6964.0
7412,10,2026-01-18 05:33:00,2026-01-18 06:02:00,unplanned,MAT-01,3942.0
7413,6,2026-02-04 13:54:00,2026-02-04 15:53:00,planned,MEC-02,
7414,9,2026-06-06 10:53:00,2026-06-06 11:18:00,planned,MEC-01,7540.0
7415,15,2026-04-08 04:43:00,2026-04-08 05:27:00,planned,MEC-02,8267.0
7416,29,2026-02-16 23:54:00,2026-02-17 00:16:00,unplanned,MEC-01,6500.0
7417,5,2026-06-05 15:24:00,2026-06-05 16:38:00,unplanned,MEC-02,2243.0
7418,32,2026-03-05 00:19:00,2026-03-05 00:53:00,unplanned,CAL-01,
7419,10,2026-02-23 19:43:00,2026-02-23 20:56:00,planned,ELEC-01,4955.0
7420,50,2026-03-10 21:34:00,2026-03-11 00:13:00,planned,MAT-01,
7421,21,2026-01-10 09:40:00,2026-01-10 11:35:00,unplanned,CAL-01,4740.0
7422,45,2026-01-31 04:10:00,2026-01-31 04:53:00,unplanned,MEC-01,
7423,19,2026-02-27 13:21:00,2026-02-27 14:11:00,planned,CAL-01,3196.0
7424,12,2026-05-04 23:59:00,2026-05-05 00:12:00,planned,MEC-02,
7425,31,2026-04-25 19:50:00,2026-04-25 22:04:00,unplanned,MAT-01,7949.0
7426,49,2026-01-05 19:14:00,2026-01-05 21:37:00,planned,ELEC-01,
7427,13,2026-02-12 01:27:00,2026-02-12 03:42:00,planned,MEC-01,2967.0
7428,32,2026-01-21 15:06:00,2026-01-21 16:24:00,unplanned,MEC-02,9609.0
7429,24,2026-02-19 19:06:00,2026-02-19 20:29:00,unplanned,MEC-02,
7430,6,2026-04-05 23:43:00,2026-04-06 00:04:00,unplanned,MAT-01,8065.0
7431,44,2026-01-12 21:38:00,2026-01-12 23:31:00,planned,MAT-01,6776.0
7432,26,2026-02-24 19:00:00,2026-02-24 20:40:00,planned,MAT-01,588.0
7433,17,2026-06-02 02:49:00,2026-06-02 03:55:00,unplanned,MAT-01,1136.0
7434,26,2026-01-13 16:02:00,2026-01-13 17:04:00,planned,MEC-02,3914.0
7435,42,2026-05-28 03:44:00,2026-05-28 05:04:00,planned,MAT-01,4935.0
7436,38,2026-01-01 23:35:00,2026-01-02 00:53:00,unplanned,MAT-01,8240.0
7437,22,2026-03-27 20:32:00,2026-03-27 23:18:00,planned,ELEC-01,2762.0
7438,15,2026-01-28 20:01:00,2026-01-28 22:01:00,unplanned,MEC-02,2519.0
7439,30,2026-01-01 20:37:00,2026-01-01 22:38:00,unplanned,MAT-01,
7440,33,2026-04-21 08:13:00,2026-04-21 11:11:00,unplanned,MEC-02,4675.0
7441,43,2026-01-06 22:53:00,2026-01-07 01:49:00,unplanned,MAT-01,6738.0
7442,8,2026-01-14 22:35:00,2026-01-14 22:42:00,planned,MEC-02,7248.0
7443,32,2026-05-01 13:57:00,2026-05-01 15:36:00,unplanned,MAT-01,
7444,16,2026-02-22 19:49:00,2026-02-22 22:28:00,unplanned,CAL-01,4776.0
7445,14,2026-06-21 22:07:00,2026-06-21 22:37:00,unplanned,MEC-02,242.0
7446,16,2026-02-19 07:35:00,2026-02-19 10:18:00,planned,ELEC-01,
7447,33,2026-04-04 07:28:00,2026-04-04 09:22:00,planned,CAL-01,939.0
7448,23,2026-04-28 13:48:00,2026-04-28 16:41:00,unplanned,MEC-01,2325.0
7449,35,2026-05-05 03:28:00,2026-05-05 05:18:00,unplanned,MEC-02,2381.0
7450,47,2026-04-17 08:29:00,2026-04-17 09:55:00,planned,ELEC-01,6052.0
7451,23,2026-02-08 21:04:00,2026-02-08 22:41:00,unplanned,MEC-02,4986.0
7452,3,2026-06-24 08:21:00,2026-06-24 09:00:00,unplanned,MEC-02,5900.0
7453,19,2026-06-27 17:46:00,2026-06-27 18:50:00,planned,MEC-02,8322.0
7454,17,2026-01-23 04:23:00,2026-01-23 05:14:00,unplanned,CAL-01,
7455,39,2026-05-09 14:05:00,2026-05-09 15:11:00,planned,CAL-01,
7456,35,2026-03-01 20:04:00,2026-03-01 20:56:00,unplanned,MEC-02,8236.0
7457,6,2026-06-05 12:36:00,2026-06-05 13:43:00,unplanned,MAT-01,7699.0
7458,30,2026-04-26 04:50:00,2026-04-26 05:47:00,planned,MAT-01,8542.0
7459,37,2026-02-06 12:37:00,2026-02-06 15:02:00,planned,MEC-02,8286.0
7460,4,2026-01-29 16:00:00,2026-01-29 18:55:00,unplanned,MAT-01,
7461,44,2026-05-30 08:36:00,2026-05-30 11:07:00,unplanned,MEC-01,125.0
7462,40,2026-03-19 00:36:00,2026-03-19 03:21:00,planned,MEC-02,
7463,33,2026-03-23 23:24:00,2026-03-24 01:55:00,unplanned,MAT-01,
7464,17,2026-02-20 17:29:00,2026-02-20 18:37:00,unplanned,CAL-01,1036.0
7465,9,2026-06-29 13:20:00,2026-06-29 14:05:00,planned,CAL-01,682.0
7466,3,2026-03-12 13:23:00,2026-03-12 14:14:00,planned,ELEC-01,8719.0
7467,4,2026-01-01 02:31:00,2026-01-01 03:15:00,planned,MAT-01,1558.0
7468,20,2026-06-07 16:53:00,2026-06-07 18:02:00,planned,MAT-01,1320.0
7469,3,2026-06-17 17:25:00,2026-06-17 18:04:00,planned,MEC-02,1492.0
7470,6,2026-02-25 01:10:00,2026-02-25 01:19:00,planned,MAT-01,
7471,8,2026-05-02 06:08:00,2026-05-02 07:16:00,planned,MEC-01,
7472,44,2026-05-27 11:29:00,2026-05-27 12:30:00,planned,MAT-01,2435.0
7473,41,2026-04-08 17:51:00,2026-04-08 19:34:00,unplanned,ELEC-01,8139.0
7474,15,2026-02-26 16:21:00,2026-02-26 17:47:00,unplanned,ELEC-01,
7475,37,2026-04-17 11:38:00,2026-04-17 12:40:00,planned,MEC-01,1098.0
7476,33,2026-02-09 23:20:00,2026-02-10 00:17:00,planned,ELEC-01,358.0
7477,20,2026-04-16 07:32:00,2026-04-16 10:09:00,planned,ELEC-01,9648.0
7478,3,2026-02-04 09:53:00,2026-02-04 12:28:00,planned,MEC-01,354.0
7479,20,2026-04-27 14:55:00,2026-04-27 16:23:00,unplanned,MEC-02,
7480,7,2026-06-23 04:21:00,2026-06-23 04:59:00,unplanned,ELEC-01,2065.0
7481,30,2026-03-31 14:09:00,2026-03-31 16:54:00,unplanned,MEC-01,3578.0
7482,6,2026-05-13 09:14:00,2026-05-13 11:43:00,unplanned,CAL-01,6.0
7483,21,2026-05-08 15:59:00,2026-05-08 17:23:00,planned,MEC-01,
7484,6,2026-04-13 14:44:00,2026-04-13 15:07:00,planned,ELEC-01,1174.0
7485,27,2026-06-16 19:07:00,2026-06-16 19:47:00,unplanned,MEC-01,6638.0
7486,44,2026-02-10 05:20:00,2026-02-10 05:49:00,planned,MAT-01,8514.0
7487,31,2026-06-14 13:10:00,2026-06-14 14:23:00,unplanned,ELEC-01,
7488,8,2026-06-10 12:51:00,2026-06-10 15:07:00,unplanned,ELEC-01,
7489,46,2026-02-16 13:00:00,2026-02-16 15:41:00,unplanned,MAT-01,2435.0
7490,19,2026-06-13 00:14:00,2026-06-13 00:36:00,planned,MEC-01,2785.0
7491,3,2026-02-21 20:13:00,2026-02-21 22:08:00,planned,ELEC-01,8820.0
7492,25,2026-06-09 04:06:00,2026-06-09 05:11:00,planned,MAT-01,6892.0
7493,23,2026-02-08 03:53:00,2026-02-08 04:14:00,unplanned,MEC-01,2200.0
7494,14,2026-04-02 17:10:00,2026-04-02 17:42:00,planned,MAT-01,
7495,34,2026-02-04 08:49:00,2026-02-04 09:28:00,unplanned,CAL-01,
7496,17,2026-01-20 15:06:00,2026-01-20 16:17:00,unplanned,MEC-02,
7497,35,2026-03-27 12:02:00,2026-03-27 14:18:00,unplanned,ELEC-01,553.0
7498,12,2026-06-09 00:51:00,2026-06-09 02:08:00,planned,MEC-01,9058.0
7499,11,2026-03-17 09:27:00,2026-03-17 10:16:00,unplanned,MEC-02,
7500,12,2026-04-05 07:37:00,2026-04-05 08:18:00,planned,CAL-01,3569.0
7501,13,2026-03-07 06:54:00,2026-03-07 08:57:00,planned,MEC-02,2101.0
7502,10,2026-06-24 23:57:00,2026-06-25 00:20:00,unplanned,MAT-01,
7503,38,2026-06-19 01:32:00,2026-06-19 02:22:00,planned,CAL-01,2264.0
7504,20,2026-01-30 15:11:00,2026-01-30 17:16:00,unplanned,MAT-01,3989.0
7505,23,2026-01-16 20:40:00,2026-01-16 21:37:00,unplanned,MEC-02,6969.0
7506,40,2026-03-29 14:03:00,2026-03-29 15:05:00,planned,MEC-01,
7507,25,2026-03-29 11:12:00,2026-03-29 12:39:00,planned,MEC-02,5631.0
7508,36,2026-04-13 09:10:00,2026-04-13 11:54:00,unplanned,MEC-01,7164.0
7509,8,2026-03-18 13:52:00,2026-03-18 16:40:00,unplanned,MEC-02,3111.0
7510,31,2026-04-20 09:54:00,2026-04-20 12:38:00,planned,MEC-01,
7511,17,2026-03-01 16:48:00,2026-03-01 19:30:00,planned,MAT-01,5680.0
7512,8,2026-06-01 12:09:00,2026-06-01 15:07:00,planned,CAL-01,5865.0
7513,36,2026-01-22 06:30:00,2026-01-22 09:13:00,unplanned,MEC-01,5456.0
7514,25,2026-04-30 02:00:00,2026-04-30 04:32:00,unplanned,MEC-02,9532.0
7515,33,2026-03-27 00:04:00,2026-03-27 00:54:00,planned,MEC-01,6392.0
7516,11,2026-06-12 13:00:00,2026-06-12 15:48:00,unplanned,CAL-01,1095.0
7517,5,2026-06-15 03:05:00,2026-06-15 04:46:00,unplanned,MEC-01,
7518,8,2026-06-19 11:56:00,2026-06-19 13:11:00,unplanned,CAL-01,4540.0
7519,49,2026-05-07 16:33:00,2026-05-07 18:54:00,planned,MEC-01,
7520,17,2026-03-04 09:10:00,2026-03-04 09:16:00,planned,MEC-01,7234.0
7521,38,2026-02-26 22:51:00,2026-02-27 01:41:00,planned,MAT-01,3323.0
7522,49,2026-05-15 03:26:00,2026-05-15 05:19:00,unplanned,ELEC-01,
7523,47,2026-06-29 18:28:00,2026-06-29 20:54:00,unplanned,CAL-01,5255.0
7524,19,2026-03-03 12:58:00,2026-03-03 15:21:00,planned,MEC-02,8582.0
7525,47,2026-04-17 09:53:00,2026-04-17 12:21:00,unplanned,MEC-02,6488.0
7526,13,2026-03-03 02:30:00,2026-03-03 02:51:00,planned,ELEC-01,
7527,45,2026-05-08 07:51:00,2026-05-08 09:22:00,unplanned,MEC-01,
7528,34,2026-03-16 06:31:00,2026-03-16 07:53:00,unplanned,ELEC-01,5381.0
7529,5,2026-05-24 02:37:00,2026-05-24 05:34:00,unplanned,ELEC-01,6994.0
7530,39,2026-06-14 00:34:00,2026-06-14 01:10:00,unplanned,MAT-01,6629.0
7531,20,2026-06-17 01:16:00,2026-06-17 01:57:00,planned,MEC-02,
7532,18,2026-05-02 08:58:00,2026-05-02 10:42:00,unplanned,CAL-01,
7533,8,2026-06-25 03:40:00,2026-06-25 04:21:00,unplanned,MEC-02,3203.0
7534,27,2026-04-21 13:10:00,2026-04-21 14:00:00,unplanned,MEC-01,9671.0
7535,37,2026-06-12 22:32:00,2026-06-12 22:45:00,planned,MEC-02,8046.0
7536,37,2026-03-19 14:27:00,2026-03-19 14:41:00,planned,MEC-02,8896.0
7537,15,2026-04-09 18:10:00,2026-04-09 19:05:00,planned,MEC-02,
7538,32,2026-02-27 22:23:00,2026-02-28 00:17:00,unplanned,CAL-01,8505.0
7539,41,2026-06-21 03:17:00,2026-06-21 04:48:00,planned,ELEC-01,4773.0
7540,39,2026-01-31 22:03:00,2026-01-31 23:16:00,unplanned,MAT-01,3255.0
7541,42,2026-02-27 16:08:00,2026-02-27 18:22:00,unplanned,MEC-01,5030.0
7542,7,2026-01-17 05:44:00,2026-01-17 07:15:00,unplanned,MEC-01,2989.0
7543,12,2026-02-08 10:07:00,2026-02-08 10:44:00,unplanned,MEC-02,
7544,20,2026-05-17 05:59:00,2026-05-17 08:30:00,planned,ELEC-01,19.0
7545,30,2026-05-21 05:27:00,2026-05-21 06:04:00,planned,CAL-01,
7546,44,2026-04-09 11:08:00,2026-04-09 11:30:00,unplanned,MAT-01,
7547,21,2026-01-14 08:01:00,2026-01-14 09:12:00,planned,CAL-01,
7548,36,2026-04-10 04:06:00,2026-04-10 05:12:00,unplanned,MAT-01,
7549,46,2026-03-01 12:53:00,2026-03-01 14:29:00,planned,CAL-01,566.0
7550,41,2026-03-16 17:06:00,2026-03-16 17:47:00,planned,MEC-01,7440.0
7551,45,2026-01-28 16:36:00,2026-01-28 17:22:00,planned,MAT-01,6255.0
7552,14,2026-02-04 04:56:00,2026-02-04 07:34:00,planned,MEC-02,2086.0
7553,30,2026-03-12 17:19:00,2026-03-12 18:15:00,unplanned,ELEC-01,
7554,3,2026-06-03 20:56:00,2026-06-03 22:47:00,planned,MAT-01,3952.0
7555,10,2026-05-20 21:20:00,2026-05-20 23:53:00,unplanned,MAT-01,1153.0
7556,7,2026-04-26 02:44:00,2026-04-26 04:35:00,planned,MEC-02,
7557,40,2026-03-06 04:15:00,2026-03-06 06:15:00,planned,MEC-02,
7558,10,2026-06-09 04:08:00,2026-06-09 04:40:00,unplanned,MEC-02,
7559,34,2026-01-25 19:39:00,2026-01-25 21:46:00,planned,ELEC-01,8090.0
7560,25,2026-01-24 01:26:00,2026-01-24 02:51:00,unplanned,ELEC-01,4650.0
7561,24,2026-03-08 11:28:00,2026-03-08 12:35:00,planned,MEC-01,
7562,1,2026-05-23 03:05:00,2026-05-23 05:51:00,unplanned,MAT-01,
7563,48,2026-04-24 16:41:00,2026-04-24 17:04:00,unplanned,CAL-01,8662.0
7564,45,2026-01-15 02:06:00,2026-01-15 03:00:00,planned,ELEC-01,2811.0
7565,35,2026-04-11 08:04:00,2026-04-11 08:35:00,planned,MEC-02,2325.0
7566,21,2026-01-11 03:50:00,2026-01-11 04:57:00,planned,MEC-02,
7567,46,2026-05-17 22:21:00,2026-05-18 00:16:00,unplanned,MAT-01,9811.0
7568,8,2026-01-26 07:16:00,2026-01-26 08:16:00,planned,MEC-01,
7569,17,2026-02-27 18:52:00,2026-02-27 19:34:00,unplanned,ELEC-01,550.0
7570,2,2026-01-01 13:06:00,2026-01-01 13:36:00,planned,CAL-01,2737.0
7571,20,2026-03-07 09:29:00,2026-03-07 10:21:00,unplanned,ELEC-01,4833.0
7572,40,2026-01-23 19:54:00,2026-01-23 21:51:00,planned,MAT-01,8923.0
7573,39,2026-04-17 03:12:00,2026-04-17 04:14:00,planned,CAL-01,
7574,1,2026-06-02 08:33:00,2026-06-02 11:11:00,planned,MEC-01,
7575,46,2026-06-20 10:38:00,2026-06-20 13:15:00,unplanned,MAT-01,7048.0
7576,2,2026-01-03 09:55:00,2026-01-03 11:11:00,planned,MEC-02,7397.0
7577,21,2026-06-20 04:31:00,2026-06-20 06:49:00,unplanned,ELEC-01,1812.0
7578,26,2026-01-21 11:37:00,2026-01-21 13:37:00,unplanned,ELEC-01,4829.0
7579,38,2026-02-10 05:02:00,2026-02-10 07:40:00,unplanned,CAL-01,7406.0
7580,20,2026-05-10 05:00:00,2026-05-10 06:46:00,planned,ELEC-01,2751.0
7581,50,2026-06-01 23:54:00,2026-06-02 00:13:00,unplanned,MEC-01,
7582,26,2026-03-03 15:21:00,2026-03-03 15:56:00,unplanned,MAT-01,2996.0
7583,1,2026-06-04 10:55:00,2026-06-04 13:37:00,unplanned,ELEC-01,7670.0
7584,49,2026-04-05 09:21:00,2026-04-05 10:36:00,planned,MAT-01,5794.0
7585,3,2026-03-17 14:33:00,2026-03-17 15:32:00,planned,MEC-01,3269.0
7586,43,2026-01-12 13:52:00,2026-01-12 15:26:00,planned,CAL-01,3003.0
7587,26,2026-04-24 18:55:00,2026-04-24 19:50:00,planned,MEC-02,
7588,11,2026-03-20 22:10:00,2026-03-20 23:40:00,planned,CAL-01,
7589,36,2026-01-20 16:29:00,2026-01-20 17:11:00,planned,MEC-02,4708.0
7590,19,2026-06-24 22:32:00,2026-06-24 22:43:00,unplanned,MEC-02,3254.0
7591,20,2026-03-13 09:48:00,2026-03-13 12:32:00,planned,CAL-01,5347.0
7592,31,2026-01-03 06:39:00,2026-01-03 07:09:00,unplanned,CAL-01,2800.0
7593,47,2026-05-31 00:11:00,2026-05-31 02:53:00,planned,CAL-01,7523.0
7594,2,2026-04-11 07:29:00,2026-04-11 09:44:00,unplanned,MEC-02,
7595,24,2026-03-26 22:05:00,2026-03-26 22:22:00,unplanned,MAT-01,
7596,39,2026-05-31 10:18:00,2026-05-31 12:03:00,planned,MAT-01,8854.0
7597,44,2026-01-06 04:27:00,2026-01-06 05:23:00,planned,CAL-01,
7598,4,2026-03-17 22:28:00,2026-03-18 00:00:00,planned,MAT-01,
7599,43,2026-01-23 00:17:00,2026-01-23 03:11:00,planned,MEC-02,8880.0
7600,43,2026-01-25 07:44:00,2026-01-25 09:29:00,planned,MEC-02,7601.0
7601,19,2026-04-14 22:41:00,2026-04-14 23:29:00,unplanned,ELEC-01,
7602,28,2026-04-01 08:58:00,2026-04-01 10:55:00,planned,CAL-01,
7603,32,2026-05-01 18:57:00,2026-05-01 20:02:00,unplanned,ELEC-01,1682.0
7604,35,2026-05-02 22:05:00,2026-05-02 22:22:00,planned,CAL-01,
7605,22,2026-03-18 05:17:00,2026-03-18 07:40:00,planned,MAT-01,5883.0
7606,36,2026-03-10 10:03:00,2026-03-10 12:19:00,planned,MAT-01,6645.0
7607,14,2026-02-20 09:35:00,2026-02-20 10:31:00,planned,MEC-02,3186.0
7608,32,2026-01-16 20:22:00,2026-01-16 20:52:00,unplanned,MEC-01,3368.0
7609,16,2026-04-12 08:30:00,2026-04-12 09:31:00,planned,ELEC-01,5163.0
7610,20,2026-03-15 10:15:00,2026-03-15 12:27:00,unplanned,ELEC-01,
7611,27,2026-01-27 10:01:00,2026-01-27 10:31:00,planned,ELEC-01,4866.0
7612,48,2026-01-10 08:09:00,2026-01-10 09:27:00,planned,ELEC-01,3232.0
7613,43,2026-04-12 05:17:00,2026-04-12 06:10:00,planned,MEC-01,4503.0
7614,7,2026-02-21 08:06:00,2026-02-21 09:41:00,planned,ELEC-01,1643.0
7615,47,2026-05-18 17:04:00,2026-05-18 18:53:00,unplanned,ELEC-01,9513.0
7616,32,2026-01-31 01:30:00,2026-01-31 02:41:00,planned,ELEC-01,
7617,25,2026-06-13 16:06:00,2026-06-13 16:48:00,planned,ELEC-01,2946.0
7618,36,2026-02-16 08:45:00,2026-02-16 10:35:00,unplanned,CAL-01,7031.0
7619,26,2026-01-07 03:36:00,2026-01-07 05:18:00,planned,MEC-01,
7620,34,2026-05-14 09:50:00,2026-05-14 11:05:00,planned,MAT-01,4486.0
7621,30,2026-04-29 11:33:00,2026-04-29 12:46:00,planned,MAT-01,
7622,4,2026-01-15 02:26:00,2026-01-15 02:43:00,unplanned,ELEC-01,1201.0
7623,14,2026-05-11 11:43:00,2026-05-11 13:28:00,planned,MAT-01,
7624,21,2026-04-24 05:17:00,2026-04-24 07:20:00,unplanned,ELEC-01,
7625,33,2026-01-20 12:02:00,2026-01-20 12:35:00,unplanned,CAL-01,
7626,47,2026-03-22 17:38:00,2026-03-22 19:34:00,unplanned,MAT-01,
7627,19,2026-04-02 00:01:00,2026-04-02 02:06:00,unplanned,MEC-01,9645.0
7628,48,2026-05-10 02:06:00,2026-05-10 03:41:00,unplanned,MAT-01,6335.0
7629,29,2026-05-13 05:52:00,2026-05-13 07:51:00,unplanned,MEC-01,
7630,12,2026-05-09 09:43:00,2026-05-09 10:37:00,planned,MEC-01,
7631,17,2026-01-03 10:25:00,2026-01-03 11:17:00,planned,MEC-01,
7632,49,2026-01-04 22:19:00,2026-01-04 23:22:00,unplanned,CAL-01,8443.0
7633,24,2026-03-15 21:04:00,2026-03-15 21:23:00,planned,MEC-01,5950.0
7634,6,2026-01-05 14:13:00,2026-01-05 14:48:00,unplanned,MEC-01,2212.0
7635,6,2026-01-17 02:22:00,2026-01-17 03:46:00,unplanned,MAT-01,3468.0
7636,14,2026-03-06 13:32:00,2026-03-06 15:47:00,unplanned,MAT-01,5024.0
7637,19,2026-05-01 07:44:00,2026-05-01 09:46:00,planned,MEC-01,9665.0
7638,19,2026-02-25 09:07:00,2026-02-25 10:37:00,unplanned,MEC-01,4976.0
7639,48,2026-04-18 23:13:00,2026-04-19 00:25:00,unplanned,MEC-02,3123.0
7640,6,2026-04-30 04:43:00,2026-04-30 07:08:00,planned,MEC-01,5252.0
7641,7,2026-05-12 17:31:00,2026-05-12 20:31:00,planned,MEC-01,5454.0
7642,15,2026-01-23 00:28:00,2026-01-23 03:18:00,unplanned,ELEC-01,7701.0
7643,46,2026-01-05 08:40:00,2026-01-05 09:44:00,planned,MEC-02,7923.0
7644,9,2026-03-30 15:55:00,2026-03-30 18:42:00,planned,MEC-01,
7645,27,2026-05-13 19:54:00,2026-05-13 22:15:00,unplanned,CAL-01,3113.0
7646,34,2026-03-22 10:53:00,2026-03-22 11:36:00,planned,ELEC-01,
7647,31,2026-02-14 18:46:00,2026-02-14 19:08:00,unplanned,CAL-01,3886.0
7648,19,2026-02-18 19:59:00,2026-02-18 21:31:00,planned,MEC-01,2347.0
7649,35,2026-01-25 22:11:00,2026-01-25 23:02:00,unplanned,MEC-02,8526.0
7650,5,2026-06-25 10:56:00,2026-06-25 12:45:00,planned,CAL-01,
7651,30,2026-03-22 07:17:00,2026-03-22 10:11:00,planned,ELEC-01,
7652,20,2026-05-19 07:06:00,2026-05-19 10:00:00,unplanned,CAL-01,6988.0
7653,3,2026-04-21 04:55:00,2026-04-21 06:40:00,planned,MEC-02,2553.0
7654,49,2026-01-19 20:01:00,2026-01-19 20:50:00,unplanned,MEC-02,2238.0
7655,22,2026-01-03 07:53:00,2026-01-03 08:49:00,planned,CAL-01,1197.0
7656,20,2026-05-07 02:31:00,2026-05-07 03:03:00,planned,MEC-01,3235.0
7657,45,2026-05-23 22:00:00,2026-05-24 00:03:00,planned,MEC-01,7323.0
7658,42,2026-06-10 07:36:00,2026-06-10 09:57:00,planned,MEC-01,7186.0
7659,2,2026-03-30 23:28:00,2026-03-31 01:09:00,planned,MAT-01,8911.0
7660,1,2026-05-04 20:17:00,2026-05-04 21:49:00,unplanned,CAL-01,1179.0
7661,18,2026-01-22 14:29:00,2026-01-22 16:04:00,unplanned,MEC-02,281.0
7662,16,2026-05-12 17:30:00,2026-05-12 17:40:00,planned,MAT-01,
7663,42,2026-06-04 14:58:00,2026-06-04 16:57:00,unplanned,MAT-01,3570.0
7664,28,2026-03-07 15:56:00,2026-03-07 17:24:00,planned,MEC-02,6638.0
7665,2,2026-04-04 03:33:00,2026-04-04 05:56:00,planned,ELEC-01,
7666,21,2026-02-14 15:38:00,2026-02-14 15:49:00,unplanned,CAL-01,3685.0
7667,37,2026-02-20 21:58:00,2026-02-21 00:51:00,unplanned,ELEC-01,4141.0
7668,1,2026-01-09 19:39:00,2026-01-09 20:38:00,unplanned,CAL-01,8679.0
7669,14,2026-05-13 13:19:00,2026-05-13 16:09:00,planned,MEC-01,9274.0
7670,31,2026-02-12 05:10:00,2026-02-12 07:13:00,planned,ELEC-01,6880.0
7671,42,2026-04-14 09:23:00,2026-04-14 09:29:00,unplanned,MEC-01,2588.0
7672,38,2026-05-01 11:51:00,2026-05-01 13:06:00,unplanned,MEC-01,364.0
7673,30,2026-02-09 04:41:00,2026-02-09 07:00:00,unplanned,CAL-01,7411.0
7674,3,2026-03-24 19:07:00,2026-03-24 19:36:00,unplanned,CAL-01,6689.0
7675,3,2026-05-14 03:35:00,2026-05-14 05:00:00,planned,MEC-02,4947.0
7676,2,2026-04-29 13:43:00,2026-04-29 14:36:00,unplanned,MEC-01,2967.0
7677,19,2026-05-03 13:08:00,2026-05-03 15:37:00,planned,MEC-01,3921.0
7678,7,2026-02-07 20:02:00,2026-02-07 21:20:00,unplanned,ELEC-01,2660.0
7679,24,2026-06-05 11:25:00,2026-06-05 12:39:00,planned,MEC-01,
7680,44,2026-05-27 17:47:00,2026-05-27 20:03:00,planned,MEC-01,6463.0
7681,5,2026-06-02 17:14:00,2026-06-02 20:09:00,unplanned,MEC-01,8677.0
7682,39,2026-01-08 15:14:00,2026-01-08 17:45:00,planned,MEC-02,235.0
7683,36,2026-05-01 01:11:00,2026-05-01 02:49:00,planned,MEC-02,5217.0
7684,47,2026-06-04 01:31:00,2026-06-04 02:46:00,planned,MEC-01,
7685,29,2026-02-25 01:00:00,2026-02-25 01:10:00,unplanned,MEC-01,
7686,43,2026-03-09 02:00:00,2026-03-09 04:57:00,unplanned,MAT-01,7735.0
7687,40,2026-05-24 23:48:00,2026-05-25 00:24:00,unplanned,MEC-02,8724.0
7688,6,2026-03-28 22:17:00,2026-03-29 00:12:00,planned,MAT-01,9534.0
7689,15,2026-03-17 12:09:00,2026-03-17 13:29:00,planned,CAL-01,
7690,38,2026-06-20 01:49:00,2026-06-20 03:12:00,unplanned,MEC-02,77.0
7691,10,2026-01-17 03:40:00,2026-01-17 05:04:00,unplanned,CAL-01,251.0
7692,38,2026-04-22 09:45:00,2026-04-22 10:49:00,planned,CAL-01,2967.0
7693,22,2026-04-07 22:05:00,2026-04-07 22:25:00,planned,ELEC-01,7758.0
7694,15,2026-01-04 20:49:00,2026-01-04 23:24:00,planned,ELEC-01,
7695,11,2026-04-02 05:28:00,2026-04-02 06:41:00,planned,ELEC-01,9352.0
7696,43,2026-04-09 22:14:00,2026-04-09 22:59:00,unplanned,MEC-01,9712.0
7697,30,2026-05-03 15:25:00,2026-05-03 16:55:00,planned,MEC-01,9002.0
7698,24,2026-06-09 16:26:00,2026-06-09 17:32:00,unplanned,MEC-01,
7699,2,2026-04-20 20:28:00,2026-04-20 20:41:00,planned,MAT-01,2986.0
7700,47,2026-06-15 05:56:00,2026-06-15 08:27:00,unplanned,CAL-01,3953.0
7701,31,2026-04-04 22:36:00,2026-04-04 22:48:00,unplanned,ELEC-01,6339.0
7702,13,2026-03-09 04:19:00,2026-03-09 04:58:00,unplanned,MEC-01,5317.0
7703,11,2026-02-26 22:23:00,2026-02-27 00:59:00,planned,ELEC-01,
7704,45,2026-02-15 17:22:00,2026-02-15 19:57:00,unplanned,MEC-01,5312.0
7705,18,2026-05-30 18:30:00,2026-05-30 21:14:00,unplanned,CAL-01,8956.0
7706,48,2026-06-18 21:49:00,2026-06-18 23:17:00,unplanned,MEC-02,
7707,17,2026-01-14 21:57:00,2026-01-14 23:32:00,planned,MEC-01,7048.0
7708,39,2026-03-04 15:42:00,2026-03-04 16:39:00,planned,ELEC-01,9030.0
7709,6,2026-06-22 00:56:00,2026-06-22 03:10:00,unplanned,MEC-01,
7710,11,2026-01-16 06:39:00,2026-01-16 09:14:00,planned,MEC-01,5900.0
7711,9,2026-06-09 09:01:00,2026-06-09 11:09:00,planned,ELEC-01,
7712,13,2026-02-10 01:54:00,2026-02-10 04:48:00,unplanned,CAL-01,
7713,32,2026-02-09 12:45:00,2026-02-09 15:24:00,unplanned,MEC-01,1074.0
7714,12,2026-05-26 21:24:00,2026-05-26 23:36:00,planned,CAL-01,
7715,24,2026-04-29 09:52:00,2026-04-29 11:25:00,unplanned,ELEC-01,
7716,9,2026-02-12 18:15:00,2026-02-12 18:22:00,unplanned,MEC-01,3056.0
7717,8,2026-03-01 11:22:00,2026-03-01 12:46:00,planned,MEC-02,3822.0
7718,18,2026-03-27 10:47:00,2026-03-27 13:46:00,planned,MEC-01,7346.0
7719,3,2026-05-27 09:49:00,2026-05-27 11:32:00,planned,ELEC-01,6880.0
7720,21,2026-03-23 02:01:00,2026-03-23 04:08:00,planned,CAL-01,7285.0
7721,48,2026-02-02 13:55:00,2026-02-02 15:35:00,unplanned,ELEC-01,8107.0
7722,10,2026-04-26 04:09:00,2026-04-26 06:33:00,unplanned,MEC-02,
7723,44,2026-03-16 21:48:00,2026-03-16 22:04:00,planned,MEC-02,8224.0
7724,2,2026-01-18 04:50:00,2026-01-18 05:04:00,planned,MEC-02,8010.0
7725,36,2026-05-07 15:51:00,2026-05-07 16:06:00,planned,MEC-01,5037.0
7726,39,2026-01-27 13:26:00,2026-01-27 15:50:00,unplanned,ELEC-01,5875.0
7727,39,2026-02-12 12:31:00,2026-02-12 14:00:00,planned,CAL-01,1280.0
7728,29,2026-03-20 19:48:00,2026-03-20 21:47:00,unplanned,CAL-01,225.0
7729,47,2026-03-15 10:02:00,2026-03-15 12:16:00,unplanned,MEC-02,
7730,7,2026-04-15 19:02:00,2026-04-15 19:09:00,unplanned,MEC-01,3413.0
7731,48,2026-05-10 06:04:00,2026-05-10 06:10:00,unplanned,MEC-02,4583.0
7732,27,2026-02-07 14:39:00,2026-02-07 15:35:00,planned,CAL-01,8501.0
7733,3,2026-06-18 01:16:00,2026-06-18 02:14:00,unplanned,ELEC-01,
7734,41,2026-06-15 18:29:00,2026-06-15 19:47:00,planned,MEC-02,
7735,38,2026-05-30 07:42:00,2026-05-30 08:41:00,unplanned,MEC-01,8486.0
7736,5,2026-02-06 03:12:00,2026-02-06 03:21:00,planned,MEC-01,9207.0
7737,19,2026-05-25 18:07:00,2026-05-25 20:48:00,unplanned,ELEC-01,6346.0
7738,46,2026-05-25 10:27:00,2026-05-25 11:50:00,planned,MAT-01,7735.0
7739,4,2026-04-03 05:27:00,2026-04-03 07:58:00,unplanned,MEC-01,366.0
7740,30,2026-04-12 15:52:00,2026-04-12 15:57:00,unplanned,MAT-01,4531.0
7741,28,2026-03-19 05:31:00,2026-03-19 06:12:00,unplanned,MAT-01,6436.0
7742,46,2026-01-08 02:08:00,2026-01-08 02:32:00,unplanned,ELEC-01,5169.0
7743,7,2026-05-08 09:57:00,2026-05-08 10:41:00,unplanned,MEC-02,
7744,15,2026-05-24 01:51:00,2026-05-24 03:42:00,planned,ELEC-01,201.0
7745,35,2026-06-27 15:47:00,2026-06-27 16:26:00,planned,MAT-01,3455.0
7746,13,2026-05-06 15:44:00,2026-05-06 18:43:00,planned,CAL-01,4030.0
7747,23,2026-02-26 14:02:00,2026-02-26 15:11:00,planned,ELEC-01,2693.0
7748,27,2026-06-24 20:39:00,2026-06-24 21:44:00,planned,CAL-01,7861.0
7749,28,2026-04-01 12:21:00,2026-04-01 13:59:00,unplanned,MEC-02,
7750,9,2026-05-01 14:15:00,2026-05-01 15:41:00,unplanned,MAT-01,7195.0
7751,12,2026-03-10 08:13:00,2026-03-10 10:22:00,planned,MAT-01,665.0
7752,43,2026-02-06 23:53:00,2026-02-07 02:51:00,planned,MEC-01,
7753,36,2026-03-02 05:00:00,2026-03-02 06:39:00,planned,CAL-01,8696.0
7754,35,2026-06-10 16:03:00,2026-06-10 18:14:00,planned,MEC-01,
7755,30,2026-04-10 08:32:00,2026-04-10 09:11:00,unplanned,MAT-01,
7756,16,2026-06-03 20:39:00,2026-06-03 22:19:00,unplanned,MAT-01,7596.0
7757,9,2026-04-13 11:43:00,2026-04-13 13:39:00,unplanned,CAL-01,
7758,50,2026-02-07 23:35:00,2026-02-08 02:30:00,unplanned,MEC-01,8273.0
7759,45,2026-04-18 07:08:00,2026-04-18 07:44:00,planned,MEC-01,
7760,27,2026-02-10 05:11:00,2026-02-10 06:19:00,unplanned,CAL-01,3184.0
7761,18,2026-02-03 05:16:00,2026-02-03 06:35:00,planned,MEC-01,6258.0
7762,7,2026-05-21 09:14:00,2026-05-21 10:15:00,unplanned,MEC-02,
7763,38,2026-06-13 11:25:00,2026-06-13 12:48:00,unplanned,MEC-01,
7764,20,2026-03-29 17:23:00,2026-03-29 19:44:00,unplanned,CAL-01,2442.0
7765,46,2026-04-13 05:59:00,2026-04-13 06:24:00,unplanned,MEC-02,
7766,36,2026-02-03 18:27:00,2026-02-03 20:23:00,unplanned,MAT-01,4360.0
7767,27,2026-03-24 09:16:00,2026-03-24 09:47:00,unplanned,ELEC-01,5005.0
7768,17,2026-04-06 18:12:00,2026-04-06 20:13:00,planned,MEC-02,8054.0
7769,39,2026-03-20 12:40:00,2026-03-20 14:26:00,planned,MEC-01,9100.0
7770,38,2026-03-14 19:49:00,2026-03-14 21:21:00,unplanned,CAL-01,
7771,3,2026-02-13 08:50:00,2026-02-13 09:03:00,planned,ELEC-01,7906.0
7772,38,2026-05-21 12:55:00,2026-05-21 14:52:00,unplanned,CAL-01,
7773,42,2026-03-15 10:53:00,2026-03-15 13:25:00,unplanned,MEC-01,8166.0
7774,24,2026-02-15 08:51:00,2026-02-15 09:58:00,planned,MEC-02,7854.0
7775,12,2026-01-05 01:40:00,2026-01-05 03:55:00,unplanned,MAT-01,6493.0
7776,46,2026-02-20 08:26:00,2026-02-20 10:15:00,planned,MEC-01,1251.0
7777,18,2026-02-14 20:36:00,2026-02-14 23:30:00,planned,CAL-01,958.0
7778,9,2026-06-18 09:06:00,2026-06-18 11:20:00,unplanned,ELEC-01,1377.0
7779,42,2026-02-09 02:56:00,2026-02-09 05:27:00,planned,ELEC-01,5858.0
7780,17,2026-06-19 06:22:00,2026-06-19 06:36:00,unplanned,CAL-01,1907.0
7781,41,2026-06-27 09:55:00,2026-06-27 10:33:00,unplanned,MEC-02,5667.0
7782,21,2026-04-26 03:33:00,2026-04-26 06:03:00,unplanned,CAL-01,7469.0
7783,11,2026-05-27 12:37:00,2026-05-27 12:42:00,unplanned,MEC-01,6477.0
7784,47,2026-02-15 18:33:00,2026-02-15 20:00:00,planned,MEC-02,5379.0
7785,43,2026-02-15 00:22:00,2026-02-15 01:41:00,unplanned,MAT-01,4295.0
7786,42,2026-03-18 02:50:00,2026-03-18 04:41:00,planned,ELEC-01,9561.0
7787,39,2026-03-06 10:00:00,2026-03-06 12:37:00,unplanned,MAT-01,4687.0
7788,7,2026-02-10 11:12:00,2026-02-10 12:15:00,planned,ELEC-01,
7789,11,2026-05-07 04:06:00,2026-05-07 05:21:00,planned,ELEC-01,
7790,41,2026-06-19 02:27:00,2026-06-19 05:25:00,unplanned,CAL-01,5465.0
7791,40,2026-05-10 09:43:00,2026-05-10 12:07:00,unplanned,MAT-01,7423.0
7792,9,2026-03-22 12:46:00,2026-03-22 14:04:00,unplanned,MEC-02,6937.0
7793,7,2026-02-12 23:14:00,2026-02-13 00:10:00,planned,MAT-01,
7794,37,2026-05-25 16:23:00,2026-05-25 19:22:00,unplanned,MAT-01,3009.0
7795,27,2026-03-06 21:11:00,2026-03-06 23:14:00,planned,CAL-01,3212.0
7796,10,2026-01-12 18:19:00,2026-01-12 20:36:00,planned,MEC-02,9150.0
7797,32,2026-03-20 09:03:00,2026-03-20 11:48:00,unplanned,MAT-01,6911.0
7798,12,2026-04-09 12:19:00,2026-04-09 12:54:00,planned,CAL-01,
7799,3,2026-04-13 11:21:00,2026-04-13 13:09:00,planned,MAT-01,4297.0
7800,35,2026-01-05 10:59:00,2026-01-05 11:36:00,unplanned,ELEC-01,4352.0
7801,17,2026-06-01 14:13:00,2026-06-01 15:04:00,unplanned,MEC-02,5247.0
7802,42,2026-04-26 11:59:00,2026-04-26 12:44:00,planned,ELEC-01,5581.0
7803,21,2026-04-14 05:02:00,2026-04-14 07:50:00,unplanned,ELEC-01,
7804,44,2026-03-02 01:14:00,2026-03-02 04:04:00,unplanned,ELEC-01,1430.0
7805,21,2026-02-03 23:49:00,2026-02-04 00:21:00,unplanned,CAL-01,1614.0
7806,15,2026-05-12 01:27:00,2026-05-12 03:08:00,unplanned,MAT-01,2091.0
7807,45,2026-03-22 02:38:00,2026-03-22 04:00:00,planned,CAL-01,
7808,28,2026-05-25 20:00:00,2026-05-25 21:47:00,planned,MEC-02,6932.0
7809,39,2026-01-20 11:18:00,2026-01-20 12:58:00,planned,MEC-02,9416.0
7810,10,2026-05-11 22:40:00,2026-05-12 00:45:00,planned,MAT-01,6856.0
7811,39,2026-02-26 00:33:00,2026-02-26 02:09:00,planned,CAL-01,
7812,44,2026-02-08 14:27:00,2026-02-08 14:35:00,planned,MAT-01,5024.0
7813,1,2026-03-25 04:06:00,2026-03-25 04:43:00,planned,ELEC-01,6454.0
7814,23,2026-06-21 11:12:00,2026-06-21 13:03:00,unplanned,MEC-01,1804.0
7815,26,2026-04-13 15:13:00,2026-04-13 17:32:00,planned,ELEC-01,
7816,18,2026-01-13 19:16:00,2026-01-13 21:11:00,unplanned,ELEC-01,9388.0
7817,3,2026-03-11 01:30:00,2026-03-11 02:09:00,planned,ELEC-01,8842.0
7818,26,2026-05-28 14:04:00,2026-05-28 15:57:00,planned,MAT-01,9654.0
7819,42,2026-06-16 17:53:00,2026-06-16 19:44:00,planned,MEC-01,3861.0
7820,26,2026-01-24 12:43:00,2026-01-24 13:31:00,unplanned,MAT-01,3329.0
7821,48,2026-03-27 05:47:00,2026-03-27 06:25:00,planned,MEC-02,2366.0
7822,9,2026-03-25 09:34:00,2026-03-25 10:58:00,unplanned,MEC-02,1173.0
7823,47,2026-06-20 04:46:00,2026-06-20 06:32:00,planned,MAT-01,5565.0
7824,11,2026-01-24 01:23:00,2026-01-24 02:12:00,planned,MEC-01,
7825,2,2026-03-10 09:40:00,2026-03-10 11:53:00,planned,MEC-02,
7826,7,2026-03-17 16:50:00,2026-03-17 16:57:00,unplanned,MEC-01,473.0
7827,47,2026-04-05 14:03:00,2026-04-05 16:16:00,planned,ELEC-01,8857.0
7828,47,2026-04-18 09:54:00,2026-04-18 10:46:00,unplanned,MEC-02,4305.0
7829,12,2026-04-14 06:17:00,2026-04-14 07:37:00,unplanned,MAT-01,
7830,11,2026-03-16 19:54:00,2026-03-16 20:46:00,planned,MAT-01,
7831,2,2026-01-29 09:11:00,2026-01-29 11:36:00,unplanned,MEC-01,5875.0
7832,29,2026-03-18 03:29:00,2026-03-18 05:46:00,unplanned,MEC-02,9772.0
7833,15,2026-06-01 14:20:00,2026-06-01 14:51:00,planned,MEC-01,7259.0
7834,27,2026-01-18 12:56:00,2026-01-18 14:56:00,unplanned,CAL-01,4714.0
7835,18,2026-05-31 12:05:00,2026-05-31 14:02:00,unplanned,MEC-01,9203.0
7836,27,2026-05-20 11:36:00,2026-05-20 12:35:00,planned,MEC-02,2767.0
7837,7,2026-06-15 04:46:00,2026-06-15 06:29:00,unplanned,MEC-02,9902.0
7838,4,2026-02-06 21:40:00,2026-02-07 00:27:00,planned,MEC-01,6169.0
7839,9,2026-04-08 05:38:00,2026-04-08 08:25:00,planned,CAL-01,2890.0
7840,14,2026-05-07 04:28:00,2026-05-07 04:37:00,unplanned,CAL-01,7494.0
7841,10,2026-01-11 21:07:00,2026-01-11 22:48:00,unplanned,MEC-02,
7842,15,2026-06-03 08:15:00,2026-06-03 08:34:00,unplanned,MEC-02,2340.0
7843,21,2026-01-03 00:58:00,2026-01-03 01:07:00,planned,CAL-01,
7844,6,2026-01-25 04:17:00,2026-01-25 04:27:00,planned,ELEC-01,
7845,22,2026-05-05 09:08:00,2026-05-05 10:39:00,planned,MEC-02,6186.0
7846,15,2026-04-19 23:55:00,2026-04-20 00:44:00,planned,ELEC-01,
7847,12,2026-06-25 23:12:00,2026-06-26 00:35:00,unplanned,MEC-01,7759.0
7848,20,2026-06-20 17:07:00,2026-06-20 18:41:00,planned,MEC-01,
7849,25,2026-05-24 03:35:00,2026-05-24 04:51:00,unplanned,CAL-01,4539.0
7850,28,2026-06-16 03:56:00,2026-06-16 05:02:00,planned,CAL-01,4278.0
7851,46,2026-04-16 01:16:00,2026-04-16 03:22:00,planned,MAT-01,9766.0
7852,35,2026-05-20 08:53:00,2026-05-20 09:35:00,planned,MEC-02,1783.0
7853,34,2026-02-10 04:42:00,2026-02-10 06:18:00,planned,ELEC-01,9101.0
7854,43,2026-02-18 06:00:00,2026-02-18 07:11:00,unplanned,MEC-02,935.0
7855,26,2026-02-23 15:13:00,2026-02-23 15:39:00,planned,CAL-01,9667.0
7856,10,2026-03-31 04:53:00,2026-03-31 05:10:00,planned,MEC-02,9.0
7857,3,2026-04-04 09:09:00,2026-04-04 11:24:00,planned,MAT-01,6923.0
7858,49,2026-05-09 20:49:00,2026-05-09 22:05:00,planned,ELEC-01,5869.0
7859,9,2026-03-05 01:30:00,2026-03-05 02:49:00,unplanned,ELEC-01,
7860,10,2026-06-20 06:38:00,2026-06-20 09:28:00,unplanned,ELEC-01,3214.0
7861,24,2026-04-22 21:23:00,2026-04-22 21:55:00,unplanned,ELEC-01,
7862,49,2026-01-13 19:05:00,2026-01-13 20:54:00,planned,ELEC-01,5058.0
7863,20,2026-03-14 14:24:00,2026-03-14 16:37:00,planned,MEC-02,462.0
7864,27,2026-04-20 18:30:00,2026-04-20 21:18:00,planned,CAL-01,
7865,34,2026-06-03 04:01:00,2026-06-03 04:46:00,planned,MEC-02,5828.0
7866,37,2026-02-05 09:25:00,2026-02-05 09:30:00,unplanned,ELEC-01,5519.0
7867,20,2026-01-10 02:51:00,2026-01-10 04:15:00,unplanned,MEC-02,6180.0
7868,35,2026-05-20 13:18:00,2026-05-20 13:46:00,unplanned,MAT-01,
7869,25,2026-02-15 18:57:00,2026-02-15 20:45:00,planned,MAT-01,9574.0
7870,5,2026-06-09 03:45:00,2026-06-09 04:23:00,planned,MEC-01,5583.0
7871,26,2026-01-30 16:54:00,2026-01-30 18:50:00,planned,CAL-01,
7872,41,2026-03-29 11:20:00,2026-03-29 12:24:00,unplanned,MEC-02,
7873,4,2026-03-01 18:34:00,2026-03-01 18:51:00,planned,CAL-01,
7874,31,2026-04-23 22:08:00,2026-04-24 00:15:00,unplanned,MEC-01,9543.0
7875,17,2026-05-07 20:47:00,2026-05-07 21:40:00,planned,CAL-01,
7876,17,2026-06-26 15:27:00,2026-06-26 16:19:00,unplanned,MAT-01,1763.0
7877,41,2026-04-19 00:28:00,2026-04-19 02:57:00,planned,MEC-01,
7878,1,2026-06-18 11:38:00,2026-06-18 12:29:00,planned,MEC-01,5965.0
7879,28,2026-06-04 08:10:00,2026-06-04 08:47:00,planned,MEC-02,4028.0
7880,1,2026-05-24 09:57:00,2026-05-24 12:45:00,planned,MAT-01,5131.0
7881,8,2026-01-21 22:07:00,2026-01-21 23:31:00,unplanned,MEC-02,
7882,36,2026-01-15 02:03:00,2026-01-15 02:35:00,unplanned,MEC-02,1649.0
7883,21,2026-03-27 15:57:00,2026-03-27 16:51:00,planned,MAT-01,8406.0
7884,16,2026-04-20 20:50:00,2026-04-20 22:40:00,unplanned,MEC-02,3573.0
7885,17,2026-05-16 07:42:00,2026-05-16 09:07:00,planned,MAT-01,7402.0
7886,14,2026-01-22 23:35:00,2026-01-23 00:19:00,planned,CAL-01,9163.0
7887,6,2026-04-27 23:23:00,2026-04-28 01:02:00,planned,ELEC-01,6903.0
7888,34,2026-01-06 11:16:00,2026-01-06 11:35:00,planned,CAL-01,2600.0
7889,22,2026-02-28 03:46:00,2026-02-28 06:17:00,unplanned,MEC-02,4945.0
7890,13,2026-04-25 04:32:00,2026-04-25 05:38:00,unplanned,CAL-01,8579.0
7891,44,2026-05-21 13:36:00,2026-05-21 14:16:00,unplanned,MEC-01,2925.0
7892,29,2026-04-29 05:23:00,2026-04-29 05:42:00,unplanned,ELEC-01,7419.0
7893,29,2026-03-24 07:10:00,2026-03-24 08:02:00,planned,CAL-01,1275.0
7894,16,2026-04-17 16:00:00,2026-04-17 17:11:00,planned,MEC-01,2661.0
7895,27,2026-05-11 12:45:00,2026-05-11 13:23:00,unplanned,CAL-01,
7896,35,2026-01-23 09:29:00,2026-01-23 11:29:00,planned,CAL-01,
7897,46,2026-05-12 22:34:00,2026-05-13 00:13:00,unplanned,MEC-02,6213.0
7898,15,2026-05-16 15:33:00,2026-05-16 15:38:00,unplanned,MEC-02,9679.0
7899,17,2026-02-08 03:14:00,2026-02-08 05:46:00,unplanned,ELEC-01,
7900,35,2026-01-30 11:20:00,2026-01-30 12:04:00,planned,MAT-01,7734.0
7901,4,2026-06-19 15:06:00,2026-06-19 17:08:00,planned,MAT-01,5492.0
7902,8,2026-03-09 03:25:00,2026-03-09 05:52:00,planned,MEC-01,628.0
7903,21,2026-01-28 04:10:00,2026-01-28 06:04:00,planned,MEC-02,2359.0
7904,44,2026-02-24 16:54:00,2026-02-24 19:03:00,unplanned,ELEC-01,9006.0
7905,34,2026-03-17 12:53:00,2026-03-17 14:13:00,unplanned,MEC-02,8407.0
7906,28,2026-06-03 15:25:00,2026-06-03 15:37:00,unplanned,MAT-01,6707.0
7907,6,2026-05-09 15:21:00,2026-05-09 17:23:00,unplanned,ELEC-01,
7908,23,2026-03-03 12:04:00,2026-03-03 13:11:00,unplanned,MAT-01,9502.0
7909,12,2026-03-21 22:57:00,2026-03-22 00:04:00,unplanned,ELEC-01,
7910,7,2026-06-13 15:21:00,2026-06-13 17:08:00,planned,CAL-01,
7911,31,2026-05-08 06:12:00,2026-05-08 06:55:00,unplanned,CAL-01,
7912,18,2026-05-17 17:40:00,2026-05-17 19:52:00,planned,MEC-01,
7913,46,2026-04-30 13:34:00,2026-04-30 15:41:00,planned,MEC-02,
7914,48,2026-04-24 18:51:00,2026-04-24 20:35:00,planned,MAT-01,577.0
7915,17,2026-01-21 02:12:00,2026-01-21 03:58:00,unplanned,MEC-01,5997.0
7916,38,2026-04-03 20:48:00,2026-04-03 22:51:00,planned,CAL-01,
7917,35,2026-02-06 02:03:00,2026-02-06 04:37:00,planned,MAT-01,
7918,32,2026-03-16 08:27:00,2026-03-16 09:40:00,unplanned,MEC-01,
7919,39,2026-05-29 21:33:00,2026-05-29 22:41:00,unplanned,MEC-01,7480.0
7920,17,2026-02-18 08:19:00,2026-02-18 10:01:00,planned,ELEC-01,8627.0
7921,31,2026-02-12 18:37:00,2026-02-12 19:07:00,planned,MEC-01,3.0
7922,49,2026-06-02 16:47:00,2026-06-02 18:42:00,unplanned,MAT-01,2278.0
7923,18,2026-05-29 19:26:00,2026-05-29 22:06:00,unplanned,MAT-01,
7924,16,2026-04-19 20:42:00,2026-04-19 23:04:00,planned,CAL-01,3708.0
7925,18,2026-02-17 12:24:00,2026-02-17 13:33:00,planned,ELEC-01,4273.0
7926,13,2026-04-29 05:40:00,2026-04-29 05:54:00,unplanned,MEC-01,
7927,14,2026-03-23 10:41:00,2026-03-23 12:24:00,planned,ELEC-01,
7928,46,2026-06-09 08:35:00,2026-06-09 08:51:00,unplanned,ELEC-01,3222.0
7929,30,2026-02-27 22:36:00,2026-02-28 00:16:00,planned,MEC-01,3909.0
7930,25,2026-02-13 07:29:00,2026-02-13 09:15:00,unplanned,CAL-01,5933.0
7931,41,2026-04-21 07:14:00,2026-04-21 09:38:00,unplanned,MEC-01,
7932,24,2026-02-16 13:39:00,2026-02-16 14:18:00,unplanned,MEC-02,4504.0
7933,31,2026-04-22 21:14:00,2026-04-22 23:48:00,unplanned,MAT-01,
7934,13,2026-06-16 22:48:00,2026-06-16 23:00:00,unplanned,MEC-01,9588.0
7935,40,2026-02-25 15:28:00,2026-02-25 17:27:00,unplanned,MAT-01,
7936,25,2026-05-25 03:49:00,2026-05-25 04:21:00,planned,MEC-01,
7937,27,2026-04-07 18:46:00,2026-04-07 20:45:00,planned,MAT-01,
7938,12,2026-02-21 03:12:00,2026-02-21 05:57:00,planned,ELEC-01,
7939,11,2026-04-19 07:26:00,2026-04-19 09:52:00,planned,MEC-01,1165.0
7940,11,2026-04-25 03:45:00,2026-04-25 05:36:00,unplanned,ELEC-01,177.0
7941,39,2026-03-05 16:34:00,2026-03-05 17:52:00,planned,MEC-01,2655.0
7942,5,2026-01-24 11:23:00,2026-01-24 12:52:00,unplanned,MAT-01,4583.0
7943,43,2026-01-20 15:05:00,2026-01-20 15:10:00,unplanned,MEC-01,6972.0
7944,37,2026-05-14 04:02:00,2026-05-14 05:09:00,unplanned,CAL-01,6758.0
7945,47,2026-06-17 08:07:00,2026-06-17 10:12:00,planned,MAT-01,6386.0
7946,4,2026-05-18 23:52:00,2026-05-19 02:43:00,planned,MEC-01,6607.0
7947,49,2026-04-01 11:39:00,2026-04-01 13:33:00,planned,ELEC-01,8226.0
7948,26,2026-03-24 19:55:00,2026-03-24 22:00:00,unplanned,MEC-01,5727.0
7949,15,2026-05-09 01:52:00,2026-05-09 02:28:00,unplanned,CAL-01,
7950,36,2026-01-13 01:01:00,2026-01-13 02:58:00,unplanned,ELEC-01,7233.0
7951,22,2026-05-21 00:39:00,2026-05-21 02:30:00,planned,MEC-02,
7952,32,2026-06-24 19:52:00,2026-06-24 20:54:00,planned,MEC-01,1654.0
7953,12,2026-04-04 16:01:00,2026-04-04 16:11:00,planned,MEC-02,9916.0
7954,44,2026-02-22 01:40:00,2026-02-22 03:59:00,unplanned,MEC-01,3034.0
7955,9,2026-06-03 09:34:00,2026-06-03 11:48:00,unplanned,CAL-01,857.0
7956,44,2026-03-07 06:24:00,2026-03-07 08:32:00,unplanned,MAT-01,
7957,5,2026-03-31 18:51:00,2026-03-31 20:20:00,planned,ELEC-01,
7958,33,2026-04-30 12:30:00,2026-04-30 14:08:00,planned,ELEC-01,4855.0
7959,37,2026-03-07 16:45:00,2026-03-07 18:33:00,unplanned,MEC-02,7900.0
7960,5,2026-05-19 02:05:00,2026-05-19 04:45:00,planned,MEC-01,3181.0
7961,20,2026-03-06 05:24:00,2026-03-06 08:08:00,unplanned,MEC-02,
7962,11,2026-06-11 17:13:00,2026-06-11 18:35:00,unplanned,MAT-01,5003.0
7963,18,2026-02-28 08:55:00,2026-02-28 11:23:00,unplanned,CAL-01,5404.0
7964,33,2026-06-14 02:29:00,2026-06-14 03:40:00,unplanned,MEC-02,5450.0
7965,23,2026-03-14 00:23:00,2026-03-14 01:54:00,unplanned,ELEC-01,
7966,12,2026-02-26 02:55:00,2026-02-26 04:20:00,planned,MEC-02,4375.0
7967,24,2026-03-16 19:19:00,2026-03-16 22:03:00,unplanned,MEC-02,3655.0
7968,8,2026-03-16 03:24:00,2026-03-16 04:05:00,planned,ELEC-01,4169.0
7969,48,2026-05-26 19:44:00,2026-05-26 22:27:00,planned,CAL-01,7450.0
7970,11,2026-03-17 15:56:00,2026-03-17 16:43:00,unplanned,ELEC-01,
7971,19,2026-03-28 14:02:00,2026-03-28 14:56:00,unplanned,ELEC-01,5578.0
7972,7,2026-05-27 22:08:00,2026-05-28 01:06:00,planned,MAT-01,
7973,36,2026-04-16 06:07:00,2026-04-16 08:39:00,unplanned,MEC-02,5904.0
7974,38,2026-05-02 17:21:00,2026-05-02 17:48:00,unplanned,MEC-02,1632.0
7975,11,2026-05-21 12:54:00,2026-05-21 14:16:00,planned,MEC-02,
7976,33,2026-02-14 18:09:00,2026-02-14 18:28:00,unplanned,MEC-01,4896.0
7977,29,2026-05-15 04:49:00,2026-05-15 07:09:00,unplanned,CAL-01,6379.0
7978,41,2026-04-26 16:40:00,2026-04-26 18:45:00,planned,ELEC-01,9711.0
7979,16,2026-04-20 04:44:00,2026-04-20 05:16:00,planned,MEC-01,8808.0
7980,32,2026-06-22 19:02:00,2026-06-22 19:29:00,planned,MAT-01,3305.0
7981,19,2026-03-26 08:17:00,2026-03-26 10:14:00,planned,CAL-01,7752.0
7982,15,2026-02-04 07:28:00,2026-02-04 10:05:00,unplanned,MAT-01,1789.0
7983,34,2026-02-19 01:41:00,2026-02-19 03:10:00,planned,MAT-01,2443.0
7984,16,2026-03-02 17:57:00,2026-03-02 20:52:00,planned,CAL-01,3148.0
7985,42,2026-01-21 13:19:00,2026-01-21 16:06:00,planned,MEC-02,3988.0
7986,5,2026-02-28 06:42:00,2026-02-28 08:21:00,planned,ELEC-01,8983.0
7987,31,2026-02-06 17:38:00,2026-02-06 19:55:00,unplanned,MAT-01,
7988,5,2026-03-22 11:16:00,2026-03-22 12:11:00,planned,MAT-01,
7989,44,2026-05-14 07:44:00,2026-05-14 08:43:00,unplanned,MEC-02,8209.0
7990,49,2026-02-01 14:33:00,2026-02-01 15:48:00,unplanned,ELEC-01,97.0
7991,19,2026-03-11 16:10:00,2026-03-11 17:38:00,unplanned,CAL-01,5156.0
7992,13,2026-04-25 08:35:00,2026-04-25 09:44:00,planned,MEC-02,
7993,38,2026-04-07 12:27:00,2026-04-07 13:05:00,unplanned,MAT-01,9515.0
7994,32,2026-06-15 23:27:00,2026-06-16 00:50:00,planned,MEC-01,3628.0
7995,45,2026-05-25 18:04:00,2026-05-25 18:53:00,unplanned,CAL-01,6006.0
7996,1,2026-04-25 07:16:00,2026-04-25 08:50:00,planned,CAL-01,
7997,32,2026-05-02 14:19:00,2026-05-02 14:35:00,unplanned,MAT-01,4281.0
7998,24,2026-01-30 02:57:00,2026-01-30 04:13:00,unplanned,MAT-01,1358.0
7999,42,2026-05-12 18:32:00,2026-05-12 18:52:00,unplanned,CAL-01,2362.0
8000,11,2026-01-29 23:31:00,2026-01-30 01:17:00,planned,CAL-01,585.0
8001,32,2026-02-10 14:22:00,2026-02-10 15:01:00,unplanned,MEC-02,1770.0
8002,8,2026-02-05 03:06:00,2026-02-05 04:11:00,unplanned,CAL-01,
8003,7,2026-01-11 13:03:00,2026-01-11 13:44:00,unplanned,MEC-02,
8004,5,2026-06-19 02:55:00,2026-06-19 05:54:00,planned,MEC-01,7758.0
8005,46,2026-04-05 16:11:00,2026-04-05 18:22:00,unplanned,MEC-01,4344.0
8006,28,2026-02-16 08:11:00,2026-02-16 10:15:00,unplanned,MEC-01,
8007,24,2026-05-18 01:28:00,2026-05-18 03:12:00,unplanned,MEC-02,8787.0
8008,13,2026-05-27 05:17:00,2026-05-27 06:49:00,unplanned,MEC-02,9538.0
8009,43,2026-01-25 12:41:00,2026-01-25 14:11:00,unplanned,ELEC-01,104.0
8010,47,2026-06-25 20:52:00,2026-06-25 20:57:00,planned,MEC-02,5654.0
8011,41,2026-04-30 00:31:00,2026-04-30 02:23:00,planned,MEC-01,9158.0
8012,17,2026-02-17 15:00:00,2026-02-17 15:11:00,planned,MEC-01,1230.0
8013,11,2026-05-13 11:08:00,2026-05-13 12:35:00,unplanned,MAT-01,7618.0
8014,9,2026-04-28 09:40:00,2026-04-28 12:32:00,planned,MAT-01,
8015,44,2026-06-08 11:48:00,2026-06-08 13:52:00,unplanned,ELEC-01,933.0
8016,8,2026-04-20 17:04:00,2026-04-20 17:49:00,unplanned,ELEC-01,879.0
8017,22,2026-04-25 11:37:00,2026-04-25 13:35:00,planned,ELEC-01,
8018,26,2026-01-08 12:58:00,2026-01-08 15:00:00,planned,MEC-01,4575.0
8019,8,2026-05-29 06:52:00,2026-05-29 09:05:00,planned,MAT-01,4119.0
8020,38,2026-02-25 08:22:00,2026-02-25 10:07:00,unplanned,ELEC-01,
8021,35,2026-01-25 19:04:00,2026-01-25 21:38:00,unplanned,CAL-01,5321.0
8022,12,2026-03-17 01:33:00,2026-03-17 04:09:00,unplanned,MEC-01,7864.0
8023,30,2026-05-11 18:03:00,2026-05-11 20:32:00,unplanned,MAT-01,
8024,45,2026-01-16 08:29:00,2026-01-16 08:37:00,unplanned,MEC-01,546.0
8025,29,2026-03-08 18:10:00,2026-03-08 18:32:00,planned,ELEC-01,
8026,5,2026-04-17 10:02:00,2026-04-17 10:30:00,unplanned,MEC-01,6864.0
8027,30,2026-05-07 08:45:00,2026-05-07 09:51:00,unplanned,ELEC-01,
8028,4,2026-06-21 17:11:00,2026-06-21 19:40:00,planned,MAT-01,3090.0
8029,46,2026-03-01 05:20:00,2026-03-01 06:43:00,planned,ELEC-01,4372.0
8030,38,2026-04-17 02:45:00,2026-04-17 03:58:00,unplanned,MEC-01,9638.0
8031,13,2026-04-27 11:27:00,2026-04-27 13:35:00,unplanned,MEC-01,8032.0
8032,47,2026-01-27 08:34:00,2026-01-27 11:22:00,unplanned,ELEC-01,6143.0
8033,24,2026-04-18 22:45:00,2026-04-19 00:06:00,planned,CAL-01,7789.0
8034,6,2026-06-22 20:08:00,2026-06-22 22:50:00,unplanned,MEC-01,4196.0
8035,7,2026-02-02 19:41:00,2026-02-02 19:58:00,planned,MAT-01,1655.0
8036,21,2026-05-03 21:20:00,2026-05-03 23:16:00,unplanned,MEC-01,6050.0
8037,3,2026-06-16 01:44:00,2026-06-16 04:01:00,planned,MEC-02,
8038,28,2026-02-22 23:54:00,2026-02-23 00:18:00,unplanned,MAT-01,2719.0
8039,39,2026-02-24 18:57:00,2026-02-24 19:42:00,planned,MEC-02,8350.0
8040,33,2026-06-24 23:43:00,2026-06-25 02:09:00,planned,MAT-01,821.0
8041,37,2026-01-23 15:17:00,2026-01-23 17:55:00,planned,MEC-01,5422.0
8042,16,2026-01-13 10:24:00,2026-01-13 13:05:00,unplanned,MEC-02,
8043,43,2026-05-05 19:25:00,2026-05-05 19:53:00,unplanned,MAT-01,6569.0
8044,20,2026-01-17 07:36:00,2026-01-17 09:19:00,unplanned,CAL-01,
8045,27,2026-02-06 08:10:00,2026-02-06 08:25:00,planned,CAL-01,
8046,20,2026-02-07 18:57:00,2026-02-07 20:44:00,planned,ELEC-01,
8047,13,2026-06-12 20:18:00,2026-06-12 21:46:00,planned,MEC-02,1967.0
8048,4,2026-04-27 15:36:00,2026-04-27 17:02:00,planned,MEC-01,9045.0
8049,11,2026-03-26 18:15:00,2026-03-26 18:56:00,planned,ELEC-01,7335.0
8050,37,2026-01-18 14:04:00,2026-01-18 16:32:00,unplanned,ELEC-01,
8051,23,2026-04-12 12:14:00,2026-04-12 13:43:00,unplanned,ELEC-01,7807.0
8052,8,2026-02-01 02:38:00,2026-02-01 04:34:00,unplanned,MEC-01,4637.0
8053,9,2026-04-16 06:12:00,2026-04-16 09:05:00,unplanned,MAT-01,
8054,24,2026-03-24 19:36:00,2026-03-24 22:13:00,planned,ELEC-01,
8055,32,2026-05-17 08:45:00,2026-05-17 10:23:00,unplanned,ELEC-01,8152.0
8056,33,2026-04-28 10:28:00,2026-04-28 10:37:00,planned,ELEC-01,3594.0
8057,49,2026-06-18 08:02:00,2026-06-18 10:56:00,planned,MEC-01,1641.0
8058,5,2026-06-11 12:02:00,2026-06-11 12:09:00,planned,MAT-01,
8059,24,2026-02-11 12:50:00,2026-02-11 14:20:00,unplanned,CAL-01,4728.0
8060,48,2026-01-30 13:56:00,2026-01-30 16:09:00,planned,MAT-01,
8061,23,2026-03-12 05:13:00,2026-03-12 05:46:00,planned,MEC-02,
8062,1,2026-01-31 12:37:00,2026-01-31 12:48:00,planned,MAT-01,
8063,28,2026-02-19 08:02:00,2026-02-19 10:08:00,planned,ELEC-01,
8064,22,2026-06-06 23:05:00,2026-06-07 00:27:00,unplanned,MEC-02,
8065,31,2026-04-13 07:12:00,2026-04-13 08:26:00,unplanned,CAL-01,
8066,42,2026-02-05 10:44:00,2026-02-05 13:11:00,unplanned,MAT-01,923.0
8067,42,2026-05-09 00:32:00,2026-05-09 00:52:00,planned,MAT-01,659.0
8068,39,2026-06-05 15:19:00,2026-06-05 17:38:00,planned,CAL-01,3543.0
8069,41,2026-01-10 19:52:00,2026-01-10 21:15:00,unplanned,MEC-02,
8070,23,2026-03-31 18:21:00,2026-03-31 18:52:00,planned,MEC-02,4037.0
8071,50,2026-03-10 00:58:00,2026-03-10 02:49:00,planned,ELEC-01,5594.0
8072,26,2026-06-23 06:30:00,2026-06-23 07:25:00,planned,CAL-01,
8073,42,2026-03-19 20:36:00,2026-03-19 22:30:00,planned,MEC-01,6231.0
8074,28,2026-06-07 12:06:00,2026-06-07 15:06:00,planned,MEC-02,4264.0
8075,43,2026-03-02 11:50:00,2026-03-02 13:02:00,unplanned,CAL-01,1559.0
8076,50,2026-06-13 12:44:00,2026-06-13 13:22:00,unplanned,ELEC-01,3502.0
8077,9,2026-04-29 06:52:00,2026-04-29 09:32:00,unplanned,MEC-01,7847.0
8078,32,2026-06-06 16:31:00,2026-06-06 17:36:00,unplanned,ELEC-01,9290.0
8079,32,2026-03-30 08:35:00,2026-03-30 11:30:00,planned,MEC-02,
8080,17,2026-04-20 04:33:00,2026-04-20 07:06:00,planned,MEC-02,
8081,27,2026-02-07 03:42:00,2026-02-07 04:57:00,planned,CAL-01,3478.0
8082,2,2026-06-21 18:54:00,2026-06-21 20:26:00,unplanned,CAL-01,6401.0
8083,11,2026-04-22 00:29:00,2026-04-22 00:48:00,planned,ELEC-01,4266.0
8084,49,2026-05-27 17:55:00,2026-05-27 19:49:00,unplanned,CAL-01,5913.0
8085,43,2026-04-02 22:24:00,2026-04-03 01:04:00,unplanned,ELEC-01,8360.0
8086,15,2026-02-01 03:30:00,2026-02-01 05:03:00,unplanned,CAL-01,7091.0
8087,43,2026-03-03 07:37:00,2026-03-03 09:18:00,planned,MEC-01,
8088,40,2026-05-01 15:07:00,2026-05-01 16:57:00,unplanned,MAT-01,
8089,1,2026-02-23 08:20:00,2026-02-23 11:09:00,unplanned,MEC-02,3366.0
8090,44,2026-01-16 20:44:00,2026-01-16 23:16:00,unplanned,MEC-01,5375.0
8091,7,2026-02-27 01:32:00,2026-02-27 02:46:00,planned,MAT-01,
8092,31,2026-04-30 19:32:00,2026-04-30 20:52:00,planned,CAL-01,
8093,50,2026-03-22 19:04:00,2026-03-22 21:54:00,unplanned,MEC-01,7120.0
8094,25,2026-05-04 11:47:00,2026-05-04 12:52:00,planned,CAL-01,
8095,48,2026-02-07 18:07:00,2026-02-07 19:38:00,unplanned,ELEC-01,478.0
8096,26,2026-03-23 12:55:00,2026-03-23 14:59:00,unplanned,MEC-02,
8097,28,2026-01-01 13:20:00,2026-01-01 13:28:00,unplanned,MAT-01,1810.0
8098,17,2026-02-25 09:53:00,2026-02-25 11:39:00,unplanned,MEC-01,
8099,2,2026-04-06 18:10:00,2026-04-06 21:07:00,planned,ELEC-01,2776.0
8100,18,2026-05-18 16:18:00,2026-05-18 18:46:00,planned,MEC-01,9732.0
8101,13,2026-03-27 10:47:00,2026-03-27 10:54:00,planned,MEC-01,
8102,25,2026-03-26 15:42:00,2026-03-26 16:02:00,unplanned,CAL-01,9042.0
8103,39,2026-05-02 08:40:00,2026-05-02 09:06:00,planned,CAL-01,6778.0
8104,40,2026-04-23 10:57:00,2026-04-23 13:50:00,unplanned,ELEC-01,8124.0
8105,31,2026-01-08 10:14:00,2026-01-08 12:28:00,planned,MEC-01,458.0
8106,32,2026-03-09 18:42:00,2026-03-09 19:48:00,unplanned,MAT-01,4805.0
8107,28,2026-03-04 12:44:00,2026-03-04 14:49:00,planned,MEC-02,
8108,17,2026-02-10 22:19:00,2026-02-10 23:01:00,unplanned,MAT-01,4727.0
8109,40,2026-01-24 11:54:00,2026-01-24 12:07:00,planned,MEC-01,
8110,26,2026-05-30 13:55:00,2026-05-30 15:28:00,unplanned,MAT-01,668.0
8111,25,2026-03-21 09:08:00,2026-03-21 09:53:00,unplanned,CAL-01,
8112,47,2026-06-01 09:30:00,2026-06-01 10:41:00,planned,CAL-01,8748.0
8113,49,2026-01-11 17:52:00,2026-01-11 19:41:00,unplanned,CAL-01,603.0
8114,19,2026-06-01 06:22:00,2026-06-01 07:41:00,unplanned,ELEC-01,8644.0
8115,6,2026-06-29 09:31:00,2026-06-29 09:49:00,planned,MAT-01,
8116,7,2026-04-13 10:47:00,2026-04-13 13:30:00,unplanned,MEC-02,8555.0
8117,48,2026-06-28 04:13:00,2026-06-28 06:22:00,unplanned,ELEC-01,4556.0
8118,25,2026-01-30 13:15:00,2026-01-30 14:30:00,planned,CAL-01,9649.0
8119,9,2026-06-10 05:18:00,2026-06-10 08:06:00,unplanned,MEC-01,
8120,19,2026-06-09 06:26:00,2026-06-09 08:44:00,planned,MAT-01,
8121,45,2026-06-28 01:00:00,2026-06-28 02:38:00,planned,MEC-01,8232.0
8122,46,2026-03-01 15:13:00,2026-03-01 17:20:00,unplanned,CAL-01,
8123,6,2026-04-07 18:07:00,2026-04-07 20:51:00,unplanned,MAT-01,8322.0
8124,43,2026-01-01 23:13:00,2026-01-02 01:28:00,planned,MEC-02,7786.0
8125,41,2026-04-30 09:50:00,2026-04-30 11:38:00,planned,MEC-01,
8126,31,2026-03-18 23:09:00,2026-03-19 01:21:00,planned,MEC-01,
8127,14,2026-05-24 01:28:00,2026-05-24 01:36:00,unplanned,CAL-01,4704.0
8128,8,2026-06-07 21:59:00,2026-06-07 22:58:00,unplanned,ELEC-01,7521.0
8129,50,2026-01-10 04:38:00,2026-01-10 06:51:00,planned,CAL-01,7000.0
8130,27,2026-03-03 16:13:00,2026-03-03 17:36:00,unplanned,MEC-02,
8131,2,2026-04-28 01:43:00,2026-04-28 04:01:00,planned,CAL-01,
8132,4,2026-05-19 20:28:00,2026-05-19 23:22:00,unplanned,MEC-02,
8133,27,2026-03-16 08:41:00,2026-03-16 09:08:00,planned,ELEC-01,4291.0
8134,1,2026-01-31 03:15:00,2026-01-31 04:54:00,planned,MAT-01,1895.0
8135,15,2026-05-15 15:44:00,2026-05-15 18:44:00,unplanned,MAT-01,5226.0
8136,12,2026-04-06 05:42:00,2026-04-06 06:01:00,unplanned,MAT-01,
8137,22,2026-04-20 02:24:00,2026-04-20 03:29:00,unplanned,MAT-01,1978.0
8138,2,2026-04-15 14:20:00,2026-04-15 15:18:00,planned,MAT-01,
8139,13,2026-05-24 16:51:00,2026-05-24 17:11:00,unplanned,ELEC-01,
8140,37,2026-04-17 10:27:00,2026-04-17 11:26:00,planned,MEC-01,3672.0
8141,37,2026-03-07 07:53:00,2026-03-07 10:06:00,planned,CAL-01,4909.0
8142,39,2026-05-16 07:16:00,2026-05-16 08:47:00,unplanned,MEC-01,1814.0
8143,6,2026-04-01 19:29:00,2026-04-01 22:22:00,unplanned,ELEC-01,
8144,8,2026-03-07 10:53:00,2026-03-07 11:30:00,unplanned,MEC-01,
8145,5,2026-01-28 00:27:00,2026-01-28 02:03:00,unplanned,ELEC-01,644.0
8146,16,2026-06-19 05:59:00,2026-06-19 07:23:00,planned,MEC-02,
8147,3,2026-04-02 04:23:00,2026-04-02 07:14:00,planned,ELEC-01,
8148,39,2026-04-17 00:06:00,2026-04-17 01:26:00,unplanned,MEC-01,2020.0
8149,38,2026-06-12 16:53:00,2026-06-12 18:03:00,unplanned,CAL-01,
8150,33,2026-05-06 02:11:00,2026-05-06 03:55:00,planned,ELEC-01,
8151,40,2026-01-06 08:48:00,2026-01-06 11:11:00,planned,ELEC-01,9511.0
8152,20,2026-02-16 02:23:00,2026-02-16 05:03:00,unplanned,MEC-01,
8153,5,2026-04-21 05:03:00,2026-04-21 06:42:00,planned,MAT-01,6881.0
8154,35,2026-01-02 05:37:00,2026-01-02 07:19:00,unplanned,CAL-01,1280.0
8155,39,2026-05-13 10:17:00,2026-05-13 10:48:00,unplanned,ELEC-01,
8156,42,2026-03-30 17:29:00,2026-03-30 18:03:00,unplanned,MEC-02,9417.0
8157,45,2026-06-23 17:18:00,2026-06-23 17:31:00,planned,ELEC-01,2726.0
8158,35,2026-02-02 22:37:00,2026-02-03 00:23:00,unplanned,MEC-02,
8159,42,2026-06-22 18:55:00,2026-06-22 21:49:00,planned,MEC-01,1551.0
8160,42,2026-02-26 10:55:00,2026-02-26 12:08:00,planned,MAT-01,8208.0
8161,42,2026-05-06 04:58:00,2026-05-06 06:09:00,unplanned,MEC-02,1217.0
8162,19,2026-04-14 20:13:00,2026-04-14 23:00:00,planned,MAT-01,
8163,31,2026-02-13 03:58:00,2026-02-13 06:52:00,planned,MEC-01,5454.0
8164,38,2026-03-18 14:32:00,2026-03-18 17:28:00,planned,MEC-02,6605.0
8165,36,2026-03-25 14:58:00,2026-03-25 16:06:00,unplanned,MEC-01,
8166,7,2026-03-17 21:47:00,2026-03-17 22:22:00,unplanned,MEC-01,
8167,34,2026-02-12 00:06:00,2026-02-12 01:31:00,planned,ELEC-01,8903.0
8168,18,2026-02-18 08:56:00,2026-02-18 09:51:00,planned,MEC-01,6591.0
8169,13,2026-02-04 20:13:00,2026-02-04 22:51:00,unplanned,CAL-01,
8170,1,2026-04-21 02:18:00,2026-04-21 04:12:00,unplanned,CAL-01,
8171,24,2026-02-09 00:07:00,2026-02-09 01:56:00,planned,CAL-01,7930.0
8172,4,2026-03-06 12:14:00,2026-03-06 13:28:00,unplanned,ELEC-01,5074.0
8173,3,2026-01-17 06:32:00,2026-01-17 07:25:00,unplanned,MAT-01,2501.0
8174,15,2026-04-01 21:37:00,2026-04-01 23:41:00,planned,MAT-01,421.0
8175,11,2026-03-24 17:30:00,2026-03-24 18:41:00,planned,CAL-01,7827.0
8176,41,2026-05-17 22:55:00,2026-05-18 01:25:00,planned,CAL-01,
8177,45,2026-01-25 20:31:00,2026-01-25 21:22:00,planned,CAL-01,603.0
8178,23,2026-03-14 06:38:00,2026-03-14 09:37:00,unplanned,MAT-01,6626.0
8179,39,2026-05-28 04:44:00,2026-05-28 06:21:00,planned,ELEC-01,8253.0
8180,24,2026-05-03 01:08:00,2026-05-03 02:53:00,planned,MEC-01,
8181,49,2026-01-25 00:16:00,2026-01-25 01:09:00,planned,ELEC-01,5666.0
8182,20,2026-03-26 15:00:00,2026-03-26 17:57:00,planned,ELEC-01,528.0
8183,13,2026-06-02 03:32:00,2026-06-02 03:41:00,unplanned,MEC-01,7235.0
8184,42,2026-03-13 04:33:00,2026-03-13 05:37:00,planned,CAL-01,
8185,8,2026-05-23 10:33:00,2026-05-23 10:38:00,planned,MAT-01,
8186,49,2026-04-23 01:47:00,2026-04-23 03:28:00,unplanned,CAL-01,5308.0
8187,43,2026-06-27 04:25:00,2026-06-27 05:45:00,planned,CAL-01,
8188,47,2026-01-24 14:47:00,2026-01-24 16:02:00,planned,MEC-02,
8189,47,2026-01-22 12:58:00,2026-01-22 14:55:00,planned,ELEC-01,2944.0
8190,30,2026-01-16 00:24:00,2026-01-16 02:33:00,planned,MEC-01,8197.0
8191,35,2026-03-22 10:15:00,2026-03-22 12:15:00,unplanned,CAL-01,7804.0
8192,19,2026-05-22 20:19:00,2026-05-22 22:24:00,unplanned,ELEC-01,5871.0
8193,15,2026-04-22 17:06:00,2026-04-22 19:42:00,unplanned,CAL-01,
8194,22,2026-01-01 03:49:00,2026-01-01 06:16:00,planned,MAT-01,
8195,23,2026-01-12 01:41:00,2026-01-12 03:44:00,planned,MEC-01,
8196,42,2026-01-25 18:09:00,2026-01-25 19:13:00,planned,CAL-01,69.0
8197,2,2026-04-28 14:29:00,2026-04-28 16:04:00,planned,MAT-01,5038.0
8198,8,2026-05-25 02:25:00,2026-05-25 03:49:00,unplanned,MAT-01,1294.0
8199,19,2026-05-22 08:56:00,2026-05-22 11:17:00,unplanned,MEC-02,
8200,19,2026-03-08 11:15:00,2026-03-08 13:37:00,unplanned,ELEC-01,7682.0
8201,11,2026-06-21 17:50:00,2026-06-21 20:11:00,planned,MEC-02,8818.0
8202,19,2026-02-05 22:48:00,2026-02-06 01:10:00,planned,MEC-02,
8203,17,2026-03-07 12:42:00,2026-03-07 14:16:00,unplanned,ELEC-01,
8204,15,2026-06-10 23:30:00,2026-06-11 02:01:00,planned,MEC-01,9317.0
8205,3,2026-03-26 12:57:00,2026-03-26 15:35:00,unplanned,MAT-01,4161.0
8206,35,2026-04-14 15:49:00,2026-04-14 18:46:00,unplanned,MEC-02,9390.0
8207,33,2026-05-11 00:08:00,2026-05-11 00:25:00,planned,ELEC-01,857.0
8208,13,2026-01-27 06:27:00,2026-01-27 08:10:00,planned,ELEC-01,4626.0
8209,10,2026-03-01 14:28:00,2026-03-01 15:15:00,unplanned,MAT-01,
8210,7,2026-05-26 08:51:00,2026-05-26 10:50:00,unplanned,ELEC-01,
8211,1,2026-05-26 06:35:00,2026-05-26 08:35:00,unplanned,MEC-01,5514.0
8212,37,2026-02-02 07:19:00,2026-02-02 09:42:00,planned,MAT-01,
8213,33,2026-05-26 02:29:00,2026-05-26 05:21:00,unplanned,MEC-02,3236.0
8214,28,2026-03-28 11:08:00,2026-03-28 13:10:00,unplanned,MEC-02,8840.0
8215,25,2026-01-12 06:07:00,2026-01-12 06:12:00,unplanned,MEC-02,5571.0
8216,34,2026-02-01 01:33:00,2026-02-01 03:19:00,planned,ELEC-01,583.0
8217,38,2026-02-11 15:44:00,2026-02-11 16:29:00,planned,CAL-01,
8218,2,2026-01-11 00:11:00,2026-01-11 00:25:00,planned,ELEC-01,4236.0
8219,38,2026-02-16 06:23:00,2026-02-16 08:40:00,planned,MAT-01,
8220,33,2026-03-13 04:39:00,2026-03-13 05:55:00,planned,MAT-01,
8221,13,2026-06-21 15:40:00,2026-06-21 17:42:00,planned,MAT-01,
8222,46,2026-01-29 15:27:00,2026-01-29 18:22:00,planned,CAL-01,8234.0
8223,1,2026-06-26 21:18:00,2026-06-26 23:14:00,planned,ELEC-01,
8224,35,2026-02-23 07:01:00,2026-02-23 09:34:00,planned,MEC-02,7250.0
8225,21,2026-04-28 05:04:00,2026-04-28 05:36:00,planned,MAT-01,5912.0
8226,10,2026-01-18 12:16:00,2026-01-18 13:39:00,planned,MEC-01,
8227,1,2026-04-13 08:39:00,2026-04-13 08:59:00,planned,MEC-01,6067.0
8228,33,2026-03-21 01:46:00,2026-03-21 01:58:00,planned,CAL-01,1048.0
8229,41,2026-03-18 05:30:00,2026-03-18 07:36:00,planned,MAT-01,3984.0
8230,48,2026-05-05 20:42:00,2026-05-05 22:38:00,unplanned,ELEC-01,874.0
8231,32,2026-05-16 18:30:00,2026-05-16 19:09:00,unplanned,MEC-02,7124.0
8232,6,2026-03-27 08:19:00,2026-03-27 09:53:00,planned,CAL-01,
8233,36,2026-03-04 03:36:00,2026-03-04 04:24:00,planned,MAT-01,
8234,12,2026-04-29 20:24:00,2026-04-29 21:14:00,unplanned,CAL-01,
8235,26,2026-02-09 06:36:00,2026-02-09 07:09:00,planned,MEC-01,4762.0
8236,6,2026-05-18 07:02:00,2026-05-18 08:53:00,planned,CAL-01,632.0
8237,8,2026-04-19 00:55:00,2026-04-19 03:14:00,unplanned,CAL-01,3672.0
8238,44,2026-05-13 21:55:00,2026-05-13 23:00:00,unplanned,MAT-01,
8239,21,2026-05-27 12:57:00,2026-05-27 15:45:00,planned,ELEC-01,9952.0
8240,3,2026-04-07 04:59:00,2026-04-07 05:44:00,unplanned,MEC-01,
8241,50,2026-06-05 07:12:00,2026-06-05 07:40:00,planned,MEC-02,5462.0
8242,20,2026-04-17 20:41:00,2026-04-17 21:55:00,planned,ELEC-01,5053.0
8243,39,2026-03-25 04:59:00,2026-03-25 07:37:00,unplanned,MEC-01,2301.0
8244,35,2026-05-24 19:45:00,2026-05-24 19:53:00,unplanned,MEC-02,4369.0
8245,7,2026-04-21 14:14:00,2026-04-21 15:02:00,planned,CAL-01,1029.0
8246,5,2026-06-29 14:07:00,2026-06-29 14:57:00,planned,CAL-01,
8247,31,2026-03-14 01:02:00,2026-03-14 02:44:00,planned,MAT-01,5418.0
8248,43,2026-02-07 15:14:00,2026-02-07 17:18:00,planned,MEC-01,
8249,48,2026-06-29 18:17:00,2026-06-29 20:55:00,unplanned,CAL-01,1204.0
8250,45,2026-02-17 09:38:00,2026-02-17 11:47:00,unplanned,MEC-01,7109.0
8251,8,2026-04-17 12:20:00,2026-04-17 15:10:00,planned,MEC-01,3265.0
8252,28,2026-02-27 00:05:00,2026-02-27 02:41:00,planned,ELEC-01,
8253,47,2026-05-13 05:19:00,2026-05-13 07:21:00,unplanned,ELEC-01,4179.0
8254,18,2026-04-08 13:52:00,2026-04-08 14:09:00,unplanned,MEC-01,
8255,14,2026-06-07 23:18:00,2026-06-08 01:23:00,unplanned,CAL-01,7585.0
8256,28,2026-04-21 02:57:00,2026-04-21 03:22:00,unplanned,MEC-01,8868.0
8257,6,2026-02-21 17:59:00,2026-02-21 18:22:00,unplanned,MEC-02,
8258,31,2026-06-16 15:12:00,2026-06-16 15:36:00,unplanned,MAT-01,6857.0
8259,36,2026-04-18 03:14:00,2026-04-18 06:12:00,planned,MAT-01,2330.0
8260,41,2026-03-06 07:05:00,2026-03-06 09:54:00,unplanned,CAL-01,2052.0
8261,38,2026-06-08 16:04:00,2026-06-08 16:43:00,planned,ELEC-01,4532.0
8262,40,2026-03-28 05:42:00,2026-03-28 07:46:00,planned,MAT-01,9996.0
8263,48,2026-04-28 05:14:00,2026-04-28 05:26:00,planned,CAL-01,
8264,49,2026-03-22 12:03:00,2026-03-22 12:44:00,planned,MEC-02,4289.0
8265,15,2026-03-20 06:26:00,2026-03-20 07:38:00,planned,MEC-02,2920.0
8266,28,2026-03-03 21:15:00,2026-03-04 00:03:00,planned,MAT-01,
8267,22,2026-03-22 05:19:00,2026-03-22 05:29:00,unplanned,MAT-01,1946.0
8268,22,2026-04-28 14:46:00,2026-04-28 17:27:00,planned,MAT-01,8145.0
8269,47,2026-04-14 17:03:00,2026-04-14 18:37:00,unplanned,MEC-01,4983.0
8270,19,2026-04-15 01:01:00,2026-04-15 01:38:00,planned,MEC-01,
8271,36,2026-06-19 02:52:00,2026-06-19 04:35:00,planned,MAT-01,6977.0
8272,23,2026-02-12 13:40:00,2026-02-12 14:44:00,planned,MAT-01,
8273,6,2026-06-01 11:15:00,2026-06-01 13:51:00,planned,MEC-01,
8274,7,2026-02-05 05:59:00,2026-02-05 08:10:00,planned,MEC-01,9245.0
8275,26,2026-01-16 18:47:00,2026-01-16 20:54:00,unplanned,MAT-01,2919.0
8276,34,2026-03-12 14:44:00,2026-03-12 15:16:00,planned,ELEC-01,
8277,32,2026-03-02 17:01:00,2026-03-02 18:09:00,unplanned,CAL-01,
8278,19,2026-01-13 15:29:00,2026-01-13 16:22:00,unplanned,ELEC-01,1136.0
8279,17,2026-01-19 11:13:00,2026-01-19 13:57:00,unplanned,ELEC-01,903.0
8280,33,2026-01-25 08:08:00,2026-01-25 10:55:00,planned,MAT-01,
8281,36,2026-03-29 10:43:00,2026-03-29 12:07:00,planned,CAL-01,8612.0
8282,9,2026-02-22 11:27:00,2026-02-22 11:33:00,unplanned,ELEC-01,
8283,50,2026-04-29 10:57:00,2026-04-29 13:24:00,unplanned,MAT-01,
8284,23,2026-06-15 10:06:00,2026-06-15 11:15:00,planned,MEC-01,
8285,43,2026-05-11 01:09:00,2026-05-11 01:58:00,planned,MAT-01,8390.0
8286,2,2026-03-03 11:44:00,2026-03-03 12:08:00,planned,MEC-02,
8287,28,2026-06-15 05:07:00,2026-06-15 07:09:00,unplanned,MEC-02,
8288,37,2026-02-02 14:32:00,2026-02-02 17:12:00,unplanned,MAT-01,8097.0
8289,4,2026-03-16 09:36:00,2026-03-16 12:13:00,planned,CAL-01,7575.0
8290,31,2026-06-19 15:41:00,2026-06-19 16:57:00,unplanned,ELEC-01,3924.0
8291,35,2026-04-16 05:53:00,2026-04-16 06:44:00,unplanned,MAT-01,9958.0
8292,31,2026-02-17 13:37:00,2026-02-17 15:35:00,unplanned,ELEC-01,
8293,9,2026-04-27 08:51:00,2026-04-27 09:24:00,unplanned,MEC-01,
8294,27,2026-02-22 09:46:00,2026-02-22 10:39:00,unplanned,CAL-01,8671.0
8295,33,2026-02-25 07:07:00,2026-02-25 07:34:00,unplanned,MEC-02,5909.0
8296,32,2026-01-02 22:31:00,2026-01-02 23:08:00,unplanned,MAT-01,1576.0
8297,32,2026-03-22 05:35:00,2026-03-22 05:59:00,planned,MAT-01,7270.0
8298,33,2026-03-28 00:32:00,2026-03-28 01:25:00,unplanned,MEC-01,3629.0
8299,16,2026-05-17 04:56:00,2026-05-17 06:22:00,planned,ELEC-01,
8300,15,2026-01-25 15:12:00,2026-01-25 16:11:00,unplanned,MEC-02,2790.0
8301,19,2026-02-05 18:15:00,2026-02-05 20:45:00,planned,CAL-01,2934.0
8302,48,2026-04-19 22:53:00,2026-04-20 01:14:00,unplanned,MEC-02,8393.0
8303,49,2026-03-02 03:29:00,2026-03-02 05:28:00,unplanned,MAT-01,601.0
8304,40,2026-06-23 02:41:00,2026-06-23 03:32:00,unplanned,MEC-01,3991.0
8305,8,2026-05-04 23:19:00,2026-05-05 00:49:00,unplanned,MEC-02,9666.0
8306,32,2026-05-20 16:16:00,2026-05-20 16:34:00,planned,CAL-01,5723.0
8307,49,2026-01-05 16:10:00,2026-01-05 19:07:00,unplanned,MAT-01,2601.0
8308,13,2026-06-06 17:36:00,2026-06-06 20:29:00,unplanned,ELEC-01,2572.0
8309,37,2026-05-20 17:03:00,2026-05-20 18:57:00,unplanned,CAL-01,2568.0
8310,21,2026-04-25 08:21:00,2026-04-25 09:24:00,unplanned,MAT-01,3476.0
8311,15,2026-02-27 09:09:00,2026-02-27 09:46:00,unplanned,MAT-01,9745.0
8312,21,2026-04-04 05:12:00,2026-04-04 06:39:00,planned,ELEC-01,
8313,28,2026-04-12 10:23:00,2026-04-12 10:38:00,unplanned,CAL-01,
8314,35,2026-01-08 21:55:00,2026-01-08 23:32:00,unplanned,CAL-01,2171.0
8315,30,2026-05-23 03:54:00,2026-05-23 06:16:00,unplanned,CAL-01,
8316,43,2026-06-11 04:49:00,2026-06-11 07:16:00,planned,ELEC-01,8767.0
8317,35,2026-04-18 01:45:00,2026-04-18 02:02:00,unplanned,MEC-01,1304.0
8318,47,2026-01-09 17:46:00,2026-01-09 18:33:00,unplanned,ELEC-01,
8319,42,2026-05-24 23:57:00,2026-05-25 02:20:00,unplanned,ELEC-01,
8320,28,2026-06-01 18:53:00,2026-06-01 19:15:00,unplanned,MEC-01,
8321,3,2026-03-01 18:09:00,2026-03-01 19:12:00,planned,CAL-01,
8322,12,2026-03-18 23:16:00,2026-03-19 01:45:00,planned,MAT-01,
8323,36,2026-05-06 05:39:00,2026-05-06 06:59:00,planned,CAL-01,9568.0
8324,13,2026-06-05 04:05:00,2026-06-05 05:03:00,unplanned,MAT-01,2912.0
8325,14,2026-03-17 13:03:00,2026-03-17 15:47:00,planned,MAT-01,4341.0
8326,41,2026-06-29 11:13:00,2026-06-29 11:35:00,unplanned,MAT-01,7154.0
8327,39,2026-06-16 22:52:00,2026-06-16 23:53:00,planned,MAT-01,1362.0
8328,3,2026-06-05 08:03:00,2026-06-05 10:57:00,planned,MEC-01,
8329,1,2026-01-05 05:54:00,2026-01-05 06:35:00,unplanned,CAL-01,8221.0
8330,18,2026-06-07 07:36:00,2026-06-07 08:38:00,planned,ELEC-01,7198.0
8331,31,2026-03-12 22:38:00,2026-03-13 01:24:00,planned,MEC-02,940.0
8332,5,2026-03-07 21:22:00,2026-03-07 23:05:00,unplanned,MEC-01,2327.0
8333,25,2026-05-18 10:47:00,2026-05-18 11:42:00,unplanned,CAL-01,
8334,3,2026-06-23 20:09:00,2026-06-23 22:37:00,unplanned,MEC-02,
8335,26,2026-04-02 14:33:00,2026-04-02 15:57:00,unplanned,MAT-01,8131.0
8336,5,2026-03-25 06:41:00,2026-03-25 09:10:00,planned,ELEC-01,4493.0
8337,1,2026-02-15 18:21:00,2026-02-15 19:46:00,unplanned,MAT-01,4031.0
8338,8,2026-06-06 14:51:00,2026-06-06 17:07:00,planned,MEC-01,9729.0
8339,14,2026-01-22 16:31:00,2026-01-22 17:25:00,unplanned,MEC-02,805.0
8340,17,2026-03-14 12:39:00,2026-03-14 14:30:00,unplanned,MAT-01,4441.0
8341,16,2026-01-18 16:49:00,2026-01-18 18:33:00,unplanned,CAL-01,4184.0
8342,26,2026-02-08 06:48:00,2026-02-08 09:08:00,unplanned,MEC-02,8562.0
8343,11,2026-04-03 14:03:00,2026-04-03 14:35:00,planned,MEC-01,4744.0
8344,43,2026-04-03 22:13:00,2026-04-03 23:11:00,planned,ELEC-01,4380.0
8345,50,2026-01-20 06:22:00,2026-01-20 06:38:00,unplanned,MAT-01,9242.0
8346,36,2026-06-04 03:58:00,2026-06-04 04:41:00,planned,MEC-02,
8347,26,2026-06-23 05:36:00,2026-06-23 07:47:00,planned,MEC-01,3926.0
8348,6,2026-01-26 13:52:00,2026-01-26 15:22:00,unplanned,CAL-01,4194.0
8349,9,2026-03-03 21:49:00,2026-03-03 23:41:00,planned,MAT-01,7962.0
8350,22,2026-02-25 14:40:00,2026-02-25 15:39:00,planned,MEC-01,7562.0
8351,11,2026-03-13 05:06:00,2026-03-13 06:11:00,unplanned,MEC-02,9415.0
8352,23,2026-05-17 23:33:00,2026-05-18 01:05:00,unplanned,ELEC-01,9293.0
8353,14,2026-04-13 01:01:00,2026-04-13 01:39:00,unplanned,CAL-01,6465.0
8354,20,2026-02-08 23:30:00,2026-02-09 00:48:00,planned,MEC-02,9362.0
8355,50,2026-04-26 19:20:00,2026-04-26 21:27:00,unplanned,ELEC-01,1531.0
8356,11,2026-02-25 10:45:00,2026-02-25 11:12:00,planned,MEC-01,7248.0
8357,11,2026-04-14 23:05:00,2026-04-15 00:49:00,planned,CAL-01,4639.0
8358,20,2026-02-25 00:34:00,2026-02-25 03:19:00,planned,MEC-01,8073.0
8359,4,2026-03-29 14:01:00,2026-03-29 15:32:00,unplanned,MAT-01,8199.0
8360,22,2026-04-27 14:05:00,2026-04-27 15:52:00,planned,MEC-01,9051.0
8361,37,2026-04-01 15:57:00,2026-04-01 16:39:00,planned,CAL-01,
8362,29,2026-06-18 08:02:00,2026-06-18 09:32:00,planned,CAL-01,
8363,5,2026-06-12 15:14:00,2026-06-12 15:36:00,unplanned,MEC-01,1523.0
8364,7,2026-03-20 23:24:00,2026-03-21 01:15:00,unplanned,ELEC-01,6801.0
8365,2,2026-04-05 14:14:00,2026-04-05 14:28:00,unplanned,CAL-01,
8366,11,2026-04-16 08:48:00,2026-04-16 09:36:00,planned,CAL-01,
8367,30,2026-05-03 21:09:00,2026-05-03 23:08:00,planned,MEC-01,3622.0
8368,44,2026-01-15 01:21:00,2026-01-15 03:18:00,unplanned,MAT-01,3345.0
8369,6,2026-06-25 19:13:00,2026-06-25 20:20:00,unplanned,CAL-01,7854.0
8370,27,2026-04-17 16:36:00,2026-04-17 18:48:00,planned,CAL-01,7856.0
8371,43,2026-06-19 08:17:00,2026-06-19 09:57:00,unplanned,MEC-02,
8372,21,2026-01-19 12:07:00,2026-01-19 13:57:00,planned,MEC-02,
8373,31,2026-04-06 19:30:00,2026-04-06 19:47:00,planned,MEC-02,4692.0
8374,32,2026-03-21 21:08:00,2026-03-21 22:12:00,unplanned,CAL-01,8769.0
8375,4,2026-04-10 12:10:00,2026-04-10 13:10:00,unplanned,MEC-02,2993.0
8376,21,2026-02-13 22:25:00,2026-02-14 00:02:00,unplanned,MEC-02,2251.0
8377,1,2026-01-29 01:12:00,2026-01-29 03:28:00,planned,CAL-01,3133.0
8378,17,2026-05-29 16:07:00,2026-05-29 17:20:00,unplanned,MEC-01,2620.0
8379,27,2026-05-03 05:12:00,2026-05-03 05:45:00,planned,CAL-01,1392.0
8380,33,2026-01-14 10:49:00,2026-01-14 12:18:00,planned,MEC-02,263.0
8381,34,2026-01-31 14:17:00,2026-01-31 16:35:00,unplanned,CAL-01,1882.0
8382,23,2026-03-26 22:28:00,2026-03-26 23:47:00,unplanned,CAL-01,7235.0
8383,26,2026-03-07 04:52:00,2026-03-07 06:36:00,unplanned,ELEC-01,6623.0
8384,26,2026-05-17 21:25:00,2026-05-17 22:41:00,planned,MAT-01,610.0
8385,38,2026-01-04 06:57:00,2026-01-04 07:28:00,planned,MEC-02,5232.0
8386,20,2026-03-20 20:31:00,2026-03-20 20:42:00,planned,MEC-01,3752.0
8387,32,2026-05-22 11:57:00,2026-05-22 13:34:00,planned,MEC-01,4077.0
8388,23,2026-05-13 14:55:00,2026-05-13 16:12:00,planned,MAT-01,8034.0
8389,8,2026-03-13 21:41:00,2026-03-13 22:45:00,planned,CAL-01,
8390,50,2026-02-13 17:19:00,2026-02-13 19:03:00,planned,MAT-01,9256.0
8391,36,2026-01-10 08:41:00,2026-01-10 10:50:00,unplanned,MEC-02,
8392,46,2026-03-04 04:38:00,2026-03-04 04:48:00,planned,MAT-01,
8393,40,2026-05-21 08:01:00,2026-05-21 10:25:00,planned,ELEC-01,4398.0
8394,10,2026-05-07 23:30:00,2026-05-08 00:05:00,unplanned,MEC-02,
8395,41,2026-06-13 22:44:00,2026-06-14 01:33:00,planned,ELEC-01,2587.0
8396,20,2026-06-04 11:54:00,2026-06-04 14:54:00,planned,ELEC-01,4819.0
8397,32,2026-05-09 17:18:00,2026-05-09 18:39:00,unplanned,MAT-01,9835.0
8398,23,2026-02-10 15:23:00,2026-02-10 18:19:00,unplanned,MEC-02,7201.0
8399,13,2026-05-05 15:32:00,2026-05-05 16:30:00,unplanned,ELEC-01,
8400,2,2026-02-17 03:35:00,2026-02-17 06:18:00,unplanned,MAT-01,3648.0
8401,21,2026-02-01 05:54:00,2026-02-01 06:30:00,planned,MAT-01,
8402,7,2026-05-09 11:19:00,2026-05-09 13:41:00,planned,MEC-01,
8403,9,2026-04-16 23:52:00,2026-04-17 01:37:00,unplanned,ELEC-01,7479.0
8404,30,2026-05-17 03:48:00,2026-05-17 04:44:00,unplanned,MEC-02,
8405,23,2026-02-13 20:50:00,2026-02-13 21:09:00,unplanned,MAT-01,9029.0
8406,38,2026-04-14 14:09:00,2026-04-14 16:53:00,unplanned,ELEC-01,8939.0
8407,49,2026-06-09 22:16:00,2026-06-09 23:16:00,unplanned,MEC-01,4867.0
8408,44,2026-06-11 16:01:00,2026-06-11 18:18:00,planned,CAL-01,9004.0
8409,35,2026-01-05 03:58:00,2026-01-05 04:33:00,unplanned,ELEC-01,9091.0
8410,3,2026-03-16 18:13:00,2026-03-16 20:46:00,planned,MEC-01,1800.0
8411,50,2026-01-28 17:00:00,2026-01-28 17:27:00,unplanned,MEC-02,5021.0
8412,50,2026-03-31 12:26:00,2026-03-31 14:30:00,unplanned,MEC-02,
8413,34,2026-01-09 00:57:00,2026-01-09 03:47:00,planned,MEC-02,8481.0
8414,28,2026-06-23 10:36:00,2026-06-23 13:21:00,unplanned,MEC-01,4767.0
8415,43,2026-02-15 13:24:00,2026-02-15 14:30:00,planned,CAL-01,9981.0
8416,29,2026-03-16 22:01:00,2026-03-17 00:56:00,unplanned,CAL-01,9361.0
8417,43,2026-02-10 12:38:00,2026-02-10 14:36:00,planned,MEC-01,
8418,9,2026-02-12 21:07:00,2026-02-12 22:18:00,unplanned,MEC-02,6984.0
8419,44,2026-04-25 11:57:00,2026-04-25 12:19:00,planned,MEC-01,3947.0
8420,24,2026-04-09 06:47:00,2026-04-09 08:22:00,unplanned,ELEC-01,
8421,37,2026-02-05 04:09:00,2026-02-05 05:06:00,planned,MAT-01,803.0
8422,29,2026-03-22 13:58:00,2026-03-22 16:53:00,unplanned,MAT-01,
8423,38,2026-03-10 02:14:00,2026-03-10 04:17:00,planned,MEC-01,9333.0
8424,34,2026-03-15 13:49:00,2026-03-15 15:17:00,planned,MEC-02,
8425,21,2026-02-23 12:43:00,2026-02-23 15:17:00,unplanned,MEC-01,1232.0
8426,30,2026-06-26 06:12:00,2026-06-26 08:45:00,unplanned,ELEC-01,1946.0
8427,41,2026-03-25 17:35:00,2026-03-25 20:21:00,planned,MAT-01,427.0
8428,19,2026-01-25 14:49:00,2026-01-25 15:41:00,planned,ELEC-01,620.0
8429,41,2026-03-06 21:50:00,2026-03-07 00:10:00,planned,MAT-01,9791.0
8430,32,2026-02-16 09:15:00,2026-02-16 11:25:00,planned,CAL-01,
8431,29,2026-03-23 06:21:00,2026-03-23 07:54:00,planned,MEC-02,6457.0
8432,16,2026-06-11 23:20:00,2026-06-12 02:20:00,planned,MEC-01,
8433,40,2026-05-23 22:29:00,2026-05-23 23:05:00,planned,ELEC-01,
8434,38,2026-04-02 06:32:00,2026-04-02 07:21:00,unplanned,MAT-01,7796.0
8435,16,2026-01-24 21:25:00,2026-01-24 23:03:00,unplanned,MEC-01,
8436,9,2026-03-16 22:25:00,2026-03-17 01:05:00,unplanned,MAT-01,5147.0
8437,17,2026-03-20 05:18:00,2026-03-20 05:51:00,unplanned,CAL-01,2524.0
8438,29,2026-06-12 08:12:00,2026-06-12 10:09:00,planned,MAT-01,7024.0
8439,37,2026-03-12 14:50:00,2026-03-12 17:02:00,unplanned,MEC-02,323.0
8440,47,2026-06-01 08:26:00,2026-06-01 09:30:00,planned,CAL-01,5254.0
8441,34,2026-04-17 17:10:00,2026-04-17 18:57:00,planned,MEC-01,8886.0
8442,10,2026-05-17 13:01:00,2026-05-17 14:46:00,planned,MEC-01,3810.0
8443,3,2026-04-30 21:54:00,2026-04-30 23:43:00,unplanned,MEC-02,6271.0
8444,14,2026-03-10 03:54:00,2026-03-10 06:45:00,unplanned,MEC-01,5424.0
8445,25,2026-05-16 00:15:00,2026-05-16 01:56:00,unplanned,MEC-01,
8446,14,2026-06-09 04:20:00,2026-06-09 05:59:00,planned,MEC-02,689.0
8447,34,2026-04-23 09:09:00,2026-04-23 11:12:00,planned,MEC-02,7144.0
8448,13,2026-04-21 03:58:00,2026-04-21 06:12:00,unplanned,CAL-01,
8449,12,2026-06-03 22:42:00,2026-06-03 23:37:00,planned,MEC-01,6604.0
8450,43,2026-01-20 20:32:00,2026-01-20 22:27:00,planned,CAL-01,
8451,22,2026-03-11 17:30:00,2026-03-11 18:22:00,unplanned,MAT-01,619.0
8452,37,2026-06-08 21:19:00,2026-06-08 23:15:00,planned,MAT-01,6392.0
8453,30,2026-03-19 18:34:00,2026-03-19 20:43:00,planned,MEC-01,4700.0
8454,20,2026-05-30 22:14:00,2026-05-30 23:03:00,unplanned,MEC-02,
8455,40,2026-02-19 16:51:00,2026-02-19 18:57:00,planned,ELEC-01,999.0
8456,17,2026-04-16 06:17:00,2026-04-16 09:15:00,unplanned,ELEC-01,7481.0
8457,27,2026-05-17 12:45:00,2026-05-17 13:09:00,unplanned,MEC-01,
8458,34,2026-04-28 10:50:00,2026-04-28 13:15:00,unplanned,CAL-01,5193.0
8459,24,2026-05-18 22:12:00,2026-05-18 23:37:00,unplanned,MAT-01,
8460,10,2026-02-03 04:19:00,2026-02-03 06:22:00,planned,MAT-01,
8461,29,2026-06-20 13:06:00,2026-06-20 15:12:00,planned,ELEC-01,3056.0
8462,50,2026-01-21 00:58:00,2026-01-21 03:08:00,planned,MAT-01,4400.0
8463,35,2026-02-07 12:42:00,2026-02-07 13:04:00,planned,ELEC-01,
8464,3,2026-06-18 10:53:00,2026-06-18 13:44:00,planned,MEC-02,8274.0
8465,20,2026-03-30 06:37:00,2026-03-30 08:39:00,planned,MEC-02,7591.0
8466,41,2026-05-26 22:35:00,2026-05-27 01:10:00,planned,CAL-01,8474.0
8467,25,2026-01-07 19:10:00,2026-01-07 21:38:00,unplanned,MEC-02,6825.0
8468,36,2026-03-10 22:52:00,2026-03-10 23:54:00,planned,ELEC-01,9880.0
8469,1,2026-05-02 21:54:00,2026-05-02 23:16:00,unplanned,MAT-01,2949.0
8470,3,2026-05-21 03:42:00,2026-05-21 03:55:00,unplanned,ELEC-01,7511.0
8471,31,2026-06-25 19:55:00,2026-06-25 22:15:00,unplanned,CAL-01,9052.0
8472,6,2026-01-21 02:21:00,2026-01-21 03:45:00,unplanned,ELEC-01,5975.0
8473,49,2026-03-30 12:52:00,2026-03-30 15:15:00,unplanned,MEC-02,475.0
8474,13,2026-05-25 08:36:00,2026-05-25 10:32:00,unplanned,ELEC-01,
8475,16,2026-02-03 21:57:00,2026-02-03 23:10:00,unplanned,MAT-01,341.0
8476,18,2026-02-02 13:30:00,2026-02-02 15:33:00,unplanned,MEC-01,2797.0
8477,30,2026-06-02 16:31:00,2026-06-02 18:10:00,planned,ELEC-01,
8478,16,2026-05-16 07:29:00,2026-05-16 07:57:00,unplanned,MEC-01,2475.0
8479,48,2026-04-10 15:03:00,2026-04-10 15:38:00,planned,MEC-02,8062.0
8480,20,2026-03-03 02:57:00,2026-03-03 04:02:00,unplanned,MEC-02,
8481,46,2026-05-23 12:25:00,2026-05-23 13:29:00,unplanned,ELEC-01,6669.0
8482,11,2026-04-01 11:34:00,2026-04-01 14:20:00,unplanned,MEC-02,8707.0
8483,36,2026-01-16 22:00:00,2026-01-16 23:16:00,unplanned,MAT-01,6862.0
8484,30,2026-01-09 02:16:00,2026-01-09 05:14:00,planned,MEC-02,6871.0
8485,1,2026-02-05 18:24:00,2026-02-05 21:17:00,planned,CAL-01,4113.0
8486,43,2026-01-18 09:17:00,2026-01-18 11:44:00,planned,MEC-01,
8487,31,2026-01-04 17:34:00,2026-01-04 17:51:00,unplanned,MEC-02,7892.0
8488,3,2026-02-08 03:18:00,2026-02-08 05:39:00,unplanned,MEC-01,8799.0
8489,18,2026-05-13 02:59:00,2026-05-13 03:13:00,planned,MAT-01,4463.0
8490,11,2026-02-23 20:39:00,2026-02-23 22:17:00,unplanned,MEC-02,
8491,33,2026-02-09 13:13:00,2026-02-09 14:55:00,planned,CAL-01,5405.0
8492,1,2026-05-17 09:02:00,2026-05-17 11:54:00,planned,ELEC-01,
8493,45,2026-03-06 20:14:00,2026-03-06 22:03:00,planned,MAT-01,4401.0
8494,46,2026-06-09 21:02:00,2026-06-09 22:59:00,unplanned,MEC-01,
8495,34,2026-03-24 05:31:00,2026-03-24 05:51:00,planned,MAT-01,1008.0
8496,5,2026-04-18 03:03:00,2026-04-18 03:34:00,unplanned,ELEC-01,3705.0
8497,1,2026-02-13 07:44:00,2026-02-13 08:52:00,planned,MEC-02,458.0
8498,3,2026-03-11 14:22:00,2026-03-11 16:21:00,unplanned,CAL-01,4021.0
8499,20,2026-03-01 17:02:00,2026-03-01 17:16:00,planned,MEC-02,8787.0
8500,49,2026-06-17 19:40:00,2026-06-17 20:31:00,unplanned,ELEC-01,4029.0
8501,43,2026-01-16 06:10:00,2026-01-16 07:23:00,planned,ELEC-01,
8502,38,2026-02-06 04:09:00,2026-02-06 06:28:00,planned,MEC-02,3630.0
8503,43,2026-06-08 00:55:00,2026-06-08 01:33:00,planned,CAL-01,8536.0
8504,27,2026-01-04 09:43:00,2026-01-04 11:18:00,planned,MEC-02,
8505,2,2026-04-11 15:49:00,2026-04-11 18:33:00,planned,ELEC-01,
8506,34,2026-01-28 07:01:00,2026-01-28 09:11:00,planned,ELEC-01,9402.0
8507,42,2026-05-01 13:10:00,2026-05-01 13:36:00,unplanned,ELEC-01,6453.0
8508,50,2026-06-18 13:37:00,2026-06-18 14:06:00,unplanned,CAL-01,
8509,45,2026-05-18 15:11:00,2026-05-18 16:56:00,planned,CAL-01,1764.0
8510,4,2026-02-26 05:05:00,2026-02-26 06:52:00,planned,MEC-01,7928.0
8511,41,2026-04-14 21:25:00,2026-04-14 23:37:00,planned,MEC-01,1410.0
8512,32,2026-04-25 01:30:00,2026-04-25 04:04:00,planned,MEC-02,
8513,37,2026-03-17 10:00:00,2026-03-17 10:52:00,unplanned,CAL-01,
8514,7,2026-04-22 18:07:00,2026-04-22 20:16:00,planned,MEC-02,390.0
8515,41,2026-04-25 14:49:00,2026-04-25 15:57:00,unplanned,MEC-02,
8516,14,2026-06-01 21:54:00,2026-06-02 00:13:00,planned,MEC-01,420.0
8517,39,2026-03-28 16:57:00,2026-03-28 18:01:00,unplanned,ELEC-01,3976.0
8518,7,2026-02-03 00:38:00,2026-02-03 03:33:00,planned,MEC-01,7504.0
8519,44,2026-06-29 12:40:00,2026-06-29 12:52:00,planned,ELEC-01,9677.0
8520,27,2026-02-28 14:41:00,2026-02-28 17:22:00,planned,CAL-01,6702.0
8521,50,2026-03-30 07:32:00,2026-03-30 08:03:00,planned,ELEC-01,
8522,20,2026-05-04 15:28:00,2026-05-04 16:52:00,unplanned,CAL-01,4696.0
8523,35,2026-01-11 03:43:00,2026-01-11 04:33:00,unplanned,MEC-02,650.0
8524,20,2026-02-06 09:17:00,2026-02-06 12:00:00,unplanned,ELEC-01,
8525,1,2026-06-05 09:32:00,2026-06-05 12:09:00,unplanned,MEC-02,
8526,9,2026-03-21 18:22:00,2026-03-21 20:47:00,planned,MAT-01,6481.0
8527,9,2026-02-27 18:50:00,2026-02-27 20:58:00,unplanned,ELEC-01,9526.0
8528,19,2026-01-23 14:24:00,2026-01-23 17:13:00,planned,MEC-01,2180.0
8529,30,2026-01-09 07:03:00,2026-01-09 10:03:00,planned,MAT-01,8704.0
8530,5,2026-01-28 10:12:00,2026-01-28 12:50:00,planned,ELEC-01,6318.0
8531,9,2026-04-21 19:24:00,2026-04-21 20:22:00,planned,ELEC-01,
8532,17,2026-01-01 21:09:00,2026-01-01 21:29:00,unplanned,ELEC-01,7169.0
8533,39,2026-06-09 02:30:00,2026-06-09 02:59:00,planned,MEC-01,
8534,32,2026-04-17 19:42:00,2026-04-17 22:27:00,planned,MAT-01,7270.0
8535,38,2026-03-26 00:29:00,2026-03-26 03:10:00,planned,ELEC-01,
8536,42,2026-04-17 14:33:00,2026-04-17 15:59:00,planned,MEC-02,
8537,36,2026-05-18 04:43:00,2026-05-18 04:58:00,unplanned,MEC-01,2227.0
8538,38,2026-03-17 12:27:00,2026-03-17 13:00:00,planned,ELEC-01,
8539,46,2026-01-15 23:18:00,2026-01-16 00:32:00,planned,ELEC-01,1067.0
8540,49,2026-04-28 15:00:00,2026-04-28 17:47:00,unplanned,ELEC-01,815.0
8541,47,2026-06-19 20:09:00,2026-06-19 21:59:00,unplanned,MEC-01,35.0
8542,29,2026-02-20 16:23:00,2026-02-20 19:14:00,unplanned,CAL-01,6469.0
8543,39,2026-03-28 06:41:00,2026-03-28 07:41:00,unplanned,MEC-02,8125.0
8544,46,2026-06-29 17:28:00,2026-06-29 17:54:00,unplanned,MEC-02,
8545,10,2026-01-29 11:19:00,2026-01-29 12:39:00,planned,ELEC-01,9155.0
8546,17,2026-03-29 22:31:00,2026-03-30 00:04:00,planned,ELEC-01,6651.0
8547,27,2026-05-15 06:44:00,2026-05-15 07:59:00,planned,MEC-02,9154.0
8548,47,2026-05-13 13:52:00,2026-05-13 16:34:00,planned,ELEC-01,6064.0
8549,27,2026-02-25 07:56:00,2026-02-25 09:15:00,planned,MEC-02,
8550,38,2026-02-22 14:03:00,2026-02-22 17:03:00,unplanned,ELEC-01,
8551,38,2026-06-04 07:51:00,2026-06-04 08:05:00,unplanned,CAL-01,
8552,47,2026-04-22 22:54:00,2026-04-22 23:50:00,unplanned,MEC-01,7823.0
8553,4,2026-01-03 11:06:00,2026-01-03 11:21:00,unplanned,MEC-02,821.0
8554,6,2026-06-19 21:27:00,2026-06-19 23:01:00,planned,MEC-02,1392.0
8555,48,2026-02-10 20:32:00,2026-02-10 23:19:00,unplanned,MAT-01,
8556,47,2026-06-10 06:49:00,2026-06-10 08:16:00,planned,MEC-02,
8557,16,2026-03-02 00:49:00,2026-03-02 03:17:00,unplanned,MAT-01,
8558,36,2026-05-17 13:42:00,2026-05-17 16:33:00,planned,MEC-02,4784.0
8559,15,2026-01-29 12:47:00,2026-01-29 13:57:00,planned,MAT-01,4378.0
8560,13,2026-04-23 06:46:00,2026-04-23 07:40:00,planned,ELEC-01,
8561,6,2026-03-22 01:31:00,2026-03-22 01:53:00,unplanned,CAL-01,3343.0
8562,36,2026-05-27 01:26:00,2026-05-27 04:08:00,unplanned,ELEC-01,8660.0
8563,41,2026-03-18 09:08:00,2026-03-18 09:48:00,unplanned,MEC-01,8290.0
8564,31,2026-03-25 14:17:00,2026-03-25 15:26:00,unplanned,MAT-01,7615.0
8565,15,2026-05-27 15:29:00,2026-05-27 16:20:00,unplanned,MAT-01,
8566,36,2026-04-19 07:21:00,2026-04-19 10:06:00,planned,ELEC-01,
8567,34,2026-06-29 10:30:00,2026-06-29 12:46:00,unplanned,MAT-01,7123.0
8568,42,2026-03-19 00:59:00,2026-03-19 02:29:00,unplanned,MEC-02,
8569,22,2026-03-11 16:05:00,2026-03-11 17:54:00,planned,MEC-02,3802.0
8570,17,2026-06-29 10:59:00,2026-06-29 11:46:00,planned,MEC-01,
8571,33,2026-05-17 21:00:00,2026-05-17 23:27:00,planned,MEC-01,2663.0
8572,41,2026-03-15 19:35:00,2026-03-15 20:30:00,planned,MEC-02,5632.0
8573,31,2026-03-19 14:48:00,2026-03-19 17:14:00,planned,CAL-01,3355.0
8574,11,2026-06-22 10:08:00,2026-06-22 10:58:00,planned,MEC-01,
8575,7,2026-02-15 04:20:00,2026-02-15 04:34:00,unplanned,MEC-01,
8576,25,2026-03-19 16:53:00,2026-03-19 19:35:00,planned,MAT-01,710.0
8577,15,2026-02-19 00:26:00,2026-02-19 03:18:00,unplanned,MAT-01,6321.0
8578,42,2026-04-19 15:05:00,2026-04-19 15:56:00,unplanned,ELEC-01,
8579,7,2026-06-12 23:46:00,2026-06-13 02:28:00,planned,MEC-02,
8580,16,2026-02-09 20:47:00,2026-02-09 22:46:00,unplanned,MEC-02,
8581,28,2026-03-31 13:48:00,2026-03-31 15:43:00,planned,MEC-01,1017.0
8582,28,2026-01-23 07:08:00,2026-01-23 09:15:00,unplanned,ELEC-01,
8583,23,2026-05-06 20:39:00,2026-05-06 21:11:00,unplanned,CAL-01,5215.0
8584,46,2026-03-26 10:13:00,2026-03-26 10:40:00,unplanned,CAL-01,1838.0
8585,39,2026-02-23 02:56:00,2026-02-23 03:18:00,planned,CAL-01,2378.0
8586,18,2026-03-01 06:05:00,2026-03-01 08:55:00,planned,MAT-01,
8587,30,2026-04-02 16:07:00,2026-04-02 18:51:00,planned,CAL-01,5903.0
8588,8,2026-02-27 19:57:00,2026-02-27 20:24:00,unplanned,ELEC-01,
8589,6,2026-03-04 08:34:00,2026-03-04 10:11:00,unplanned,MEC-02,5571.0
8590,48,2026-02-23 21:58:00,2026-02-23 23:36:00,planned,ELEC-01,1513.0
8591,46,2026-01-25 23:57:00,2026-01-26 01:21:00,unplanned,MAT-01,
8592,40,2026-06-15 17:53:00,2026-06-15 19:22:00,planned,CAL-01,6918.0
8593,12,2026-01-01 02:13:00,2026-01-01 03:59:00,unplanned,MAT-01,337.0
8594,48,2026-01-20 04:58:00,2026-01-20 06:08:00,unplanned,CAL-01,4976.0
8595,38,2026-03-22 01:18:00,2026-03-22 03:26:00,unplanned,MEC-01,501.0
8596,45,2026-03-27 08:10:00,2026-03-27 09:18:00,unplanned,ELEC-01,7540.0
8597,24,2026-06-25 11:19:00,2026-06-25 11:51:00,unplanned,MAT-01,4201.0
8598,48,2026-02-21 07:37:00,2026-02-21 09:51:00,unplanned,MAT-01,976.0
8599,11,2026-01-01 16:19:00,2026-01-01 16:43:00,planned,MEC-02,9598.0
8600,14,2026-02-20 01:12:00,2026-02-20 03:03:00,unplanned,MEC-01,6322.0
8601,48,2026-02-13 22:34:00,2026-02-13 23:36:00,unplanned,MEC-01,4674.0
8602,6,2026-05-08 05:59:00,2026-05-08 06:37:00,unplanned,MAT-01,5352.0
8603,1,2026-05-18 11:13:00,2026-05-18 12:46:00,unplanned,ELEC-01,3575.0
8604,25,2026-02-23 04:09:00,2026-02-23 04:17:00,unplanned,MAT-01,3224.0
8605,4,2026-05-13 23:06:00,2026-05-14 00:20:00,unplanned,MEC-01,7723.0
8606,10,2026-01-26 12:39:00,2026-01-26 14:08:00,planned,MEC-01,2241.0
8607,26,2026-06-27 17:43:00,2026-06-27 19:46:00,unplanned,MAT-01,98.0
8608,13,2026-03-13 09:46:00,2026-03-13 10:21:00,planned,ELEC-01,9635.0
8609,45,2026-02-28 07:42:00,2026-02-28 10:04:00,unplanned,ELEC-01,
8610,44,2026-04-23 03:59:00,2026-04-23 06:13:00,unplanned,MEC-02,3922.0
8611,37,2026-02-07 00:22:00,2026-02-07 01:42:00,planned,ELEC-01,5838.0
8612,28,2026-02-10 06:10:00,2026-02-10 07:19:00,unplanned,ELEC-01,7864.0
8613,4,2026-03-19 09:45:00,2026-03-19 12:38:00,planned,MEC-01,4467.0
8614,19,2026-01-04 18:11:00,2026-01-04 18:46:00,unplanned,MAT-01,
8615,6,2026-06-07 12:55:00,2026-06-07 15:28:00,unplanned,ELEC-01,3106.0
8616,19,2026-02-07 15:04:00,2026-02-07 16:02:00,planned,ELEC-01,
8617,42,2026-01-30 10:14:00,2026-01-30 12:46:00,unplanned,CAL-01,
8618,14,2026-02-23 01:29:00,2026-02-23 03:00:00,planned,ELEC-01,
8619,2,2026-03-06 23:01:00,2026-03-07 01:27:00,planned,MEC-02,1369.0
8620,49,2026-03-12 20:05:00,2026-03-12 21:02:00,planned,CAL-01,6851.0
8621,37,2026-06-26 07:12:00,2026-06-26 07:18:00,unplanned,CAL-01,7314.0
8622,1,2026-02-20 00:27:00,2026-02-20 03:15:00,unplanned,ELEC-01,
8623,46,2026-05-23 11:08:00,2026-05-23 12:34:00,unplanned,ELEC-01,1059.0
8624,24,2026-01-15 22:51:00,2026-01-15 23:06:00,unplanned,MEC-01,9854.0
8625,30,2026-06-18 14:29:00,2026-06-18 16:23:00,unplanned,MAT-01,
8626,22,2026-01-01 18:47:00,2026-01-01 21:00:00,unplanned,MEC-02,2051.0
8627,26,2026-06-06 16:33:00,2026-06-06 19:12:00,unplanned,MAT-01,7522.0
8628,42,2026-01-08 17:55:00,2026-01-08 18:48:00,unplanned,MEC-01,3213.0
8629,12,2026-04-23 10:49:00,2026-04-23 13:35:00,unplanned,CAL-01,1274.0
8630,9,2026-05-28 03:20:00,2026-05-28 04:45:00,unplanned,MEC-01,
8631,13,2026-05-14 02:11:00,2026-05-14 03:42:00,unplanned,CAL-01,1947.0
8632,9,2026-01-10 07:52:00,2026-01-10 09:09:00,unplanned,MEC-02,2206.0
8633,35,2026-06-20 21:01:00,2026-06-20 21:08:00,planned,MEC-01,
8634,27,2026-02-02 19:43:00,2026-02-02 21:00:00,planned,MAT-01,2815.0
8635,34,2026-05-30 12:28:00,2026-05-30 13:59:00,unplanned,MAT-01,3566.0
8636,5,2026-03-01 14:55:00,2026-03-01 15:51:00,planned,ELEC-01,
8637,11,2026-01-22 12:35:00,2026-01-22 13:00:00,unplanned,MAT-01,5621.0
8638,22,2026-05-30 05:29:00,2026-05-30 05:36:00,unplanned,MEC-02,506.0
8639,2,2026-06-01 23:21:00,2026-06-02 02:15:00,unplanned,MAT-01,
8640,16,2026-02-13 18:46:00,2026-02-13 19:41:00,unplanned,CAL-01,
8641,48,2026-06-20 12:48:00,2026-06-20 13:10:00,planned,ELEC-01,4098.0
8642,10,2026-04-10 08:14:00,2026-04-10 09:03:00,unplanned,CAL-01,476.0
8643,14,2026-01-23 04:39:00,2026-01-23 04:51:00,unplanned,ELEC-01,5293.0
8644,14,2026-05-29 01:21:00,2026-05-29 01:34:00,unplanned,MEC-01,
8645,24,2026-02-19 15:47:00,2026-02-19 18:28:00,planned,MEC-01,
8646,32,2026-06-09 01:45:00,2026-06-09 01:54:00,unplanned,MAT-01,4852.0
8647,9,2026-04-25 03:29:00,2026-04-25 04:26:00,planned,CAL-01,429.0
8648,11,2026-03-24 15:44:00,2026-03-24 16:33:00,planned,ELEC-01,7013.0
8649,28,2026-05-22 02:45:00,2026-05-22 04:19:00,planned,CAL-01,6472.0
8650,21,2026-05-10 17:54:00,2026-05-10 20:43:00,unplanned,MAT-01,4038.0
8651,40,2026-05-17 18:07:00,2026-05-17 20:03:00,unplanned,MEC-02,1951.0
8652,33,2026-04-30 08:18:00,2026-04-30 09:05:00,planned,MEC-02,
8653,29,2026-06-09 14:35:00,2026-06-09 16:39:00,unplanned,CAL-01,7740.0
8654,29,2026-06-27 19:42:00,2026-06-27 21:42:00,planned,CAL-01,7593.0
8655,41,2026-04-09 20:51:00,2026-04-09 22:57:00,planned,CAL-01,3298.0
8656,43,2026-01-08 22:39:00,2026-01-09 00:47:00,planned,MAT-01,6406.0
8657,35,2026-05-29 03:32:00,2026-05-29 04:15:00,unplanned,MEC-02,1481.0
8658,35,2026-03-15 15:12:00,2026-03-15 15:51:00,unplanned,MEC-02,8566.0
8659,2,2026-02-04 21:56:00,2026-02-04 23:15:00,unplanned,ELEC-01,7830.0
8660,10,2026-05-31 07:03:00,2026-05-31 08:37:00,unplanned,MEC-01,
8661,44,2026-03-12 07:38:00,2026-03-12 08:18:00,unplanned,CAL-01,3770.0
8662,17,2026-06-23 04:36:00,2026-06-23 07:09:00,unplanned,MAT-01,9732.0
8663,30,2026-04-04 21:11:00,2026-04-04 22:25:00,unplanned,MEC-02,
8664,3,2026-06-22 02:50:00,2026-06-22 04:42:00,unplanned,MAT-01,5112.0
8665,11,2026-01-02 04:45:00,2026-01-02 07:16:00,planned,CAL-01,
8666,22,2026-03-04 03:31:00,2026-03-04 04:39:00,unplanned,ELEC-01,
8667,13,2026-06-14 19:36:00,2026-06-14 20:02:00,unplanned,MEC-01,2467.0
8668,23,2026-02-14 05:20:00,2026-02-14 06:57:00,unplanned,MEC-01,3002.0
8669,39,2026-04-27 13:56:00,2026-04-27 16:43:00,unplanned,ELEC-01,
8670,32,2026-06-03 22:28:00,2026-06-04 00:32:00,unplanned,CAL-01,9340.0
8671,40,2026-05-24 17:07:00,2026-05-24 17:32:00,planned,CAL-01,5592.0
8672,35,2026-01-29 14:25:00,2026-01-29 16:39:00,unplanned,MEC-02,4416.0
8673,33,2026-01-18 08:01:00,2026-01-18 09:37:00,unplanned,MEC-01,5352.0
8674,35,2026-01-11 19:44:00,2026-01-11 22:22:00,planned,MEC-01,
8675,32,2026-02-28 04:10:00,2026-02-28 06:02:00,unplanned,MEC-02,461.0
8676,49,2026-02-23 08:38:00,2026-02-23 10:43:00,unplanned,MEC-02,8402.0
8677,37,2026-05-18 11:02:00,2026-05-18 12:45:00,planned,CAL-01,2173.0
8678,46,2026-02-15 17:48:00,2026-02-15 18:32:00,unplanned,CAL-01,6626.0
8679,23,2026-06-20 22:31:00,2026-06-20 23:21:00,unplanned,CAL-01,7721.0
8680,4,2026-01-21 03:52:00,2026-01-21 05:44:00,planned,MAT-01,3645.0
8681,5,2026-03-22 08:00:00,2026-03-22 10:38:00,planned,CAL-01,9647.0
8682,43,2026-06-13 07:53:00,2026-06-13 09:08:00,unplanned,MAT-01,6355.0
8683,37,2026-05-31 07:05:00,2026-05-31 09:01:00,unplanned,MEC-01,9501.0
8684,15,2026-03-30 04:25:00,2026-03-30 06:40:00,planned,MEC-01,4389.0
8685,6,2026-03-06 15:30:00,2026-03-06 16:01:00,unplanned,MEC-02,5365.0
8686,2,2026-06-14 07:02:00,2026-06-14 07:32:00,planned,ELEC-01,6672.0
8687,27,2026-01-31 01:41:00,2026-01-31 03:37:00,unplanned,MAT-01,5325.0
8688,19,2026-02-18 13:07:00,2026-02-18 15:39:00,planned,ELEC-01,9330.0
8689,49,2026-05-27 00:17:00,2026-05-27 00:22:00,unplanned,MEC-01,
8690,18,2026-02-17 12:35:00,2026-02-17 14:24:00,unplanned,MEC-02,
8691,11,2026-04-18 08:17:00,2026-04-18 10:12:00,unplanned,ELEC-01,
8692,47,2026-02-11 10:50:00,2026-02-11 12:03:00,unplanned,CAL-01,7269.0
8693,14,2026-04-14 07:48:00,2026-04-14 10:30:00,planned,CAL-01,676.0
8694,2,2026-02-22 07:04:00,2026-02-22 09:56:00,planned,ELEC-01,2978.0
8695,22,2026-05-27 08:53:00,2026-05-27 09:28:00,unplanned,MAT-01,
8696,2,2026-05-03 02:33:00,2026-05-03 03:36:00,planned,MEC-01,3798.0
8697,5,2026-05-04 19:02:00,2026-05-04 20:51:00,unplanned,MAT-01,5869.0
8698,35,2026-03-04 14:34:00,2026-03-04 16:01:00,planned,ELEC-01,6852.0
8699,4,2026-03-04 10:03:00,2026-03-04 10:34:00,unplanned,MAT-01,6086.0
8700,46,2026-06-18 06:38:00,2026-06-18 07:58:00,unplanned,MAT-01,
8701,31,2026-03-16 06:35:00,2026-03-16 09:21:00,unplanned,MAT-01,7828.0
8702,17,2026-03-28 17:34:00,2026-03-28 18:49:00,planned,MEC-02,7767.0
8703,37,2026-03-13 22:56:00,2026-03-14 01:02:00,unplanned,MAT-01,3162.0
8704,21,2026-02-01 15:06:00,2026-02-01 17:52:00,planned,MEC-01,
8705,47,2026-03-04 02:28:00,2026-03-04 02:35:00,unplanned,MAT-01,4550.0
8706,41,2026-05-28 20:51:00,2026-05-28 22:45:00,planned,MEC-01,4434.0
8707,21,2026-04-18 11:54:00,2026-04-18 12:23:00,unplanned,ELEC-01,9675.0
8708,4,2026-03-11 14:41:00,2026-03-11 16:11:00,planned,ELEC-01,5806.0
8709,25,2026-03-16 02:19:00,2026-03-16 03:08:00,planned,MAT-01,8794.0
8710,24,2026-01-01 20:09:00,2026-01-01 20:34:00,unplanned,ELEC-01,4551.0
8711,5,2026-02-08 08:34:00,2026-02-08 09:02:00,planned,MEC-01,
8712,8,2026-06-14 06:07:00,2026-06-14 07:33:00,planned,CAL-01,295.0
8713,49,2026-04-17 12:29:00,2026-04-17 13:32:00,unplanned,ELEC-01,
8714,1,2026-06-03 07:38:00,2026-06-03 10:15:00,unplanned,ELEC-01,9484.0
8715,17,2026-04-13 15:08:00,2026-04-13 16:17:00,unplanned,MAT-01,4207.0
8716,45,2026-05-20 14:11:00,2026-05-20 17:03:00,planned,ELEC-01,
8717,47,2026-05-10 18:40:00,2026-05-10 20:54:00,planned,CAL-01,5209.0
8718,12,2026-01-01 08:35:00,2026-01-01 09:59:00,planned,MEC-01,2097.0
8719,32,2026-05-16 07:25:00,2026-05-16 09:08:00,planned,MEC-01,3698.0
8720,16,2026-03-04 13:38:00,2026-03-04 14:21:00,unplanned,MEC-02,
8721,38,2026-04-07 14:11:00,2026-04-07 16:00:00,planned,CAL-01,
8722,16,2026-03-23 03:34:00,2026-03-23 04:30:00,unplanned,ELEC-01,5050.0
8723,12,2026-01-10 06:21:00,2026-01-10 07:33:00,planned,MEC-02,8714.0
8724,17,2026-04-14 07:52:00,2026-04-14 08:12:00,unplanned,CAL-01,9799.0
8725,41,2026-01-29 20:39:00,2026-01-29 22:33:00,unplanned,CAL-01,5738.0
8726,9,2026-06-10 01:03:00,2026-06-10 03:16:00,planned,MEC-02,
8727,3,2026-01-06 23:35:00,2026-01-07 00:09:00,unplanned,ELEC-01,6512.0
8728,16,2026-05-08 12:07:00,2026-05-08 15:06:00,unplanned,CAL-01,4082.0
8729,36,2026-06-19 08:56:00,2026-06-19 11:39:00,unplanned,ELEC-01,9461.0
8730,21,2026-06-01 03:08:00,2026-06-01 04:39:00,planned,ELEC-01,9872.0
8731,17,2026-03-10 06:53:00,2026-03-10 09:44:00,planned,MEC-01,7877.0
8732,19,2026-06-24 12:49:00,2026-06-24 15:25:00,unplanned,MEC-02,3897.0
8733,17,2026-03-01 06:22:00,2026-03-01 08:00:00,unplanned,MEC-02,4480.0
8734,24,2026-01-28 00:35:00,2026-01-28 01:30:00,planned,MAT-01,
8735,44,2026-05-24 01:07:00,2026-05-24 02:06:00,unplanned,MEC-02,1200.0
8736,20,2026-03-22 01:22:00,2026-03-22 02:09:00,unplanned,MAT-01,2019.0
8737,21,2026-03-17 13:15:00,2026-03-17 14:39:00,planned,MEC-01,6385.0
8738,21,2026-02-23 16:02:00,2026-02-23 18:03:00,unplanned,CAL-01,
8739,20,2026-05-16 14:34:00,2026-05-16 15:42:00,planned,CAL-01,
8740,13,2026-05-13 08:01:00,2026-05-13 08:36:00,unplanned,MEC-02,
8741,5,2026-06-08 21:50:00,2026-06-08 22:33:00,planned,MEC-02,6754.0
8742,47,2026-01-01 19:12:00,2026-01-01 19:33:00,unplanned,MAT-01,4885.0
8743,36,2026-01-27 15:22:00,2026-01-27 15:51:00,unplanned,ELEC-01,8384.0
8744,17,2026-03-24 21:18:00,2026-03-25 00:14:00,planned,CAL-01,8126.0
8745,35,2026-05-01 13:48:00,2026-05-01 16:30:00,unplanned,ELEC-01,565.0
8746,15,2026-03-07 09:19:00,2026-03-07 10:30:00,planned,CAL-01,6394.0
8747,25,2026-04-10 06:25:00,2026-04-10 07:38:00,unplanned,ELEC-01,5056.0
8748,43,2026-01-28 08:07:00,2026-01-28 10:01:00,planned,CAL-01,9040.0
8749,5,2026-01-30 02:04:00,2026-01-30 03:04:00,unplanned,MEC-02,7933.0
8750,10,2026-06-23 00:16:00,2026-06-23 00:25:00,planned,MAT-01,
8751,15,2026-01-18 12:51:00,2026-01-18 14:19:00,unplanned,CAL-01,5396.0
8752,42,2026-05-26 11:39:00,2026-05-26 11:46:00,planned,MEC-02,1739.0
8753,38,2026-06-09 17:15:00,2026-06-09 17:29:00,planned,CAL-01,4051.0
8754,42,2026-03-31 22:13:00,2026-03-31 23:19:00,planned,MEC-01,7796.0
8755,31,2026-01-30 20:05:00,2026-01-30 21:31:00,unplanned,MEC-01,6189.0
8756,13,2026-01-28 06:14:00,2026-01-28 08:47:00,unplanned,MEC-02,
8757,48,2026-05-25 22:37:00,2026-05-25 22:46:00,planned,MEC-01,5825.0
8758,30,2026-04-09 22:19:00,2026-04-09 22:48:00,planned,MEC-02,8310.0
8759,23,2026-03-18 05:28:00,2026-03-18 06:57:00,unplanned,MAT-01,8119.0
8760,42,2026-01-03 13:20:00,2026-01-03 14:34:00,planned,CAL-01,1534.0
8761,47,2026-05-25 02:34:00,2026-05-25 03:06:00,planned,MEC-02,
8762,14,2026-04-18 18:51:00,2026-04-18 20:22:00,planned,MEC-01,2734.0
8763,45,2026-02-09 06:31:00,2026-02-09 07:47:00,planned,MEC-01,
8764,12,2026-03-10 23:13:00,2026-03-10 23:21:00,unplanned,CAL-01,5639.0
8765,4,2026-01-29 23:12:00,2026-01-29 23:29:00,planned,CAL-01,705.0
8766,33,2026-04-05 19:02:00,2026-04-05 19:42:00,planned,MAT-01,3040.0
8767,15,2026-06-15 17:12:00,2026-06-15 18:18:00,planned,ELEC-01,798.0
8768,18,2026-02-12 03:34:00,2026-02-12 06:02:00,planned,ELEC-01,9000.0
8769,4,2026-02-16 07:21:00,2026-02-16 08:52:00,unplanned,ELEC-01,4181.0
8770,43,2026-03-31 10:29:00,2026-03-31 10:44:00,planned,CAL-01,2666.0
8771,11,2026-01-12 11:55:00,2026-01-12 13:44:00,unplanned,MAT-01,
8772,11,2026-02-05 06:46:00,2026-02-05 09:03:00,planned,CAL-01,1078.0
8773,18,2026-02-12 23:35:00,2026-02-13 02:14:00,planned,CAL-01,
8774,29,2026-03-11 11:44:00,2026-03-11 13:00:00,planned,ELEC-01,9747.0
8775,4,2026-06-22 19:33:00,2026-06-22 20:34:00,unplanned,MAT-01,
8776,44,2026-02-28 21:06:00,2026-02-28 21:46:00,planned,MAT-01,2788.0
8777,12,2026-05-11 14:23:00,2026-05-11 15:45:00,unplanned,ELEC-01,
8778,50,2026-02-28 18:16:00,2026-02-28 19:22:00,planned,MEC-01,3776.0
8779,45,2026-04-11 05:48:00,2026-04-11 07:54:00,planned,ELEC-01,
8780,32,2026-04-07 16:56:00,2026-04-07 17:14:00,unplanned,MEC-01,
8781,36,2026-05-06 12:31:00,2026-05-06 12:38:00,planned,CAL-01,3484.0
8782,32,2026-05-09 00:30:00,2026-05-09 01:50:00,unplanned,MEC-02,
8783,27,2026-06-24 02:37:00,2026-06-24 03:15:00,planned,ELEC-01,2188.0
8784,18,2026-04-30 01:05:00,2026-04-30 02:42:00,planned,CAL-01,471.0
8785,13,2026-03-28 19:53:00,2026-03-28 22:08:00,planned,MEC-02,9235.0
8786,21,2026-06-12 07:20:00,2026-06-12 09:38:00,planned,CAL-01,6792.0
8787,44,2026-03-28 19:39:00,2026-03-28 21:05:00,planned,MEC-01,
8788,12,2026-05-01 17:46:00,2026-05-01 19:57:00,planned,MEC-01,
8789,32,2026-03-28 03:09:00,2026-03-28 04:23:00,planned,MEC-02,5643.0
8790,21,2026-04-27 11:06:00,2026-04-27 12:54:00,unplanned,CAL-01,
8791,40,2026-06-19 10:27:00,2026-06-19 13:20:00,unplanned,CAL-01,4233.0
8792,8,2026-03-17 19:16:00,2026-03-17 20:21:00,planned,CAL-01,9385.0
8793,35,2026-02-02 23:18:00,2026-02-03 01:39:00,unplanned,MEC-01,3737.0
8794,44,2026-06-10 02:38:00,2026-06-10 04:04:00,unplanned,CAL-01,
8795,39,2026-06-01 07:36:00,2026-06-01 08:21:00,planned,MAT-01,7451.0
8796,36,2026-03-03 09:42:00,2026-03-03 11:02:00,unplanned,MAT-01,8050.0
8797,5,2026-01-26 03:38:00,2026-01-26 04:20:00,planned,MEC-02,
8798,26,2026-02-24 10:26:00,2026-02-24 12:19:00,planned,CAL-01,
8799,3,2026-06-14 15:38:00,2026-06-14 16:11:00,planned,MEC-01,9701.0
8800,40,2026-03-06 00:18:00,2026-03-06 02:50:00,unplanned,MEC-02,
8801,2,2026-06-03 21:45:00,2026-06-03 22:49:00,planned,MEC-02,7840.0
8802,45,2026-05-22 23:51:00,2026-05-23 02:44:00,unplanned,MAT-01,1597.0
8803,4,2026-06-02 07:49:00,2026-06-02 10:40:00,unplanned,MEC-01,1581.0
8804,8,2026-06-11 03:29:00,2026-06-11 03:59:00,planned,CAL-01,
8805,34,2026-03-07 03:24:00,2026-03-07 04:41:00,unplanned,MAT-01,
8806,28,2026-06-05 07:07:00,2026-06-05 09:00:00,planned,ELEC-01,
8807,41,2026-04-06 17:41:00,2026-04-06 19:17:00,unplanned,MEC-02,7067.0
8808,50,2026-06-16 05:25:00,2026-06-16 08:22:00,unplanned,MEC-01,2322.0
8809,7,2026-01-15 14:51:00,2026-01-15 15:09:00,planned,MEC-02,1603.0
8810,26,2026-05-05 03:47:00,2026-05-05 05:50:00,unplanned,MEC-02,
8811,33,2026-04-18 07:11:00,2026-04-18 08:55:00,unplanned,ELEC-01,5765.0
8812,45,2026-03-27 00:44:00,2026-03-27 01:24:00,unplanned,MAT-01,2793.0
8813,6,2026-06-13 02:26:00,2026-06-13 02:44:00,unplanned,CAL-01,8213.0
8814,24,2026-04-12 18:25:00,2026-04-12 18:36:00,unplanned,MEC-01,3513.0
8815,46,2026-06-19 11:07:00,2026-06-19 14:03:00,unplanned,MAT-01,276.0
8816,33,2026-06-17 17:24:00,2026-06-17 19:36:00,unplanned,CAL-01,3981.0
8817,7,2026-06-08 14:03:00,2026-06-08 16:56:00,planned,ELEC-01,4514.0
8818,12,2026-04-25 08:39:00,2026-04-25 10:47:00,planned,CAL-01,
8819,15,2026-05-07 01:07:00,2026-05-07 01:47:00,planned,ELEC-01,
8820,20,2026-04-04 14:43:00,2026-04-04 17:00:00,planned,MAT-01,
8821,32,2026-04-01 09:37:00,2026-04-01 11:06:00,unplanned,ELEC-01,
8822,41,2026-05-09 17:34:00,2026-05-09 20:11:00,unplanned,CAL-01,2718.0
8823,25,2026-05-31 10:58:00,2026-05-31 12:21:00,planned,MAT-01,
8824,37,2026-06-04 02:14:00,2026-06-04 04:37:00,planned,MEC-02,
8825,28,2026-01-24 05:58:00,2026-01-24 07:31:00,planned,MEC-02,5924.0
8826,4,2026-05-05 01:08:00,2026-05-05 03:36:00,unplanned,ELEC-01,
8827,13,2026-04-15 07:15:00,2026-04-15 08:34:00,planned,ELEC-01,5337.0
8828,1,2026-03-02 01:04:00,2026-03-02 02:55:00,unplanned,MAT-01,7998.0
8829,15,2026-02-24 04:34:00,2026-02-24 07:26:00,unplanned,ELEC-01,
8830,32,2026-02-05 06:14:00,2026-02-05 08:11:00,unplanned,MEC-01,
8831,20,2026-03-10 17:12:00,2026-03-10 17:41:00,planned,CAL-01,2736.0
8832,5,2026-04-30 00:47:00,2026-04-30 02:20:00,planned,MAT-01,2419.0
8833,5,2026-06-19 14:25:00,2026-06-19 15:51:00,unplanned,ELEC-01,481.0
8834,48,2026-05-09 10:40:00,2026-05-09 13:27:00,planned,CAL-01,
8835,5,2026-04-06 14:14:00,2026-04-06 14:25:00,unplanned,MEC-01,3707.0
8836,4,2026-04-28 12:30:00,2026-04-28 13:13:00,planned,MEC-01,5744.0
8837,47,2026-04-10 14:10:00,2026-04-10 15:32:00,planned,CAL-01,
8838,32,2026-03-19 10:36:00,2026-03-19 11:06:00,planned,MEC-02,
8839,31,2026-02-28 14:28:00,2026-02-28 14:42:00,planned,MEC-02,7743.0
8840,32,2026-06-09 17:32:00,2026-06-09 19:49:00,planned,MEC-02,7579.0
8841,4,2026-01-20 07:36:00,2026-01-20 09:32:00,planned,CAL-01,
8842,9,2026-05-09 18:24:00,2026-05-09 20:23:00,unplanned,MEC-02,2008.0
8843,1,2026-04-06 00:43:00,2026-04-06 02:04:00,planned,MEC-01,1888.0
8844,15,2026-04-28 16:23:00,2026-04-28 16:35:00,planned,MEC-01,7951.0
8845,41,2026-06-19 06:45:00,2026-06-19 08:20:00,planned,MEC-01,4435.0
8846,9,2026-05-07 19:49:00,2026-05-07 21:03:00,unplanned,CAL-01,6649.0
8847,31,2026-06-17 06:20:00,2026-06-17 07:29:00,planned,MEC-02,
8848,2,2026-01-06 12:51:00,2026-01-06 15:21:00,planned,CAL-01,9447.0
8849,45,2026-06-18 14:05:00,2026-06-18 17:04:00,planned,ELEC-01,
8850,33,2026-01-18 06:52:00,2026-01-18 07:14:00,planned,CAL-01,7056.0
8851,46,2026-02-18 22:19:00,2026-02-19 00:57:00,unplanned,ELEC-01,5445.0
8852,35,2026-03-31 21:51:00,2026-03-31 23:02:00,unplanned,MEC-01,4271.0
8853,22,2026-06-06 03:05:00,2026-06-06 04:36:00,planned,ELEC-01,4525.0
8854,39,2026-04-25 13:13:00,2026-04-25 14:11:00,planned,MEC-02,
8855,29,2026-04-15 04:20:00,2026-04-15 07:08:00,planned,ELEC-01,5236.0
8856,30,2026-02-26 22:58:00,2026-02-27 01:15:00,planned,MEC-01,
8857,43,2026-03-12 09:48:00,2026-03-12 11:32:00,planned,MEC-02,8634.0
8858,17,2026-03-03 09:27:00,2026-03-03 09:47:00,planned,MEC-01,
8859,35,2026-04-10 14:41:00,2026-04-10 15:00:00,planned,ELEC-01,9662.0
8860,36,2026-06-01 14:16:00,2026-06-01 16:52:00,unplanned,MEC-01,1186.0
8861,2,2026-03-28 01:40:00,2026-03-28 01:49:00,unplanned,MEC-02,2442.0
8862,25,2026-03-15 06:36:00,2026-03-15 07:56:00,unplanned,ELEC-01,
8863,5,2026-06-26 13:32:00,2026-06-26 16:23:00,planned,MEC-02,8983.0
8864,30,2026-03-21 08:34:00,2026-03-21 08:43:00,unplanned,MEC-01,
8865,13,2026-04-17 04:25:00,2026-04-17 05:59:00,unplanned,CAL-01,
8866,13,2026-03-24 15:53:00,2026-03-24 18:01:00,planned,MEC-01,
8867,6,2026-03-06 17:25:00,2026-03-06 17:51:00,planned,ELEC-01,
8868,44,2026-01-07 03:14:00,2026-01-07 05:12:00,unplanned,ELEC-01,
8869,24,2026-05-10 07:25:00,2026-05-10 08:19:00,unplanned,MEC-02,5090.0
8870,49,2026-01-09 18:39:00,2026-01-09 20:44:00,planned,ELEC-01,
8871,15,2026-05-19 18:08:00,2026-05-19 19:54:00,unplanned,CAL-01,
8872,6,2026-03-08 16:33:00,2026-03-08 18:49:00,unplanned,CAL-01,
8873,15,2026-05-11 17:03:00,2026-05-11 17:54:00,planned,MEC-02,59.0
8874,22,2026-02-12 18:41:00,2026-02-12 20:34:00,unplanned,CAL-01,9962.0
8875,26,2026-05-03 04:37:00,2026-05-03 07:07:00,planned,MEC-02,5302.0
8876,37,2026-06-18 11:49:00,2026-06-18 12:08:00,planned,MEC-02,6406.0
8877,34,2026-03-26 10:57:00,2026-03-26 12:08:00,unplanned,ELEC-01,5423.0
8878,34,2026-04-12 13:58:00,2026-04-12 14:33:00,planned,ELEC-01,2022.0
8879,42,2026-02-20 12:56:00,2026-02-20 13:08:00,unplanned,MEC-01,7140.0
8880,26,2026-04-24 06:47:00,2026-04-24 08:52:00,unplanned,ELEC-01,4470.0
8881,8,2026-06-15 09:23:00,2026-06-15 11:20:00,unplanned,MEC-02,1144.0
8882,11,2026-01-24 01:59:00,2026-01-24 02:39:00,planned,MEC-02,759.0
8883,46,2026-05-22 12:59:00,2026-05-22 15:35:00,unplanned,MEC-02,6210.0
8884,27,2026-03-19 01:35:00,2026-03-19 02:05:00,planned,MEC-02,
8885,11,2026-04-21 16:48:00,2026-04-21 17:22:00,planned,MEC-01,
8886,50,2026-01-25 03:36:00,2026-01-25 05:43:00,planned,MEC-01,9273.0
8887,6,2026-01-22 21:36:00,2026-01-22 22:26:00,unplanned,CAL-01,7709.0
8888,38,2026-04-26 19:30:00,2026-04-26 22:26:00,planned,CAL-01,
8889,43,2026-05-11 15:58:00,2026-05-11 17:41:00,unplanned,ELEC-01,
8890,19,2026-01-23 12:13:00,2026-01-23 13:57:00,unplanned,MAT-01,3669.0
8891,24,2026-02-14 21:48:00,2026-02-14 23:50:00,unplanned,MEC-02,3016.0
8892,46,2026-05-01 16:58:00,2026-05-01 17:53:00,unplanned,MEC-01,
8893,29,2026-03-02 14:09:00,2026-03-02 16:14:00,unplanned,MEC-02,
8894,25,2026-05-08 13:06:00,2026-05-08 15:26:00,unplanned,MEC-01,
8895,34,2026-06-02 16:45:00,2026-06-02 19:14:00,planned,MEC-01,3723.0
8896,12,2026-01-05 16:43:00,2026-01-05 17:23:00,unplanned,CAL-01,8678.0
8897,33,2026-02-19 17:02:00,2026-02-19 19:33:00,planned,ELEC-01,
8898,47,2026-02-16 21:18:00,2026-02-16 22:32:00,unplanned,MAT-01,
8899,9,2026-04-02 12:51:00,2026-04-02 15:03:00,planned,MEC-01,
8900,39,2026-03-19 21:49:00,2026-03-19 23:49:00,planned,CAL-01,740.0
8901,30,2026-05-24 16:39:00,2026-05-24 17:25:00,unplanned,MEC-02,5763.0
8902,34,2026-01-01 12:03:00,2026-01-01 12:25:00,unplanned,MEC-02,3255.0
8903,4,2026-01-02 07:46:00,2026-01-02 10:46:00,planned,MAT-01,
8904,14,2026-03-15 18:45:00,2026-03-15 21:39:00,unplanned,MEC-02,7315.0
8905,19,2026-04-22 19:51:00,2026-04-22 22:07:00,planned,MEC-02,
8906,9,2026-04-19 00:56:00,2026-04-19 01:31:00,unplanned,CAL-01,99.0
8907,29,2026-05-30 10:19:00,2026-05-30 12:31:00,unplanned,MEC-02,5452.0
8908,44,2026-02-26 20:51:00,2026-02-26 22:14:00,unplanned,CAL-01,
8909,3,2026-05-10 14:13:00,2026-05-10 15:33:00,planned,MAT-01,3095.0
8910,7,2026-05-07 04:14:00,2026-05-07 06:32:00,planned,CAL-01,
8911,28,2026-05-20 02:10:00,2026-05-20 03:38:00,unplanned,CAL-01,
8912,37,2026-01-14 01:58:00,2026-01-14 03:16:00,unplanned,MAT-01,8622.0
8913,49,2026-06-27 10:30:00,2026-06-27 10:44:00,planned,CAL-01,
8914,11,2026-03-06 22:03:00,2026-03-07 00:22:00,unplanned,MEC-01,
8915,29,2026-05-01 14:08:00,2026-05-01 16:54:00,unplanned,MAT-01,
8916,18,2026-04-09 15:00:00,2026-04-09 15:07:00,unplanned,ELEC-01,6264.0
8917,44,2026-03-20 02:38:00,2026-03-20 02:51:00,planned,CAL-01,2352.0
8918,27,2026-06-02 01:21:00,2026-06-02 04:06:00,planned,MAT-01,
8919,14,2026-03-11 08:04:00,2026-03-11 09:12:00,unplanned,MEC-01,4664.0
8920,46,2026-03-16 08:59:00,2026-03-16 11:21:00,unplanned,MEC-01,6584.0
8921,27,2026-05-22 21:17:00,2026-05-22 23:08:00,unplanned,ELEC-01,
8922,26,2026-04-17 06:28:00,2026-04-17 08:25:00,unplanned,ELEC-01,
8923,2,2026-04-15 04:22:00,2026-04-15 05:10:00,planned,CAL-01,2470.0
8924,50,2026-03-04 13:27:00,2026-03-04 16:10:00,planned,CAL-01,
8925,30,2026-02-24 06:27:00,2026-02-24 07:48:00,unplanned,MAT-01,7553.0
8926,26,2026-01-31 15:11:00,2026-01-31 16:34:00,planned,ELEC-01,6418.0
8927,44,2026-03-15 02:08:00,2026-03-15 02:22:00,planned,MAT-01,9969.0
8928,15,2026-02-01 14:37:00,2026-02-01 16:54:00,planned,CAL-01,
8929,49,2026-03-25 10:47:00,2026-03-25 12:11:00,unplanned,MEC-01,2387.0
8930,3,2026-03-18 19:47:00,2026-03-18 21:57:00,unplanned,CAL-01,5509.0
8931,48,2026-05-22 17:51:00,2026-05-22 17:56:00,unplanned,CAL-01,
8932,1,2026-02-12 09:38:00,2026-02-12 12:23:00,planned,ELEC-01,
8933,34,2026-03-03 18:56:00,2026-03-03 19:52:00,planned,MEC-01,2603.0
8934,21,2026-01-16 08:24:00,2026-01-16 10:09:00,planned,ELEC-01,7988.0
8935,6,2026-06-27 00:14:00,2026-06-27 02:26:00,planned,CAL-01,4258.0
8936,50,2026-04-13 04:12:00,2026-04-13 06:37:00,unplanned,MEC-01,7474.0
8937,22,2026-02-11 10:10:00,2026-02-11 12:07:00,planned,MEC-02,
8938,31,2026-06-18 10:16:00,2026-06-18 12:01:00,unplanned,MEC-01,6897.0
8939,16,2026-06-08 17:34:00,2026-06-08 18:35:00,planned,MEC-02,784.0
8940,8,2026-04-16 04:56:00,2026-04-16 06:30:00,planned,ELEC-01,487.0
8941,21,2026-06-04 00:42:00,2026-06-04 01:27:00,planned,MEC-01,7804.0
8942,35,2026-06-01 03:31:00,2026-06-01 04:10:00,unplanned,ELEC-01,5559.0
8943,37,2026-03-19 12:08:00,2026-03-19 12:54:00,unplanned,MEC-01,5502.0
8944,28,2026-04-14 04:49:00,2026-04-14 06:32:00,planned,MEC-02,1559.0
8945,13,2026-02-24 13:59:00,2026-02-24 16:48:00,unplanned,MEC-02,9772.0
8946,33,2026-05-30 20:05:00,2026-05-30 22:58:00,planned,ELEC-01,2599.0
8947,47,2026-02-19 04:20:00,2026-02-19 06:42:00,unplanned,MEC-01,9165.0
8948,47,2026-06-17 18:42:00,2026-06-17 20:55:00,unplanned,MEC-01,
8949,16,2026-05-13 01:54:00,2026-05-13 02:23:00,planned,ELEC-01,
8950,44,2026-01-28 20:43:00,2026-01-28 22:23:00,planned,CAL-01,
8951,25,2026-05-27 02:43:00,2026-05-27 03:59:00,unplanned,MEC-01,
8952,5,2026-04-12 13:35:00,2026-04-12 14:26:00,unplanned,CAL-01,
8953,40,2026-06-04 02:31:00,2026-06-04 04:48:00,planned,MEC-01,4962.0
8954,31,2026-02-26 01:27:00,2026-02-26 03:51:00,unplanned,ELEC-01,3604.0
8955,20,2026-06-22 05:31:00,2026-06-22 07:27:00,planned,MAT-01,
8956,3,2026-04-04 14:20:00,2026-04-04 17:05:00,unplanned,MEC-01,7553.0
8957,19,2026-01-06 05:42:00,2026-01-06 06:28:00,planned,CAL-01,1441.0
8958,35,2026-06-14 01:01:00,2026-06-14 02:59:00,planned,MAT-01,
8959,50,2026-01-10 20:21:00,2026-01-10 21:19:00,planned,MEC-01,
8960,50,2026-06-21 05:49:00,2026-06-21 07:38:00,planned,MEC-02,2280.0
8961,44,2026-03-05 03:47:00,2026-03-05 05:05:00,planned,ELEC-01,6661.0
8962,44,2026-03-08 00:02:00,2026-03-08 02:46:00,unplanned,MEC-01,6376.0
8963,34,2026-06-27 05:25:00,2026-06-27 07:10:00,unplanned,MEC-01,3241.0
8964,10,2026-05-09 05:02:00,2026-05-09 07:40:00,unplanned,CAL-01,3950.0
8965,19,2026-06-26 09:30:00,2026-06-26 11:22:00,unplanned,MEC-02,9297.0
8966,1,2026-04-30 23:32:00,2026-05-01 01:53:00,unplanned,CAL-01,7041.0
8967,50,2026-02-17 17:59:00,2026-02-17 20:09:00,unplanned,CAL-01,8877.0
8968,9,2026-04-18 10:24:00,2026-04-18 11:51:00,planned,ELEC-01,
8969,7,2026-05-01 19:24:00,2026-05-01 19:58:00,planned,ELEC-01,6807.0
8970,32,2026-05-19 14:08:00,2026-05-19 16:43:00,planned,MAT-01,
8971,9,2026-06-04 22:07:00,2026-06-04 23:23:00,unplanned,MEC-01,
8972,42,2026-05-20 15:13:00,2026-05-20 17:15:00,unplanned,ELEC-01,9189.0
8973,17,2026-05-15 04:09:00,2026-05-15 04:51:00,unplanned,MAT-01,9108.0
8974,18,2026-03-06 14:38:00,2026-03-06 15:39:00,unplanned,MEC-01,8178.0
8975,5,2026-02-13 19:39:00,2026-02-13 22:32:00,unplanned,MAT-01,3712.0
8976,38,2026-06-20 16:34:00,2026-06-20 18:16:00,unplanned,MAT-01,
8977,4,2026-03-22 18:15:00,2026-03-22 20:46:00,planned,CAL-01,6784.0
8978,50,2026-02-24 04:09:00,2026-02-24 05:53:00,unplanned,MAT-01,6967.0
8979,20,2026-01-07 11:09:00,2026-01-07 12:40:00,unplanned,MEC-01,
8980,45,2026-06-15 10:19:00,2026-06-15 11:25:00,planned,MEC-01,
8981,8,2026-02-12 22:56:00,2026-02-13 01:24:00,unplanned,MEC-02,9239.0
8982,49,2026-06-24 04:38:00,2026-06-24 06:36:00,unplanned,CAL-01,7905.0
8983,49,2026-01-16 10:52:00,2026-01-16 11:03:00,unplanned,MEC-01,
8984,27,2026-06-21 20:33:00,2026-06-21 22:40:00,planned,ELEC-01,3459.0
8985,6,2026-02-09 17:09:00,2026-02-09 17:28:00,planned,MAT-01,9149.0
8986,10,2026-04-06 13:13:00,2026-04-06 15:29:00,planned,MEC-02,
8987,14,2026-06-04 06:04:00,2026-06-04 06:57:00,planned,MAT-01,7265.0
8988,26,2026-02-10 17:26:00,2026-02-10 19:15:00,unplanned,MEC-01,6385.0
8989,21,2026-05-27 12:31:00,2026-05-27 12:49:00,unplanned,ELEC-01,8739.0
8990,27,2026-04-24 11:04:00,2026-04-24 13:57:00,unplanned,MEC-01,2798.0
8991,5,2026-01-03 19:04:00,2026-01-03 21:08:00,unplanned,MEC-02,5140.0
8992,1,2026-02-27 15:30:00,2026-02-27 18:13:00,unplanned,MEC-01,8571.0
8993,13,2026-01-11 18:31:00,2026-01-11 20:58:00,unplanned,MEC-02,
8994,28,2026-03-28 10:20:00,2026-03-28 12:11:00,planned,ELEC-01,
8995,28,2026-06-19 21:41:00,2026-06-19 22:26:00,planned,MAT-01,
8996,35,2026-02-07 17:13:00,2026-02-07 18:56:00,unplanned,MEC-01,9876.0
8997,11,2026-02-04 15:28:00,2026-02-04 18:13:00,unplanned,MEC-02,5245.0
8998,12,2026-05-10 02:15:00,2026-05-10 04:43:00,unplanned,MEC-02,
8999,42,2026-06-21 12:55:00,2026-06-21 15:39:00,unplanned,MEC-02,1025.0
9000,11,2026-05-29 21:02:00,2026-05-29 23:45:00,unplanned,CAL-01,
9001,5,2026-04-01 13:50:00,2026-04-01 14:20:00,unplanned,MEC-01,
9002,20,2026-05-14 02:48:00,2026-05-14 03:31:00,planned,CAL-01,8944.0
9003,30,2026-01-03 07:46:00,2026-01-03 08:17:00,unplanned,MEC-02,
9004,33,2026-02-24 10:44:00,2026-02-24 12:04:00,planned,MEC-02,9618.0
9005,19,2026-06-01 13:51:00,2026-06-01 14:54:00,planned,MAT-01,3485.0
9006,30,2026-01-31 20:11:00,2026-01-31 20:58:00,unplanned,MEC-01,2026.0
9007,9,2026-03-26 06:51:00,2026-03-26 08:42:00,unplanned,CAL-01,3405.0
9008,14,2026-05-01 12:08:00,2026-05-01 13:19:00,planned,MEC-02,
9009,23,2026-03-11 20:33:00,2026-03-11 21:41:00,unplanned,ELEC-01,
9010,8,2026-01-07 05:48:00,2026-01-07 07:32:00,unplanned,ELEC-01,6638.0
9011,45,2026-04-14 06:14:00,2026-04-14 08:00:00,planned,CAL-01,8115.0
9012,22,2026-05-18 20:49:00,2026-05-18 21:18:00,unplanned,MAT-01,2679.0
9013,18,2026-03-16 01:26:00,2026-03-16 01:40:00,planned,CAL-01,
9014,45,2026-06-24 23:35:00,2026-06-25 00:09:00,unplanned,MAT-01,2951.0
9015,28,2026-04-28 23:43:00,2026-04-29 02:41:00,planned,ELEC-01,7013.0
9016,30,2026-05-16 19:41:00,2026-05-16 21:27:00,planned,ELEC-01,
9017,46,2026-01-06 13:30:00,2026-01-06 13:55:00,planned,ELEC-01,714.0
9018,19,2026-04-05 10:03:00,2026-04-05 11:39:00,unplanned,MEC-01,3167.0
9019,42,2026-05-19 15:13:00,2026-05-19 18:10:00,unplanned,MEC-02,
9020,37,2026-06-27 15:45:00,2026-06-27 18:05:00,planned,MEC-01,
9021,36,2026-04-08 19:03:00,2026-04-08 20:01:00,planned,MEC-02,
9022,18,2026-01-08 01:36:00,2026-01-08 01:58:00,planned,MEC-01,9988.0
9023,3,2026-01-14 10:13:00,2026-01-14 12:56:00,planned,MEC-01,7006.0
9024,13,2026-06-14 11:08:00,2026-06-14 14:00:00,unplanned,ELEC-01,
9025,1,2026-05-18 21:01:00,2026-05-18 21:58:00,planned,MAT-01,4708.0
9026,40,2026-05-13 15:38:00,2026-05-13 16:27:00,planned,MEC-01,
9027,48,2026-06-11 07:50:00,2026-06-11 08:40:00,unplanned,MEC-02,6800.0
9028,26,2026-01-15 19:37:00,2026-01-15 21:30:00,planned,MEC-01,5315.0
9029,41,2026-06-19 21:57:00,2026-06-20 00:13:00,unplanned,ELEC-01,8351.0
9030,42,2026-03-26 06:27:00,2026-03-26 08:10:00,planned,ELEC-01,
9031,20,2026-05-07 12:48:00,2026-05-07 13:20:00,unplanned,ELEC-01,
9032,32,2026-05-07 10:45:00,2026-05-07 13:26:00,planned,CAL-01,
9033,30,2026-05-13 12:39:00,2026-05-13 15:30:00,unplanned,CAL-01,
9034,8,2026-04-04 12:38:00,2026-04-04 13:50:00,unplanned,ELEC-01,3075.0
9035,14,2026-04-10 23:20:00,2026-04-11 01:25:00,unplanned,MEC-01,3586.0
9036,6,2026-06-25 19:52:00,2026-06-25 20:40:00,unplanned,MEC-01,5814.0
9037,46,2026-05-24 22:41:00,2026-05-24 23:27:00,unplanned,ELEC-01,3878.0
9038,22,2026-02-07 00:22:00,2026-02-07 00:45:00,unplanned,CAL-01,2072.0
9039,44,2026-04-07 08:24:00,2026-04-07 09:04:00,planned,MAT-01,
9040,13,2026-02-14 13:14:00,2026-02-14 14:18:00,planned,ELEC-01,378.0
9041,37,2026-03-12 11:42:00,2026-03-12 13:27:00,planned,MEC-01,6887.0
9042,44,2026-02-24 13:45:00,2026-02-24 14:17:00,unplanned,MEC-01,6033.0
9043,28,2026-02-24 21:51:00,2026-02-25 00:49:00,unplanned,MEC-01,6759.0
9044,38,2026-05-23 09:55:00,2026-05-23 11:03:00,planned,ELEC-01,9797.0
9045,32,2026-06-10 20:51:00,2026-06-10 21:39:00,planned,MAT-01,2693.0
9046,50,2026-04-22 16:50:00,2026-04-22 18:20:00,planned,MEC-01,5720.0
9047,22,2026-03-26 17:04:00,2026-03-26 18:24:00,planned,MAT-01,2432.0
9048,47,2026-04-05 04:28:00,2026-04-05 06:59:00,unplanned,MAT-01,
9049,33,2026-06-21 22:41:00,2026-06-22 00:09:00,unplanned,MEC-01,766.0
9050,22,2026-05-27 07:43:00,2026-05-27 08:25:00,unplanned,MAT-01,1203.0
9051,14,2026-03-30 00:19:00,2026-03-30 00:31:00,unplanned,MEC-01,4050.0
9052,21,2026-06-07 20:26:00,2026-06-07 22:35:00,unplanned,ELEC-01,7688.0
9053,35,2026-06-28 10:35:00,2026-06-28 11:31:00,planned,CAL-01,
9054,28,2026-05-21 20:11:00,2026-05-21 22:30:00,unplanned,MEC-02,9741.0
9055,28,2026-03-06 10:01:00,2026-03-06 11:31:00,planned,MEC-01,
9056,7,2026-06-23 14:58:00,2026-06-23 17:23:00,planned,MAT-01,4790.0
9057,20,2026-04-15 17:00:00,2026-04-15 18:04:00,unplanned,ELEC-01,
9058,25,2026-05-23 18:39:00,2026-05-23 21:34:00,planned,MEC-01,6916.0
9059,36,2026-02-17 23:29:00,2026-02-17 23:48:00,unplanned,MEC-01,3042.0
9060,49,2026-02-03 13:18:00,2026-02-03 15:51:00,unplanned,MEC-01,3360.0
9061,35,2026-03-01 20:40:00,2026-03-01 23:01:00,planned,MEC-02,4120.0
9062,17,2026-04-18 01:00:00,2026-04-18 01:43:00,unplanned,CAL-01,6896.0
9063,5,2026-03-01 22:38:00,2026-03-02 01:20:00,planned,MAT-01,
9064,12,2026-06-22 09:24:00,2026-06-22 11:23:00,unplanned,MEC-02,174.0
9065,39,2026-06-01 06:33:00,2026-06-01 06:39:00,planned,MEC-01,6540.0
9066,8,2026-01-15 02:43:00,2026-01-15 03:15:00,planned,ELEC-01,
9067,30,2026-05-08 07:45:00,2026-05-08 10:18:00,unplanned,CAL-01,9793.0
9068,16,2026-04-28 15:44:00,2026-04-28 17:13:00,planned,MEC-01,1055.0
9069,2,2026-05-19 12:28:00,2026-05-19 14:16:00,unplanned,ELEC-01,9481.0
9070,14,2026-05-20 04:44:00,2026-05-20 06:49:00,planned,MAT-01,3009.0
9071,9,2026-04-09 17:34:00,2026-04-09 20:33:00,unplanned,MEC-02,1756.0
9072,49,2026-06-08 05:03:00,2026-06-08 05:20:00,planned,MAT-01,8528.0
9073,37,2026-01-15 23:36:00,2026-01-16 00:05:00,unplanned,MAT-01,23.0
9074,16,2026-02-11 02:00:00,2026-02-11 03:30:00,planned,MEC-02,872.0
9075,46,2026-06-26 05:48:00,2026-06-26 06:27:00,unplanned,ELEC-01,515.0
9076,50,2026-02-18 11:44:00,2026-02-18 11:50:00,unplanned,ELEC-01,3298.0
9077,50,2026-02-21 19:20:00,2026-02-21 19:57:00,unplanned,ELEC-01,4569.0
9078,34,2026-01-06 13:05:00,2026-01-06 13:57:00,unplanned,CAL-01,1012.0
9079,8,2026-04-19 16:27:00,2026-04-19 16:34:00,planned,MAT-01,5.0
9080,34,2026-04-23 14:45:00,2026-04-23 16:21:00,unplanned,MEC-02,7945.0
9081,34,2026-06-09 21:21:00,2026-06-09 22:13:00,unplanned,MAT-01,
9082,49,2026-05-15 16:34:00,2026-05-15 18:13:00,unplanned,ELEC-01,269.0
9083,29,2026-06-10 10:39:00,2026-06-10 12:13:00,unplanned,ELEC-01,5910.0
9084,44,2026-02-28 15:37:00,2026-02-28 16:49:00,unplanned,MAT-01,1551.0
9085,35,2026-05-20 01:46:00,2026-05-20 04:16:00,planned,MEC-02,8864.0
9086,37,2026-05-24 15:17:00,2026-05-24 16:59:00,planned,ELEC-01,
9087,15,2026-04-04 06:50:00,2026-04-04 06:59:00,unplanned,MEC-01,
9088,39,2026-03-30 15:00:00,2026-03-30 17:18:00,unplanned,MEC-02,
9089,15,2026-03-19 06:26:00,2026-03-19 09:23:00,unplanned,MEC-01,7921.0
9090,36,2026-03-09 18:57:00,2026-03-09 20:18:00,planned,MEC-02,
9091,24,2026-05-12 16:58:00,2026-05-12 19:43:00,unplanned,MAT-01,
9092,15,2026-03-24 22:43:00,2026-03-25 01:02:00,unplanned,MAT-01,2717.0
9093,4,2026-01-06 08:08:00,2026-01-06 10:11:00,unplanned,MAT-01,
9094,49,2026-01-30 03:03:00,2026-01-30 03:14:00,planned,CAL-01,3949.0
9095,7,2026-04-15 11:26:00,2026-04-15 13:41:00,unplanned,MEC-02,874.0
9096,1,2026-05-03 13:02:00,2026-05-03 15:24:00,unplanned,MEC-01,
9097,22,2026-03-14 13:13:00,2026-03-14 14:28:00,planned,MEC-02,
9098,9,2026-06-12 08:05:00,2026-06-12 09:52:00,unplanned,CAL-01,6766.0
9099,36,2026-02-24 13:13:00,2026-02-24 14:14:00,unplanned,MEC-02,6367.0
9100,38,2026-03-16 13:54:00,2026-03-16 15:39:00,planned,ELEC-01,6935.0
9101,4,2026-03-08 19:01:00,2026-03-08 21:21:00,planned,MEC-01,7941.0
9102,11,2026-05-20 19:51:00,2026-05-20 20:29:00,planned,MEC-02,4121.0
9103,42,2026-01-12 02:58:00,2026-01-12 04:37:00,planned,CAL-01,4055.0
9104,1,2026-06-14 11:04:00,2026-06-14 11:40:00,planned,ELEC-01,8297.0
9105,11,2026-04-10 06:11:00,2026-04-10 06:34:00,unplanned,ELEC-01,4842.0
9106,26,2026-04-29 05:47:00,2026-04-29 07:29:00,unplanned,MEC-01,431.0
9107,30,2026-05-04 12:11:00,2026-05-04 13:49:00,planned,ELEC-01,
9108,39,2026-01-23 07:59:00,2026-01-23 08:14:00,unplanned,MEC-02,9832.0
9109,45,2026-02-16 10:54:00,2026-02-16 11:53:00,unplanned,MEC-01,
9110,23,2026-01-10 12:36:00,2026-01-10 14:26:00,planned,CAL-01,2927.0
9111,28,2026-04-30 08:08:00,2026-04-30 08:53:00,planned,CAL-01,2539.0
9112,49,2026-04-19 22:06:00,2026-04-19 22:14:00,unplanned,MAT-01,2015.0
9113,11,2026-05-27 17:18:00,2026-05-27 19:30:00,planned,MEC-01,4686.0
9114,42,2026-05-07 09:37:00,2026-05-07 11:52:00,planned,MAT-01,2556.0
9115,2,2026-01-02 15:06:00,2026-01-02 17:12:00,planned,CAL-01,3377.0
9116,41,2026-04-26 15:03:00,2026-04-26 15:22:00,planned,MEC-01,5639.0
9117,9,2026-02-04 03:36:00,2026-02-04 04:51:00,planned,MEC-02,8867.0
9118,23,2026-01-08 23:00:00,2026-01-09 00:30:00,planned,MEC-02,3274.0
9119,45,2026-03-25 21:57:00,2026-03-26 00:13:00,unplanned,MAT-01,
9120,23,2026-04-25 23:48:00,2026-04-26 00:42:00,planned,CAL-01,5488.0
9121,20,2026-05-21 10:06:00,2026-05-21 12:15:00,planned,CAL-01,
9122,25,2026-02-02 23:50:00,2026-02-03 01:03:00,unplanned,ELEC-01,3228.0
9123,17,2026-06-17 21:02:00,2026-06-17 22:14:00,planned,MEC-02,
9124,41,2026-04-16 00:46:00,2026-04-16 01:33:00,unplanned,MAT-01,
9125,34,2026-01-31 20:34:00,2026-01-31 21:29:00,planned,MEC-01,9385.0
9126,9,2026-01-30 11:46:00,2026-01-30 14:46:00,unplanned,CAL-01,2694.0
9127,12,2026-06-11 05:57:00,2026-06-11 08:41:00,planned,CAL-01,3336.0
9128,20,2026-05-04 18:18:00,2026-05-04 20:24:00,planned,ELEC-01,8414.0
9129,41,2026-06-07 00:04:00,2026-06-07 03:00:00,unplanned,ELEC-01,
9130,7,2026-02-04 07:05:00,2026-02-04 09:30:00,unplanned,MEC-01,8461.0
9131,7,2026-05-13 13:47:00,2026-05-13 16:38:00,planned,CAL-01,2327.0
9132,9,2026-03-08 19:29:00,2026-03-08 21:29:00,unplanned,ELEC-01,7039.0
9133,12,2026-06-27 18:14:00,2026-06-27 18:30:00,planned,MEC-01,4031.0
9134,35,2026-02-25 15:15:00,2026-02-25 15:45:00,planned,MAT-01,5285.0
9135,34,2026-03-06 19:15:00,2026-03-06 22:09:00,planned,ELEC-01,
9136,3,2026-05-01 00:14:00,2026-05-01 00:23:00,planned,ELEC-01,
9137,6,2026-05-27 13:38:00,2026-05-27 13:50:00,unplanned,CAL-01,
9138,28,2026-03-13 16:59:00,2026-03-13 17:55:00,unplanned,MEC-02,4714.0
9139,37,2026-06-04 08:39:00,2026-06-04 10:08:00,unplanned,MEC-01,
9140,29,2026-06-02 02:14:00,2026-06-02 03:40:00,planned,MEC-01,
9141,32,2026-02-09 06:23:00,2026-02-09 07:13:00,unplanned,CAL-01,
9142,14,2026-04-21 05:01:00,2026-04-21 06:10:00,unplanned,MAT-01,
9143,47,2026-04-15 15:15:00,2026-04-15 17:01:00,unplanned,MEC-02,
9144,2,2026-04-24 13:38:00,2026-04-24 15:12:00,planned,MEC-01,
9145,29,2026-05-29 18:55:00,2026-05-29 19:51:00,planned,MEC-01,3552.0
9146,32,2026-04-12 12:19:00,2026-04-12 13:31:00,planned,CAL-01,8337.0
9147,20,2026-02-24 12:56:00,2026-02-24 14:32:00,planned,MAT-01,3045.0
9148,35,2026-05-30 08:18:00,2026-05-30 10:10:00,unplanned,MEC-01,
9149,8,2026-03-25 18:12:00,2026-03-25 20:47:00,planned,ELEC-01,3223.0
9150,6,2026-02-27 05:26:00,2026-02-27 07:23:00,unplanned,CAL-01,1925.0
9151,4,2026-01-23 01:02:00,2026-01-23 03:38:00,unplanned,MEC-02,2368.0
9152,16,2026-02-04 18:18:00,2026-02-04 21:05:00,planned,CAL-01,6234.0
9153,1,2026-01-28 00:47:00,2026-01-28 02:27:00,planned,CAL-01,7105.0
9154,25,2026-04-13 17:52:00,2026-04-13 19:27:00,unplanned,MEC-02,2644.0
9155,9,2026-01-26 13:01:00,2026-01-26 13:52:00,unplanned,ELEC-01,5552.0
9156,31,2026-05-09 23:11:00,2026-05-10 00:10:00,unplanned,CAL-01,
9157,4,2026-02-16 23:25:00,2026-02-17 01:46:00,planned,MAT-01,2632.0
9158,18,2026-02-12 15:25:00,2026-02-12 17:21:00,planned,CAL-01,5692.0
9159,38,2026-04-19 18:29:00,2026-04-19 18:59:00,unplanned,MEC-02,8040.0
9160,45,2026-02-14 09:31:00,2026-02-14 11:28:00,unplanned,CAL-01,7950.0
9161,22,2026-06-22 08:22:00,2026-06-22 10:48:00,planned,MAT-01,4101.0
9162,46,2026-05-29 10:28:00,2026-05-29 12:25:00,planned,MEC-01,9774.0
9163,21,2026-01-15 02:29:00,2026-01-15 02:38:00,planned,MEC-02,
9164,11,2026-03-19 18:14:00,2026-03-19 19:25:00,planned,MEC-01,
9165,12,2026-05-22 02:51:00,2026-05-22 03:18:00,unplanned,MEC-02,
9166,2,2026-04-01 21:52:00,2026-04-01 23:51:00,unplanned,ELEC-01,
9167,49,2026-05-08 19:25:00,2026-05-08 19:40:00,planned,MEC-01,138.0
9168,33,2026-03-08 00:55:00,2026-03-08 01:44:00,planned,CAL-01,1253.0
9169,42,2026-03-25 12:15:00,2026-03-25 13:11:00,unplanned,MEC-01,1523.0
9170,49,2026-01-20 18:05:00,2026-01-20 18:27:00,unplanned,MEC-01,3891.0
9171,19,2026-01-21 23:16:00,2026-01-22 01:34:00,unplanned,MEC-02,2048.0
9172,29,2026-01-19 07:42:00,2026-01-19 09:17:00,unplanned,MEC-01,4149.0
9173,10,2026-04-10 15:55:00,2026-04-10 17:24:00,unplanned,CAL-01,9332.0
9174,33,2026-03-24 09:43:00,2026-03-24 10:11:00,unplanned,MEC-02,4217.0
9175,34,2026-06-06 02:24:00,2026-06-06 03:30:00,planned,MAT-01,4870.0
9176,19,2026-05-25 10:24:00,2026-05-25 12:35:00,planned,MAT-01,685.0
9177,23,2026-03-25 19:33:00,2026-03-25 21:06:00,unplanned,MEC-02,
9178,28,2026-05-25 11:18:00,2026-05-25 12:50:00,unplanned,MEC-02,198.0
9179,42,2026-04-14 09:10:00,2026-04-14 10:21:00,unplanned,CAL-01,9568.0
9180,49,2026-03-21 01:23:00,2026-03-21 01:50:00,planned,ELEC-01,
9181,4,2026-03-31 00:45:00,2026-03-31 01:03:00,unplanned,MEC-02,8342.0
9182,46,2026-04-08 20:35:00,2026-04-08 22:00:00,unplanned,ELEC-01,
9183,22,2026-02-28 16:03:00,2026-02-28 16:43:00,planned,CAL-01,
9184,47,2026-05-16 19:28:00,2026-05-16 19:33:00,unplanned,CAL-01,633.0
9185,12,2026-05-15 19:52:00,2026-05-15 22:09:00,planned,MEC-02,7953.0
9186,16,2026-06-29 10:38:00,2026-06-29 13:20:00,unplanned,MEC-02,323.0
9187,13,2026-04-18 15:46:00,2026-04-18 18:43:00,planned,MEC-02,
9188,14,2026-05-29 02:06:00,2026-05-29 04:02:00,unplanned,ELEC-01,5637.0
9189,21,2026-04-12 22:51:00,2026-04-12 23:36:00,unplanned,MEC-02,5802.0
9190,1,2026-06-04 21:19:00,2026-06-04 23:25:00,planned,ELEC-01,6186.0
9191,22,2026-06-11 17:54:00,2026-06-11 19:19:00,planned,ELEC-01,9853.0
9192,19,2026-03-28 22:06:00,2026-03-29 00:00:00,unplanned,CAL-01,6901.0
9193,33,2026-03-20 05:56:00,2026-03-20 06:03:00,planned,MEC-01,1135.0
9194,41,2026-03-03 19:20:00,2026-03-03 21:15:00,planned,MEC-01,693.0
9195,12,2026-06-27 10:50:00,2026-06-27 12:45:00,planned,MEC-01,7732.0
9196,47,2026-04-22 13:03:00,2026-04-22 15:35:00,planned,CAL-01,8007.0
9197,48,2026-02-27 02:10:00,2026-02-27 04:30:00,unplanned,CAL-01,
9198,8,2026-04-01 03:37:00,2026-04-01 05:38:00,unplanned,CAL-01,9620.0
9199,12,2026-06-26 18:01:00,2026-06-26 18:58:00,planned,CAL-01,
9200,21,2026-03-04 16:33:00,2026-03-04 19:27:00,unplanned,MEC-01,
9201,22,2026-04-25 21:23:00,2026-04-25 23:23:00,unplanned,MAT-01,
9202,4,2026-05-12 21:56:00,2026-05-13 00:35:00,planned,CAL-01,
9203,31,2026-02-26 03:54:00,2026-02-26 05:40:00,planned,MEC-01,
9204,18,2026-02-13 00:36:00,2026-02-13 02:25:00,unplanned,ELEC-01,2769.0
9205,17,2026-02-05 04:11:00,2026-02-05 04:40:00,unplanned,CAL-01,2282.0
9206,48,2026-04-01 02:30:00,2026-04-01 04:06:00,planned,MEC-02,4133.0
9207,1,2026-06-02 11:55:00,2026-06-02 12:26:00,planned,MEC-02,3649.0
9208,35,2026-02-20 21:12:00,2026-02-21 00:12:00,unplanned,MEC-02,8402.0
9209,48,2026-03-24 01:39:00,2026-03-24 02:54:00,planned,MEC-02,
9210,2,2026-06-10 20:49:00,2026-06-10 21:36:00,unplanned,MAT-01,
9211,17,2026-01-15 06:47:00,2026-01-15 07:12:00,unplanned,ELEC-01,9706.0
9212,48,2026-02-27 06:50:00,2026-02-27 07:23:00,unplanned,ELEC-01,3570.0
9213,15,2026-01-26 00:58:00,2026-01-26 02:48:00,unplanned,MEC-02,6066.0
9214,16,2026-04-17 08:49:00,2026-04-17 09:09:00,planned,CAL-01,9528.0
9215,21,2026-02-13 18:15:00,2026-02-13 19:19:00,planned,CAL-01,4974.0
9216,46,2026-05-31 04:39:00,2026-05-31 06:10:00,unplanned,MEC-01,9841.0
9217,5,2026-06-08 14:52:00,2026-06-08 16:57:00,planned,MAT-01,2290.0
9218,42,2026-02-22 16:34:00,2026-02-22 16:52:00,unplanned,CAL-01,3154.0
9219,39,2026-06-12 00:21:00,2026-06-12 02:14:00,planned,MAT-01,6100.0
9220,49,2026-05-09 10:12:00,2026-05-09 12:26:00,planned,MEC-01,2105.0
9221,19,2026-01-08 03:42:00,2026-01-08 04:18:00,unplanned,MEC-02,833.0
9222,4,2026-02-20 01:40:00,2026-02-20 03:52:00,unplanned,MAT-01,1468.0
9223,23,2026-02-14 22:51:00,2026-02-15 01:47:00,unplanned,MAT-01,
9224,4,2026-04-01 08:29:00,2026-04-01 09:57:00,unplanned,CAL-01,2758.0
9225,28,2026-02-10 16:12:00,2026-02-10 18:29:00,planned,MEC-02,8820.0
9226,44,2026-02-19 17:07:00,2026-02-19 18:07:00,unplanned,MEC-02,6128.0
9227,43,2026-01-29 08:54:00,2026-01-29 10:02:00,planned,CAL-01,4984.0
9228,6,2026-06-20 07:18:00,2026-06-20 08:40:00,unplanned,MAT-01,569.0
9229,7,2026-02-12 15:46:00,2026-02-12 16:54:00,planned,CAL-01,893.0
9230,50,2026-06-07 02:13:00,2026-06-07 02:41:00,planned,MAT-01,7287.0
9231,12,2026-02-14 04:53:00,2026-02-14 07:43:00,planned,ELEC-01,3544.0
9232,45,2026-06-25 21:07:00,2026-06-25 21:44:00,planned,ELEC-01,
9233,28,2026-02-19 11:59:00,2026-02-19 13:16:00,unplanned,MEC-01,7728.0
9234,48,2026-04-24 01:57:00,2026-04-24 03:33:00,planned,MAT-01,9410.0
9235,6,2026-02-23 10:08:00,2026-02-23 10:37:00,unplanned,MAT-01,1779.0
9236,31,2026-03-19 03:02:00,2026-03-19 03:55:00,planned,MAT-01,
9237,18,2026-06-08 16:07:00,2026-06-08 18:22:00,planned,MEC-01,
9238,32,2026-04-01 23:20:00,2026-04-02 01:50:00,unplanned,ELEC-01,9679.0
9239,8,2026-06-12 02:03:00,2026-06-12 03:45:00,unplanned,MAT-01,
9240,17,2026-01-11 08:29:00,2026-01-11 10:25:00,unplanned,ELEC-01,7907.0
9241,31,2026-04-25 20:49:00,2026-04-25 23:31:00,unplanned,MEC-02,
9242,43,2026-05-17 21:26:00,2026-05-17 22:21:00,planned,CAL-01,
9243,34,2026-05-17 23:24:00,2026-05-18 01:44:00,unplanned,CAL-01,
9244,41,2026-03-19 20:19:00,2026-03-19 23:19:00,unplanned,MEC-01,
9245,7,2026-02-20 14:48:00,2026-02-20 16:32:00,planned,ELEC-01,6976.0
9246,14,2026-01-26 02:58:00,2026-01-26 03:59:00,planned,ELEC-01,
9247,48,2026-01-07 02:17:00,2026-01-07 03:34:00,planned,MAT-01,3710.0
9248,21,2026-04-09 15:41:00,2026-04-09 16:29:00,unplanned,MEC-02,6954.0
9249,23,2026-01-20 02:35:00,2026-01-20 05:04:00,planned,ELEC-01,4187.0
9250,45,2026-04-06 20:44:00,2026-04-06 21:53:00,planned,MEC-02,3263.0
9251,31,2026-05-07 20:07:00,2026-05-07 22:18:00,planned,MAT-01,7763.0
9252,19,2026-06-03 03:36:00,2026-06-03 04:16:00,unplanned,ELEC-01,
9253,12,2026-05-24 14:18:00,2026-05-24 16:18:00,unplanned,MEC-02,7887.0
9254,23,2026-04-02 21:18:00,2026-04-02 23:12:00,planned,MAT-01,6315.0
9255,38,2026-02-12 00:09:00,2026-02-12 02:29:00,planned,CAL-01,8591.0
9256,49,2026-05-19 22:43:00,2026-05-20 00:09:00,unplanned,MEC-01,3003.0
9257,18,2026-04-14 13:20:00,2026-04-14 14:42:00,planned,ELEC-01,8106.0
9258,19,2026-04-30 11:12:00,2026-04-30 13:24:00,planned,MEC-01,
9259,36,2026-05-26 08:56:00,2026-05-26 10:07:00,planned,MAT-01,8718.0
9260,31,2026-03-13 16:15:00,2026-03-13 17:24:00,planned,CAL-01,
9261,1,2026-05-25 03:27:00,2026-05-25 04:30:00,planned,MAT-01,7508.0
9262,29,2026-01-04 09:52:00,2026-01-04 11:37:00,planned,MEC-01,4691.0
9263,21,2026-06-20 10:29:00,2026-06-20 12:41:00,planned,MEC-01,8345.0
9264,28,2026-05-06 20:57:00,2026-05-06 23:45:00,planned,MAT-01,
9265,31,2026-02-27 01:17:00,2026-02-27 01:51:00,planned,ELEC-01,
9266,4,2026-03-09 09:23:00,2026-03-09 10:21:00,planned,CAL-01,7093.0
9267,48,2026-01-11 16:59:00,2026-01-11 19:43:00,unplanned,MEC-01,
9268,21,2026-02-28 10:32:00,2026-02-28 11:48:00,planned,MEC-01,
9269,34,2026-05-05 21:55:00,2026-05-05 22:17:00,unplanned,MAT-01,
9270,3,2026-06-27 13:37:00,2026-06-27 14:18:00,unplanned,CAL-01,3677.0
9271,46,2026-05-04 23:37:00,2026-05-05 02:21:00,unplanned,MAT-01,6709.0
9272,14,2026-03-01 11:14:00,2026-03-01 14:06:00,unplanned,MAT-01,
9273,33,2026-04-21 12:37:00,2026-04-21 14:48:00,unplanned,ELEC-01,3630.0
9274,42,2026-03-25 12:53:00,2026-03-25 15:22:00,unplanned,ELEC-01,
9275,42,2026-02-02 15:17:00,2026-02-02 18:05:00,unplanned,MAT-01,3304.0
9276,31,2026-01-14 12:06:00,2026-01-14 14:35:00,planned,MEC-02,2669.0
9277,29,2026-04-12 03:08:00,2026-04-12 03:18:00,unplanned,ELEC-01,1177.0
9278,24,2026-01-09 11:41:00,2026-01-09 12:20:00,unplanned,MEC-01,2303.0
9279,42,2026-03-18 06:59:00,2026-03-18 08:42:00,unplanned,MEC-02,4673.0
9280,30,2026-04-15 21:08:00,2026-04-15 23:48:00,planned,ELEC-01,
9281,38,2026-02-14 08:49:00,2026-02-14 10:27:00,planned,MAT-01,447.0
9282,6,2026-05-29 09:56:00,2026-05-29 10:55:00,unplanned,MEC-01,2660.0
9283,18,2026-05-25 21:47:00,2026-05-25 23:25:00,planned,MEC-01,
9284,39,2026-03-12 23:30:00,2026-03-13 01:13:00,planned,ELEC-01,
9285,2,2026-02-15 09:38:00,2026-02-15 11:18:00,planned,MEC-02,4454.0
9286,24,2026-02-01 09:38:00,2026-02-01 11:28:00,planned,MAT-01,
9287,33,2026-06-20 11:18:00,2026-06-20 12:49:00,planned,MEC-01,955.0
9288,4,2026-01-26 14:45:00,2026-01-26 17:00:00,unplanned,MEC-02,3429.0
9289,36,2026-06-02 01:39:00,2026-06-02 02:29:00,planned,ELEC-01,7179.0
9290,22,2026-05-09 21:18:00,2026-05-09 22:57:00,planned,ELEC-01,947.0
9291,28,2026-05-29 13:10:00,2026-05-29 13:22:00,unplanned,MAT-01,
9292,24,2026-02-02 05:51:00,2026-02-02 07:33:00,planned,MAT-01,
9293,48,2026-05-14 08:38:00,2026-05-14 11:00:00,unplanned,MEC-02,4854.0
9294,44,2026-04-06 22:36:00,2026-04-07 01:35:00,unplanned,CAL-01,
9295,41,2026-05-05 16:49:00,2026-05-05 18:13:00,planned,MAT-01,4447.0
9296,43,2026-05-29 18:43:00,2026-05-29 18:58:00,unplanned,CAL-01,
9297,2,2026-05-01 04:09:00,2026-05-01 06:16:00,planned,ELEC-01,3855.0
9298,6,2026-03-26 04:36:00,2026-03-26 04:49:00,unplanned,MEC-01,921.0
9299,41,2026-03-10 07:33:00,2026-03-10 08:44:00,unplanned,MAT-01,8631.0
9300,6,2026-01-12 05:27:00,2026-01-12 07:28:00,unplanned,MAT-01,7731.0
9301,25,2026-03-13 18:40:00,2026-03-13 21:40:00,planned,MEC-01,4491.0
9302,37,2026-06-24 21:15:00,2026-06-24 23:44:00,unplanned,MEC-01,7637.0
9303,13,2026-05-30 02:52:00,2026-05-30 05:32:00,planned,MEC-02,
9304,44,2026-01-29 03:48:00,2026-01-29 05:07:00,unplanned,ELEC-01,8514.0
9305,14,2026-02-15 09:30:00,2026-02-15 12:24:00,planned,ELEC-01,
9306,28,2026-02-07 09:23:00,2026-02-07 12:14:00,planned,MEC-02,
9307,13,2026-01-04 22:00:00,2026-01-04 23:19:00,unplanned,ELEC-01,1288.0
9308,1,2026-04-30 23:09:00,2026-05-01 01:20:00,unplanned,CAL-01,839.0
9309,7,2026-04-02 13:13:00,2026-04-02 15:43:00,planned,MEC-01,710.0
9310,49,2026-02-28 05:55:00,2026-02-28 06:24:00,unplanned,CAL-01,9148.0
9311,5,2026-04-23 23:46:00,2026-04-24 00:52:00,planned,ELEC-01,
9312,20,2026-05-23 17:09:00,2026-05-23 18:57:00,unplanned,MEC-02,
9313,37,2026-02-05 05:54:00,2026-02-05 07:13:00,unplanned,MAT-01,
9314,48,2026-02-14 20:06:00,2026-02-14 22:22:00,unplanned,MAT-01,9658.0
9315,27,2026-05-30 13:11:00,2026-05-30 14:29:00,planned,MEC-02,2975.0
9316,36,2026-02-26 08:00:00,2026-02-26 10:31:00,unplanned,MAT-01,809.0
9317,46,2026-06-07 16:07:00,2026-06-07 16:19:00,unplanned,MEC-02,
9318,44,2026-03-25 06:19:00,2026-03-25 07:27:00,planned,MEC-01,8917.0
9319,26,2026-01-28 19:42:00,2026-01-28 21:41:00,planned,ELEC-01,
9320,40,2026-03-19 20:30:00,2026-03-19 22:49:00,unplanned,ELEC-01,9287.0
9321,17,2026-05-26 05:34:00,2026-05-26 07:22:00,unplanned,MEC-01,2324.0
9322,44,2026-05-13 01:21:00,2026-05-13 04:21:00,unplanned,CAL-01,
9323,23,2026-03-16 00:39:00,2026-03-16 01:53:00,unplanned,CAL-01,8100.0
9324,1,2026-01-02 11:30:00,2026-01-02 13:41:00,planned,MAT-01,
9325,8,2026-03-17 17:02:00,2026-03-17 19:07:00,planned,MEC-01,
9326,46,2026-06-23 12:19:00,2026-06-23 13:15:00,planned,MEC-01,6915.0
9327,1,2026-04-21 01:57:00,2026-04-21 03:36:00,unplanned,ELEC-01,4496.0
9328,27,2026-04-09 07:16:00,2026-04-09 09:52:00,planned,MEC-01,
9329,47,2026-03-20 16:42:00,2026-03-20 18:37:00,planned,MAT-01,5967.0
9330,27,2026-06-08 02:25:00,2026-06-08 03:50:00,unplanned,CAL-01,
9331,31,2026-06-07 22:19:00,2026-06-08 00:02:00,planned,MEC-02,7460.0
9332,1,2026-06-05 04:50:00,2026-06-05 05:39:00,planned,CAL-01,8035.0
9333,49,2026-02-16 20:24:00,2026-02-16 22:09:00,unplanned,MAT-01,
9334,42,2026-06-25 13:34:00,2026-06-25 15:52:00,unplanned,MAT-01,2274.0
9335,28,2026-03-08 07:14:00,2026-03-08 08:48:00,planned,MAT-01,3343.0
9336,3,2026-01-17 03:03:00,2026-01-17 05:56:00,planned,MAT-01,8450.0
9337,22,2026-03-12 20:48:00,2026-03-12 21:01:00,unplanned,MAT-01,2885.0
9338,42,2026-01-26 19:11:00,2026-01-26 20:56:00,planned,MEC-01,5457.0
9339,10,2026-04-19 02:21:00,2026-04-19 04:08:00,unplanned,CAL-01,3235.0
9340,29,2026-05-10 19:59:00,2026-05-10 20:19:00,unplanned,MAT-01,4693.0
9341,22,2026-02-22 03:21:00,2026-02-22 04:26:00,planned,MEC-01,6722.0
9342,27,2026-06-04 17:55:00,2026-06-04 19:06:00,planned,ELEC-01,
9343,3,2026-01-06 18:47:00,2026-01-06 20:43:00,planned,MEC-02,7356.0
9344,7,2026-05-16 15:30:00,2026-05-16 16:35:00,planned,MEC-01,8077.0
9345,8,2026-03-23 07:40:00,2026-03-23 10:22:00,unplanned,MAT-01,5574.0
9346,29,2026-06-22 23:26:00,2026-06-23 01:27:00,unplanned,CAL-01,1907.0
9347,19,2026-06-08 03:48:00,2026-06-08 04:23:00,unplanned,ELEC-01,6412.0
9348,2,2026-01-01 14:30:00,2026-01-01 15:14:00,planned,MAT-01,
9349,6,2026-02-07 14:45:00,2026-02-07 16:55:00,planned,ELEC-01,
9350,14,2026-02-13 01:57:00,2026-02-13 02:02:00,unplanned,ELEC-01,5111.0
9351,12,2026-01-14 21:27:00,2026-01-14 21:53:00,planned,MEC-01,3570.0
9352,3,2026-02-04 23:57:00,2026-02-05 00:27:00,planned,ELEC-01,2235.0
9353,28,2026-01-11 19:34:00,2026-01-11 20:43:00,unplanned,MEC-02,3093.0
9354,14,2026-01-05 07:48:00,2026-01-05 09:56:00,unplanned,MAT-01,278.0
9355,29,2026-03-11 00:34:00,2026-03-11 01:40:00,planned,ELEC-01,5054.0
9356,30,2026-03-18 16:15:00,2026-03-18 18:12:00,unplanned,MEC-01,
9357,11,2026-04-23 11:19:00,2026-04-23 12:14:00,planned,MEC-01,
9358,30,2026-06-22 06:23:00,2026-06-22 07:49:00,planned,ELEC-01,
9359,38,2026-02-20 18:40:00,2026-02-20 19:50:00,planned,MEC-01,7738.0
9360,5,2026-03-03 12:09:00,2026-03-03 14:54:00,planned,CAL-01,4419.0
9361,3,2026-02-04 04:20:00,2026-02-04 06:38:00,planned,MEC-01,
9362,42,2026-06-19 04:31:00,2026-06-19 06:20:00,planned,MEC-01,
9363,14,2026-03-19 22:39:00,2026-03-19 22:52:00,unplanned,MEC-01,1015.0
9364,31,2026-04-14 18:50:00,2026-04-14 21:02:00,unplanned,MEC-01,8182.0
9365,26,2026-05-03 18:55:00,2026-05-03 20:05:00,planned,MAT-01,2107.0
9366,47,2026-01-14 23:44:00,2026-01-15 02:07:00,planned,MEC-01,4727.0
9367,27,2026-02-10 10:10:00,2026-02-10 11:33:00,planned,ELEC-01,
9368,28,2026-05-16 03:59:00,2026-05-16 05:12:00,unplanned,CAL-01,
9369,20,2026-01-26 18:19:00,2026-01-26 20:08:00,planned,MAT-01,1556.0
9370,19,2026-06-27 15:48:00,2026-06-27 17:57:00,unplanned,CAL-01,7960.0
9371,20,2026-05-29 21:59:00,2026-05-29 23:56:00,unplanned,ELEC-01,7082.0
9372,32,2026-05-09 11:51:00,2026-05-09 14:45:00,unplanned,MAT-01,
9373,10,2026-01-14 23:06:00,2026-01-15 01:53:00,unplanned,MEC-02,4321.0
9374,7,2026-03-13 15:19:00,2026-03-13 16:31:00,planned,MAT-01,7190.0
9375,38,2026-05-21 09:58:00,2026-05-21 11:48:00,unplanned,MEC-02,7017.0
9376,15,2026-04-04 02:16:00,2026-04-04 03:18:00,planned,CAL-01,2018.0
9377,7,2026-01-11 00:03:00,2026-01-11 01:57:00,planned,ELEC-01,
9378,50,2026-04-12 08:10:00,2026-04-12 10:07:00,planned,CAL-01,3965.0
9379,11,2026-06-24 22:04:00,2026-06-25 00:00:00,unplanned,MEC-02,7057.0
9380,49,2026-03-15 20:09:00,2026-03-15 20:37:00,planned,MAT-01,3336.0
9381,13,2026-03-24 11:15:00,2026-03-24 13:49:00,unplanned,CAL-01,
9382,9,2026-06-28 03:37:00,2026-06-28 06:18:00,unplanned,ELEC-01,832.0
9383,16,2026-04-05 06:46:00,2026-04-05 07:04:00,unplanned,ELEC-01,8294.0
9384,35,2026-05-15 08:58:00,2026-05-15 10:45:00,unplanned,MAT-01,4832.0
9385,23,2026-01-23 22:42:00,2026-01-24 00:03:00,unplanned,MEC-02,
9386,17,2026-02-13 19:26:00,2026-02-13 19:38:00,unplanned,ELEC-01,
9387,25,2026-01-12 15:54:00,2026-01-12 16:04:00,unplanned,MAT-01,4774.0
9388,16,2026-06-11 23:33:00,2026-06-12 01:27:00,planned,MAT-01,9003.0
9389,36,2026-04-24 19:58:00,2026-04-24 22:23:00,planned,ELEC-01,2736.0
9390,30,2026-03-15 22:48:00,2026-03-16 00:26:00,planned,MEC-01,894.0
9391,39,2026-03-04 01:25:00,2026-03-04 02:37:00,planned,CAL-01,
9392,41,2026-04-18 00:58:00,2026-04-18 01:36:00,planned,ELEC-01,7884.0
9393,31,2026-01-21 06:28:00,2026-01-21 09:09:00,planned,MEC-01,
9394,24,2026-05-17 08:49:00,2026-05-17 08:54:00,planned,ELEC-01,
9395,33,2026-02-05 16:51:00,2026-02-05 17:48:00,unplanned,ELEC-01,7582.0
9396,15,2026-01-24 20:11:00,2026-01-24 22:27:00,planned,MEC-01,
9397,7,2026-05-05 01:56:00,2026-05-05 04:15:00,planned,MEC-02,7002.0
9398,13,2026-01-05 17:27:00,2026-01-05 18:53:00,unplanned,MEC-02,7431.0
9399,26,2026-01-30 03:57:00,2026-01-30 06:07:00,planned,CAL-01,
9400,43,2026-05-16 20:10:00,2026-05-16 22:10:00,unplanned,MEC-01,
9401,19,2026-04-16 08:34:00,2026-04-16 10:32:00,planned,CAL-01,7314.0
9402,16,2026-05-10 16:10:00,2026-05-10 18:41:00,planned,ELEC-01,5324.0
9403,50,2026-01-13 23:01:00,2026-01-13 23:56:00,planned,MAT-01,2082.0
9404,47,2026-05-03 06:46:00,2026-05-03 09:40:00,unplanned,MEC-02,7430.0
9405,24,2026-06-29 14:26:00,2026-06-29 14:32:00,unplanned,MEC-02,
9406,33,2026-05-01 15:50:00,2026-05-01 17:02:00,unplanned,MEC-02,1126.0
9407,22,2026-05-08 15:10:00,2026-05-08 16:50:00,unplanned,ELEC-01,7003.0
9408,2,2026-03-26 13:49:00,2026-03-26 14:23:00,planned,MEC-02,4144.0
9409,29,2026-03-20 05:03:00,2026-03-20 06:57:00,unplanned,MEC-01,
9410,48,2026-05-24 15:09:00,2026-05-24 16:27:00,unplanned,MEC-02,
9411,12,2026-03-29 10:11:00,2026-03-29 10:51:00,planned,CAL-01,7290.0
9412,14,2026-04-10 06:54:00,2026-04-10 07:52:00,unplanned,MEC-02,
9413,38,2026-05-03 23:48:00,2026-05-04 01:50:00,planned,MAT-01,
9414,6,2026-05-21 00:14:00,2026-05-21 01:39:00,planned,MEC-01,3495.0
9415,1,2026-04-11 07:23:00,2026-04-11 08:12:00,unplanned,ELEC-01,2043.0
9416,24,2026-06-01 17:01:00,2026-06-01 19:02:00,planned,CAL-01,7227.0
9417,15,2026-01-27 06:37:00,2026-01-27 08:42:00,planned,CAL-01,
9418,36,2026-06-24 00:27:00,2026-06-24 03:16:00,unplanned,MEC-02,8600.0
9419,42,2026-03-11 15:49:00,2026-03-11 16:35:00,planned,ELEC-01,
9420,26,2026-04-03 23:07:00,2026-04-03 23:58:00,planned,ELEC-01,74.0
9421,1,2026-06-11 21:20:00,2026-06-11 23:48:00,unplanned,ELEC-01,
9422,3,2026-02-13 16:58:00,2026-02-13 17:56:00,planned,MEC-02,
9423,36,2026-05-13 06:37:00,2026-05-13 08:50:00,unplanned,CAL-01,
9424,42,2026-06-17 19:55:00,2026-06-17 22:41:00,planned,CAL-01,6111.0
9425,38,2026-05-28 00:45:00,2026-05-28 01:18:00,unplanned,ELEC-01,7417.0
9426,37,2026-05-20 19:14:00,2026-05-20 21:00:00,planned,MEC-02,8940.0
9427,50,2026-03-25 02:41:00,2026-03-25 04:40:00,unplanned,MEC-02,1922.0
9428,12,2026-02-03 00:49:00,2026-02-03 02:40:00,unplanned,MEC-01,6401.0
9429,20,2026-01-08 02:54:00,2026-01-08 04:39:00,unplanned,MEC-02,1925.0
9430,35,2026-05-03 23:57:00,2026-05-04 01:39:00,unplanned,CAL-01,
9431,47,2026-03-15 14:48:00,2026-03-15 15:00:00,planned,CAL-01,
9432,37,2026-05-25 05:09:00,2026-05-25 07:46:00,planned,CAL-01,
9433,42,2026-05-02 22:00:00,2026-05-02 22:29:00,unplanned,CAL-01,9079.0
9434,46,2026-05-18 09:21:00,2026-05-18 09:43:00,unplanned,CAL-01,1176.0
9435,10,2026-04-01 06:45:00,2026-04-01 08:33:00,planned,CAL-01,
9436,1,2026-03-20 05:46:00,2026-03-20 07:04:00,unplanned,ELEC-01,7199.0
9437,29,2026-01-16 16:01:00,2026-01-16 16:58:00,planned,CAL-01,5677.0
9438,12,2026-05-12 04:27:00,2026-05-12 05:29:00,unplanned,CAL-01,
9439,35,2026-05-17 02:37:00,2026-05-17 04:45:00,unplanned,MEC-01,1122.0
9440,6,2026-05-17 18:18:00,2026-05-17 20:25:00,planned,CAL-01,4415.0
9441,40,2026-05-03 04:07:00,2026-05-03 04:35:00,unplanned,MEC-02,6898.0
9442,47,2026-03-06 20:01:00,2026-03-06 20:36:00,planned,ELEC-01,
9443,12,2026-04-06 15:22:00,2026-04-06 15:48:00,planned,ELEC-01,
9444,10,2026-05-02 17:22:00,2026-05-02 20:01:00,unplanned,MAT-01,6644.0
9445,28,2026-02-09 06:51:00,2026-02-09 08:39:00,unplanned,MEC-02,2894.0
9446,32,2026-03-06 00:09:00,2026-03-06 02:54:00,planned,MEC-01,4905.0
9447,47,2026-05-20 08:42:00,2026-05-20 10:49:00,planned,MEC-02,3241.0
9448,3,2026-06-27 09:13:00,2026-06-27 09:21:00,planned,ELEC-01,1993.0
9449,26,2026-06-16 10:38:00,2026-06-16 13:37:00,unplanned,ELEC-01,4261.0
9450,1,2026-01-02 18:29:00,2026-01-02 19:36:00,unplanned,MEC-02,
9451,9,2026-02-12 21:59:00,2026-02-12 22:42:00,planned,CAL-01,
9452,15,2026-03-16 09:02:00,2026-03-16 10:36:00,planned,MEC-01,979.0
9453,47,2026-01-11 06:57:00,2026-01-11 07:25:00,unplanned,MEC-01,402.0
9454,29,2026-01-18 10:31:00,2026-01-18 12:40:00,unplanned,MEC-02,6038.0
9455,9,2026-03-16 21:42:00,2026-03-17 00:33:00,unplanned,MEC-01,
9456,46,2026-02-13 21:33:00,2026-02-13 23:15:00,planned,CAL-01,
9457,15,2026-06-06 01:55:00,2026-06-06 02:44:00,planned,MEC-02,1357.0
9458,12,2026-06-08 11:08:00,2026-06-08 11:25:00,unplanned,MAT-01,969.0
9459,26,2026-05-22 07:27:00,2026-05-22 08:33:00,planned,MEC-02,4658.0
9460,46,2026-03-01 08:56:00,2026-03-01 10:51:00,planned,ELEC-01,8454.0
9461,16,2026-01-03 06:01:00,2026-01-03 07:57:00,planned,MAT-01,2593.0
9462,8,2026-02-21 13:22:00,2026-02-21 14:29:00,unplanned,MEC-02,9539.0
9463,34,2026-04-19 12:04:00,2026-04-19 13:14:00,planned,MEC-02,
9464,45,2026-06-27 05:20:00,2026-06-27 06:09:00,planned,CAL-01,6430.0
9465,8,2026-02-08 17:17:00,2026-02-08 19:13:00,unplanned,MAT-01,8901.0
9466,33,2026-01-07 06:07:00,2026-01-07 08:50:00,planned,CAL-01,6198.0
9467,21,2026-05-30 17:46:00,2026-05-30 18:55:00,unplanned,MEC-01,5178.0
9468,36,2026-05-29 14:21:00,2026-05-29 16:27:00,unplanned,MAT-01,
9469,20,2026-01-02 19:35:00,2026-01-02 20:24:00,planned,ELEC-01,1652.0
9470,28,2026-02-01 01:00:00,2026-02-01 01:32:00,unplanned,ELEC-01,9692.0
9471,5,2026-03-24 16:15:00,2026-03-24 18:21:00,planned,ELEC-01,1988.0
9472,22,2026-04-16 22:50:00,2026-04-17 01:21:00,planned,ELEC-01,
9473,34,2026-06-27 18:21:00,2026-06-27 19:55:00,unplanned,MEC-02,636.0
9474,41,2026-01-30 16:01:00,2026-01-30 17:46:00,planned,MAT-01,657.0
9475,1,2026-05-06 18:04:00,2026-05-06 18:48:00,unplanned,MEC-01,
9476,23,2026-06-27 07:31:00,2026-06-27 08:21:00,planned,MEC-02,
9477,27,2026-05-28 05:31:00,2026-05-28 08:15:00,unplanned,MEC-02,
9478,22,2026-01-11 08:23:00,2026-01-11 10:48:00,unplanned,MEC-02,434.0
9479,12,2026-04-05 00:18:00,2026-04-05 01:48:00,planned,ELEC-01,5037.0
9480,28,2026-06-24 00:46:00,2026-06-24 00:52:00,unplanned,ELEC-01,6820.0
9481,38,2026-06-28 04:35:00,2026-06-28 06:02:00,planned,MEC-01,9607.0
9482,3,2026-03-21 14:05:00,2026-03-21 16:20:00,unplanned,ELEC-01,4487.0
9483,48,2026-01-31 05:35:00,2026-01-31 06:04:00,planned,MAT-01,
9484,14,2026-05-20 10:55:00,2026-05-20 13:19:00,planned,MAT-01,
9485,38,2026-06-09 04:59:00,2026-06-09 06:03:00,unplanned,MEC-02,
9486,14,2026-06-18 05:58:00,2026-06-18 08:45:00,planned,MEC-02,5249.0
9487,50,2026-02-16 07:34:00,2026-02-16 08:51:00,unplanned,ELEC-01,5124.0
9488,2,2026-03-26 00:23:00,2026-03-26 01:19:00,planned,MEC-02,2775.0
9489,4,2026-05-25 05:35:00,2026-05-25 07:33:00,unplanned,CAL-01,
9490,42,2026-02-20 21:18:00,2026-02-20 22:10:00,planned,MEC-01,6173.0
9491,24,2026-04-29 08:04:00,2026-04-29 10:51:00,planned,MEC-02,5868.0
9492,3,2026-04-10 07:45:00,2026-04-10 10:22:00,planned,ELEC-01,7023.0
9493,36,2026-02-22 01:47:00,2026-02-22 02:34:00,unplanned,MEC-01,8988.0
9494,29,2026-05-14 03:41:00,2026-05-14 04:08:00,planned,MAT-01,8973.0
9495,31,2026-02-03 15:15:00,2026-02-03 17:16:00,unplanned,CAL-01,782.0
9496,47,2026-03-16 10:41:00,2026-03-16 12:12:00,unplanned,CAL-01,5376.0
9497,25,2026-05-04 06:05:00,2026-05-04 07:04:00,planned,MEC-01,9528.0
9498,13,2026-02-11 15:20:00,2026-02-11 17:44:00,planned,MAT-01,6428.0
9499,36,2026-02-28 07:01:00,2026-02-28 09:15:00,planned,CAL-01,3403.0
9500,18,2026-03-05 20:31:00,2026-03-05 22:55:00,planned,MEC-01,
9501,29,2026-04-08 22:15:00,2026-04-09 00:39:00,planned,CAL-01,
9502,17,2026-06-11 17:35:00,2026-06-11 18:40:00,planned,MEC-01,1897.0
9503,26,2026-02-12 05:41:00,2026-02-12 07:02:00,unplanned,CAL-01,396.0
9504,2,2026-05-15 01:18:00,2026-05-15 03:00:00,unplanned,ELEC-01,
9505,29,2026-03-09 20:23:00,2026-03-09 21:32:00,planned,CAL-01,4947.0
9506,33,2026-05-28 18:25:00,2026-05-28 18:35:00,planned,MEC-02,3729.0
9507,20,2026-02-24 11:51:00,2026-02-24 12:27:00,planned,MEC-01,6828.0
9508,6,2026-03-11 19:13:00,2026-03-11 21:17:00,planned,ELEC-01,633.0
9509,5,2026-06-15 17:49:00,2026-06-15 19:37:00,unplanned,ELEC-01,
9510,11,2026-04-20 23:40:00,2026-04-21 01:33:00,planned,MEC-02,
9511,46,2026-02-12 23:44:00,2026-02-13 02:27:00,unplanned,MEC-02,769.0
9512,40,2026-04-10 00:31:00,2026-04-10 01:14:00,planned,CAL-01,9728.0
9513,35,2026-04-03 09:03:00,2026-04-03 10:00:00,planned,MAT-01,5412.0
9514,10,2026-02-20 08:45:00,2026-02-20 10:47:00,unplanned,MEC-01,2237.0
9515,44,2026-01-27 19:55:00,2026-01-27 22:51:00,unplanned,MAT-01,9838.0
9516,8,2026-01-10 15:33:00,2026-01-10 16:36:00,unplanned,ELEC-01,1190.0
9517,22,2026-06-22 06:00:00,2026-06-22 08:58:00,unplanned,ELEC-01,
9518,3,2026-05-31 08:06:00,2026-05-31 09:48:00,planned,MEC-02,2156.0
9519,25,2026-01-28 11:21:00,2026-01-28 12:41:00,planned,MEC-02,1012.0
9520,15,2026-06-21 01:14:00,2026-06-21 01:29:00,planned,ELEC-01,
9521,20,2026-01-14 03:53:00,2026-01-14 05:02:00,planned,MEC-02,
9522,25,2026-06-23 00:16:00,2026-06-23 01:47:00,unplanned,CAL-01,60.0
9523,7,2026-05-24 06:45:00,2026-05-24 09:29:00,planned,CAL-01,
9524,37,2026-03-12 03:18:00,2026-03-12 05:09:00,planned,MEC-02,
9525,46,2026-05-07 15:17:00,2026-05-07 15:39:00,planned,MAT-01,
9526,21,2026-06-18 20:23:00,2026-06-18 21:07:00,unplanned,CAL-01,
9527,23,2026-04-13 05:23:00,2026-04-13 06:41:00,planned,MEC-02,3131.0
9528,29,2026-03-18 13:37:00,2026-03-18 16:31:00,unplanned,MEC-01,
9529,7,2026-06-16 18:52:00,2026-06-16 20:47:00,unplanned,MAT-01,7061.0
9530,5,2026-04-01 21:22:00,2026-04-01 22:40:00,planned,MEC-02,894.0
9531,4,2026-01-11 19:05:00,2026-01-11 20:02:00,planned,MEC-02,
9532,20,2026-02-21 01:25:00,2026-02-21 02:08:00,planned,MEC-01,
9533,27,2026-03-09 08:09:00,2026-03-09 08:57:00,planned,ELEC-01,7518.0
9534,48,2026-05-21 03:17:00,2026-05-21 05:09:00,planned,CAL-01,9239.0
9535,24,2026-03-26 12:25:00,2026-03-26 14:36:00,planned,MAT-01,321.0
9536,23,2026-06-27 07:43:00,2026-06-27 10:30:00,planned,MAT-01,7896.0
9537,28,2026-01-10 03:41:00,2026-01-10 04:11:00,unplanned,MEC-01,9018.0
9538,35,2026-01-03 09:51:00,2026-01-03 11:03:00,unplanned,CAL-01,1377.0
9539,47,2026-01-27 06:14:00,2026-01-27 08:56:00,planned,CAL-01,6150.0
9540,37,2026-05-28 03:55:00,2026-05-28 06:53:00,unplanned,ELEC-01,8880.0
9541,12,2026-04-21 12:28:00,2026-04-21 14:36:00,unplanned,MEC-02,
9542,3,2026-01-06 21:23:00,2026-01-06 23:45:00,planned,MEC-01,7535.0
9543,1,2026-01-05 02:06:00,2026-01-05 02:39:00,planned,ELEC-01,
9544,46,2026-02-11 10:02:00,2026-02-11 11:03:00,planned,MEC-02,4034.0
9545,47,2026-06-02 09:25:00,2026-06-02 11:28:00,planned,CAL-01,
9546,9,2026-04-22 15:33:00,2026-04-22 18:33:00,unplanned,CAL-01,7580.0
9547,5,2026-02-07 08:02:00,2026-02-07 10:55:00,planned,CAL-01,
9548,2,2026-05-28 19:01:00,2026-05-28 19:39:00,planned,MEC-01,494.0
9549,44,2026-05-16 06:10:00,2026-05-16 06:19:00,unplanned,MEC-01,
9550,47,2026-06-16 10:59:00,2026-06-16 11:08:00,unplanned,MEC-01,5677.0
9551,40,2026-02-19 17:05:00,2026-02-19 19:17:00,planned,MAT-01,9897.0
9552,25,2026-05-06 18:56:00,2026-05-06 19:06:00,unplanned,MEC-02,624.0
9553,20,2026-04-14 22:43:00,2026-04-15 00:36:00,planned,MEC-01,1491.0
9554,15,2026-01-08 18:16:00,2026-01-08 18:40:00,unplanned,CAL-01,3467.0
9555,30,2026-06-20 01:14:00,2026-06-20 02:57:00,planned,CAL-01,
9556,16,2026-02-22 23:52:00,2026-02-23 00:00:00,planned,ELEC-01,113.0
9557,37,2026-06-09 13:39:00,2026-06-09 14:19:00,unplanned,MEC-01,
9558,11,2026-01-09 20:03:00,2026-01-09 21:43:00,unplanned,MAT-01,3889.0
9559,47,2026-06-06 03:23:00,2026-06-06 03:30:00,unplanned,MAT-01,5949.0
9560,47,2026-02-08 18:42:00,2026-02-08 21:32:00,unplanned,MEC-02,
9561,20,2026-06-27 18:07:00,2026-06-27 19:57:00,planned,MEC-01,3153.0
9562,18,2026-06-09 22:29:00,2026-06-09 22:58:00,unplanned,MEC-01,
9563,4,2026-04-22 19:09:00,2026-04-22 21:43:00,unplanned,MEC-02,5875.0
9564,13,2026-01-04 08:31:00,2026-01-04 10:56:00,unplanned,MAT-01,1235.0
9565,2,2026-05-06 09:58:00,2026-05-06 12:25:00,planned,ELEC-01,2241.0
9566,46,2026-06-06 21:47:00,2026-06-06 23:27:00,planned,ELEC-01,2874.0
9567,12,2026-06-03 15:38:00,2026-06-03 17:28:00,planned,MEC-01,
9568,47,2026-03-09 17:55:00,2026-03-09 20:06:00,planned,CAL-01,9155.0
9569,15,2026-04-02 15:47:00,2026-04-02 16:28:00,planned,CAL-01,3351.0
9570,28,2026-03-26 06:55:00,2026-03-26 09:16:00,unplanned,MEC-02,659.0
9571,15,2026-05-07 07:03:00,2026-05-07 08:44:00,planned,CAL-01,3594.0
9572,6,2026-05-02 22:02:00,2026-05-02 22:15:00,unplanned,CAL-01,646.0
9573,15,2026-06-05 11:48:00,2026-06-05 14:25:00,planned,MEC-02,7241.0
9574,5,2026-02-18 21:40:00,2026-02-19 00:32:00,planned,MEC-01,8174.0
9575,24,2026-06-06 18:08:00,2026-06-06 20:25:00,unplanned,CAL-01,
9576,14,2026-02-14 00:56:00,2026-02-14 03:08:00,planned,MEC-02,6137.0
9577,47,2026-02-25 05:51:00,2026-02-25 06:06:00,unplanned,CAL-01,5443.0
9578,21,2026-04-24 00:21:00,2026-04-24 02:04:00,planned,MAT-01,
9579,16,2026-02-23 10:16:00,2026-02-23 13:15:00,unplanned,MEC-02,5760.0
9580,40,2026-05-22 01:03:00,2026-05-22 02:31:00,unplanned,ELEC-01,7488.0
9581,31,2026-02-24 23:12:00,2026-02-25 00:59:00,planned,MEC-01,
9582,42,2026-05-03 23:00:00,2026-05-04 00:38:00,planned,ELEC-01,5746.0
9583,36,2026-06-09 05:03:00,2026-06-09 07:21:00,planned,MEC-01,
9584,48,2026-04-06 09:49:00,2026-04-06 12:03:00,unplanned,CAL-01,
9585,11,2026-06-02 21:31:00,2026-06-02 22:17:00,planned,MEC-01,8822.0
9586,21,2026-02-11 10:18:00,2026-02-11 13:11:00,unplanned,MAT-01,8222.0
9587,11,2026-06-14 03:12:00,2026-06-14 05:36:00,planned,CAL-01,2499.0
9588,34,2026-04-20 00:19:00,2026-04-20 01:10:00,unplanned,ELEC-01,6374.0
9589,50,2026-06-16 01:09:00,2026-06-16 01:37:00,unplanned,MEC-01,6163.0
9590,6,2026-06-01 08:22:00,2026-06-01 08:37:00,unplanned,MAT-01,4907.0
9591,40,2026-01-28 02:24:00,2026-01-28 04:57:00,unplanned,MEC-02,2947.0
9592,42,2026-06-01 14:30:00,2026-06-01 14:46:00,planned,MAT-01,8556.0
9593,5,2026-06-22 23:13:00,2026-06-23 01:48:00,planned,MAT-01,6360.0
9594,28,2026-01-09 22:35:00,2026-01-09 23:00:00,unplanned,MEC-01,277.0
9595,27,2026-02-19 15:53:00,2026-02-19 16:35:00,unplanned,ELEC-01,8456.0
9596,19,2026-05-19 12:07:00,2026-05-19 12:39:00,unplanned,ELEC-01,3450.0
9597,44,2026-05-11 13:13:00,2026-05-11 14:05:00,unplanned,MEC-01,4038.0
9598,3,2026-05-26 17:45:00,2026-05-26 18:33:00,planned,ELEC-01,3209.0
9599,10,2026-06-15 03:55:00,2026-06-15 04:15:00,unplanned,MEC-01,5849.0
9600,25,2026-02-22 23:02:00,2026-02-22 23:23:00,unplanned,ELEC-01,
9601,31,2026-06-17 03:10:00,2026-06-17 03:27:00,planned,ELEC-01,6841.0
9602,23,2026-04-22 15:06:00,2026-04-22 16:06:00,planned,MEC-01,5213.0
9603,32,2026-02-24 18:45:00,2026-02-24 21:14:00,planned,ELEC-01,4537.0
9604,11,2026-04-12 00:29:00,2026-04-12 01:44:00,unplanned,ELEC-01,9053.0
9605,11,2026-06-22 09:55:00,2026-06-22 10:32:00,unplanned,MAT-01,6321.0
9606,24,2026-03-15 01:45:00,2026-03-15 04:30:00,unplanned,MEC-02,2347.0
9607,9,2026-05-04 16:39:00,2026-05-04 17:43:00,planned,MEC-01,271.0
9608,13,2026-03-27 18:53:00,2026-03-27 19:46:00,unplanned,MEC-02,
9609,33,2026-06-18 05:32:00,2026-06-18 08:23:00,planned,MEC-02,1345.0
9610,36,2026-05-02 11:12:00,2026-05-02 11:26:00,unplanned,ELEC-01,6710.0
9611,31,2026-01-22 07:18:00,2026-01-22 08:01:00,planned,ELEC-01,8271.0
9612,44,2026-02-13 22:26:00,2026-02-14 00:32:00,planned,MEC-02,2.0
9613,50,2026-06-14 03:54:00,2026-06-14 06:17:00,unplanned,MAT-01,3021.0
9614,28,2026-05-11 08:40:00,2026-05-11 09:13:00,unplanned,MAT-01,5131.0
9615,26,2026-02-25 06:29:00,2026-02-25 07:43:00,unplanned,MAT-01,1716.0
9616,45,2026-06-07 10:55:00,2026-06-07 13:13:00,unplanned,ELEC-01,5139.0
9617,25,2026-05-25 12:36:00,2026-05-25 13:38:00,unplanned,ELEC-01,
9618,27,2026-05-13 02:53:00,2026-05-13 04:28:00,planned,MAT-01,
9619,41,2026-05-28 21:03:00,2026-05-28 23:15:00,unplanned,CAL-01,1588.0
9620,1,2026-02-27 09:16:00,2026-02-27 11:34:00,planned,ELEC-01,4324.0
9621,36,2026-01-08 09:33:00,2026-01-08 12:32:00,unplanned,MEC-02,9775.0
9622,2,2026-05-03 14:19:00,2026-05-03 15:49:00,unplanned,CAL-01,
9623,46,2026-05-16 02:19:00,2026-05-16 05:19:00,planned,CAL-01,6445.0
9624,45,2026-04-08 04:53:00,2026-04-08 06:59:00,unplanned,MEC-02,8484.0
9625,20,2026-03-29 03:42:00,2026-03-29 06:22:00,unplanned,CAL-01,
9626,35,2026-01-20 10:54:00,2026-01-20 13:49:00,unplanned,CAL-01,
9627,40,2026-02-26 11:49:00,2026-02-26 12:36:00,planned,MAT-01,9599.0
9628,4,2026-05-06 03:29:00,2026-05-06 03:46:00,unplanned,ELEC-01,96.0
9629,26,2026-03-02 18:05:00,2026-03-02 18:37:00,unplanned,MEC-02,8723.0
9630,18,2026-04-08 21:31:00,2026-04-08 22:48:00,unplanned,CAL-01,6044.0
9631,27,2026-03-29 20:33:00,2026-03-29 21:47:00,unplanned,MEC-01,6963.0
9632,42,2026-05-03 16:25:00,2026-05-03 17:17:00,planned,CAL-01,4239.0
9633,43,2026-04-05 11:06:00,2026-04-05 12:58:00,unplanned,CAL-01,
9634,23,2026-02-22 12:51:00,2026-02-22 15:00:00,unplanned,CAL-01,3758.0
9635,42,2026-02-26 09:37:00,2026-02-26 12:24:00,unplanned,MEC-01,9660.0
9636,20,2026-01-19 16:16:00,2026-01-19 17:00:00,planned,MEC-01,
9637,22,2026-06-01 13:07:00,2026-06-01 15:11:00,planned,CAL-01,7970.0
9638,15,2026-04-24 02:56:00,2026-04-24 05:41:00,unplanned,MEC-01,1392.0
9639,44,2026-05-16 14:42:00,2026-05-16 15:14:00,unplanned,MEC-02,9802.0
9640,27,2026-05-30 03:41:00,2026-05-30 04:00:00,planned,MEC-01,4143.0
9641,5,2026-03-04 05:08:00,2026-03-04 07:12:00,unplanned,MEC-01,5836.0
9642,11,2026-03-30 17:48:00,2026-03-30 17:53:00,planned,ELEC-01,
9643,9,2026-01-30 07:45:00,2026-01-30 10:33:00,planned,MAT-01,
9644,33,2026-02-06 07:21:00,2026-02-06 08:28:00,planned,MEC-02,7847.0
9645,32,2026-04-23 03:36:00,2026-04-23 03:48:00,unplanned,MEC-02,4771.0
9646,17,2026-02-01 02:24:00,2026-02-01 03:36:00,planned,MAT-01,4948.0
9647,35,2026-05-11 02:42:00,2026-05-11 05:24:00,planned,CAL-01,
9648,37,2026-01-25 22:22:00,2026-01-25 23:37:00,unplanned,MEC-02,2429.0
9649,33,2026-01-26 16:24:00,2026-01-26 16:39:00,planned,MEC-02,1883.0
9650,15,2026-02-05 04:58:00,2026-02-05 05:23:00,planned,CAL-01,1560.0
9651,7,2026-05-10 09:43:00,2026-05-10 10:04:00,planned,MEC-02,6475.0
9652,8,2026-05-02 07:26:00,2026-05-02 08:55:00,planned,CAL-01,6730.0
9653,8,2026-03-16 21:13:00,2026-03-16 23:59:00,unplanned,MEC-01,6846.0
9654,19,2026-02-15 13:26:00,2026-02-15 14:05:00,unplanned,MEC-02,619.0
9655,4,2026-02-22 08:27:00,2026-02-22 09:31:00,planned,MEC-02,2720.0
9656,34,2026-06-23 16:15:00,2026-06-23 17:13:00,unplanned,MAT-01,8143.0
9657,34,2026-02-28 21:12:00,2026-02-28 21:47:00,planned,CAL-01,
9658,18,2026-02-23 17:32:00,2026-02-23 20:02:00,unplanned,CAL-01,4755.0
9659,11,2026-06-13 02:21:00,2026-06-13 02:46:00,unplanned,MEC-02,3092.0
9660,28,2026-03-07 09:20:00,2026-03-07 10:15:00,planned,CAL-01,6320.0
9661,6,2026-04-19 03:48:00,2026-04-19 05:50:00,unplanned,CAL-01,5305.0
9662,16,2026-06-25 16:11:00,2026-06-25 19:05:00,unplanned,MAT-01,
9663,49,2026-04-05 13:28:00,2026-04-05 13:39:00,unplanned,MEC-02,4066.0
9664,7,2026-06-28 13:41:00,2026-06-28 14:07:00,unplanned,CAL-01,6.0
9665,15,2026-01-31 23:07:00,2026-02-01 01:54:00,unplanned,MEC-01,6403.0
9666,46,2026-04-09 20:09:00,2026-04-09 21:17:00,unplanned,MAT-01,
9667,23,2026-01-15 14:34:00,2026-01-15 15:25:00,planned,MEC-01,7790.0
9668,20,2026-01-08 22:16:00,2026-01-08 22:55:00,planned,ELEC-01,
9669,47,2026-01-14 22:49:00,2026-01-14 23:45:00,planned,CAL-01,8911.0
9670,23,2026-04-07 05:36:00,2026-04-07 07:43:00,unplanned,MAT-01,9028.0
9671,3,2026-03-06 02:54:00,2026-03-06 03:50:00,planned,MAT-01,8987.0
9672,2,2026-04-23 15:31:00,2026-04-23 17:50:00,unplanned,MEC-01,2399.0
9673,47,2026-03-05 08:09:00,2026-03-05 10:08:00,unplanned,CAL-01,
9674,46,2026-04-27 15:38:00,2026-04-27 16:42:00,unplanned,MAT-01,1562.0
9675,35,2026-06-12 04:18:00,2026-06-12 05:55:00,planned,MEC-01,
9676,17,2026-04-28 17:51:00,2026-04-28 19:56:00,unplanned,MEC-02,7803.0
9677,23,2026-03-24 11:55:00,2026-03-24 12:03:00,unplanned,MEC-01,2359.0
9678,23,2026-04-25 06:55:00,2026-04-25 08:42:00,unplanned,MEC-01,
9679,1,2026-03-09 02:07:00,2026-03-09 04:21:00,planned,MEC-01,5067.0
9680,6,2026-05-04 22:23:00,2026-05-04 22:37:00,planned,MAT-01,
9681,4,2026-03-11 05:47:00,2026-03-11 08:10:00,unplanned,MEC-01,3929.0
9682,15,2026-02-22 04:55:00,2026-02-22 06:39:00,unplanned,CAL-01,3885.0
9683,11,2026-01-20 07:56:00,2026-01-20 08:45:00,unplanned,MEC-01,3510.0
9684,6,2026-01-13 10:23:00,2026-01-13 12:51:00,unplanned,ELEC-01,3249.0
9685,14,2026-03-25 10:42:00,2026-03-25 13:38:00,planned,MAT-01,8365.0
9686,46,2026-03-28 03:05:00,2026-03-28 03:45:00,planned,MEC-02,
9687,47,2026-03-26 06:31:00,2026-03-26 06:46:00,planned,MEC-02,640.0
9688,3,2026-05-24 14:09:00,2026-05-24 15:56:00,planned,MAT-01,
9689,42,2026-05-06 16:23:00,2026-05-06 16:41:00,planned,CAL-01,1821.0
9690,7,2026-05-04 11:01:00,2026-05-04 12:27:00,planned,ELEC-01,
9691,20,2026-01-29 13:37:00,2026-01-29 14:26:00,unplanned,MEC-01,9667.0
9692,8,2026-04-29 14:37:00,2026-04-29 16:08:00,planned,MEC-02,7100.0
9693,49,2026-03-07 09:47:00,2026-03-07 12:11:00,unplanned,MEC-01,
9694,6,2026-06-26 06:35:00,2026-06-26 07:41:00,unplanned,MAT-01,
9695,35,2026-01-19 19:21:00,2026-01-19 20:11:00,unplanned,MEC-01,1279.0
9696,10,2026-05-27 23:35:00,2026-05-27 23:51:00,unplanned,CAL-01,
9697,3,2026-06-27 16:30:00,2026-06-27 17:33:00,unplanned,MAT-01,
9698,31,2026-05-19 15:50:00,2026-05-19 17:26:00,unplanned,CAL-01,
9699,41,2026-03-02 18:44:00,2026-03-02 19:03:00,planned,MAT-01,9021.0
9700,47,2026-01-01 21:03:00,2026-01-01 23:46:00,planned,MEC-02,
9701,46,2026-02-16 02:05:00,2026-02-16 04:00:00,unplanned,MEC-01,
9702,44,2026-06-25 11:39:00,2026-06-25 13:27:00,planned,CAL-01,2675.0
9703,40,2026-06-19 03:02:00,2026-06-19 04:03:00,unplanned,MEC-02,4622.0
9704,20,2026-01-29 21:21:00,2026-01-29 22:20:00,unplanned,CAL-01,3662.0
9705,30,2026-06-09 20:05:00,2026-06-09 21:14:00,planned,CAL-01,
9706,43,2026-02-04 04:09:00,2026-02-04 06:29:00,unplanned,MAT-01,
9707,40,2026-01-06 08:34:00,2026-01-06 11:03:00,planned,ELEC-01,
9708,16,2026-03-22 05:42:00,2026-03-22 07:50:00,unplanned,MEC-01,
9709,38,2026-05-20 03:50:00,2026-05-20 05:19:00,planned,MAT-01,
9710,31,2026-05-14 14:26:00,2026-05-14 14:44:00,unplanned,MEC-02,4809.0
9711,31,2026-04-12 21:44:00,2026-04-12 22:01:00,unplanned,CAL-01,2866.0
9712,9,2026-03-05 06:37:00,2026-03-05 08:29:00,unplanned,MAT-01,7831.0
9713,20,2026-01-12 00:23:00,2026-01-12 01:04:00,planned,ELEC-01,7469.0
9714,41,2026-03-26 05:34:00,2026-03-26 06:00:00,unplanned,ELEC-01,520.0
9715,43,2026-02-18 22:52:00,2026-02-19 01:22:00,planned,ELEC-01,4359.0
9716,27,2026-02-20 17:37:00,2026-02-20 19:50:00,unplanned,MEC-01,4388.0
9717,6,2026-01-05 08:45:00,2026-01-05 10:30:00,unplanned,MEC-02,3911.0
9718,33,2026-03-11 04:51:00,2026-03-11 05:05:00,unplanned,MEC-02,8602.0
9719,28,2026-05-18 09:34:00,2026-05-18 11:16:00,unplanned,MAT-01,1389.0
9720,20,2026-04-07 09:52:00,2026-04-07 12:35:00,planned,ELEC-01,8235.0
9721,40,2026-05-15 20:06:00,2026-05-15 20:37:00,unplanned,MAT-01,161.0
9722,32,2026-05-07 11:58:00,2026-05-07 14:45:00,unplanned,CAL-01,
9723,27,2026-04-05 18:57:00,2026-04-05 19:18:00,unplanned,ELEC-01,3663.0
9724,34,2026-04-23 07:22:00,2026-04-23 07:35:00,planned,ELEC-01,8585.0
9725,22,2026-04-17 06:17:00,2026-04-17 07:55:00,unplanned,MEC-02,4218.0
9726,15,2026-04-09 12:10:00,2026-04-09 15:04:00,unplanned,MEC-02,
9727,42,2026-04-30 14:55:00,2026-04-30 17:12:00,planned,CAL-01,
9728,49,2026-01-18 18:03:00,2026-01-18 20:38:00,planned,MEC-01,5381.0
9729,29,2026-06-05 01:07:00,2026-06-05 03:19:00,unplanned,MAT-01,1519.0
9730,7,2026-01-25 05:04:00,2026-01-25 07:02:00,planned,MEC-02,7622.0
9731,42,2026-04-05 10:29:00,2026-04-05 12:11:00,planned,CAL-01,983.0
9732,20,2026-02-01 06:00:00,2026-02-01 06:19:00,unplanned,MEC-02,9737.0
9733,48,2026-01-14 17:56:00,2026-01-14 20:17:00,unplanned,MEC-02,8559.0
9734,31,2026-06-04 08:18:00,2026-06-04 09:59:00,planned,MAT-01,
9735,7,2026-04-29 22:01:00,2026-04-30 00:46:00,planned,ELEC-01,
9736,43,2026-03-20 01:32:00,2026-03-20 02:22:00,unplanned,MAT-01,
9737,5,2026-06-24 06:39:00,2026-06-24 08:18:00,unplanned,ELEC-01,5445.0
9738,33,2026-04-21 01:30:00,2026-04-21 03:35:00,planned,MEC-02,505.0
9739,22,2026-04-18 10:06:00,2026-04-18 12:59:00,unplanned,MEC-01,
9740,22,2026-06-26 04:37:00,2026-06-26 07:34:00,planned,MEC-02,
9741,44,2026-06-05 11:11:00,2026-06-05 11:43:00,unplanned,CAL-01,
9742,2,2026-03-07 19:16:00,2026-03-07 19:30:00,unplanned,CAL-01,5271.0
9743,25,2026-03-09 21:57:00,2026-03-09 23:55:00,unplanned,CAL-01,
9744,4,2026-01-08 03:08:00,2026-01-08 03:57:00,planned,MEC-02,8327.0
9745,25,2026-01-26 13:55:00,2026-01-26 15:35:00,planned,MEC-01,
9746,7,2026-02-21 10:37:00,2026-02-21 11:08:00,unplanned,MEC-01,9809.0
9747,13,2026-04-17 18:35:00,2026-04-17 21:11:00,planned,MAT-01,
9748,49,2026-01-28 19:45:00,2026-01-28 22:12:00,unplanned,ELEC-01,9539.0
9749,2,2026-05-26 10:52:00,2026-05-26 12:46:00,planned,MEC-01,
9750,50,2026-05-01 16:01:00,2026-05-01 16:43:00,planned,ELEC-01,
9751,33,2026-04-19 11:32:00,2026-04-19 12:11:00,planned,ELEC-01,9630.0
9752,8,2026-02-25 05:41:00,2026-02-25 07:30:00,unplanned,CAL-01,3337.0
9753,30,2026-05-26 05:32:00,2026-05-26 07:05:00,unplanned,ELEC-01,1325.0
9754,25,2026-02-26 15:38:00,2026-02-26 18:19:00,planned,ELEC-01,3787.0
9755,28,2026-05-13 16:27:00,2026-05-13 17:10:00,unplanned,ELEC-01,2532.0
9756,15,2026-01-12 19:38:00,2026-01-12 21:25:00,planned,CAL-01,
9757,27,2026-04-14 03:25:00,2026-04-14 05:13:00,unplanned,CAL-01,
9758,42,2026-02-22 00:11:00,2026-02-22 01:18:00,unplanned,MEC-02,
9759,16,2026-04-11 20:21:00,2026-04-11 21:12:00,unplanned,MEC-01,
9760,3,2026-01-25 03:33:00,2026-01-25 06:05:00,planned,MEC-01,2270.0
9761,43,2026-05-27 20:13:00,2026-05-27 22:22:00,unplanned,MEC-01,
9762,12,2026-04-09 18:31:00,2026-04-09 19:13:00,planned,MEC-01,1804.0
9763,30,2026-05-02 11:56:00,2026-05-02 14:41:00,unplanned,ELEC-01,2574.0
9764,29,2026-03-26 22:58:00,2026-03-27 00:47:00,planned,MEC-01,2973.0
9765,23,2026-04-11 10:56:00,2026-04-11 13:44:00,unplanned,CAL-01,
9766,20,2026-03-11 01:08:00,2026-03-11 03:30:00,planned,MAT-01,
9767,28,2026-02-19 21:46:00,2026-02-19 22:04:00,planned,MEC-01,3747.0
9768,21,2026-06-16 05:47:00,2026-06-16 07:48:00,planned,CAL-01,2525.0
9769,14,2026-01-31 08:31:00,2026-01-31 10:43:00,unplanned,MEC-02,6011.0
9770,43,2026-01-06 20:54:00,2026-01-06 22:59:00,unplanned,CAL-01,7178.0
9771,39,2026-04-13 06:31:00,2026-04-13 06:49:00,unplanned,CAL-01,8571.0
9772,27,2026-05-26 10:36:00,2026-05-26 13:23:00,unplanned,ELEC-01,
9773,22,2026-04-20 17:13:00,2026-04-20 19:02:00,planned,MAT-01,3508.0
9774,23,2026-03-14 13:21:00,2026-03-14 13:45:00,unplanned,CAL-01,
9775,14,2026-03-16 09:14:00,2026-03-16 09:40:00,planned,MEC-01,
9776,31,2026-04-10 05:29:00,2026-04-10 08:00:00,planned,MEC-02,6367.0
9777,5,2026-03-05 12:29:00,2026-03-05 13:01:00,planned,ELEC-01,4075.0
9778,44,2026-02-23 01:28:00,2026-02-23 03:57:00,planned,MEC-02,5915.0
9779,2,2026-02-08 15:54:00,2026-02-08 17:05:00,unplanned,MAT-01,
9780,22,2026-06-14 23:43:00,2026-06-15 00:26:00,unplanned,ELEC-01,6251.0
9781,48,2026-01-11 09:16:00,2026-01-11 09:30:00,planned,MAT-01,7860.0
9782,20,2026-02-25 11:26:00,2026-02-25 12:14:00,unplanned,MEC-02,
9783,6,2026-06-12 15:06:00,2026-06-12 16:36:00,planned,MAT-01,689.0
9784,2,2026-04-14 08:37:00,2026-04-14 09:53:00,unplanned,MEC-02,399.0
9785,41,2026-03-27 00:02:00,2026-03-27 00:53:00,unplanned,ELEC-01,939.0
9786,44,2026-01-25 23:10:00,2026-01-26 01:01:00,unplanned,MEC-02,7926.0
9787,29,2026-04-06 03:42:00,2026-04-06 04:56:00,planned,CAL-01,4859.0
9788,48,2026-01-25 23:08:00,2026-01-26 00:18:00,unplanned,CAL-01,277.0
9789,45,2026-01-09 04:37:00,2026-01-09 05:33:00,unplanned,ELEC-01,6660.0
9790,29,2026-04-23 20:21:00,2026-04-23 22:26:00,unplanned,MEC-01,178.0
9791,43,2026-01-06 16:16:00,2026-01-06 16:41:00,planned,CAL-01,7335.0
9792,28,2026-01-03 06:28:00,2026-01-03 09:26:00,planned,CAL-01,3946.0
9793,19,2026-01-16 13:44:00,2026-01-16 14:38:00,planned,ELEC-01,6117.0
9794,25,2026-06-29 07:15:00,2026-06-29 07:22:00,unplanned,ELEC-01,7776.0
9795,10,2026-01-05 23:57:00,2026-01-06 02:57:00,unplanned,ELEC-01,757.0
9796,37,2026-01-19 06:30:00,2026-01-19 08:48:00,unplanned,ELEC-01,
9797,12,2026-02-19 22:10:00,2026-02-19 23:42:00,unplanned,MEC-02,2719.0
9798,29,2026-01-27 23:01:00,2026-01-27 23:11:00,unplanned,MEC-01,7748.0
9799,36,2026-05-17 12:50:00,2026-05-17 15:38:00,planned,ELEC-01,2868.0
9800,6,2026-01-15 01:48:00,2026-01-15 02:37:00,planned,MEC-01,8527.0
9801,33,2026-02-03 16:50:00,2026-02-03 18:05:00,planned,MAT-01,3975.0
9802,22,2026-04-01 18:57:00,2026-04-01 21:09:00,planned,MEC-01,3046.0
9803,11,2026-04-19 18:01:00,2026-04-19 20:20:00,planned,MEC-01,4805.0
9804,24,2026-02-02 07:41:00,2026-02-02 08:19:00,unplanned,MEC-02,2208.0
9805,26,2026-03-28 15:05:00,2026-03-28 18:02:00,unplanned,MEC-02,846.0
9806,44,2026-06-22 18:11:00,2026-06-22 19:28:00,planned,MEC-02,2816.0
9807,7,2026-03-30 20:55:00,2026-03-30 23:10:00,unplanned,MEC-01,6804.0
9808,25,2026-06-14 21:35:00,2026-06-14 22:10:00,planned,MEC-01,7748.0
9809,16,2026-06-11 21:55:00,2026-06-11 23:01:00,planned,CAL-01,2762.0
9810,46,2026-01-08 11:38:00,2026-01-08 12:03:00,unplanned,CAL-01,3201.0
9811,49,2026-05-11 07:06:00,2026-05-11 08:46:00,unplanned,CAL-01,
9812,50,2026-01-19 09:07:00,2026-01-19 11:04:00,planned,ELEC-01,
9813,41,2026-05-27 05:10:00,2026-05-27 07:59:00,planned,CAL-01,7399.0
9814,46,2026-03-02 09:36:00,2026-03-02 11:03:00,unplanned,MEC-01,1273.0
9815,12,2026-01-09 23:35:00,2026-01-10 00:41:00,unplanned,CAL-01,5717.0
9816,20,2026-06-13 00:45:00,2026-06-13 01:32:00,unplanned,MEC-01,7033.0
9817,41,2026-01-01 19:36:00,2026-01-01 19:56:00,unplanned,CAL-01,9071.0
9818,28,2026-05-16 14:44:00,2026-05-16 15:22:00,unplanned,CAL-01,101.0
9819,37,2026-03-15 22:34:00,2026-03-15 23:57:00,planned,MEC-01,
9820,22,2026-01-06 00:57:00,2026-01-06 03:39:00,planned,MEC-02,
9821,31,2026-04-13 03:52:00,2026-04-13 06:11:00,unplanned,MAT-01,5460.0
9822,50,2026-05-26 10:16:00,2026-05-26 11:29:00,planned,MAT-01,203.0
9823,21,2026-01-28 16:04:00,2026-01-28 18:50:00,planned,ELEC-01,9529.0
9824,20,2026-05-01 02:03:00,2026-05-01 03:53:00,planned,MEC-02,
9825,30,2026-04-03 15:43:00,2026-04-03 18:17:00,unplanned,CAL-01,
9826,47,2026-04-20 19:13:00,2026-04-20 20:40:00,planned,MEC-01,4362.0
9827,34,2026-03-17 07:06:00,2026-03-17 09:40:00,unplanned,ELEC-01,
9828,2,2026-02-08 00:52:00,2026-02-08 02:57:00,planned,MEC-02,9149.0
9829,19,2026-05-01 06:29:00,2026-05-01 07:02:00,planned,MAT-01,9274.0
9830,7,2026-03-29 23:46:00,2026-03-30 00:26:00,unplanned,MEC-01,2674.0
9831,47,2026-05-26 22:24:00,2026-05-26 23:26:00,planned,MEC-01,53.0
9832,25,2026-05-12 03:11:00,2026-05-12 05:05:00,unplanned,MEC-02,9552.0
9833,9,2026-01-18 20:29:00,2026-01-18 22:11:00,unplanned,MEC-01,9407.0
9834,25,2026-01-31 12:56:00,2026-01-31 14:48:00,unplanned,MEC-01,
9835,40,2026-03-21 06:27:00,2026-03-21 07:45:00,unplanned,MEC-02,7092.0
9836,35,2026-06-28 18:36:00,2026-06-28 21:23:00,unplanned,MEC-02,5406.0
9837,22,2026-04-21 07:38:00,2026-04-21 08:28:00,unplanned,CAL-01,6961.0
9838,10,2026-04-04 16:25:00,2026-04-04 17:41:00,planned,MAT-01,7721.0
9839,21,2026-03-08 14:57:00,2026-03-08 17:53:00,planned,MEC-02,
9840,45,2026-06-13 23:18:00,2026-06-13 23:48:00,planned,CAL-01,6454.0
9841,30,2026-05-22 08:53:00,2026-05-22 10:54:00,planned,MEC-01,9207.0
9842,10,2026-01-17 10:52:00,2026-01-17 13:46:00,planned,MEC-01,3104.0
9843,38,2026-01-06 14:35:00,2026-01-06 15:36:00,planned,MEC-02,7923.0
9844,24,2026-01-03 19:10:00,2026-01-03 19:45:00,unplanned,ELEC-01,
9845,9,2026-05-22 00:44:00,2026-05-22 01:14:00,unplanned,MEC-02,
9846,50,2026-04-05 02:39:00,2026-04-05 04:29:00,planned,MEC-02,1288.0
9847,50,2026-05-09 03:55:00,2026-05-09 05:49:00,planned,CAL-01,
9848,1,2026-02-02 00:27:00,2026-02-02 03:11:00,planned,ELEC-01,
9849,26,2026-02-09 16:46:00,2026-02-09 16:57:00,planned,MEC-01,5088.0
9850,20,2026-02-16 14:08:00,2026-02-16 16:39:00,unplanned,ELEC-01,2559.0
9851,19,2026-06-08 14:27:00,2026-06-08 15:17:00,unplanned,ELEC-01,1615.0
9852,24,2026-05-23 04:04:00,2026-05-23 05:54:00,planned,MAT-01,
9853,46,2026-05-21 06:02:00,2026-05-21 06:16:00,unplanned,MEC-02,
9854,31,2026-01-26 13:42:00,2026-01-26 15:26:00,planned,ELEC-01,8863.0
9855,7,2026-03-12 02:57:00,2026-03-12 03:21:00,planned,CAL-01,
9856,49,2026-02-24 07:01:00,2026-02-24 08:46:00,planned,ELEC-01,5626.0
9857,47,2026-04-25 13:58:00,2026-04-25 15:21:00,planned,MAT-01,3418.0
9858,47,2026-06-03 02:31:00,2026-06-03 03:07:00,planned,ELEC-01,4726.0
9859,32,2026-05-25 18:23:00,2026-05-25 18:41:00,planned,ELEC-01,
9860,38,2026-03-06 05:06:00,2026-03-06 05:48:00,planned,CAL-01,
9861,37,2026-02-12 05:40:00,2026-02-12 08:21:00,unplanned,CAL-01,3289.0
9862,3,2026-03-27 12:46:00,2026-03-27 13:52:00,planned,MEC-01,5386.0
9863,3,2026-04-17 14:05:00,2026-04-17 16:57:00,planned,MEC-02,1991.0
9864,17,2026-01-09 00:22:00,2026-01-09 03:19:00,planned,CAL-01,
9865,22,2026-04-16 00:09:00,2026-04-16 00:34:00,unplanned,CAL-01,3359.0
9866,49,2026-01-01 10:39:00,2026-01-01 11:37:00,unplanned,CAL-01,8132.0
9867,14,2026-02-24 20:04:00,2026-02-24 22:45:00,planned,MAT-01,
9868,18,2026-05-16 14:48:00,2026-05-16 16:14:00,unplanned,MAT-01,2094.0
9869,40,2026-03-19 13:51:00,2026-03-19 14:04:00,unplanned,ELEC-01,
9870,6,2026-03-19 16:03:00,2026-03-19 18:29:00,unplanned,MAT-01,
9871,50,2026-02-11 20:11:00,2026-02-11 21:01:00,unplanned,MEC-02,6368.0
9872,33,2026-04-06 04:41:00,2026-04-06 06:51:00,unplanned,CAL-01,3280.0
9873,4,2026-06-06 05:51:00,2026-06-06 08:36:00,planned,MEC-02,2983.0
9874,17,2026-06-10 05:34:00,2026-06-10 05:42:00,unplanned,CAL-01,4778.0
9875,36,2026-02-25 19:11:00,2026-02-25 21:57:00,unplanned,ELEC-01,
9876,44,2026-01-10 02:02:00,2026-01-10 02:29:00,unplanned,MEC-01,6313.0
9877,10,2026-01-29 09:35:00,2026-01-29 11:09:00,unplanned,MEC-02,9998.0
9878,45,2026-01-18 11:53:00,2026-01-18 14:49:00,unplanned,ELEC-01,7771.0
9879,23,2026-03-13 07:55:00,2026-03-13 08:12:00,unplanned,CAL-01,
9880,38,2026-01-07 02:29:00,2026-01-07 03:13:00,planned,ELEC-01,7282.0
9881,49,2026-02-17 23:40:00,2026-02-18 00:44:00,unplanned,MAT-01,2406.0
9882,30,2026-04-18 08:39:00,2026-04-18 09:24:00,planned,MEC-01,4754.0
9883,26,2026-05-05 04:37:00,2026-05-05 07:34:00,unplanned,MEC-01,7331.0
9884,36,2026-02-01 03:40:00,2026-02-01 04:58:00,unplanned,ELEC-01,7261.0
9885,40,2026-01-01 11:20:00,2026-01-01 12:15:00,unplanned,ELEC-01,1945.0
9886,49,2026-06-24 13:41:00,2026-06-24 14:38:00,planned,CAL-01,979.0
9887,50,2026-02-13 22:44:00,2026-02-14 01:23:00,planned,MEC-02,6443.0
9888,2,2026-02-27 12:10:00,2026-02-27 14:43:00,unplanned,MEC-01,8988.0
9889,8,2026-06-29 02:36:00,2026-06-29 03:09:00,unplanned,ELEC-01,5247.0
9890,20,2026-04-05 07:48:00,2026-04-05 09:38:00,unplanned,MAT-01,
9891,27,2026-01-22 19:12:00,2026-01-22 21:24:00,planned,MAT-01,5800.0
9892,9,2026-03-01 15:30:00,2026-03-01 15:54:00,planned,MAT-01,6326.0
9893,22,2026-04-01 19:58:00,2026-04-01 22:53:00,planned,MEC-01,1627.0
9894,35,2026-04-26 02:59:00,2026-04-26 05:00:00,unplanned,CAL-01,
9895,26,2026-05-25 22:02:00,2026-05-26 00:25:00,unplanned,MEC-02,8853.0
9896,16,2026-06-21 00:37:00,2026-06-21 00:57:00,planned,CAL-01,1981.0
9897,21,2026-05-03 09:54:00,2026-05-03 10:28:00,planned,MAT-01,2481.0
9898,15,2026-02-19 04:28:00,2026-02-19 05:30:00,unplanned,CAL-01,
9899,34,2026-06-10 10:52:00,2026-06-10 11:04:00,planned,MAT-01,7556.0
9900,46,2026-04-15 14:14:00,2026-04-15 15:27:00,unplanned,ELEC-01,5928.0
9901,20,2026-05-22 06:06:00,2026-05-22 06:51:00,unplanned,CAL-01,4901.0
9902,38,2026-05-18 11:53:00,2026-05-18 14:36:00,planned,MEC-02,
9903,3,2026-05-21 14:22:00,2026-05-21 15:06:00,planned,MAT-01,8387.0
9904,43,2026-02-18 05:46:00,2026-02-18 08:24:00,unplanned,MEC-01,
9905,1,2026-05-24 02:18:00,2026-05-24 02:41:00,planned,CAL-01,5856.0
9906,28,2026-06-10 19:03:00,2026-06-10 21:04:00,planned,CAL-01,3069.0
9907,28,2026-02-22 00:11:00,2026-02-22 00:28:00,unplanned,MAT-01,8737.0
9908,36,2026-05-02 17:12:00,2026-05-02 19:40:00,unplanned,ELEC-01,8461.0
9909,35,2026-03-23 20:36:00,2026-03-23 20:42:00,unplanned,MEC-01,
9910,42,2026-06-14 22:41:00,2026-06-15 00:35:00,planned,ELEC-01,5717.0
9911,48,2026-06-15 04:21:00,2026-06-15 06:11:00,planned,MEC-02,
9912,46,2026-01-15 00:32:00,2026-01-15 01:25:00,unplanned,CAL-01,8857.0
9913,41,2026-04-04 19:13:00,2026-04-04 21:50:00,unplanned,ELEC-01,1291.0
9914,1,2026-06-28 07:16:00,2026-06-28 09:43:00,planned,MEC-02,9508.0
9915,23,2026-01-04 07:34:00,2026-01-04 08:05:00,unplanned,ELEC-01,1203.0
9916,17,2026-06-23 08:48:00,2026-06-23 09:00:00,unplanned,MEC-01,6988.0
9917,37,2026-03-15 03:12:00,2026-03-15 05:03:00,planned,MAT-01,7031.0
9918,27,2026-05-27 10:17:00,2026-05-27 11:46:00,unplanned,CAL-01,557.0
9919,1,2026-02-15 09:00:00,2026-02-15 09:54:00,planned,MAT-01,9392.0
9920,45,2026-03-20 09:23:00,2026-03-20 09:40:00,unplanned,MEC-01,3877.0
9921,22,2026-06-05 16:46:00,2026-06-05 18:27:00,planned,MAT-01,
9922,35,2026-04-25 13:22:00,2026-04-25 14:34:00,unplanned,MEC-01,1215.0
9923,15,2026-02-26 02:32:00,2026-02-26 02:39:00,planned,MEC-02,
9924,7,2026-02-28 02:51:00,2026-02-28 03:00:00,planned,ELEC-01,2689.0
9925,31,2026-02-02 14:20:00,2026-02-02 16:04:00,planned,CAL-01,7564.0
9926,5,2026-05-09 01:27:00,2026-05-09 03:36:00,planned,MEC-02,1421.0
9927,7,2026-01-03 21:44:00,2026-01-04 00:43:00,unplanned,MEC-01,
9928,37,2026-05-14 00:14:00,2026-05-14 03:05:00,unplanned,MEC-01,
9929,44,2026-04-30 02:46:00,2026-04-30 03:07:00,unplanned,MEC-01,9960.0
9930,10,2026-04-03 09:51:00,2026-04-03 11:59:00,unplanned,MEC-02,586.0
9931,5,2026-05-15 02:53:00,2026-05-15 04:01:00,planned,MEC-01,2896.0
9932,29,2026-02-24 08:29:00,2026-02-24 09:14:00,planned,MEC-02,
9933,37,2026-03-01 18:23:00,2026-03-01 21:04:00,unplanned,MAT-01,
9934,22,2026-01-21 10:30:00,2026-01-21 12:35:00,planned,ELEC-01,73.0
9935,7,2026-05-23 21:44:00,2026-05-23 23:54:00,unplanned,ELEC-01,7185.0
9936,21,2026-02-08 18:51:00,2026-02-08 19:43:00,planned,MAT-01,
9937,40,2026-04-24 22:52:00,2026-04-25 01:05:00,planned,CAL-01,140.0
9938,49,2026-04-24 10:27:00,2026-04-24 12:12:00,planned,MEC-02,3571.0
9939,14,2026-06-29 00:50:00,2026-06-29 02:33:00,planned,CAL-01,6646.0
9940,13,2026-03-27 23:59:00,2026-03-28 02:19:00,planned,MEC-01,8703.0
9941,5,2026-05-09 00:10:00,2026-05-09 00:47:00,unplanned,MAT-01,6681.0
9942,16,2026-05-16 02:12:00,2026-05-16 04:42:00,unplanned,ELEC-01,
9943,44,2026-04-01 01:33:00,2026-04-01 02:12:00,unplanned,CAL-01,48.0
9944,23,2026-03-21 11:59:00,2026-03-21 14:18:00,planned,MEC-01,
9945,3,2026-06-12 23:24:00,2026-06-13 02:24:00,unplanned,MAT-01,9073.0
9946,43,2026-02-03 10:08:00,2026-02-03 11:04:00,unplanned,MEC-01,
9947,48,2026-03-17 19:10:00,2026-03-17 21:04:00,planned,MEC-01,4079.0
9948,26,2026-04-29 01:54:00,2026-04-29 03:37:00,planned,MEC-02,9411.0
9949,3,2026-06-13 02:32:00,2026-06-13 03:00:00,planned,ELEC-01,1624.0
9950,27,2026-03-23 06:24:00,2026-03-23 06:49:00,unplanned,MEC-01,2343.0
9951,20,2026-05-12 06:02:00,2026-05-12 06:41:00,unplanned,ELEC-01,1880.0
9952,2,2026-05-04 16:12:00,2026-05-04 18:33:00,planned,MEC-01,3924.0
9953,16,2026-02-16 12:03:00,2026-02-16 13:09:00,unplanned,MEC-01,
9954,15,2026-01-14 16:49:00,2026-01-14 19:02:00,planned,ELEC-01,6155.0
9955,48,2026-06-26 15:42:00,2026-06-26 18:17:00,planned,MEC-01,
9956,30,2026-04-29 11:27:00,2026-04-29 13:43:00,unplanned,MEC-01,
9957,9,2026-02-13 21:38:00,2026-02-13 23:59:00,unplanned,MEC-01,8508.0
9958,24,2026-02-09 00:14:00,2026-02-09 00:55:00,unplanned,MEC-01,8515.0
9959,9,2026-05-31 22:12:00,2026-06-01 00:59:00,planned,MEC-02,9633.0
9960,40,2026-01-10 00:57:00,2026-01-10 02:53:00,unplanned,MEC-01,5199.0
9961,42,2026-06-24 17:35:00,2026-06-24 19:45:00,planned,MAT-01,1714.0
9962,42,2026-04-08 22:49:00,2026-04-09 00:02:00,unplanned,CAL-01,9159.0
9963,31,2026-04-22 03:22:00,2026-04-22 05:35:00,planned,CAL-01,4140.0
9964,23,2026-02-15 08:33:00,2026-02-15 09:49:00,planned,MAT-01,1572.0
9965,12,2026-02-12 10:01:00,2026-02-12 12:33:00,unplanned,MEC-02,
9966,13,2026-03-28 10:34:00,2026-03-28 13:26:00,unplanned,CAL-01,
9967,26,2026-06-27 12:12:00,2026-06-27 14:21:00,unplanned,MAT-01,
9968,6,2026-03-19 11:57:00,2026-03-19 14:35:00,unplanned,ELEC-01,5069.0
9969,32,2026-03-03 15:52:00,2026-03-03 18:08:00,unplanned,MEC-01,6951.0
9970,38,2026-06-03 11:54:00,2026-06-03 12:32:00,planned,MAT-01,3091.0
9971,6,2026-06-05 00:06:00,2026-06-05 01:25:00,unplanned,MEC-01,
9972,26,2026-03-01 01:11:00,2026-03-01 01:57:00,unplanned,MEC-01,1253.0
9973,27,2026-04-15 16:28:00,2026-04-15 18:56:00,planned,MEC-01,5301.0
9974,13,2026-04-01 11:52:00,2026-04-01 14:21:00,unplanned,MEC-01,1892.0
9975,10,2026-06-03 21:58:00,2026-06-03 23:31:00,planned,ELEC-01,3846.0
9976,28,2026-05-18 11:04:00,2026-05-18 12:51:00,unplanned,MAT-01,5882.0
9977,24,2026-02-12 14:36:00,2026-02-12 14:41:00,planned,MEC-01,2038.0
9978,10,2026-05-21 08:48:00,2026-05-21 10:08:00,unplanned,MEC-01,9317.0
9979,47,2026-05-26 22:04:00,2026-05-27 00:29:00,unplanned,MEC-02,8962.0
9980,41,2026-01-04 07:58:00,2026-01-04 09:41:00,planned,MEC-01,8690.0
9981,47,2026-06-10 11:35:00,2026-06-10 14:26:00,planned,MEC-01,
9982,48,2026-03-04 11:54:00,2026-03-04 13:38:00,unplanned,MEC-02,9767.0
9983,38,2026-05-03 08:56:00,2026-05-03 09:44:00,unplanned,MAT-01,8141.0
9984,17,2026-01-19 15:44:00,2026-01-19 17:43:00,planned,ELEC-01,
9985,13,2026-01-24 22:30:00,2026-01-24 22:46:00,unplanned,MAT-01,
9986,3,2026-05-11 05:14:00,2026-05-11 07:29:00,unplanned,ELEC-01,
9987,5,2026-02-01 15:04:00,2026-02-01 15:27:00,unplanned,ELEC-01,
9988,6,2026-01-22 21:25:00,2026-01-22 22:31:00,planned,ELEC-01,2537.0
9989,19,2026-02-05 10:43:00,2026-02-05 12:46:00,unplanned,MAT-01,4004.0
9990,8,2026-04-22 14:08:00,2026-04-22 16:58:00,unplanned,MEC-02,
9991,12,2026-04-20 10:18:00,2026-04-20 11:28:00,planned,MAT-01,570.0
9992,23,2026-03-30 04:13:00,2026-03-30 05:28:00,planned,ELEC-01,6128.0
9993,40,2026-06-19 01:20:00,2026-06-19 02:29:00,planned,MEC-01,
9994,46,2026-03-21 14:56:00,2026-03-21 16:43:00,unplanned,ELEC-01,3912.0
9995,16,2026-06-25 00:11:00,2026-06-25 00:23:00,planned,MEC-01,6246.0
9996,41,2026-04-15 21:57:00,2026-04-15 23:53:00,planned,MAT-01,2807.0
9997,8,2026-04-01 07:46:00,2026-04-01 09:27:00,planned,MEC-02,
9998,39,2026-03-27 22:14:00,2026-03-27 23:48:00,planned,MEC-02,
9999,37,2026-04-08 19:14:00,2026-04-08 19:49:00,unplanned,CAL-01,
10000,28,2026-04-03 10:50:00,2026-04-03 12:19:00,unplanned,MAT-01,1431.0
