order_id,line_id,machine_id,product_id,start_time,end_time,units_produced,units_defective,shift_id
1,7,19,7,2026-03-11 07:45:00,2026-03-11 10:24:00,384,6,3
2,4,25,1,2026-01-08 22:45:00,2026-01-09 02:28:00,278,21,2
3,3,34,4,2026-05-26 19:19:00,2026-05-26 21:53:00,367,2,2
4,1,39,1,2026-06-11 12:46:00,2026-06-11 14:00:00,148,8,3
5,9,12,9,2026-05-26 13:14:00,2026-05-26 14:30:00,221,7,2
6,1,39,9,2026-02-18 15:17:00,2026-02-18 19:16:00,358,22,3
7,2,36,1,2026-04-30 23:56:00,2026-05-01 03:33:00,278,20,2
8,1,8,20,2026-03-26 09:13:00,2026-03-26 12:36:00,475,14,1
9,5,13,8,2026-01-29 10:15:00,2026-01-29 11:14:00,409,14,1
10,3,4,8,2026-06-07 16:19:00,2026-06-07 19:38:00,128,1,1
11,5,13,4,2026-01-25 08:06:00,2026-01-25 08:39:00,413,3,2
12,7,37,6,2026-06-13 23:57:00,2026-06-14 03:24:00,171,1,1
13,2,11,12,2026-01-13 04:40:00,2026-01-13 05:12:00,331,24,3
14,1,31,1,2026-03-10 11:24:00,2026-03-10 12:26:00,377,29,3
15,1,28,8,2026-01-08 16:52:00,2026-01-08 20:20:00,393,1,3
16,10,24,12,2026-03-15 03:43:00,2026-03-15 05:50:00,227,18,1
17,4,27,11,2026-05-28 09:52:00,2026-05-28 11:06:00,412,22,1
18,8,21,1,2026-04-25 09:21:00,2026-04-25 12:24:00,474,12,1
19,9,2,7,2026-01-23 20:44:00,2026-01-23 23:03:00,61,2,2
20,1,42,13,2026-04-16 23:48:00,2026-04-17 03:21:00,379,21,1
21,5,38,9,2026-06-06 09:18:00,2026-06-06 11:32:00,227,13,2
22,2,11,20,2026-06-11 17:47:00,2026-06-11 21:08:00,69,1,2
23,5,43,4,2026-02-07 20:16:00,2026-02-07 23:57:00,99,1,1
24,4,44,6,2026-05-27 06:38:00,2026-05-27 09:33:00,168,2,1
25,2,11,3,2026-05-21 02:05:00,2026-05-21 03:41:00,424,22,2
26,9,45,4,2026-02-03 02:45:00,2026-02-03 06:44:00,163,4,1
27,3,4,4,2026-01-21 07:50:00,2026-01-21 11:08:00,330,23,2
28,9,2,17,2026-05-16 14:42:00,2026-05-16 18:30:00,422,14,2
29,1,31,12,2026-03-31 12:46:00,2026-03-31 15:42:00,109,6,2
30,4,32,14,2026-05-25 03:06:00,2026-05-25 03:58:00,289,16,3
31,3,3,16,2026-02-22 12:22:00,2026-02-22 14:52:00,465,11,3
32,3,4,13,2026-02-06 01:50:00,2026-02-06 03:58:00,60,1,2
33,2,22,16,2026-01-17 19:38:00,2026-01-17 23:08:00,186,6,1
34,9,45,2,2026-02-24 14:56:00,2026-02-24 16:31:00,211,14,1
35,7,19,12,2026-04-03 23:29:00,2026-04-04 00:40:00,453,11,1
36,3,34,7,2026-05-17 04:12:00,2026-05-17 07:01:00,466,7,1
37,7,19,4,2026-01-29 10:04:00,2026-01-29 10:48:00,402,15,1
38,4,32,12,2026-06-25 22:53:00,2026-06-25 23:37:00,134,2,1
39,5,41,8,2026-01-10 13:24:00,2026-01-10 17:02:00,429,10,3
40,9,2,2,2026-03-07 05:22:00,2026-03-07 07:23:00,158,7,2
41,2,36,14,2026-01-04 17:56:00,2026-01-04 20:23:00,252,7,3
42,1,39,7,2026-06-12 01:02:00,2026-06-12 02:44:00,474,12,1
43,5,13,1,2026-02-05 22:14:00,2026-02-05 23:03:00,377,23,2
44,5,38,5,2026-02-28 06:35:00,2026-02-28 09:16:00,379,2,2
45,7,37,12,2026-05-14 01:08:00,2026-05-14 03:18:00,362,18,1
46,4,25,10,2026-02-16 18:38:00,2026-02-16 21:05:00,179,6,3
47,8,15,13,2026-03-13 20:54:00,2026-03-13 21:36:00,201,5,1
48,4,44,19,2026-04-25 11:36:00,2026-04-25 14:31:00,108,6,2
49,8,48,6,2026-04-09 13:15:00,2026-04-09 14:49:00,111,1,3
50,9,50,20,2026-02-21 03:47:00,2026-02-21 04:26:00,394,26,2
51,6,6,7,2026-04-26 04:59:00,2026-04-26 06:21:00,209,0,1
52,2,18,9,2026-02-01 21:24:00,2026-02-02 00:32:00,370,24,2
53,1,31,13,2026-02-10 06:02:00,2026-02-10 09:29:00,348,4,1
54,9,17,17,2026-04-03 16:41:00,2026-04-03 20:13:00,90,5,1
55,3,46,9,2026-06-24 04:12:00,2026-06-24 07:14:00,75,5,1
56,2,18,10,2026-01-17 08:29:00,2026-01-17 09:20:00,147,3,3
57,2,36,11,2026-05-17 10:34:00,2026-05-17 14:00:00,259,10,1
58,1,47,19,2026-02-28 03:27:00,2026-02-28 06:15:00,238,15,1
59,2,36,2,2026-04-14 09:53:00,2026-04-14 11:21:00,194,2,1
60,4,44,13,2026-01-07 03:32:00,2026-01-07 06:47:00,475,36,2
61,3,14,14,2026-02-26 09:53:00,2026-02-26 13:18:00,132,4,3
62,6,7,8,2026-04-17 15:10:00,2026-04-17 17:18:00,239,6,1
63,4,32,4,2026-01-09 16:07:00,2026-01-09 18:21:00,369,20,1
64,3,46,12,2026-05-11 21:16:00,2026-05-12 01:08:00,131,9,1
65,3,3,12,2026-02-23 01:38:00,2026-02-23 04:50:00,310,6,1
66,9,17,14,2026-02-13 05:44:00,2026-02-13 07:23:00,467,26,2
67,6,1,5,2026-03-18 21:06:00,2026-03-19 00:11:00,362,12,2
68,5,13,18,2026-05-25 09:44:00,2026-05-25 10:42:00,337,17,1
69,6,6,9,2026-03-23 11:53:00,2026-03-23 15:43:00,416,23,2
70,3,14,14,2026-05-25 01:11:00,2026-05-25 02:08:00,208,5,2
71,9,45,11,2026-06-26 10:31:00,2026-06-26 14:15:00,342,11,3
72,3,40,16,2026-05-15 09:57:00,2026-05-15 12:26:00,413,10,1
73,4,27,17,2026-05-07 06:39:00,2026-05-07 10:01:00,98,0,3
74,6,7,1,2026-04-30 19:36:00,2026-04-30 20:48:00,376,27,1
75,3,14,2,2026-01-09 23:02:00,2026-01-10 01:08:00,141,9,3
76,7,37,20,2026-03-17 11:02:00,2026-03-17 12:45:00,487,36,3
77,5,38,7,2026-06-02 19:33:00,2026-06-02 20:28:00,54,0,3
78,4,35,1,2026-05-23 20:13:00,2026-05-23 23:10:00,434,1,1
79,3,46,4,2026-01-11 16:01:00,2026-01-11 19:06:00,98,6,2
80,9,17,4,2026-05-14 23:39:00,2026-05-15 02:06:00,51,0,3
81,8,21,7,2026-03-04 15:52:00,2026-03-04 19:37:00,203,13,3
82,6,6,2,2026-05-28 20:14:00,2026-05-28 23:21:00,86,6,2
83,8,48,6,2026-05-14 18:40:00,2026-05-14 22:03:00,231,1,2
84,3,40,5,2026-01-29 09:40:00,2026-01-29 12:38:00,484,19,2
85,5,41,12,2026-05-27 08:57:00,2026-05-27 11:59:00,463,15,2
86,6,7,11,2026-05-11 10:48:00,2026-05-11 12:00:00,224,17,3
87,4,44,1,2026-02-05 01:03:00,2026-02-05 03:08:00,421,24,2
88,8,26,5,2026-02-07 12:22:00,2026-02-07 13:40:00,288,17,2
89,4,35,8,2026-05-26 08:50:00,2026-05-26 09:23:00,110,4,3
90,1,39,12,2026-03-08 04:09:00,2026-03-08 07:43:00,61,1,1
91,3,40,6,2026-03-01 05:14:00,2026-03-01 06:49:00,152,8,3
92,3,4,6,2026-04-09 14:49:00,2026-04-09 16:35:00,490,26,1
93,4,44,10,2026-06-06 17:28:00,2026-06-06 18:52:00,331,21,1
94,2,5,12,2026-02-18 20:11:00,2026-02-18 22:52:00,399,16,1
95,3,40,17,2026-02-12 06:25:00,2026-02-12 07:47:00,424,25,2
96,3,4,16,2026-02-21 07:21:00,2026-02-21 10:04:00,488,26,3
97,10,30,6,2026-01-28 09:01:00,2026-01-28 10:28:00,119,1,2
98,5,38,4,2026-01-17 10:10:00,2026-01-17 12:08:00,437,3,3
99,5,38,17,2026-01-30 18:23:00,2026-01-30 20:47:00,106,7,3
100,3,49,10,2026-03-14 22:02:00,2026-03-15 00:50:00,218,3,3
101,3,40,16,2026-03-13 10:37:00,2026-03-13 13:51:00,492,3,2
102,3,46,12,2026-01-03 00:45:00,2026-01-03 04:02:00,323,10,1
103,8,21,17,2026-01-14 03:00:00,2026-01-14 04:45:00,325,13,3
104,2,11,11,2026-02-17 21:04:00,2026-02-17 21:51:00,211,4,2
105,6,6,7,2026-02-05 05:38:00,2026-02-05 08:33:00,135,3,2
106,2,36,19,2026-05-08 03:49:00,2026-05-08 06:01:00,305,21,2
107,3,46,14,2026-03-21 05:24:00,2026-03-21 07:48:00,224,12,3
108,4,44,16,2026-04-17 21:02:00,2026-04-17 22:38:00,229,15,1
109,2,16,7,2026-02-09 18:20:00,2026-02-09 21:47:00,203,8,3
110,8,15,5,2026-04-12 19:05:00,2026-04-12 22:10:00,241,18,3
111,4,29,10,2026-01-22 06:10:00,2026-01-22 09:41:00,318,9,1
112,3,46,3,2026-04-16 21:01:00,2026-04-17 00:26:00,344,7,2
113,4,33,15,2026-06-06 20:03:00,2026-06-06 20:35:00,62,4,3
114,1,42,6,2026-04-05 14:19:00,2026-04-05 18:07:00,245,9,3
115,10,30,17,2026-01-17 00:23:00,2026-01-17 01:58:00,440,25,2
116,4,44,5,2026-05-05 12:49:00,2026-05-05 15:52:00,243,17,3
117,7,9,10,2026-03-08 17:47:00,2026-03-08 20:19:00,410,25,3
118,8,26,17,2026-06-15 07:45:00,2026-06-15 10:08:00,207,1,1
119,4,33,8,2026-03-13 22:58:00,2026-03-14 02:29:00,444,0,3
120,10,20,13,2026-03-23 19:11:00,2026-03-23 20:20:00,222,16,2
121,7,19,12,2026-04-30 07:31:00,2026-04-30 10:06:00,363,18,1
122,7,37,19,2026-02-12 03:08:00,2026-02-12 04:14:00,323,23,3
123,3,46,9,2026-06-17 16:36:00,2026-06-17 17:41:00,252,17,3
124,7,19,1,2026-04-17 11:37:00,2026-04-17 14:41:00,258,0,3
125,10,30,2,2026-04-08 08:48:00,2026-04-08 10:46:00,176,8,2
126,8,15,15,2026-02-04 00:54:00,2026-02-04 03:26:00,187,9,3
127,5,13,2,2026-02-06 10:34:00,2026-02-06 14:28:00,490,30,2
128,1,8,20,2026-04-15 05:17:00,2026-04-15 06:58:00,86,2,1
129,2,22,17,2026-05-14 22:47:00,2026-05-15 01:01:00,167,0,1
130,8,48,9,2026-05-14 14:42:00,2026-05-14 18:05:00,481,22,2
131,6,1,17,2026-02-01 22:56:00,2026-02-02 00:52:00,294,3,2
132,2,5,4,2026-01-21 11:52:00,2026-01-21 14:59:00,370,9,3
133,3,46,6,2026-03-08 04:33:00,2026-03-08 06:03:00,296,10,3
134,8,15,16,2026-04-10 17:55:00,2026-04-10 19:50:00,246,1,3
135,4,35,8,2026-02-18 01:35:00,2026-02-18 04:12:00,439,17,3
136,10,24,3,2026-02-16 23:33:00,2026-02-17 03:10:00,116,8,2
137,7,37,2,2026-04-15 02:05:00,2026-04-15 05:11:00,467,30,1
138,4,44,19,2026-04-25 16:46:00,2026-04-25 19:57:00,466,0,3
139,7,37,18,2026-03-11 18:13:00,2026-03-11 19:52:00,172,8,2
140,10,24,1,2026-01-16 00:10:00,2026-01-16 02:31:00,292,2,3
141,10,24,13,2026-02-07 02:20:00,2026-02-07 02:55:00,357,24,3
142,4,35,19,2026-03-12 18:02:00,2026-03-12 20:08:00,200,2,2
143,6,7,12,2026-06-17 12:09:00,2026-06-17 15:26:00,220,5,2
144,9,45,9,2026-01-09 23:10:00,2026-01-10 02:28:00,186,11,2
145,2,11,6,2026-05-15 06:46:00,2026-05-15 10:19:00,392,4,2
146,4,32,13,2026-02-10 02:39:00,2026-02-10 05:38:00,133,3,3
147,9,12,3,2026-01-20 09:01:00,2026-01-20 10:59:00,133,9,1
148,5,13,17,2026-01-06 16:08:00,2026-01-06 20:03:00,419,24,2
149,1,28,1,2026-04-02 04:18:00,2026-04-02 07:11:00,418,4,3
150,1,42,8,2026-03-11 18:48:00,2026-03-11 21:41:00,307,7,3
151,5,13,12,2026-04-29 12:08:00,2026-04-29 16:07:00,275,7,3
152,4,29,11,2026-04-20 05:30:00,2026-04-20 06:59:00,374,27,3
153,3,46,8,2026-05-27 13:00:00,2026-05-27 13:56:00,445,11,3
154,8,48,8,2026-03-25 23:15:00,2026-03-25 23:58:00,86,1,2
155,1,39,11,2026-01-02 11:51:00,2026-01-02 12:22:00,195,9,3
156,5,41,15,2026-04-28 15:03:00,2026-04-28 18:36:00,101,2,2
157,4,44,19,2026-05-14 00:34:00,2026-05-14 02:42:00,190,6,2
158,10,20,15,2026-02-03 07:04:00,2026-02-03 10:59:00,73,0,2
159,8,48,9,2026-02-17 11:32:00,2026-02-17 14:04:00,124,6,3
160,6,6,18,2026-01-15 22:52:00,2026-01-16 00:20:00,313,20,2
161,3,4,4,2026-01-30 05:42:00,2026-01-30 08:30:00,165,0,3
162,6,7,10,2026-03-14 19:38:00,2026-03-14 21:11:00,391,29,2
163,3,4,15,2026-01-13 05:07:00,2026-01-13 05:44:00,406,30,3
164,5,43,18,2026-06-24 16:34:00,2026-06-24 18:30:00,180,10,1
165,3,14,3,2026-06-05 18:35:00,2026-06-05 22:21:00,484,37,3
166,4,32,5,2026-06-20 00:11:00,2026-06-20 04:11:00,127,5,1
167,1,39,6,2026-04-15 06:24:00,2026-04-15 10:24:00,153,8,2
168,8,21,1,2026-01-27 01:01:00,2026-01-27 02:38:00,357,13,2
169,4,35,2,2026-05-29 02:47:00,2026-05-29 05:35:00,167,7,3
170,1,39,6,2026-02-20 05:18:00,2026-02-20 08:19:00,336,25,2
171,9,50,6,2026-01-21 17:53:00,2026-01-21 20:10:00,255,17,1
172,3,46,11,2026-04-07 03:44:00,2026-04-07 07:37:00,242,13,3
173,1,31,12,2026-03-15 10:40:00,2026-03-15 13:45:00,75,0,2
174,1,39,14,2026-01-23 03:04:00,2026-01-23 04:12:00,432,16,1
175,6,6,19,2026-06-24 18:20:00,2026-06-24 19:10:00,307,10,1
176,1,28,13,2026-05-19 03:13:00,2026-05-19 04:14:00,445,12,2
177,8,21,19,2026-02-18 20:40:00,2026-02-18 22:50:00,464,26,2
178,7,9,8,2026-04-20 17:21:00,2026-04-20 18:03:00,242,16,3
179,4,25,6,2026-02-04 21:20:00,2026-02-04 22:43:00,105,4,1
180,1,28,9,2026-02-12 11:03:00,2026-02-12 14:24:00,158,6,3
181,4,25,14,2026-05-21 18:17:00,2026-05-21 19:19:00,384,16,2
182,3,49,6,2026-01-11 15:20:00,2026-01-11 17:50:00,347,1,2
183,4,33,5,2026-05-12 07:19:00,2026-05-12 07:57:00,261,15,1
184,4,27,14,2026-06-02 18:22:00,2026-06-02 20:08:00,326,12,2
185,2,36,18,2026-04-09 05:48:00,2026-04-09 06:58:00,207,0,3
186,7,37,4,2026-01-23 05:49:00,2026-01-23 07:03:00,325,5,1
187,1,8,19,2026-02-14 03:19:00,2026-02-14 05:26:00,392,19,3
188,10,20,3,2026-06-22 19:59:00,2026-06-22 21:37:00,134,1,2
189,9,17,7,2026-05-29 02:07:00,2026-05-29 03:22:00,405,15,1
190,2,18,18,2026-05-28 12:58:00,2026-05-28 16:52:00,184,11,2
191,4,44,5,2026-02-13 10:03:00,2026-02-13 12:04:00,232,15,1
192,3,40,19,2026-02-20 20:29:00,2026-02-20 23:03:00,324,10,3
193,3,23,9,2026-04-03 18:48:00,2026-04-03 20:37:00,271,14,2
194,8,15,7,2026-03-09 03:49:00,2026-03-09 04:44:00,443,24,1
195,2,11,12,2026-03-27 03:39:00,2026-03-27 07:29:00,308,17,1
196,6,1,2,2026-05-03 06:33:00,2026-05-03 08:23:00,428,23,3
197,3,14,17,2026-01-24 12:00:00,2026-01-24 15:19:00,151,3,1
198,2,11,15,2026-06-18 00:49:00,2026-06-18 03:15:00,113,3,3
199,3,49,17,2026-02-22 21:48:00,2026-02-22 23:43:00,326,20,2
200,8,48,4,2026-03-08 11:34:00,2026-03-08 14:28:00,348,6,3
201,1,47,5,2026-05-25 19:37:00,2026-05-25 22:19:00,459,0,2
202,9,50,15,2026-03-28 11:36:00,2026-03-28 12:18:00,460,3,2
203,3,23,8,2026-01-18 19:36:00,2026-01-18 23:00:00,301,2,1
204,9,12,17,2026-04-22 23:17:00,2026-04-23 02:05:00,456,0,3
205,4,25,17,2026-05-08 02:24:00,2026-05-08 03:59:00,269,19,2
206,1,42,14,2026-01-22 07:48:00,2026-01-22 09:19:00,103,5,1
207,1,42,3,2026-02-04 06:52:00,2026-02-04 07:46:00,254,2,3
208,2,18,3,2026-02-06 20:11:00,2026-02-06 20:45:00,357,27,1
209,5,38,9,2026-01-17 04:15:00,2026-01-17 05:05:00,277,9,3
210,8,21,7,2026-04-13 10:44:00,2026-04-13 13:05:00,163,2,3
211,9,50,11,2026-01-07 10:30:00,2026-01-07 12:44:00,383,12,1
212,1,42,5,2026-02-20 05:20:00,2026-02-20 08:54:00,201,2,1
213,8,10,16,2026-05-05 01:34:00,2026-05-05 02:22:00,159,10,1
214,7,37,13,2026-05-17 18:08:00,2026-05-17 19:47:00,386,17,2
215,10,30,17,2026-02-08 02:02:00,2026-02-08 02:40:00,123,4,3
216,4,33,12,2026-03-27 04:58:00,2026-03-27 07:25:00,393,6,2
217,8,26,19,2026-03-28 02:35:00,2026-03-28 04:56:00,120,6,1
218,10,30,2,2026-05-05 11:42:00,2026-05-05 14:01:00,263,1,2
219,3,40,17,2026-01-13 00:26:00,2026-01-13 03:27:00,303,23,1
220,9,2,10,2026-06-11 01:06:00,2026-06-11 02:08:00,60,1,3
221,7,9,11,2026-03-11 22:33:00,2026-03-12 00:39:00,450,0,2
222,1,47,8,2026-02-13 13:19:00,2026-02-13 16:22:00,378,1,1
223,5,13,13,2026-05-30 12:29:00,2026-05-30 14:34:00,313,14,3
224,1,39,17,2026-04-08 00:18:00,2026-04-08 01:16:00,73,3,3
225,3,23,13,2026-02-05 14:46:00,2026-02-05 18:38:00,497,33,3
226,4,33,10,2026-04-04 04:18:00,2026-04-04 07:35:00,152,0,2
227,9,2,18,2026-05-18 00:04:00,2026-05-18 00:36:00,148,5,3
228,7,37,16,2026-02-26 20:18:00,2026-02-26 23:38:00,440,4,3
229,3,49,9,2026-05-22 15:17:00,2026-05-22 16:00:00,51,1,2
230,4,29,1,2026-05-14 13:48:00,2026-05-14 17:26:00,334,6,2
231,9,50,14,2026-04-19 09:45:00,2026-04-19 12:38:00,488,25,1
232,3,23,12,2026-04-10 05:41:00,2026-04-10 06:15:00,460,16,2
233,10,30,17,2026-05-18 13:27:00,2026-05-18 15:11:00,305,9,1
234,6,6,7,2026-02-14 03:58:00,2026-02-14 07:13:00,374,14,1
235,6,1,7,2026-02-04 21:19:00,2026-02-04 22:04:00,277,20,1
236,1,31,16,2026-02-17 15:59:00,2026-02-17 18:07:00,371,3,2
237,4,32,13,2026-03-02 11:15:00,2026-03-02 14:17:00,93,2,1
238,6,7,7,2026-05-20 12:44:00,2026-05-20 15:32:00,403,0,2
239,2,36,13,2026-01-11 21:05:00,2026-01-12 00:10:00,184,8,1
240,6,1,17,2026-01-18 00:46:00,2026-01-18 03:19:00,153,9,1
241,2,16,4,2026-01-04 16:17:00,2026-01-04 17:02:00,246,6,1
242,9,12,17,2026-04-19 09:30:00,2026-04-19 10:30:00,325,17,1
243,3,46,11,2026-04-23 10:03:00,2026-04-23 12:28:00,486,19,2
244,3,3,15,2026-03-03 02:50:00,2026-03-03 06:05:00,434,20,3
245,7,37,1,2026-01-11 20:23:00,2026-01-11 22:09:00,294,0,2
246,3,4,7,2026-03-22 21:59:00,2026-03-23 00:35:00,151,0,1
247,9,45,3,2026-05-15 01:15:00,2026-05-15 05:00:00,223,6,1
248,10,30,16,2026-05-10 20:37:00,2026-05-10 22:22:00,476,36,1
249,3,40,20,2026-04-05 13:55:00,2026-04-05 17:00:00,242,11,2
250,1,28,3,2026-02-28 11:29:00,2026-02-28 14:57:00,453,4,1
251,2,16,2,2026-03-31 17:36:00,2026-03-31 20:33:00,422,5,1
252,1,39,12,2026-05-23 17:02:00,2026-05-23 19:17:00,112,7,3
253,10,20,1,2026-04-04 08:29:00,2026-04-04 11:55:00,485,34,1
254,8,26,13,2026-01-24 11:02:00,2026-01-24 12:11:00,269,16,1
255,9,2,14,2026-02-11 06:06:00,2026-02-11 09:55:00,478,35,3
256,3,49,2,2026-05-29 15:17:00,2026-05-29 19:02:00,105,5,2
257,9,12,9,2026-03-28 11:59:00,2026-03-28 13:59:00,115,2,1
258,2,5,20,2026-01-30 21:24:00,2026-01-30 23:47:00,113,3,3
259,5,38,13,2026-04-16 08:50:00,2026-04-16 12:02:00,82,4,2
260,3,34,7,2026-05-05 13:08:00,2026-05-05 15:34:00,459,24,2
261,9,17,16,2026-03-31 09:03:00,2026-03-31 10:05:00,374,18,3
262,3,46,11,2026-06-11 22:33:00,2026-06-12 00:06:00,165,0,3
263,7,9,8,2026-05-20 09:44:00,2026-05-20 11:54:00,420,13,3
264,10,24,12,2026-04-23 01:31:00,2026-04-23 03:38:00,208,10,3
265,7,9,15,2026-04-04 12:06:00,2026-04-04 14:47:00,192,8,2
266,2,18,13,2026-03-02 13:45:00,2026-03-02 15:57:00,252,19,3
267,5,38,3,2026-06-16 04:33:00,2026-06-16 06:34:00,63,1,2
268,3,3,19,2026-02-01 08:58:00,2026-02-01 09:43:00,67,2,1
269,10,24,19,2026-04-24 13:12:00,2026-04-24 14:52:00,122,5,1
270,8,10,18,2026-03-02 23:21:00,2026-03-03 02:55:00,347,18,2
271,3,4,8,2026-01-16 08:08:00,2026-01-16 09:00:00,470,30,2
272,9,17,5,2026-03-09 18:47:00,2026-03-09 19:42:00,290,20,1
273,3,46,1,2026-01-14 15:30:00,2026-01-14 17:53:00,207,4,1
274,9,17,15,2026-06-23 08:22:00,2026-06-23 12:12:00,277,21,2
275,2,11,15,2026-06-18 18:46:00,2026-06-18 21:20:00,314,12,1
276,8,48,7,2026-01-13 23:21:00,2026-01-13 23:57:00,368,23,2
277,4,44,17,2026-01-22 16:04:00,2026-01-22 18:04:00,302,9,2
278,1,8,6,2026-03-31 12:21:00,2026-03-31 14:37:00,78,1,3
279,4,44,8,2026-03-24 15:01:00,2026-03-24 18:09:00,90,6,3
280,6,6,8,2026-04-04 12:00:00,2026-04-04 13:23:00,132,7,3
281,3,49,15,2026-01-18 22:48:00,2026-01-19 01:58:00,456,30,1
282,8,15,8,2026-02-17 12:05:00,2026-02-17 14:02:00,203,13,1
283,1,8,15,2026-02-02 08:23:00,2026-02-02 11:25:00,132,0,3
284,9,45,8,2026-01-20 22:08:00,2026-01-21 01:53:00,108,3,2
285,7,9,12,2026-05-04 16:11:00,2026-05-04 17:25:00,493,13,3
286,5,43,6,2026-03-16 08:32:00,2026-03-16 11:44:00,167,3,3
287,6,7,2,2026-05-24 15:58:00,2026-05-24 16:42:00,456,14,3
288,1,28,6,2026-01-11 08:29:00,2026-01-11 10:13:00,231,0,3
289,2,36,12,2026-06-07 10:17:00,2026-06-07 13:32:00,71,0,2
290,2,5,9,2026-01-13 06:17:00,2026-01-13 08:47:00,328,8,3
291,8,21,8,2026-05-03 11:54:00,2026-05-03 14:06:00,184,2,2
292,4,35,11,2026-03-28 18:07:00,2026-03-28 18:57:00,350,8,1
293,2,5,10,2026-06-28 14:21:00,2026-06-28 16:41:00,481,12,2
294,9,12,13,2026-01-06 22:42:00,2026-01-07 01:20:00,105,3,2
295,8,26,20,2026-01-02 18:10:00,2026-01-02 18:54:00,106,5,1
296,3,4,5,2026-03-30 14:12:00,2026-03-30 15:14:00,273,19,1
297,3,23,9,2026-06-26 15:48:00,2026-06-26 18:09:00,277,3,1
298,6,6,8,2026-03-10 10:40:00,2026-03-10 13:39:00,375,11,1
299,4,44,19,2026-05-03 15:39:00,2026-05-03 16:38:00,73,4,2
300,3,40,17,2026-06-14 00:50:00,2026-06-14 03:50:00,291,13,2
301,8,26,12,2026-06-02 22:23:00,2026-06-03 02:21:00,472,36,1
302,3,34,2,2026-02-26 20:18:00,2026-02-26 21:59:00,355,23,3
303,8,10,18,2026-03-23 15:49:00,2026-03-23 16:51:00,391,23,1
304,3,34,2,2026-03-26 14:57:00,2026-03-26 18:17:00,115,2,1
305,1,28,19,2026-06-03 20:43:00,2026-06-04 00:39:00,163,2,3
306,2,22,7,2026-01-31 19:09:00,2026-01-31 20:59:00,243,14,1
307,2,11,7,2026-02-22 15:39:00,2026-02-22 18:26:00,289,7,2
308,7,37,3,2026-02-03 02:47:00,2026-02-03 04:02:00,498,28,2
309,3,23,10,2026-01-05 23:42:00,2026-01-06 03:25:00,77,3,3
310,3,23,16,2026-03-05 22:49:00,2026-03-06 00:27:00,315,19,1
311,9,2,18,2026-01-25 18:47:00,2026-01-25 21:44:00,486,38,2
312,1,28,3,2026-03-27 09:33:00,2026-03-27 10:16:00,448,32,2
313,1,28,20,2026-01-25 15:52:00,2026-01-25 17:30:00,187,6,1
314,4,35,20,2026-03-15 00:46:00,2026-03-15 04:26:00,184,2,2
315,4,27,16,2026-06-20 06:15:00,2026-06-20 08:58:00,274,3,2
316,2,5,15,2026-03-13 21:14:00,2026-03-14 00:51:00,291,1,2
317,10,30,20,2026-05-25 03:13:00,2026-05-25 03:52:00,128,4,3
318,2,36,18,2026-02-13 07:56:00,2026-02-13 11:46:00,353,11,2
319,8,15,9,2026-04-06 05:00:00,2026-04-06 05:47:00,162,12,2
320,8,10,11,2026-03-21 11:53:00,2026-03-21 13:25:00,89,0,3
321,3,3,15,2026-01-17 16:57:00,2026-01-17 17:45:00,59,0,1
322,1,42,7,2026-03-04 12:00:00,2026-03-04 13:29:00,331,10,3
323,5,38,13,2026-05-25 23:52:00,2026-05-26 01:10:00,297,4,1
324,9,2,4,2026-03-28 07:16:00,2026-03-28 09:45:00,224,16,1
325,9,12,20,2026-05-01 19:39:00,2026-05-01 20:54:00,64,3,2
326,1,47,20,2026-03-26 09:35:00,2026-03-26 11:09:00,393,27,3
327,4,33,7,2026-04-07 08:59:00,2026-04-07 10:02:00,279,12,3
328,2,16,12,2026-01-12 00:03:00,2026-01-12 01:45:00,332,8,2
329,4,25,8,2026-06-28 03:16:00,2026-06-28 05:03:00,338,18,2
330,3,40,8,2026-01-01 08:28:00,2026-01-01 09:17:00,71,0,1
331,1,8,7,2026-05-27 11:21:00,2026-05-27 14:17:00,217,16,1
332,10,20,1,2026-04-05 16:28:00,2026-04-05 18:03:00,127,7,1
333,4,33,17,2026-06-05 09:08:00,2026-06-05 12:30:00,245,1,1
334,7,37,16,2026-01-28 13:36:00,2026-01-28 17:24:00,352,5,1
335,10,30,6,2026-04-26 23:16:00,2026-04-27 00:22:00,269,10,1
336,1,8,8,2026-04-07 05:04:00,2026-04-07 07:27:00,316,18,3
337,2,5,7,2026-01-27 19:27:00,2026-01-27 23:11:00,82,0,1
338,6,6,19,2026-05-15 05:23:00,2026-05-15 08:09:00,253,10,1
339,1,47,5,2026-06-02 09:50:00,2026-06-02 10:38:00,150,11,3
340,7,37,15,2026-04-22 16:26:00,2026-04-22 19:35:00,75,4,3
341,8,26,3,2026-03-03 15:00:00,2026-03-03 18:38:00,245,10,2
342,4,29,14,2026-05-25 05:58:00,2026-05-25 07:55:00,111,1,2
343,3,14,17,2026-04-19 22:41:00,2026-04-19 23:15:00,82,1,2
344,1,31,19,2026-06-13 11:15:00,2026-06-13 12:08:00,438,24,1
345,7,9,20,2026-03-02 15:36:00,2026-03-02 17:17:00,364,6,1
346,9,17,3,2026-01-18 04:07:00,2026-01-18 05:26:00,226,15,1
347,4,44,19,2026-02-17 23:30:00,2026-02-18 02:21:00,243,15,3
348,5,41,5,2026-03-30 09:16:00,2026-03-30 11:55:00,251,1,1
349,1,8,18,2026-03-09 01:23:00,2026-03-09 05:13:00,465,29,1
350,4,35,15,2026-03-01 12:36:00,2026-03-01 14:11:00,286,5,3
351,9,17,20,2026-03-27 08:07:00,2026-03-27 10:51:00,313,20,1
352,7,9,4,2026-05-22 15:21:00,2026-05-22 17:04:00,73,3,1
353,3,46,18,2026-03-20 06:24:00,2026-03-20 10:08:00,375,8,3
354,4,25,8,2026-01-21 18:37:00,2026-01-21 20:57:00,161,10,1
355,10,20,4,2026-01-02 03:27:00,2026-01-02 06:55:00,99,3,1
356,4,35,9,2026-01-31 13:11:00,2026-01-31 16:47:00,241,10,2
357,4,32,1,2026-01-17 04:57:00,2026-01-17 07:48:00,257,0,3
358,3,34,11,2026-05-31 03:13:00,2026-05-31 04:48:00,106,5,3
359,1,31,8,2026-01-20 02:51:00,2026-01-20 03:35:00,425,26,3
360,7,9,13,2026-03-23 19:45:00,2026-03-23 23:30:00,158,3,3
361,3,4,2,2026-03-09 08:09:00,2026-03-09 09:00:00,135,7,3
362,4,32,19,2026-03-18 05:45:00,2026-03-18 07:21:00,118,2,1
363,5,38,6,2026-04-20 09:00:00,2026-04-20 11:54:00,407,23,1
364,4,25,6,2026-04-25 12:02:00,2026-04-25 15:22:00,359,4,1
365,3,49,17,2026-06-14 23:13:00,2026-06-15 02:54:00,376,25,2
366,7,37,7,2026-06-19 08:49:00,2026-06-19 11:04:00,473,13,2
367,1,42,3,2026-03-27 15:13:00,2026-03-27 15:47:00,273,20,2
368,2,36,5,2026-05-23 05:44:00,2026-05-23 09:31:00,281,20,2
369,1,31,6,2026-02-10 15:01:00,2026-02-10 15:31:00,399,6,3
370,2,16,11,2026-06-29 06:18:00,2026-06-29 10:03:00,286,3,2
371,4,27,1,2026-01-29 09:41:00,2026-01-29 11:30:00,497,5,1
372,8,21,3,2026-04-19 23:43:00,2026-04-20 03:09:00,383,19,1
373,8,21,10,2026-02-14 14:27:00,2026-02-14 15:30:00,52,3,1
374,4,25,5,2026-03-19 11:51:00,2026-03-19 14:15:00,422,19,2
375,9,45,13,2026-02-07 01:33:00,2026-02-07 02:34:00,341,4,3
376,1,47,13,2026-05-28 22:35:00,2026-05-28 23:09:00,67,0,3
377,4,33,1,2026-06-28 20:13:00,2026-06-28 21:04:00,319,11,3
378,9,50,16,2026-03-22 21:00:00,2026-03-23 00:56:00,496,7,3
379,10,30,18,2026-02-07 20:00:00,2026-02-07 22:37:00,67,3,3
380,9,17,19,2026-03-13 22:26:00,2026-03-14 01:06:00,133,4,3
381,4,29,20,2026-02-12 18:05:00,2026-02-12 18:55:00,362,26,1
382,10,24,1,2026-01-04 14:16:00,2026-01-04 16:31:00,174,2,3
383,9,45,11,2026-05-06 14:38:00,2026-05-06 17:36:00,73,1,2
384,3,49,9,2026-04-10 11:09:00,2026-04-10 14:49:00,246,14,3
385,8,15,1,2026-01-28 01:31:00,2026-01-28 03:22:00,171,2,2
386,4,33,1,2026-05-17 19:59:00,2026-05-17 22:20:00,228,1,1
387,5,41,4,2026-01-19 06:42:00,2026-01-19 08:53:00,188,0,3
388,4,32,18,2026-01-19 02:24:00,2026-01-19 06:05:00,397,24,3
389,4,25,5,2026-01-21 23:55:00,2026-01-22 03:25:00,357,4,3
390,8,15,15,2026-05-29 23:07:00,2026-05-30 01:23:00,365,17,2
391,8,15,10,2026-01-14 03:52:00,2026-01-14 07:46:00,142,7,1
392,3,4,16,2026-02-25 22:24:00,2026-02-25 23:31:00,242,9,1
393,2,5,9,2026-05-01 10:19:00,2026-05-01 10:55:00,397,20,2
394,9,17,3,2026-02-09 05:29:00,2026-02-09 06:04:00,482,11,2
395,4,25,10,2026-02-03 13:03:00,2026-02-03 16:47:00,166,11,1
396,10,20,1,2026-05-17 10:39:00,2026-05-17 11:40:00,64,4,2
397,2,18,7,2026-01-23 05:02:00,2026-01-23 06:22:00,492,8,1
398,9,45,5,2026-05-21 02:08:00,2026-05-21 05:28:00,219,14,1
399,6,1,14,2026-05-09 23:36:00,2026-05-10 00:30:00,165,11,1
400,3,49,17,2026-02-04 09:59:00,2026-02-04 12:05:00,196,13,1
401,3,34,16,2026-05-09 07:25:00,2026-05-09 09:28:00,243,13,2
402,2,22,19,2026-06-09 00:50:00,2026-06-09 04:37:00,478,21,3
403,4,29,16,2026-04-02 12:36:00,2026-04-02 16:14:00,439,19,2
404,8,48,20,2026-03-31 23:28:00,2026-04-01 03:12:00,473,11,1
405,2,5,9,2026-04-05 03:34:00,2026-04-05 07:04:00,463,25,1
406,10,24,1,2026-04-26 12:21:00,2026-04-26 14:21:00,78,0,1
407,3,23,1,2026-06-04 15:04:00,2026-06-04 16:08:00,291,15,3
408,1,39,3,2026-05-14 19:10:00,2026-05-14 22:04:00,391,10,1
409,2,16,10,2026-01-29 13:53:00,2026-01-29 17:21:00,289,9,1
410,2,5,18,2026-01-12 11:37:00,2026-01-12 15:18:00,361,8,2
411,4,27,19,2026-04-19 17:50:00,2026-04-19 18:33:00,152,9,3
412,8,48,11,2026-06-27 05:52:00,2026-06-27 08:11:00,78,2,1
413,8,48,18,2026-04-12 22:42:00,2026-04-12 23:31:00,371,21,3
414,3,49,5,2026-03-15 12:39:00,2026-03-15 14:30:00,119,2,1
415,2,11,2,2026-03-04 14:25:00,2026-03-04 16:17:00,263,8,3
416,8,48,3,2026-02-14 20:07:00,2026-02-14 23:08:00,167,12,3
417,4,32,14,2026-02-04 03:40:00,2026-02-04 06:50:00,129,7,1
418,6,7,11,2026-05-13 21:37:00,2026-05-13 22:46:00,64,4,3
419,3,34,18,2026-05-21 19:55:00,2026-05-21 22:29:00,307,5,3
420,1,39,4,2026-02-06 05:56:00,2026-02-06 07:58:00,497,17,3
421,4,35,4,2026-03-07 00:45:00,2026-03-07 04:08:00,188,5,3
422,3,3,2,2026-05-11 19:50:00,2026-05-11 21:58:00,159,8,2
423,3,49,16,2026-02-01 14:11:00,2026-02-01 17:05:00,93,1,1
424,4,27,8,2026-03-05 07:02:00,2026-03-05 10:20:00,113,5,1
425,1,31,18,2026-06-11 20:22:00,2026-06-11 23:32:00,292,15,3
426,1,28,18,2026-03-28 15:50:00,2026-03-28 17:41:00,112,6,1
427,8,48,15,2026-06-19 12:23:00,2026-06-19 13:15:00,305,15,2
428,7,37,13,2026-02-19 21:43:00,2026-02-20 01:04:00,207,11,2
429,5,38,8,2026-02-02 15:16:00,2026-02-02 17:24:00,76,3,3
430,4,32,6,2026-05-02 14:52:00,2026-05-02 16:35:00,384,6,2
431,9,17,5,2026-02-20 01:10:00,2026-02-20 05:03:00,423,32,1
432,3,46,18,2026-03-24 20:06:00,2026-03-24 22:44:00,90,6,2
433,8,48,17,2026-04-24 17:47:00,2026-04-24 18:44:00,302,14,2
434,1,42,19,2026-03-06 18:27:00,2026-03-06 20:38:00,474,22,3
435,7,37,12,2026-01-05 23:50:00,2026-01-06 01:46:00,194,4,3
436,2,16,11,2026-06-11 08:10:00,2026-06-11 09:51:00,390,11,2
437,5,41,20,2026-01-17 03:02:00,2026-01-17 05:13:00,449,22,1
438,1,42,8,2026-01-03 03:13:00,2026-01-03 06:16:00,114,0,1
439,9,45,2,2026-06-13 09:49:00,2026-06-13 10:58:00,257,17,2
440,3,3,16,2026-03-21 14:27:00,2026-03-21 17:16:00,70,0,2
441,4,35,3,2026-06-23 22:04:00,2026-06-24 00:45:00,312,20,1
442,1,39,5,2026-04-05 02:22:00,2026-04-05 04:14:00,65,1,3
443,8,26,16,2026-06-26 14:30:00,2026-06-26 17:26:00,171,9,2
444,3,14,3,2026-02-27 23:13:00,2026-02-28 00:32:00,284,6,1
445,9,17,2,2026-01-14 17:49:00,2026-01-14 19:35:00,333,8,1
446,5,38,19,2026-04-18 22:11:00,2026-04-19 00:47:00,125,3,2
447,9,2,5,2026-01-23 08:06:00,2026-01-23 09:36:00,76,3,1
448,8,26,8,2026-03-28 01:32:00,2026-03-28 03:37:00,436,17,2
449,4,44,17,2026-01-14 17:50:00,2026-01-14 20:25:00,73,5,1
450,4,27,3,2026-04-11 18:08:00,2026-04-11 19:28:00,81,2,2
451,4,29,13,2026-02-07 12:05:00,2026-02-07 14:34:00,355,9,2
452,5,13,6,2026-03-18 15:24:00,2026-03-18 16:26:00,87,1,3
453,1,42,12,2026-02-26 00:36:00,2026-02-26 04:35:00,291,2,1
454,9,2,8,2026-01-02 08:16:00,2026-01-02 10:20:00,127,8,1
455,10,24,19,2026-06-21 08:20:00,2026-06-21 09:32:00,97,2,3
456,4,27,18,2026-03-09 02:11:00,2026-03-09 02:56:00,216,14,3
457,2,5,13,2026-05-17 19:32:00,2026-05-17 22:33:00,210,4,1
458,9,2,13,2026-06-05 18:56:00,2026-06-05 22:51:00,424,28,1
459,3,46,14,2026-02-21 14:21:00,2026-02-21 15:09:00,419,5,2
460,7,37,16,2026-05-31 03:30:00,2026-05-31 06:02:00,396,7,3
461,8,10,1,2026-01-06 05:07:00,2026-01-06 07:26:00,213,10,1
462,1,39,9,2026-05-09 09:00:00,2026-05-09 12:01:00,211,8,1
463,2,18,2,2026-02-10 12:49:00,2026-02-10 16:19:00,275,5,2
464,4,33,1,2026-06-06 21:32:00,2026-06-07 00:14:00,75,4,2
465,4,29,20,2026-05-15 18:51:00,2026-05-15 19:49:00,446,18,2
466,1,8,17,2026-06-28 18:46:00,2026-06-28 19:47:00,338,15,2
467,3,14,2,2026-04-15 05:24:00,2026-04-15 07:38:00,257,15,2
468,2,18,20,2026-06-28 13:49:00,2026-06-28 16:48:00,124,1,1
469,9,45,3,2026-05-25 17:08:00,2026-05-25 20:26:00,285,0,3
470,2,16,13,2026-04-26 03:49:00,2026-04-26 07:42:00,244,4,1
471,8,48,14,2026-04-18 14:04:00,2026-04-18 16:24:00,350,16,3
472,5,38,9,2026-01-05 22:18:00,2026-01-06 01:19:00,70,2,1
473,7,9,3,2026-02-02 20:06:00,2026-02-02 23:33:00,274,1,3
474,1,42,4,2026-05-28 14:46:00,2026-05-28 15:54:00,148,7,2
475,9,2,12,2026-01-10 21:54:00,2026-01-10 22:42:00,320,21,1
476,4,35,5,2026-03-15 02:21:00,2026-03-15 03:23:00,142,5,1
477,9,45,15,2026-01-22 13:17:00,2026-01-22 15:06:00,149,3,2
478,1,8,17,2026-03-02 07:03:00,2026-03-02 09:00:00,55,3,3
479,1,47,19,2026-03-21 18:37:00,2026-03-21 19:35:00,458,0,3
480,3,14,16,2026-04-06 05:42:00,2026-04-06 07:45:00,169,2,1
481,3,23,5,2026-03-12 07:19:00,2026-03-12 08:19:00,364,7,1
482,1,39,17,2026-05-12 06:18:00,2026-05-12 10:04:00,288,15,1
483,9,17,2,2026-06-10 17:13:00,2026-06-10 18:10:00,305,11,1
484,9,12,20,2026-01-29 12:47:00,2026-01-29 15:32:00,184,2,2
485,1,8,18,2026-01-17 18:11:00,2026-01-17 21:07:00,402,13,2
486,9,2,7,2026-04-24 07:38:00,2026-04-24 11:10:00,492,34,3
487,4,33,3,2026-04-30 04:45:00,2026-04-30 06:09:00,81,2,3
488,8,26,8,2026-04-02 18:05:00,2026-04-02 21:28:00,463,14,3
489,6,7,4,2026-03-14 15:02:00,2026-03-14 17:01:00,356,5,3
490,4,32,10,2026-02-21 02:12:00,2026-02-21 03:48:00,142,6,3
491,1,39,4,2026-02-19 00:56:00,2026-02-19 04:50:00,79,2,1
492,3,3,3,2026-05-03 06:26:00,2026-05-03 09:22:00,479,31,1
493,1,28,11,2026-01-04 21:07:00,2026-01-04 22:29:00,432,7,1
494,2,11,16,2026-05-01 11:20:00,2026-05-01 13:35:00,74,3,1
495,10,30,6,2026-04-13 21:51:00,2026-04-13 23:24:00,407,12,3
496,9,45,10,2026-02-01 04:52:00,2026-02-01 07:23:00,190,1,2
497,3,14,1,2026-03-18 13:13:00,2026-03-18 15:47:00,499,22,3
498,9,17,3,2026-06-27 15:38:00,2026-06-27 16:42:00,275,11,3
499,3,40,15,2026-01-06 06:52:00,2026-01-06 10:35:00,371,27,1
500,9,12,16,2026-06-01 20:47:00,2026-06-01 22:04:00,132,3,1
501,7,37,17,2026-06-08 13:19:00,2026-06-08 17:13:00,56,3,2
502,6,7,11,2026-02-26 14:31:00,2026-02-26 15:56:00,331,0,2
503,1,31,8,2026-03-24 14:57:00,2026-03-24 18:54:00,353,23,2
504,10,24,20,2026-03-28 11:05:00,2026-03-28 12:30:00,391,1,1
505,7,9,10,2026-04-06 15:34:00,2026-04-06 18:26:00,119,8,3
506,6,1,19,2026-02-20 08:41:00,2026-02-20 09:36:00,104,7,3
507,9,50,3,2026-05-10 19:16:00,2026-05-10 22:27:00,325,16,1
508,4,44,16,2026-01-01 17:00:00,2026-01-01 18:44:00,497,15,3
509,10,30,2,2026-05-02 19:31:00,2026-05-02 21:13:00,108,6,1
510,9,45,16,2026-02-04 22:20:00,2026-02-05 02:16:00,268,11,2
511,3,34,11,2026-04-25 11:38:00,2026-04-25 12:41:00,468,15,2
512,4,33,15,2026-01-09 23:59:00,2026-01-10 01:04:00,479,31,2
513,10,20,4,2026-06-27 19:37:00,2026-06-27 22:46:00,150,1,1
514,10,24,12,2026-04-20 19:21:00,2026-04-20 20:48:00,425,1,3
515,2,11,10,2026-02-21 10:45:00,2026-02-21 13:35:00,288,7,2
516,8,21,3,2026-02-17 09:59:00,2026-02-17 13:42:00,148,10,1
517,4,29,8,2026-06-06 13:01:00,2026-06-06 15:08:00,337,13,3
518,4,35,16,2026-01-05 06:08:00,2026-01-05 08:11:00,307,24,2
519,9,50,19,2026-02-27 23:43:00,2026-02-28 00:41:00,50,1,1
520,10,30,5,2026-04-19 06:26:00,2026-04-19 09:02:00,84,4,3
521,10,20,15,2026-02-01 13:59:00,2026-02-01 15:21:00,205,7,1
522,8,21,11,2026-03-02 12:50:00,2026-03-02 14:03:00,231,13,1
523,3,4,19,2026-01-17 03:27:00,2026-01-17 04:03:00,169,8,1
524,3,4,1,2026-01-23 03:11:00,2026-01-23 06:51:00,80,6,2
525,3,23,8,2026-05-09 19:04:00,2026-05-09 22:30:00,388,7,2
526,2,18,10,2026-03-08 13:39:00,2026-03-08 14:14:00,129,1,1
527,7,37,5,2026-06-27 04:39:00,2026-06-27 06:13:00,360,28,1
528,2,16,20,2026-04-10 09:15:00,2026-04-10 11:01:00,284,9,2
529,2,18,7,2026-02-22 12:52:00,2026-02-22 14:14:00,296,17,3
530,1,28,12,2026-06-04 06:23:00,2026-06-04 07:06:00,345,20,3
531,4,44,6,2026-05-07 17:16:00,2026-05-07 17:51:00,345,1,2
532,6,6,8,2026-04-05 06:06:00,2026-04-05 10:03:00,331,0,1
533,2,36,20,2026-01-10 20:39:00,2026-01-10 22:09:00,345,16,3
534,7,9,20,2026-05-02 21:44:00,2026-05-03 00:40:00,353,10,3
535,4,25,9,2026-01-17 04:06:00,2026-01-17 06:34:00,414,7,1
536,8,26,11,2026-05-03 10:19:00,2026-05-03 11:19:00,261,6,1
537,3,49,2,2026-06-11 12:22:00,2026-06-11 15:02:00,459,18,3
538,2,5,12,2026-06-25 18:05:00,2026-06-25 19:46:00,262,19,2
539,3,49,17,2026-03-06 08:41:00,2026-03-06 11:31:00,393,31,3
540,2,18,17,2026-01-02 11:26:00,2026-01-02 15:18:00,149,2,1
541,2,11,3,2026-01-18 10:30:00,2026-01-18 14:28:00,97,5,1
542,3,46,17,2026-05-20 21:28:00,2026-05-21 00:11:00,170,6,1
543,2,5,17,2026-03-07 02:21:00,2026-03-07 03:26:00,457,3,1
544,5,38,6,2026-06-29 12:28:00,2026-06-29 15:12:00,155,9,2
545,8,48,3,2026-05-07 21:30:00,2026-05-08 01:18:00,128,4,2
546,9,50,9,2026-02-07 11:49:00,2026-02-07 13:28:00,128,7,1
547,2,16,4,2026-05-21 01:09:00,2026-05-21 04:36:00,221,10,1
548,1,39,17,2026-05-08 16:17:00,2026-05-08 18:46:00,399,21,2
549,1,8,8,2026-05-15 05:42:00,2026-05-15 07:21:00,372,24,2
550,4,27,11,2026-05-06 23:16:00,2026-05-07 01:12:00,101,3,2
551,8,26,10,2026-04-22 11:24:00,2026-04-22 12:14:00,286,9,3
552,8,48,1,2026-02-16 19:20:00,2026-02-16 20:38:00,340,4,2
553,4,32,11,2026-03-06 15:40:00,2026-03-06 16:46:00,295,1,1
554,6,6,17,2026-06-21 13:18:00,2026-06-21 15:55:00,265,9,2
555,5,41,20,2026-04-23 22:53:00,2026-04-24 01:21:00,132,10,2
556,3,46,7,2026-06-05 08:01:00,2026-06-05 11:07:00,163,9,2
557,2,5,20,2026-02-27 02:35:00,2026-02-27 03:39:00,309,17,2
558,9,12,18,2026-01-21 02:46:00,2026-01-21 06:30:00,347,5,2
559,3,14,9,2026-03-02 22:41:00,2026-03-03 00:57:00,131,7,1
560,5,43,2,2026-01-10 18:43:00,2026-01-10 22:07:00,120,6,1
561,7,19,9,2026-04-05 01:04:00,2026-04-05 02:08:00,479,9,3
562,3,49,6,2026-04-25 11:05:00,2026-04-25 12:32:00,276,21,2
563,10,30,3,2026-06-02 09:39:00,2026-06-02 13:25:00,197,7,1
564,8,48,3,2026-01-08 22:38:00,2026-01-09 00:38:00,335,9,3
565,4,33,1,2026-01-16 08:57:00,2026-01-16 10:05:00,500,23,3
566,4,44,4,2026-01-22 22:50:00,2026-01-23 00:48:00,314,0,3
567,5,43,3,2026-05-07 20:10:00,2026-05-07 21:43:00,213,8,2
568,3,3,15,2026-04-04 19:46:00,2026-04-04 21:18:00,394,5,2
569,1,39,18,2026-05-14 06:57:00,2026-05-14 08:39:00,174,7,2
570,1,31,19,2026-05-22 07:33:00,2026-05-22 10:37:00,474,18,1
571,9,12,4,2026-03-15 16:52:00,2026-03-15 20:44:00,402,11,1
572,9,2,8,2026-01-21 16:49:00,2026-01-21 20:32:00,281,18,3
573,3,3,6,2026-04-10 18:44:00,2026-04-10 19:40:00,476,7,3
574,4,29,14,2026-04-26 20:01:00,2026-04-26 20:35:00,211,4,3
575,3,14,17,2026-05-16 04:03:00,2026-05-16 07:19:00,235,1,2
576,4,35,18,2026-04-13 23:45:00,2026-04-14 01:56:00,186,7,3
577,6,7,15,2026-06-18 11:26:00,2026-06-18 13:02:00,78,2,2
578,3,3,14,2026-03-14 07:19:00,2026-03-14 07:56:00,380,6,1
579,9,50,11,2026-02-22 22:25:00,2026-02-23 01:16:00,424,6,1
580,9,50,16,2026-05-01 08:07:00,2026-05-01 10:42:00,495,22,3
581,1,47,7,2026-06-12 05:38:00,2026-06-12 07:46:00,214,10,2
582,2,5,16,2026-04-04 07:15:00,2026-04-04 10:47:00,417,30,3
583,8,48,9,2026-03-14 11:13:00,2026-03-14 13:28:00,103,2,3
584,3,23,2,2026-02-01 14:21:00,2026-02-01 18:21:00,487,1,2
585,1,31,4,2026-06-08 19:03:00,2026-06-08 20:52:00,233,2,1
586,10,20,19,2026-01-09 02:46:00,2026-01-09 04:14:00,386,8,1
587,1,31,19,2026-03-23 02:21:00,2026-03-23 05:21:00,223,15,1
588,4,32,9,2026-03-06 01:34:00,2026-03-06 05:00:00,412,10,1
589,3,34,5,2026-02-28 20:02:00,2026-02-28 21:53:00,321,10,1
590,1,39,15,2026-06-02 07:23:00,2026-06-02 09:09:00,196,15,1
591,2,11,11,2026-02-07 20:57:00,2026-02-07 23:39:00,191,2,2
592,10,24,2,2026-03-07 14:13:00,2026-03-07 17:13:00,393,15,3
593,1,47,2,2026-06-02 23:22:00,2026-06-03 02:29:00,264,6,3
594,3,4,11,2026-06-23 06:28:00,2026-06-23 09:40:00,173,9,2
595,6,1,10,2026-01-27 21:35:00,2026-01-28 00:28:00,417,12,2
596,1,39,19,2026-05-05 10:08:00,2026-05-05 12:13:00,464,34,1
597,6,1,9,2026-03-24 20:10:00,2026-03-25 00:05:00,50,3,1
598,2,16,9,2026-05-05 09:07:00,2026-05-05 11:37:00,220,12,2
599,1,42,5,2026-04-15 22:57:00,2026-04-16 02:05:00,494,37,1
600,3,23,6,2026-01-14 23:40:00,2026-01-15 00:10:00,225,9,1
601,2,18,20,2026-02-14 23:10:00,2026-02-15 01:05:00,155,10,1
602,3,40,11,2026-01-04 00:15:00,2026-01-04 02:07:00,473,13,1
603,10,30,15,2026-05-01 18:43:00,2026-05-01 19:44:00,236,17,3
604,10,24,6,2026-02-05 02:11:00,2026-02-05 05:40:00,146,5,2
605,1,47,8,2026-03-12 06:14:00,2026-03-12 08:37:00,251,6,1
606,1,8,18,2026-03-16 23:58:00,2026-03-17 01:49:00,311,22,3
607,7,37,11,2026-05-08 14:37:00,2026-05-08 15:19:00,64,0,1
608,5,43,7,2026-04-21 09:10:00,2026-04-21 11:57:00,122,8,2
609,4,27,20,2026-01-04 07:15:00,2026-01-04 08:56:00,208,1,3
610,8,21,2,2026-06-08 21:33:00,2026-06-08 23:56:00,168,13,1
611,9,2,1,2026-01-26 10:31:00,2026-01-26 12:14:00,489,22,2
612,2,18,1,2026-04-25 07:50:00,2026-04-25 10:38:00,174,11,2
613,2,5,17,2026-04-12 19:31:00,2026-04-12 20:58:00,310,16,3
614,8,15,19,2026-01-07 13:05:00,2026-01-07 15:27:00,367,27,2
615,4,33,16,2026-01-31 22:48:00,2026-02-01 01:27:00,136,7,3
616,8,21,12,2026-06-02 17:48:00,2026-06-02 19:39:00,155,3,1
617,2,36,5,2026-05-16 16:44:00,2026-05-16 18:33:00,156,9,3
618,3,23,7,2026-01-17 00:03:00,2026-01-17 02:37:00,425,22,2
619,2,36,9,2026-05-03 02:53:00,2026-05-03 06:14:00,107,5,3
620,9,45,20,2026-02-14 16:50:00,2026-02-14 18:58:00,440,20,2
621,3,4,14,2026-05-02 07:30:00,2026-05-02 11:23:00,286,1,2
622,7,9,14,2026-05-07 05:53:00,2026-05-07 09:51:00,74,2,3
623,3,46,2,2026-04-21 20:27:00,2026-04-21 21:45:00,109,2,3
624,9,45,12,2026-02-24 06:07:00,2026-02-24 08:24:00,131,7,2
625,4,33,5,2026-03-07 19:58:00,2026-03-07 23:11:00,467,6,3
626,4,32,4,2026-03-19 00:53:00,2026-03-19 03:39:00,230,8,2
627,9,12,15,2026-04-18 23:51:00,2026-04-19 03:46:00,365,5,2
628,7,19,14,2026-05-18 15:43:00,2026-05-18 16:35:00,213,3,2
629,2,5,19,2026-05-31 18:23:00,2026-05-31 19:51:00,489,35,3
630,5,43,5,2026-01-30 17:10:00,2026-01-30 18:36:00,295,0,1
631,2,5,18,2026-01-18 07:42:00,2026-01-18 08:27:00,321,10,2
632,4,33,3,2026-01-16 12:08:00,2026-01-16 12:59:00,384,8,2
633,8,26,2,2026-03-06 12:01:00,2026-03-06 13:46:00,442,26,2
634,4,32,14,2026-04-27 08:26:00,2026-04-27 12:10:00,343,8,1
635,2,5,17,2026-03-13 14:14:00,2026-03-13 15:36:00,208,1,2
636,8,21,6,2026-03-02 22:00:00,2026-03-02 23:18:00,331,22,3
637,4,33,15,2026-03-07 05:00:00,2026-03-07 07:05:00,426,7,1
638,4,25,5,2026-05-14 05:58:00,2026-05-14 08:47:00,416,19,1
639,4,29,13,2026-05-03 20:58:00,2026-05-03 23:15:00,240,12,2
640,3,14,14,2026-04-18 11:53:00,2026-04-18 13:12:00,102,4,2
641,2,36,18,2026-04-21 03:50:00,2026-04-21 05:47:00,254,6,1
642,2,36,9,2026-01-02 10:34:00,2026-01-02 11:50:00,224,17,1
643,2,36,8,2026-04-22 20:13:00,2026-04-22 21:27:00,220,0,1
644,6,7,3,2026-04-22 14:17:00,2026-04-22 17:46:00,490,35,1
645,4,35,7,2026-06-23 10:17:00,2026-06-23 12:03:00,84,2,1
646,8,21,14,2026-05-13 15:27:00,2026-05-13 16:25:00,275,15,3
647,7,19,3,2026-06-05 09:17:00,2026-06-05 12:12:00,327,9,1
648,1,8,1,2026-05-26 21:03:00,2026-05-26 22:40:00,423,27,1
649,3,40,15,2026-01-06 01:50:00,2026-01-06 05:15:00,224,9,1
650,10,30,13,2026-05-20 23:02:00,2026-05-21 02:28:00,370,4,3
651,1,8,4,2026-06-27 12:17:00,2026-06-27 12:52:00,97,1,3
652,8,15,4,2026-06-20 16:04:00,2026-06-20 16:59:00,397,13,2
653,8,26,7,2026-03-30 14:35:00,2026-03-30 16:36:00,99,4,1
654,8,21,5,2026-06-26 20:05:00,2026-06-26 23:55:00,285,4,1
655,7,37,14,2026-04-20 16:56:00,2026-04-20 18:00:00,274,17,1
656,9,12,7,2026-02-01 18:20:00,2026-02-01 21:07:00,99,7,2
657,4,29,13,2026-04-03 03:49:00,2026-04-03 07:45:00,464,20,1
658,9,50,8,2026-05-13 05:13:00,2026-05-13 07:01:00,340,16,3
659,5,43,5,2026-02-03 20:01:00,2026-02-03 22:23:00,140,3,3
660,7,37,11,2026-02-15 04:03:00,2026-02-15 07:26:00,153,11,1
661,6,1,7,2026-01-09 00:42:00,2026-01-09 02:40:00,83,3,1
662,2,18,8,2026-04-20 00:18:00,2026-04-20 02:51:00,285,20,3
663,1,47,7,2026-06-26 15:14:00,2026-06-26 16:27:00,254,12,1
664,10,20,13,2026-03-13 02:53:00,2026-03-13 05:28:00,147,7,3
665,8,15,9,2026-02-22 07:43:00,2026-02-22 11:15:00,225,6,1
666,3,49,15,2026-02-07 08:03:00,2026-02-07 08:47:00,235,15,3
667,4,29,18,2026-03-27 15:05:00,2026-03-27 16:59:00,52,0,2
668,9,12,5,2026-04-04 17:14:00,2026-04-04 19:00:00,245,8,2
669,3,4,8,2026-03-13 05:17:00,2026-03-13 07:13:00,264,7,2
670,4,35,18,2026-01-08 04:51:00,2026-01-08 05:33:00,290,1,1
671,9,12,3,2026-02-06 12:44:00,2026-02-06 15:28:00,248,6,3
672,2,36,19,2026-05-31 19:13:00,2026-05-31 21:08:00,374,3,3
673,4,44,8,2026-03-08 08:14:00,2026-03-08 09:10:00,255,8,3
674,6,7,1,2026-06-23 14:52:00,2026-06-23 18:50:00,182,3,3
675,10,24,1,2026-06-12 17:38:00,2026-06-12 19:34:00,409,5,2
676,1,31,7,2026-04-06 06:26:00,2026-04-06 07:27:00,217,8,2
677,2,18,19,2026-03-26 07:02:00,2026-03-26 09:14:00,496,33,1
678,8,10,13,2026-05-17 23:55:00,2026-05-18 01:07:00,325,8,2
679,3,4,11,2026-01-26 03:07:00,2026-01-26 05:00:00,484,11,1
680,4,27,15,2026-03-19 20:05:00,2026-03-19 21:48:00,440,23,2
681,6,6,20,2026-05-15 10:31:00,2026-05-15 13:23:00,69,2,1
682,6,7,5,2026-05-23 12:34:00,2026-05-23 13:42:00,172,3,2
683,4,32,8,2026-03-16 20:22:00,2026-03-16 22:41:00,498,14,1
684,2,22,19,2026-01-21 20:25:00,2026-01-21 22:21:00,355,13,1
685,7,9,5,2026-04-07 13:26:00,2026-04-07 14:22:00,265,5,1
686,1,28,17,2026-02-11 00:53:00,2026-02-11 01:35:00,243,7,2
687,2,18,17,2026-02-14 04:11:00,2026-02-14 05:30:00,165,3,3
688,7,9,9,2026-03-12 16:15:00,2026-03-12 18:41:00,357,26,3
689,1,42,8,2026-02-16 03:34:00,2026-02-16 05:36:00,300,6,1
690,1,39,16,2026-01-23 22:16:00,2026-01-24 00:36:00,99,6,1
691,1,42,16,2026-02-17 23:40:00,2026-02-18 00:16:00,471,33,1
692,8,21,4,2026-02-22 12:03:00,2026-02-22 13:31:00,66,2,1
693,7,9,10,2026-01-09 14:33:00,2026-01-09 16:43:00,73,0,1
694,4,44,9,2026-05-14 16:46:00,2026-05-14 18:44:00,152,1,2
695,4,27,12,2026-03-03 13:29:00,2026-03-03 16:58:00,473,7,2
696,2,16,17,2026-04-18 02:43:00,2026-04-18 04:38:00,417,16,3
697,2,22,12,2026-01-06 19:34:00,2026-01-06 22:16:00,425,28,1
698,3,40,14,2026-01-31 12:10:00,2026-01-31 12:45:00,123,1,3
699,8,48,3,2026-01-19 00:32:00,2026-01-19 04:27:00,79,0,1
700,9,2,8,2026-01-03 01:12:00,2026-01-03 02:17:00,479,13,1
701,8,21,2,2026-01-17 22:10:00,2026-01-18 01:02:00,403,19,3
702,4,44,18,2026-04-01 00:36:00,2026-04-01 04:07:00,192,4,2
703,8,48,17,2026-01-28 14:47:00,2026-01-28 15:18:00,90,4,1
704,6,1,20,2026-04-04 21:05:00,2026-04-04 22:58:00,191,6,1
705,2,18,5,2026-04-14 10:29:00,2026-04-14 12:26:00,374,0,2
706,8,48,2,2026-04-22 17:19:00,2026-04-22 20:40:00,136,9,3
707,5,13,15,2026-06-03 04:24:00,2026-06-03 05:22:00,360,1,2
708,6,1,6,2026-03-13 07:42:00,2026-03-13 09:49:00,146,9,3
709,4,44,9,2026-06-11 21:00:00,2026-06-11 23:57:00,116,7,3
710,5,43,8,2026-05-05 12:15:00,2026-05-05 13:06:00,197,8,3
711,1,31,14,2026-04-19 21:15:00,2026-04-19 23:08:00,294,3,3
712,3,23,12,2026-03-28 23:13:00,2026-03-29 01:06:00,367,0,1
713,8,15,8,2026-03-17 17:42:00,2026-03-17 20:31:00,489,1,3
714,3,23,14,2026-02-03 02:19:00,2026-02-03 06:13:00,315,7,3
715,1,39,3,2026-01-16 11:51:00,2026-01-16 13:41:00,256,17,1
716,2,18,20,2026-05-28 13:51:00,2026-05-28 16:52:00,269,15,3
717,10,24,4,2026-01-09 14:55:00,2026-01-09 16:38:00,56,0,3
718,5,43,16,2026-06-27 13:21:00,2026-06-27 14:36:00,269,17,2
719,2,16,2,2026-02-03 21:29:00,2026-02-04 00:10:00,363,24,1
720,9,50,16,2026-01-21 14:37:00,2026-01-21 17:59:00,366,9,3
721,4,44,18,2026-03-25 23:13:00,2026-03-26 01:41:00,373,28,3
722,2,5,17,2026-05-07 01:19:00,2026-05-07 02:42:00,200,10,2
723,5,38,12,2026-02-26 20:28:00,2026-02-26 23:28:00,233,7,1
724,1,31,11,2026-01-20 18:09:00,2026-01-20 18:54:00,108,2,1
725,1,42,9,2026-03-17 07:19:00,2026-03-17 11:15:00,292,18,3
726,6,6,7,2026-01-09 16:15:00,2026-01-09 19:07:00,101,7,3
727,3,23,14,2026-01-05 01:57:00,2026-01-05 04:37:00,289,3,2
728,10,20,16,2026-06-03 17:09:00,2026-06-03 19:18:00,51,2,1
729,10,30,1,2026-06-09 01:32:00,2026-06-09 04:34:00,91,6,1
730,7,37,16,2026-03-20 12:32:00,2026-03-20 15:48:00,402,14,1
731,2,36,16,2026-04-05 14:28:00,2026-04-05 17:28:00,285,22,3
732,4,27,16,2026-02-26 10:00:00,2026-02-26 11:12:00,290,4,1
733,10,24,7,2026-02-21 15:12:00,2026-02-21 16:24:00,321,22,1
734,3,34,13,2026-03-11 11:34:00,2026-03-11 14:22:00,384,26,3
735,4,33,6,2026-01-17 18:02:00,2026-01-17 19:01:00,202,1,1
736,5,13,18,2026-02-01 17:39:00,2026-02-01 19:03:00,175,1,1
737,8,21,5,2026-06-12 12:01:00,2026-06-12 13:51:00,207,16,2
738,6,6,7,2026-06-02 12:28:00,2026-06-02 14:15:00,412,14,1
739,5,38,2,2026-03-29 20:47:00,2026-03-29 22:15:00,187,14,2
740,1,31,16,2026-05-29 01:04:00,2026-05-29 02:58:00,329,7,2
741,4,27,5,2026-02-07 01:47:00,2026-02-07 05:39:00,136,1,2
742,4,25,7,2026-06-07 18:04:00,2026-06-07 21:57:00,178,3,1
743,4,25,11,2026-06-01 09:22:00,2026-06-01 12:31:00,302,18,2
744,8,48,16,2026-06-25 06:07:00,2026-06-25 07:35:00,183,7,2
745,1,28,14,2026-05-03 18:03:00,2026-05-03 21:43:00,264,17,1
746,2,11,16,2026-06-18 21:41:00,2026-06-18 22:20:00,160,4,1
747,2,18,20,2026-03-29 07:59:00,2026-03-29 10:56:00,60,2,2
748,7,37,9,2026-06-06 11:17:00,2026-06-06 12:42:00,330,5,2
749,9,12,3,2026-03-30 13:26:00,2026-03-30 15:31:00,124,6,1
750,8,10,8,2026-03-25 19:41:00,2026-03-25 23:10:00,94,0,3
751,9,12,19,2026-01-09 20:05:00,2026-01-09 22:14:00,277,8,3
752,1,47,16,2026-02-04 13:43:00,2026-02-04 15:21:00,491,10,1
753,10,20,19,2026-02-04 21:18:00,2026-02-05 00:36:00,176,2,2
754,3,23,9,2026-04-07 22:22:00,2026-04-07 23:53:00,387,16,3
755,10,30,1,2026-04-06 20:53:00,2026-04-06 22:51:00,164,9,2
756,3,34,2,2026-02-02 18:13:00,2026-02-02 21:31:00,262,15,1
757,9,17,20,2026-01-12 23:05:00,2026-01-13 00:29:00,163,3,3
758,4,33,9,2026-01-20 06:09:00,2026-01-20 09:54:00,483,22,3
759,6,6,17,2026-03-06 17:05:00,2026-03-06 19:35:00,74,3,3
760,7,9,4,2026-05-09 01:50:00,2026-05-09 04:07:00,493,37,3
761,2,18,13,2026-02-16 03:11:00,2026-02-16 04:30:00,123,2,2
762,8,21,12,2026-01-26 14:14:00,2026-01-26 16:43:00,233,12,1
763,7,9,9,2026-06-19 17:27:00,2026-06-19 20:28:00,291,5,3
764,6,7,16,2026-01-18 18:59:00,2026-01-18 22:52:00,124,2,1
765,10,20,6,2026-02-14 06:39:00,2026-02-14 08:44:00,270,20,1
766,3,49,5,2026-02-23 21:29:00,2026-02-23 23:11:00,411,24,1
767,3,34,13,2026-06-28 14:10:00,2026-06-28 15:45:00,460,6,3
768,3,3,17,2026-05-18 07:06:00,2026-05-18 10:35:00,455,18,2
769,7,19,13,2026-04-10 20:51:00,2026-04-10 21:25:00,228,11,1
770,7,37,3,2026-03-16 07:19:00,2026-03-16 10:42:00,139,6,2
771,5,41,20,2026-06-26 12:03:00,2026-06-26 13:19:00,455,12,2
772,1,47,13,2026-01-23 05:09:00,2026-01-23 08:35:00,485,19,3
773,8,48,16,2026-06-06 09:39:00,2026-06-06 11:41:00,433,6,3
774,8,48,20,2026-05-02 13:51:00,2026-05-02 17:11:00,129,5,1
775,1,31,13,2026-03-18 06:53:00,2026-03-18 10:24:00,226,15,2
776,4,29,20,2026-06-14 01:54:00,2026-06-14 04:17:00,276,18,2
777,2,16,10,2026-05-26 19:25:00,2026-05-26 20:46:00,406,9,1
778,8,21,12,2026-03-19 15:41:00,2026-03-19 17:57:00,212,8,1
779,9,12,1,2026-05-25 23:37:00,2026-05-26 00:47:00,162,6,2
780,1,8,15,2026-01-19 04:37:00,2026-01-19 05:43:00,333,21,3
781,2,36,9,2026-04-30 02:44:00,2026-04-30 05:02:00,374,9,3
782,1,42,6,2026-02-18 10:35:00,2026-02-18 12:58:00,390,18,1
783,5,38,6,2026-06-20 03:50:00,2026-06-20 04:53:00,267,9,2
784,10,24,14,2026-01-16 14:56:00,2026-01-16 16:36:00,204,0,2
785,10,20,7,2026-02-20 06:02:00,2026-02-20 07:48:00,297,11,2
786,5,38,1,2026-03-14 02:14:00,2026-03-14 04:08:00,489,39,2
787,10,20,2,2026-05-06 10:37:00,2026-05-06 11:45:00,484,0,3
788,4,27,5,2026-04-02 09:34:00,2026-04-02 13:01:00,283,8,2
789,7,19,5,2026-05-04 18:18:00,2026-05-04 19:43:00,328,8,1
790,2,16,3,2026-05-21 00:49:00,2026-05-21 04:37:00,430,33,3
791,4,44,2,2026-06-12 16:01:00,2026-06-12 17:07:00,88,0,3
792,2,16,1,2026-05-30 23:18:00,2026-05-31 01:31:00,114,6,3
793,7,9,13,2026-04-16 02:47:00,2026-04-16 05:47:00,357,10,3
794,9,50,3,2026-05-19 18:15:00,2026-05-19 19:24:00,236,2,1
795,5,41,16,2026-04-25 23:27:00,2026-04-26 02:43:00,472,25,1
796,2,5,15,2026-01-25 10:37:00,2026-01-25 12:44:00,212,1,3
797,6,6,12,2026-05-26 14:07:00,2026-05-26 15:56:00,422,1,2
798,2,16,9,2026-01-15 09:22:00,2026-01-15 13:11:00,84,2,1
799,8,48,18,2026-03-22 22:05:00,2026-03-22 23:18:00,405,31,1
800,3,14,13,2026-05-12 00:42:00,2026-05-12 02:38:00,331,5,3
801,8,21,4,2026-04-25 03:25:00,2026-04-25 07:04:00,207,5,2
802,6,7,12,2026-06-24 19:33:00,2026-06-24 21:36:00,241,7,1
803,5,13,16,2026-01-12 02:33:00,2026-01-12 05:14:00,203,12,1
804,3,46,9,2026-06-15 04:59:00,2026-06-15 06:25:00,338,17,3
805,4,25,20,2026-05-31 10:05:00,2026-05-31 11:38:00,447,18,3
806,9,45,13,2026-05-03 15:58:00,2026-05-03 17:12:00,395,18,3
807,5,41,10,2026-01-19 06:20:00,2026-01-19 10:09:00,334,2,1
808,3,40,11,2026-01-03 15:18:00,2026-01-03 16:48:00,154,11,3
809,4,29,18,2026-03-14 05:11:00,2026-03-14 09:02:00,272,3,1
810,8,10,4,2026-06-12 17:10:00,2026-06-12 17:49:00,157,4,1
811,3,3,6,2026-02-03 02:35:00,2026-02-03 03:18:00,144,10,3
812,5,38,9,2026-04-22 22:48:00,2026-04-22 23:49:00,379,12,2
813,9,12,20,2026-02-18 01:48:00,2026-02-18 03:38:00,70,1,3
814,1,42,14,2026-03-08 13:17:00,2026-03-08 17:03:00,407,28,3
815,4,32,17,2026-05-30 17:30:00,2026-05-30 20:40:00,477,32,2
816,3,34,3,2026-04-09 00:11:00,2026-04-09 03:46:00,314,7,1
817,2,36,14,2026-05-13 11:33:00,2026-05-13 14:17:00,445,30,3
818,3,4,13,2026-02-26 11:48:00,2026-02-26 14:10:00,361,10,1
819,5,38,4,2026-01-09 07:55:00,2026-01-09 10:26:00,264,6,1
820,4,29,1,2026-05-31 19:18:00,2026-05-31 21:22:00,369,1,1
821,5,41,19,2026-05-05 11:25:00,2026-05-05 13:42:00,327,24,2
822,8,21,3,2026-03-16 19:05:00,2026-03-16 20:31:00,344,17,1
823,2,5,12,2026-02-26 03:19:00,2026-02-26 04:38:00,469,18,3
824,9,17,5,2026-06-02 14:03:00,2026-06-02 16:45:00,297,11,3
825,2,5,2,2026-02-11 21:13:00,2026-02-11 23:25:00,71,4,3
826,3,4,18,2026-05-13 17:21:00,2026-05-13 17:52:00,202,12,2
827,2,16,4,2026-01-22 11:34:00,2026-01-22 15:15:00,238,5,3
828,6,1,5,2026-06-29 05:03:00,2026-06-29 08:05:00,469,16,1
829,3,3,9,2026-06-12 04:22:00,2026-06-12 06:33:00,138,4,3
830,5,41,7,2026-02-05 21:42:00,2026-02-06 01:17:00,345,14,1
831,3,46,19,2026-05-10 20:53:00,2026-05-10 23:26:00,248,3,1
832,2,5,2,2026-02-21 17:55:00,2026-02-21 21:02:00,179,4,2
833,7,9,3,2026-04-20 19:58:00,2026-04-20 23:38:00,142,1,2
834,9,12,10,2026-01-08 06:21:00,2026-01-08 09:40:00,452,1,2
835,4,44,2,2026-03-22 22:57:00,2026-03-23 02:43:00,178,7,1
836,3,3,18,2026-03-10 15:27:00,2026-03-10 16:30:00,353,9,1
837,1,47,1,2026-03-29 09:49:00,2026-03-29 11:13:00,128,9,3
838,9,50,12,2026-03-18 23:38:00,2026-03-19 01:47:00,185,1,2
839,3,34,2,2026-01-12 18:52:00,2026-01-12 22:00:00,406,23,1
840,3,40,5,2026-04-09 22:14:00,2026-04-09 23:02:00,228,13,3
841,1,8,13,2026-02-01 11:04:00,2026-02-01 12:57:00,221,9,2
842,2,5,3,2026-04-05 20:16:00,2026-04-05 23:24:00,194,10,2
843,8,21,14,2026-03-02 19:23:00,2026-03-02 21:50:00,474,24,3
844,9,17,10,2026-01-27 06:24:00,2026-01-27 07:10:00,172,3,3
845,4,32,16,2026-06-14 00:49:00,2026-06-14 01:28:00,107,8,2
846,7,9,20,2026-02-16 11:33:00,2026-02-16 15:06:00,169,8,2
847,8,48,19,2026-02-20 12:47:00,2026-02-20 14:33:00,334,11,3
848,1,8,12,2026-04-24 11:57:00,2026-04-24 13:32:00,375,23,1
849,1,47,20,2026-02-03 12:20:00,2026-02-03 14:19:00,458,23,2
850,6,1,5,2026-03-06 09:06:00,2026-03-06 11:52:00,141,10,3
851,2,36,13,2026-05-15 13:15:00,2026-05-15 17:12:00,362,18,3
852,1,47,6,2026-03-05 21:40:00,2026-03-06 01:01:00,107,4,3
853,1,39,8,2026-01-13 23:10:00,2026-01-14 02:52:00,476,37,3
854,2,16,3,2026-04-30 05:49:00,2026-04-30 08:55:00,340,13,1
855,7,9,4,2026-01-29 07:13:00,2026-01-29 10:36:00,157,8,3
856,4,35,18,2026-05-01 07:10:00,2026-05-01 10:48:00,110,6,1
857,3,49,10,2026-02-10 06:48:00,2026-02-10 09:51:00,314,10,3
858,10,20,8,2026-02-04 05:01:00,2026-02-04 08:21:00,101,7,2
859,5,43,3,2026-06-14 20:02:00,2026-06-14 23:20:00,113,1,2
860,9,50,1,2026-03-05 22:25:00,2026-03-05 23:48:00,295,21,2
861,4,35,2,2026-01-30 06:31:00,2026-01-30 07:38:00,223,9,3
862,3,4,5,2026-05-09 23:45:00,2026-05-10 01:56:00,265,15,1
863,2,18,12,2026-04-11 21:24:00,2026-04-12 01:08:00,299,19,1
864,2,11,7,2026-06-21 03:03:00,2026-06-21 04:58:00,460,16,1
865,5,38,13,2026-02-07 13:05:00,2026-02-07 16:27:00,59,3,3
866,9,12,1,2026-01-16 08:29:00,2026-01-16 10:04:00,437,5,2
867,1,28,10,2026-06-05 19:12:00,2026-06-05 22:03:00,405,5,2
868,7,37,8,2026-03-23 12:00:00,2026-03-23 14:21:00,98,0,2
869,3,23,11,2026-06-06 03:48:00,2026-06-06 05:35:00,154,1,1
870,4,33,15,2026-05-31 19:04:00,2026-05-31 19:52:00,135,1,1
871,2,22,7,2026-02-20 12:55:00,2026-02-20 15:45:00,201,15,2
872,3,14,17,2026-03-24 03:15:00,2026-03-24 03:52:00,59,3,3
873,6,6,3,2026-03-24 04:59:00,2026-03-24 07:20:00,236,5,1
874,5,41,9,2026-03-20 15:20:00,2026-03-20 18:09:00,184,5,2
875,8,48,17,2026-05-25 21:02:00,2026-05-25 22:55:00,262,18,2
876,4,44,7,2026-02-21 02:36:00,2026-02-21 05:54:00,276,14,1
877,6,1,9,2026-05-14 09:57:00,2026-05-14 12:03:00,152,11,3
878,10,24,19,2026-05-17 10:01:00,2026-05-17 13:13:00,80,5,2
879,8,21,2,2026-02-19 10:53:00,2026-02-19 13:47:00,500,8,2
880,1,39,4,2026-01-31 19:43:00,2026-01-31 22:37:00,225,1,3
881,8,15,12,2026-02-26 10:45:00,2026-02-26 14:21:00,115,3,1
882,8,48,10,2026-03-03 07:58:00,2026-03-03 10:54:00,446,19,2
883,3,4,5,2026-06-05 19:27:00,2026-06-05 20:19:00,132,0,2
884,3,4,2,2026-05-27 10:30:00,2026-05-27 12:13:00,129,1,3
885,3,23,15,2026-04-15 03:31:00,2026-04-15 06:49:00,114,6,1
886,1,47,11,2026-04-03 16:08:00,2026-04-03 18:09:00,173,13,2
887,1,47,13,2026-01-30 16:38:00,2026-01-30 18:59:00,61,1,2
888,8,10,14,2026-04-17 03:55:00,2026-04-17 06:38:00,245,9,3
889,5,38,15,2026-03-18 06:20:00,2026-03-18 07:28:00,296,20,1
890,8,26,12,2026-02-03 08:58:00,2026-02-03 12:19:00,236,8,3
891,1,39,12,2026-03-09 10:15:00,2026-03-09 13:33:00,280,13,1
892,7,19,9,2026-06-01 12:26:00,2026-06-01 13:20:00,236,7,3
893,2,36,17,2026-06-20 14:05:00,2026-06-20 16:54:00,202,7,3
894,8,48,5,2026-04-29 01:38:00,2026-04-29 04:07:00,474,24,3
895,4,32,17,2026-01-09 10:31:00,2026-01-09 13:16:00,485,21,3
896,10,30,4,2026-03-19 21:39:00,2026-03-20 01:17:00,147,11,1
897,6,6,12,2026-02-05 13:30:00,2026-02-05 15:08:00,270,11,2
898,10,20,4,2026-02-22 01:22:00,2026-02-22 04:23:00,57,1,3
899,9,12,5,2026-03-07 08:25:00,2026-03-07 11:37:00,433,2,1
900,3,23,4,2026-03-31 09:15:00,2026-03-31 10:38:00,401,28,3
901,4,33,16,2026-05-16 23:45:00,2026-05-17 00:18:00,371,24,2
902,9,45,20,2026-06-26 13:13:00,2026-06-26 15:15:00,458,2,3
903,6,7,18,2026-06-04 03:32:00,2026-06-04 06:38:00,332,13,1
904,9,2,6,2026-01-17 08:40:00,2026-01-17 09:40:00,70,4,2
905,1,42,18,2026-01-17 16:24:00,2026-01-17 18:24:00,238,0,3
906,1,8,19,2026-03-31 10:53:00,2026-03-31 12:45:00,397,1,2
907,1,47,14,2026-02-11 19:11:00,2026-02-11 22:37:00,59,1,2
908,3,34,18,2026-04-19 22:07:00,2026-04-20 01:26:00,149,3,2
909,1,8,12,2026-04-11 04:01:00,2026-04-11 07:49:00,319,17,2
910,3,49,12,2026-04-24 02:44:00,2026-04-24 05:01:00,326,9,3
911,2,36,12,2026-05-06 19:48:00,2026-05-06 22:17:00,266,6,2
912,9,50,13,2026-03-29 02:40:00,2026-03-29 04:03:00,69,0,3
913,9,45,4,2026-04-09 16:55:00,2026-04-09 18:13:00,310,18,1
914,5,43,19,2026-01-09 09:13:00,2026-01-09 12:21:00,302,22,3
915,4,44,14,2026-03-11 22:58:00,2026-03-11 23:31:00,245,17,2
916,3,14,8,2026-03-03 15:03:00,2026-03-03 16:27:00,480,10,3
917,2,36,1,2026-06-07 20:49:00,2026-06-07 23:37:00,182,12,1
918,5,41,16,2026-01-01 02:42:00,2026-01-01 03:48:00,406,12,3
919,1,28,7,2026-06-08 16:07:00,2026-06-08 19:04:00,161,4,3
920,3,49,11,2026-05-07 14:39:00,2026-05-07 15:35:00,103,2,2
921,1,31,10,2026-04-13 23:21:00,2026-04-14 03:17:00,245,4,1
922,8,21,15,2026-04-04 20:21:00,2026-04-04 23:43:00,81,4,3
923,1,31,4,2026-06-14 14:37:00,2026-06-14 17:33:00,114,2,1
924,5,43,19,2026-04-14 17:27:00,2026-04-14 19:00:00,222,12,1
925,2,16,8,2026-02-01 06:35:00,2026-02-01 08:14:00,279,15,1
926,6,7,14,2026-01-25 13:21:00,2026-01-25 16:39:00,350,12,1
927,1,31,5,2026-05-13 03:24:00,2026-05-13 04:06:00,102,6,1
928,3,14,15,2026-06-03 06:41:00,2026-06-03 07:37:00,110,2,3
929,6,7,4,2026-05-04 18:56:00,2026-05-04 19:27:00,489,23,1
930,2,18,2,2026-06-06 07:25:00,2026-06-06 08:16:00,284,5,2
931,9,45,1,2026-02-18 19:43:00,2026-02-18 22:52:00,157,7,3
932,2,11,4,2026-02-28 22:46:00,2026-03-01 00:28:00,225,7,1
933,10,30,14,2026-04-20 10:23:00,2026-04-20 13:08:00,118,3,3
934,7,9,2,2026-02-25 00:43:00,2026-02-25 03:08:00,112,1,2
935,2,22,5,2026-04-30 07:49:00,2026-04-30 10:49:00,260,19,3
936,10,30,3,2026-05-02 20:04:00,2026-05-02 23:11:00,266,3,2
937,5,41,15,2026-03-31 12:38:00,2026-03-31 15:10:00,301,24,2
938,1,39,15,2026-03-01 16:14:00,2026-03-01 19:12:00,362,9,2
939,9,50,8,2026-01-31 16:09:00,2026-01-31 19:14:00,300,17,2
940,3,4,16,2026-01-17 20:46:00,2026-01-18 00:42:00,91,0,2
941,7,9,12,2026-04-16 04:38:00,2026-04-16 06:12:00,103,1,3
942,7,9,15,2026-03-16 20:54:00,2026-03-16 22:35:00,458,20,3
943,4,27,13,2026-05-28 23:47:00,2026-05-29 03:27:00,229,11,3
944,4,27,12,2026-04-13 17:13:00,2026-04-13 21:00:00,332,21,2
945,2,36,3,2026-01-09 16:53:00,2026-01-09 19:51:00,280,11,3
946,7,9,13,2026-06-11 16:13:00,2026-06-11 17:07:00,283,3,2
947,1,31,20,2026-04-01 04:03:00,2026-04-01 05:57:00,448,10,2
948,8,26,13,2026-05-01 09:24:00,2026-05-01 11:00:00,427,16,2
949,5,41,17,2026-04-05 22:34:00,2026-04-05 23:58:00,402,15,1
950,1,47,6,2026-04-24 02:56:00,2026-04-24 04:23:00,219,15,3
951,4,35,1,2026-05-19 01:01:00,2026-05-19 02:28:00,210,2,1
952,4,27,5,2026-01-19 05:38:00,2026-01-19 09:13:00,415,14,1
953,8,48,10,2026-05-18 07:34:00,2026-05-18 08:47:00,398,17,2
954,3,49,2,2026-01-23 17:29:00,2026-01-23 20:22:00,242,1,3
955,1,8,18,2026-05-05 16:53:00,2026-05-05 20:34:00,241,13,3
956,7,37,5,2026-02-08 11:44:00,2026-02-08 13:52:00,316,15,1
957,3,40,3,2026-03-23 03:34:00,2026-03-23 05:55:00,415,6,3
958,1,39,12,2026-06-07 04:22:00,2026-06-07 07:29:00,411,29,3
959,4,35,1,2026-03-20 19:52:00,2026-03-20 22:46:00,442,2,3
960,4,29,9,2026-03-03 06:17:00,2026-03-03 07:41:00,110,3,1
961,8,26,16,2026-06-16 18:21:00,2026-06-16 21:16:00,375,9,1
962,3,34,11,2026-02-28 06:01:00,2026-02-28 07:20:00,184,1,1
963,5,13,14,2026-06-01 11:25:00,2026-06-01 13:09:00,283,7,2
964,7,19,11,2026-03-29 00:37:00,2026-03-29 01:27:00,173,13,1
965,4,32,19,2026-04-15 15:20:00,2026-04-15 16:28:00,309,11,2
966,9,2,1,2026-06-25 09:08:00,2026-06-25 10:42:00,250,19,3
967,8,26,15,2026-02-04 14:43:00,2026-02-04 17:24:00,262,9,3
968,2,16,10,2026-01-22 18:25:00,2026-01-22 19:41:00,84,2,3
969,8,15,18,2026-06-18 16:54:00,2026-06-18 19:49:00,325,0,1
970,2,16,16,2026-01-13 07:55:00,2026-01-13 09:04:00,464,10,3
971,9,2,14,2026-04-11 21:12:00,2026-04-11 21:47:00,156,8,1
972,4,33,8,2026-03-02 19:46:00,2026-03-02 22:18:00,345,4,1
973,10,30,14,2026-04-28 14:41:00,2026-04-28 18:15:00,294,6,3
974,7,19,6,2026-04-20 11:41:00,2026-04-20 12:47:00,435,7,1
975,6,6,4,2026-04-19 18:21:00,2026-04-19 19:19:00,151,7,1
976,2,18,2,2026-01-13 21:43:00,2026-01-13 22:27:00,235,4,2
977,3,23,2,2026-06-10 11:10:00,2026-06-10 11:47:00,344,23,3
978,3,23,6,2026-02-12 02:26:00,2026-02-12 05:42:00,110,5,2
979,3,34,17,2026-01-19 11:22:00,2026-01-19 14:55:00,177,2,2
980,3,34,4,2026-04-08 23:35:00,2026-04-09 03:24:00,291,5,3
981,1,39,19,2026-04-11 01:56:00,2026-04-11 03:26:00,146,3,1
982,5,13,13,2026-06-21 13:40:00,2026-06-21 15:25:00,388,29,3
983,1,8,9,2026-06-29 06:39:00,2026-06-29 08:46:00,459,24,1
984,5,38,18,2026-01-02 16:53:00,2026-01-02 19:01:00,298,10,3
985,4,35,2,2026-02-14 11:09:00,2026-02-14 12:23:00,118,5,2
986,8,48,20,2026-06-05 18:41:00,2026-06-05 20:39:00,405,11,1
987,7,19,8,2026-01-15 15:40:00,2026-01-15 18:09:00,170,1,1
988,9,2,7,2026-02-19 00:03:00,2026-02-19 04:03:00,252,15,3
989,8,15,6,2026-05-13 11:34:00,2026-05-13 15:10:00,448,27,1
990,6,7,5,2026-01-10 02:44:00,2026-01-10 05:19:00,200,5,2
991,7,9,3,2026-01-17 03:37:00,2026-01-17 04:16:00,94,5,1
992,4,25,19,2026-05-24 07:42:00,2026-05-24 10:07:00,56,0,3
993,2,22,8,2026-05-21 11:52:00,2026-05-21 13:50:00,263,10,1
994,9,45,3,2026-03-10 14:24:00,2026-03-10 15:30:00,82,2,3
995,4,33,4,2026-03-05 16:37:00,2026-03-05 19:55:00,430,27,3
996,4,27,15,2026-02-21 14:37:00,2026-02-21 15:31:00,175,5,3
997,2,5,4,2026-03-28 22:52:00,2026-03-29 02:20:00,468,26,3
998,4,33,15,2026-05-10 01:12:00,2026-05-10 04:00:00,98,0,3
999,4,33,6,2026-01-24 01:53:00,2026-01-24 03:40:00,304,5,1
1000,4,44,14,2026-05-28 20:21:00,2026-05-28 23:14:00,329,25,1
1001,6,6,12,2026-03-30 21:00:00,2026-03-30 21:38:00,206,6,2
1002,4,35,17,2026-04-07 09:20:00,2026-04-07 11:31:00,376,17,3
1003,9,12,7,2026-04-04 09:08:00,2026-04-04 11:51:00,205,0,2
1004,2,16,2,2026-04-13 13:56:00,2026-04-13 17:08:00,456,16,1
1005,3,34,20,2026-05-03 09:00:00,2026-05-03 13:00:00,467,7,1
1006,8,26,8,2026-06-05 02:57:00,2026-06-05 05:11:00,286,1,2
1007,8,21,4,2026-02-25 13:46:00,2026-02-25 16:45:00,467,0,3
1008,9,12,13,2026-01-04 09:25:00,2026-01-04 12:15:00,407,10,3
1009,1,28,8,2026-03-18 01:10:00,2026-03-18 04:01:00,327,10,2
1010,3,3,20,2026-05-09 22:05:00,2026-05-10 00:20:00,125,4,2
1011,9,45,18,2026-02-16 02:36:00,2026-02-16 06:35:00,88,3,3
1012,3,40,6,2026-01-05 20:45:00,2026-01-05 22:19:00,245,12,1
1013,9,50,1,2026-02-27 20:04:00,2026-02-27 23:12:00,96,6,3
1014,9,45,14,2026-01-02 14:28:00,2026-01-02 15:52:00,157,3,2
1015,7,19,12,2026-02-25 19:28:00,2026-02-25 22:02:00,234,14,1
1016,10,20,19,2026-06-09 20:08:00,2026-06-09 22:04:00,450,9,1
1017,5,41,9,2026-06-16 19:54:00,2026-06-16 22:10:00,235,15,2
1018,6,6,6,2026-02-14 11:55:00,2026-02-14 15:46:00,289,21,1
1019,5,41,7,2026-05-02 06:30:00,2026-05-02 10:09:00,239,3,2
1020,5,38,5,2026-02-24 03:17:00,2026-02-24 04:21:00,424,31,3
1021,3,46,9,2026-02-26 18:04:00,2026-02-26 19:08:00,50,3,2
1022,9,17,19,2026-04-30 15:58:00,2026-04-30 19:03:00,296,2,3
1023,9,50,8,2026-06-27 19:03:00,2026-06-27 21:33:00,401,19,3
1024,6,7,7,2026-03-27 04:41:00,2026-03-27 06:09:00,90,4,1
1025,9,12,11,2026-01-29 20:25:00,2026-01-29 21:23:00,214,14,1
1026,10,24,4,2026-06-03 06:39:00,2026-06-03 09:29:00,461,1,3
1027,7,37,3,2026-02-04 22:25:00,2026-02-05 02:21:00,353,24,1
1028,8,48,2,2026-02-19 09:36:00,2026-02-19 12:38:00,378,16,2
1029,1,42,17,2026-05-30 14:17:00,2026-05-30 16:15:00,400,12,3
1030,4,35,6,2026-01-23 00:13:00,2026-01-23 02:41:00,419,2,3
1031,4,29,1,2026-01-19 09:23:00,2026-01-19 12:59:00,293,7,1
1032,8,15,20,2026-05-25 08:45:00,2026-05-25 11:46:00,223,16,1
1033,4,32,11,2026-02-02 22:45:00,2026-02-03 00:45:00,408,11,3
1034,9,17,6,2026-04-09 15:43:00,2026-04-09 18:35:00,291,4,2
1035,6,1,19,2026-03-08 11:33:00,2026-03-08 12:22:00,216,9,3
1036,3,49,19,2026-06-17 16:49:00,2026-06-17 17:44:00,196,14,3
1037,9,17,1,2026-02-09 07:40:00,2026-02-09 08:44:00,456,11,3
1038,1,47,5,2026-01-25 05:13:00,2026-01-25 07:54:00,218,15,2
1039,4,29,16,2026-04-07 10:20:00,2026-04-07 12:24:00,284,6,1
1040,4,27,20,2026-01-06 22:59:00,2026-01-07 01:00:00,258,20,3
1041,9,17,18,2026-04-27 14:52:00,2026-04-27 16:13:00,136,5,3
1042,2,16,15,2026-02-15 21:29:00,2026-02-16 00:49:00,269,12,3
1043,6,7,11,2026-01-21 12:01:00,2026-01-21 15:36:00,379,3,3
1044,8,15,19,2026-04-11 06:35:00,2026-04-11 09:11:00,285,9,3
1045,1,8,5,2026-05-25 15:25:00,2026-05-25 16:21:00,108,5,1
1046,1,39,15,2026-02-02 06:26:00,2026-02-02 08:10:00,432,9,3
1047,3,46,8,2026-02-15 23:48:00,2026-02-16 00:59:00,348,4,3
1048,5,13,14,2026-04-14 22:37:00,2026-04-15 01:47:00,371,4,1
1049,4,27,5,2026-04-23 15:25:00,2026-04-23 17:55:00,244,11,2
1050,8,26,14,2026-06-26 20:50:00,2026-06-26 22:05:00,69,0,2
1051,3,4,14,2026-03-25 12:34:00,2026-03-25 13:59:00,100,6,3
1052,6,6,18,2026-02-06 04:49:00,2026-02-06 06:03:00,73,3,3
1053,3,34,20,2026-04-14 08:54:00,2026-04-14 09:48:00,114,3,2
1054,5,43,1,2026-03-09 01:36:00,2026-03-09 02:56:00,154,10,3
1055,10,24,3,2026-05-30 18:41:00,2026-05-30 20:10:00,198,4,3
1056,5,41,14,2026-03-10 21:20:00,2026-03-10 22:31:00,317,12,2
1057,5,41,17,2026-05-09 18:57:00,2026-05-09 21:54:00,183,7,3
1058,1,8,19,2026-05-08 20:27:00,2026-05-08 22:12:00,482,34,1
1059,7,9,15,2026-04-09 10:07:00,2026-04-09 10:39:00,156,4,3
1060,5,38,11,2026-03-01 16:46:00,2026-03-01 17:23:00,239,18,2
1061,4,35,2,2026-04-24 14:19:00,2026-04-24 16:27:00,151,4,2
1062,7,9,8,2026-03-19 17:57:00,2026-03-19 21:41:00,75,5,3
1063,8,10,3,2026-02-28 01:49:00,2026-02-28 04:11:00,150,8,2
1064,9,50,7,2026-05-02 14:53:00,2026-05-02 15:30:00,420,28,1
1065,4,29,12,2026-06-10 08:20:00,2026-06-10 09:25:00,100,0,1
1066,3,4,1,2026-01-13 05:12:00,2026-01-13 08:48:00,203,1,2
1067,4,27,16,2026-01-17 11:31:00,2026-01-17 12:41:00,168,12,2
1068,4,25,14,2026-05-18 04:59:00,2026-05-18 08:20:00,414,25,1
1069,1,28,18,2026-03-01 15:47:00,2026-03-01 18:11:00,319,15,1
1070,4,25,14,2026-06-15 12:16:00,2026-06-15 16:04:00,270,1,1
1071,1,8,12,2026-02-08 06:19:00,2026-02-08 09:00:00,169,2,1
1072,8,48,3,2026-05-15 18:46:00,2026-05-15 22:18:00,317,16,3
1073,8,15,15,2026-05-23 08:16:00,2026-05-23 12:13:00,143,11,1
1074,5,43,18,2026-06-11 03:03:00,2026-06-11 03:47:00,86,0,3
1075,6,1,5,2026-03-03 11:10:00,2026-03-03 12:34:00,250,6,2
1076,6,1,3,2026-03-14 02:56:00,2026-03-14 03:40:00,127,4,2
1077,8,26,17,2026-03-21 07:23:00,2026-03-21 10:49:00,274,16,2
1078,1,31,20,2026-05-19 10:22:00,2026-05-19 13:01:00,403,26,2
1079,2,22,3,2026-06-03 03:58:00,2026-06-03 04:57:00,156,0,1
1080,3,4,18,2026-02-27 14:47:00,2026-02-27 18:09:00,183,3,2
1081,4,32,20,2026-05-08 13:37:00,2026-05-08 16:32:00,293,7,3
1082,8,26,1,2026-06-19 08:40:00,2026-06-19 12:01:00,234,15,2
1083,8,48,13,2026-05-24 11:46:00,2026-05-24 14:58:00,469,8,1
1084,4,25,3,2026-01-09 00:51:00,2026-01-09 04:20:00,290,3,2
1085,1,39,20,2026-01-30 08:28:00,2026-01-30 10:47:00,456,10,3
1086,7,19,17,2026-03-05 15:22:00,2026-03-05 18:23:00,339,10,1
1087,5,41,6,2026-01-26 12:58:00,2026-01-26 16:00:00,259,4,2
1088,6,6,1,2026-05-02 03:32:00,2026-05-02 07:02:00,278,7,3
1089,3,4,7,2026-03-07 23:40:00,2026-03-08 03:14:00,120,1,2
1090,2,11,13,2026-01-21 13:30:00,2026-01-21 17:00:00,415,18,3
1091,8,15,16,2026-06-18 19:30:00,2026-06-18 20:48:00,435,26,2
1092,2,5,17,2026-01-20 04:39:00,2026-01-20 06:52:00,344,22,2
1093,5,43,3,2026-04-06 17:39:00,2026-04-06 20:35:00,332,14,2
1094,10,30,20,2026-03-17 18:03:00,2026-03-17 20:59:00,113,5,1
1095,4,27,9,2026-04-17 10:53:00,2026-04-17 13:43:00,325,25,2
1096,5,38,17,2026-02-22 18:47:00,2026-02-22 22:00:00,175,11,2
1097,2,5,16,2026-01-07 11:00:00,2026-01-07 14:33:00,275,18,3
1098,4,33,3,2026-03-12 12:42:00,2026-03-12 15:49:00,449,12,1
1099,2,18,3,2026-06-26 01:35:00,2026-06-26 05:22:00,468,11,2
1100,6,7,6,2026-04-30 22:04:00,2026-04-30 23:34:00,255,18,1
1101,1,47,10,2026-02-14 20:08:00,2026-02-14 22:23:00,63,0,1
1102,5,41,6,2026-05-24 13:22:00,2026-05-24 16:51:00,213,14,3
1103,3,46,10,2026-03-19 17:27:00,2026-03-19 18:24:00,495,2,2
1104,8,48,8,2026-01-23 17:16:00,2026-01-23 17:50:00,448,28,2
1105,2,16,2,2026-04-07 06:14:00,2026-04-07 08:19:00,374,23,2
1106,9,12,4,2026-03-17 13:30:00,2026-03-17 16:54:00,265,14,2
1107,9,50,17,2026-05-14 19:06:00,2026-05-14 23:02:00,177,4,2
1108,8,26,12,2026-04-19 05:49:00,2026-04-19 07:48:00,320,15,1
1109,1,39,9,2026-06-08 03:34:00,2026-06-08 05:23:00,406,1,3
1110,8,26,4,2026-05-13 03:16:00,2026-05-13 04:52:00,259,6,3
1111,8,15,10,2026-04-30 09:10:00,2026-04-30 11:29:00,263,7,2
1112,6,1,16,2026-06-12 03:42:00,2026-06-12 06:12:00,51,1,2
1113,6,1,14,2026-01-01 20:32:00,2026-01-01 22:13:00,104,4,1
1114,2,11,4,2026-05-23 21:05:00,2026-05-24 00:55:00,418,14,3
1115,5,41,5,2026-03-05 08:31:00,2026-03-05 12:11:00,254,12,1
1116,6,6,14,2026-05-27 02:23:00,2026-05-27 05:20:00,471,17,1
1117,1,47,19,2026-05-21 02:05:00,2026-05-21 03:18:00,438,2,3
1118,4,27,12,2026-03-15 22:11:00,2026-03-15 23:54:00,224,4,3
1119,8,10,17,2026-05-22 00:00:00,2026-05-22 01:42:00,182,8,2
1120,3,49,8,2026-01-26 08:50:00,2026-01-26 11:24:00,358,6,2
1121,3,4,8,2026-06-10 23:16:00,2026-06-11 01:51:00,197,9,2
1122,9,45,15,2026-05-16 05:40:00,2026-05-16 09:23:00,169,6,3
1123,6,7,8,2026-06-24 17:34:00,2026-06-24 18:59:00,444,12,2
1124,3,23,14,2026-06-04 23:23:00,2026-06-05 03:08:00,108,8,1
1125,5,38,19,2026-04-15 17:20:00,2026-04-15 19:36:00,325,23,2
1126,9,50,3,2026-03-22 20:32:00,2026-03-22 21:26:00,453,28,3
1127,6,7,20,2026-04-15 00:36:00,2026-04-15 02:23:00,247,4,1
1128,2,36,8,2026-02-11 15:59:00,2026-02-11 17:22:00,448,12,2
1129,2,11,11,2026-01-23 11:26:00,2026-01-23 13:10:00,133,1,1
1130,8,21,3,2026-01-31 09:44:00,2026-01-31 11:51:00,155,7,2
1131,6,1,18,2026-06-05 17:29:00,2026-06-05 19:11:00,492,6,3
1132,4,33,5,2026-03-21 19:01:00,2026-03-21 20:06:00,105,6,1
1133,1,28,12,2026-02-16 13:28:00,2026-02-16 14:00:00,293,18,2
1134,3,46,10,2026-05-31 09:50:00,2026-05-31 12:18:00,364,5,3
1135,4,32,1,2026-02-27 07:19:00,2026-02-27 09:38:00,219,9,1
1136,9,17,1,2026-03-28 22:57:00,2026-03-29 00:15:00,266,0,2
1137,5,13,17,2026-03-24 17:09:00,2026-03-24 20:49:00,406,10,3
1138,2,22,20,2026-05-28 05:38:00,2026-05-28 08:42:00,468,8,3
1139,5,43,13,2026-02-06 08:00:00,2026-02-06 08:38:00,201,6,1
1140,3,49,9,2026-04-11 10:13:00,2026-04-11 10:47:00,254,20,1
1141,8,48,10,2026-01-14 03:22:00,2026-01-14 05:59:00,394,17,1
1142,5,41,13,2026-03-24 21:03:00,2026-03-24 22:37:00,358,21,1
1143,3,49,11,2026-04-09 01:36:00,2026-04-09 03:10:00,233,12,2
1144,3,49,19,2026-05-23 03:39:00,2026-05-23 04:59:00,360,13,3
1145,3,49,19,2026-04-02 03:42:00,2026-04-02 06:28:00,90,6,2
1146,2,22,8,2026-05-28 02:12:00,2026-05-28 06:09:00,409,23,2
1147,8,26,2,2026-03-01 22:16:00,2026-03-01 22:57:00,326,14,3
1148,5,13,19,2026-02-08 11:36:00,2026-02-08 15:18:00,202,14,1
1149,5,41,17,2026-03-17 11:22:00,2026-03-17 12:36:00,181,3,3
1150,5,38,8,2026-01-22 22:55:00,2026-01-23 00:37:00,463,27,1
1151,3,40,2,2026-06-08 09:40:00,2026-06-08 12:03:00,252,19,2
1152,2,22,1,2026-06-03 08:47:00,2026-06-03 10:40:00,271,16,2
1153,9,17,5,2026-06-14 22:25:00,2026-06-15 01:39:00,84,3,3
1154,4,32,13,2026-01-15 01:47:00,2026-01-15 03:53:00,199,1,1
1155,3,40,6,2026-06-08 02:34:00,2026-06-08 03:50:00,276,6,3
1156,5,41,16,2026-06-16 01:05:00,2026-06-16 02:05:00,77,1,3
1157,4,35,10,2026-05-25 21:02:00,2026-05-26 00:50:00,374,24,3
1158,3,3,9,2026-03-16 21:55:00,2026-03-16 23:07:00,152,2,3
1159,1,31,17,2026-03-05 00:05:00,2026-03-05 02:33:00,127,2,1
1160,10,20,10,2026-02-11 12:18:00,2026-02-11 15:32:00,453,1,3
1161,4,35,6,2026-02-14 03:39:00,2026-02-14 05:45:00,295,18,3
1162,2,22,17,2026-03-19 14:41:00,2026-03-19 16:01:00,216,9,2
1163,9,2,12,2026-03-23 05:21:00,2026-03-23 09:08:00,117,5,2
1164,2,11,8,2026-05-23 18:33:00,2026-05-23 21:15:00,424,20,1
1165,6,6,3,2026-04-21 12:15:00,2026-04-21 14:18:00,142,3,3
1166,3,40,11,2026-02-04 05:12:00,2026-02-04 06:20:00,476,27,1
1167,7,19,3,2026-05-29 01:23:00,2026-05-29 04:52:00,441,11,3
1168,4,44,17,2026-06-15 08:58:00,2026-06-15 12:22:00,353,3,1
1169,3,34,10,2026-01-23 05:20:00,2026-01-23 07:08:00,308,5,3
1170,2,22,20,2026-03-14 21:36:00,2026-03-15 00:38:00,477,15,2
1171,5,41,2,2026-01-27 17:41:00,2026-01-27 20:18:00,361,0,2
1172,6,1,17,2026-01-15 23:25:00,2026-01-16 00:54:00,353,3,2
1173,3,40,18,2026-03-18 16:03:00,2026-03-18 17:36:00,286,0,1
1174,5,38,20,2026-02-22 20:52:00,2026-02-23 00:34:00,361,0,2
1175,3,46,1,2026-06-04 00:00:00,2026-06-04 01:24:00,314,18,3
1176,2,22,17,2026-02-03 22:40:00,2026-02-04 00:47:00,286,7,2
1177,3,14,4,2026-03-20 02:43:00,2026-03-20 03:34:00,164,6,1
1178,9,45,4,2026-01-31 06:17:00,2026-01-31 09:26:00,407,9,1
1179,2,22,7,2026-03-25 23:12:00,2026-03-26 00:15:00,397,1,2
1180,5,13,3,2026-06-06 15:34:00,2026-06-06 16:48:00,280,13,2
1181,7,37,4,2026-02-03 05:52:00,2026-02-03 08:52:00,372,12,3
1182,3,40,3,2026-02-13 01:44:00,2026-02-13 03:56:00,264,2,2
1183,8,15,8,2026-06-10 03:40:00,2026-06-10 05:31:00,309,23,3
1184,3,4,18,2026-01-02 09:13:00,2026-01-02 11:16:00,98,3,3
1185,2,22,11,2026-03-17 17:44:00,2026-03-17 19:23:00,170,6,3
1186,2,16,1,2026-01-14 08:16:00,2026-01-14 11:20:00,141,8,1
1187,1,31,4,2026-06-13 16:15:00,2026-06-13 18:15:00,63,1,1
1188,5,41,15,2026-05-16 03:09:00,2026-05-16 04:12:00,144,7,3
1189,6,6,4,2026-03-10 12:43:00,2026-03-10 14:15:00,131,3,2
1190,6,6,9,2026-03-24 16:52:00,2026-03-24 18:42:00,80,4,2
1191,10,20,15,2026-05-29 17:43:00,2026-05-29 20:55:00,491,27,2
1192,5,13,6,2026-05-11 17:40:00,2026-05-11 19:15:00,223,9,2
1193,2,18,17,2026-01-24 03:10:00,2026-01-24 06:50:00,421,20,1
1194,3,4,9,2026-05-02 03:27:00,2026-05-02 06:50:00,334,1,2
1195,5,41,10,2026-05-14 09:02:00,2026-05-14 09:53:00,454,22,1
1196,7,37,16,2026-03-29 06:00:00,2026-03-29 07:27:00,184,3,2
1197,3,49,10,2026-03-02 02:50:00,2026-03-02 05:39:00,189,8,3
1198,4,32,7,2026-04-01 07:56:00,2026-04-01 09:16:00,482,21,1
1199,1,31,7,2026-02-11 09:14:00,2026-02-11 10:50:00,255,10,1
1200,3,4,17,2026-03-10 06:36:00,2026-03-10 07:16:00,470,31,2
1201,8,10,1,2026-04-08 15:02:00,2026-04-08 18:45:00,74,5,3
1202,3,23,9,2026-03-07 04:32:00,2026-03-07 07:39:00,422,1,2
1203,9,45,13,2026-02-13 04:47:00,2026-02-13 06:51:00,186,11,2
1204,10,20,11,2026-03-09 19:08:00,2026-03-09 22:21:00,485,25,1
1205,3,4,6,2026-05-17 02:21:00,2026-05-17 05:39:00,295,2,3
1206,8,10,20,2026-03-19 23:20:00,2026-03-20 02:42:00,448,35,3
1207,10,30,3,2026-05-20 15:43:00,2026-05-20 18:52:00,266,11,1
1208,3,3,16,2026-01-29 07:43:00,2026-01-29 08:22:00,308,22,1
1209,3,40,15,2026-02-07 14:19:00,2026-02-07 17:19:00,377,26,2
1210,5,43,15,2026-05-07 07:01:00,2026-05-07 10:06:00,154,4,3
1211,10,30,8,2026-04-13 23:39:00,2026-04-14 00:24:00,51,4,1
1212,3,49,3,2026-05-12 01:47:00,2026-05-12 02:20:00,212,11,3
1213,3,14,20,2026-06-08 23:09:00,2026-06-09 00:45:00,465,17,1
1214,2,5,12,2026-04-12 06:03:00,2026-04-12 08:11:00,50,1,1
1215,2,36,5,2026-03-29 05:03:00,2026-03-29 06:38:00,286,5,2
1216,4,29,4,2026-03-08 11:02:00,2026-03-08 12:37:00,127,2,3
1217,1,47,15,2026-02-23 10:29:00,2026-02-23 11:06:00,293,17,1
1218,2,5,15,2026-04-02 02:50:00,2026-04-02 04:48:00,417,29,1
1219,3,3,8,2026-01-20 13:19:00,2026-01-20 14:16:00,157,5,3
1220,3,40,16,2026-03-04 18:17:00,2026-03-04 18:49:00,269,16,2
1221,3,49,13,2026-04-11 14:53:00,2026-04-11 17:19:00,107,0,3
1222,9,50,9,2026-03-10 00:01:00,2026-03-10 00:33:00,154,4,1
1223,3,3,18,2026-01-21 08:21:00,2026-01-21 11:28:00,215,2,3
1224,9,50,6,2026-06-29 09:48:00,2026-06-29 12:55:00,155,3,2
1225,4,32,10,2026-05-20 00:39:00,2026-05-20 02:38:00,298,19,1
1226,7,37,19,2026-05-16 02:27:00,2026-05-16 04:27:00,433,10,1
1227,1,42,1,2026-02-07 18:02:00,2026-02-07 21:14:00,65,3,2
1228,3,40,4,2026-04-25 11:55:00,2026-04-25 14:09:00,423,22,3
1229,3,4,20,2026-06-23 18:14:00,2026-06-23 22:10:00,240,18,3
1230,8,10,2,2026-03-06 22:38:00,2026-03-07 02:33:00,488,20,3
1231,6,1,11,2026-04-15 07:22:00,2026-04-15 08:43:00,329,18,3
1232,3,3,4,2026-01-19 11:31:00,2026-01-19 14:49:00,323,1,1
1233,8,10,3,2026-02-10 23:57:00,2026-02-11 02:58:00,364,25,2
1234,9,2,17,2026-04-06 18:38:00,2026-04-06 20:33:00,250,1,1
1235,2,11,6,2026-05-11 07:24:00,2026-05-11 11:14:00,185,14,2
1236,1,47,2,2026-05-09 06:24:00,2026-05-09 08:22:00,371,15,1
1237,3,34,3,2026-02-08 09:24:00,2026-02-08 13:15:00,434,5,1
1238,4,33,16,2026-06-28 20:11:00,2026-06-28 20:46:00,359,1,2
1239,3,49,11,2026-05-14 19:45:00,2026-05-14 22:34:00,390,20,2
1240,6,6,6,2026-05-10 10:08:00,2026-05-10 13:03:00,285,4,2
1241,3,23,7,2026-02-15 06:44:00,2026-02-15 09:01:00,106,7,3
1242,7,19,16,2026-06-18 04:16:00,2026-06-18 06:02:00,455,20,1
1243,5,38,13,2026-03-07 09:09:00,2026-03-07 10:10:00,371,19,2
1244,5,41,11,2026-03-06 12:24:00,2026-03-06 16:02:00,202,9,2
1245,7,37,15,2026-04-20 18:24:00,2026-04-20 19:55:00,285,9,3
1246,5,38,20,2026-01-24 15:41:00,2026-01-24 17:33:00,245,1,2
1247,4,27,12,2026-02-17 03:35:00,2026-02-17 04:21:00,338,22,1
1248,9,12,17,2026-06-06 17:30:00,2026-06-06 18:28:00,468,18,2
1249,10,24,1,2026-04-23 03:28:00,2026-04-23 07:25:00,137,9,2
1250,10,20,3,2026-02-21 18:35:00,2026-02-21 19:51:00,358,2,3
1251,2,5,8,2026-01-21 11:29:00,2026-01-21 15:04:00,77,3,3
1252,10,20,15,2026-05-22 02:22:00,2026-05-22 06:22:00,252,4,3
1253,3,14,4,2026-02-18 13:07:00,2026-02-18 16:12:00,254,6,1
1254,3,4,1,2026-05-05 09:36:00,2026-05-05 12:35:00,420,14,3
1255,10,20,5,2026-03-10 11:52:00,2026-03-10 13:26:00,328,11,2
1256,8,48,19,2026-04-18 13:27:00,2026-04-18 15:18:00,492,21,3
1257,4,33,2,2026-06-11 08:08:00,2026-06-11 11:14:00,132,8,2
1258,9,45,12,2026-06-24 00:06:00,2026-06-24 03:21:00,294,6,2
1259,2,22,8,2026-06-12 18:16:00,2026-06-12 20:51:00,321,9,1
1260,2,5,15,2026-03-21 03:19:00,2026-03-21 07:03:00,67,0,3
1261,4,29,3,2026-06-06 08:33:00,2026-06-06 10:03:00,474,22,1
1262,2,5,20,2026-02-07 12:55:00,2026-02-07 15:21:00,195,3,3
1263,3,4,6,2026-06-27 22:12:00,2026-06-27 23:48:00,237,16,2
1264,2,11,13,2026-02-26 00:58:00,2026-02-26 03:47:00,102,1,3
1265,7,9,5,2026-05-28 20:48:00,2026-05-28 21:54:00,257,18,2
1266,4,25,3,2026-02-13 15:07:00,2026-02-13 17:04:00,234,6,1
1267,10,20,9,2026-05-11 04:04:00,2026-05-11 06:54:00,368,16,3
1268,4,32,9,2026-03-22 21:18:00,2026-03-23 01:08:00,296,17,2
1269,3,34,17,2026-01-05 10:41:00,2026-01-05 13:55:00,288,18,2
1270,6,6,9,2026-01-06 17:05:00,2026-01-06 20:26:00,294,22,1
1271,10,24,19,2026-02-18 00:40:00,2026-02-18 01:14:00,117,7,3
1272,4,35,17,2026-05-01 02:14:00,2026-05-01 03:05:00,260,8,3
1273,10,30,10,2026-04-11 19:02:00,2026-04-11 20:18:00,495,33,3
1274,4,25,4,2026-06-25 04:55:00,2026-06-25 05:38:00,346,3,2
1275,8,48,14,2026-04-18 17:01:00,2026-04-18 20:09:00,314,16,3
1276,9,17,19,2026-04-02 17:37:00,2026-04-02 19:40:00,416,22,2
1277,9,12,4,2026-02-24 13:57:00,2026-02-24 15:05:00,454,5,1
1278,2,22,16,2026-01-11 08:24:00,2026-01-11 12:01:00,185,4,2
1279,5,41,10,2026-01-24 14:33:00,2026-01-24 15:08:00,337,23,2
1280,8,48,1,2026-05-27 11:25:00,2026-05-27 12:16:00,77,4,3
1281,2,16,9,2026-03-05 17:20:00,2026-03-05 19:25:00,443,13,1
1282,10,30,18,2026-02-23 10:29:00,2026-02-23 14:17:00,361,10,3
1283,7,37,10,2026-06-03 21:24:00,2026-06-04 00:57:00,198,11,3
1284,7,9,14,2026-04-24 05:42:00,2026-04-24 06:37:00,258,5,2
1285,2,36,2,2026-04-04 18:43:00,2026-04-04 20:26:00,380,25,1
1286,7,19,18,2026-04-19 20:51:00,2026-04-19 23:22:00,455,9,1
1287,7,37,2,2026-04-02 03:30:00,2026-04-02 06:16:00,143,10,1
1288,8,48,14,2026-03-03 04:38:00,2026-03-03 08:10:00,334,23,3
1289,5,41,19,2026-02-13 05:14:00,2026-02-13 06:57:00,422,26,3
1290,7,19,15,2026-01-11 16:10:00,2026-01-11 19:56:00,272,3,1
1291,3,23,20,2026-05-20 06:01:00,2026-05-20 09:57:00,123,7,3
1292,7,19,9,2026-06-12 15:47:00,2026-06-12 17:47:00,291,12,2
1293,4,33,6,2026-05-19 07:27:00,2026-05-19 10:22:00,441,9,1
1294,4,44,9,2026-03-16 13:43:00,2026-03-16 14:13:00,333,9,1
1295,3,46,8,2026-05-14 01:51:00,2026-05-14 03:03:00,152,1,3
1296,10,30,4,2026-02-02 15:22:00,2026-02-02 17:35:00,337,4,3
1297,7,19,13,2026-06-07 03:39:00,2026-06-07 07:13:00,285,7,3
1298,7,37,13,2026-02-22 21:30:00,2026-02-22 22:40:00,132,9,2
1299,1,47,4,2026-02-28 09:31:00,2026-02-28 13:09:00,486,7,2
1300,8,10,3,2026-02-15 00:54:00,2026-02-15 02:14:00,138,2,2
1301,9,2,20,2026-01-12 17:50:00,2026-01-12 19:46:00,241,12,1
1302,6,7,7,2026-05-28 01:54:00,2026-05-28 04:38:00,84,0,3
1303,8,15,13,2026-03-15 01:19:00,2026-03-15 05:00:00,396,5,3
1304,6,6,17,2026-01-25 00:48:00,2026-01-25 01:32:00,206,2,1
1305,3,49,7,2026-01-19 11:06:00,2026-01-19 11:46:00,446,14,2
1306,9,12,4,2026-04-18 07:16:00,2026-04-18 08:36:00,99,6,1
1307,6,6,5,2026-01-24 23:54:00,2026-01-25 00:29:00,360,13,1
1308,10,30,16,2026-01-22 15:28:00,2026-01-22 16:11:00,481,35,2
1309,7,37,13,2026-04-25 07:26:00,2026-04-25 10:04:00,370,4,3
1310,3,49,11,2026-03-17 14:18:00,2026-03-17 17:20:00,227,15,2
1311,4,35,17,2026-06-15 08:23:00,2026-06-15 10:19:00,348,7,3
1312,10,20,17,2026-03-14 17:50:00,2026-03-14 21:15:00,160,12,2
1313,3,34,6,2026-04-08 09:08:00,2026-04-08 12:43:00,274,9,3
1314,5,13,19,2026-02-10 21:41:00,2026-02-10 22:13:00,487,25,3
1315,7,9,4,2026-02-27 04:40:00,2026-02-27 05:22:00,452,8,3
1316,7,9,19,2026-04-22 04:20:00,2026-04-22 05:40:00,66,1,1
1317,3,3,20,2026-04-07 18:06:00,2026-04-07 21:22:00,295,18,1
1318,5,41,16,2026-01-03 00:05:00,2026-01-03 00:53:00,263,14,1
1319,4,25,12,2026-02-11 08:22:00,2026-02-11 09:12:00,491,10,3
1320,9,2,2,2026-02-05 21:01:00,2026-02-05 23:57:00,373,9,2
1321,1,39,7,2026-03-26 15:42:00,2026-03-26 16:56:00,344,20,1
1322,8,48,11,2026-04-07 12:37:00,2026-04-07 13:17:00,358,7,1
1323,4,35,10,2026-05-05 13:12:00,2026-05-05 16:33:00,396,17,2
1324,10,24,20,2026-03-26 01:53:00,2026-03-26 05:11:00,379,28,2
1325,2,5,6,2026-02-01 20:37:00,2026-02-01 22:11:00,137,1,3
1326,3,3,8,2026-06-28 06:19:00,2026-06-28 06:52:00,124,6,3
1327,3,23,12,2026-02-28 20:51:00,2026-03-01 00:10:00,126,6,3
1328,4,44,8,2026-04-01 00:10:00,2026-04-01 01:29:00,470,19,2
1329,6,6,3,2026-03-12 03:18:00,2026-03-12 05:21:00,205,5,2
1330,3,46,20,2026-03-02 18:29:00,2026-03-02 21:30:00,328,18,1
1331,3,49,14,2026-06-18 05:22:00,2026-06-18 06:27:00,471,25,1
1332,3,3,16,2026-05-09 20:39:00,2026-05-10 00:32:00,337,4,3
1333,8,15,19,2026-05-06 20:57:00,2026-05-06 23:11:00,231,3,1
1334,10,24,2,2026-02-13 03:34:00,2026-02-13 07:20:00,188,8,3
1335,6,6,13,2026-06-22 13:47:00,2026-06-22 14:45:00,378,27,3
1336,9,50,2,2026-03-03 22:40:00,2026-03-04 00:33:00,414,1,1
1337,6,6,7,2026-03-02 00:22:00,2026-03-02 03:01:00,118,7,2
1338,7,9,1,2026-02-19 07:48:00,2026-02-19 10:00:00,127,2,1
1339,2,11,4,2026-03-23 18:58:00,2026-03-23 21:22:00,173,6,3
1340,2,16,12,2026-05-24 22:50:00,2026-05-25 00:27:00,243,1,1
1341,8,26,5,2026-05-10 11:32:00,2026-05-10 13:57:00,134,2,2
1342,6,1,17,2026-06-10 10:32:00,2026-06-10 14:27:00,284,22,3
1343,2,36,19,2026-03-09 04:09:00,2026-03-09 06:23:00,308,0,3
1344,1,42,3,2026-04-19 00:36:00,2026-04-19 03:43:00,330,19,3
1345,7,9,9,2026-03-11 23:56:00,2026-03-12 01:30:00,361,20,2
1346,7,19,15,2026-05-30 21:32:00,2026-05-31 00:04:00,331,8,3
1347,2,5,4,2026-04-23 12:07:00,2026-04-23 15:18:00,338,14,2
1348,2,5,20,2026-05-15 23:58:00,2026-05-16 00:47:00,326,10,1
1349,2,11,17,2026-06-09 16:46:00,2026-06-09 20:40:00,236,10,1
1350,8,21,9,2026-06-05 13:14:00,2026-06-05 15:02:00,341,12,3
1351,1,42,14,2026-02-06 11:02:00,2026-02-06 12:58:00,381,16,3
1352,4,32,12,2026-01-22 10:54:00,2026-01-22 13:26:00,284,11,1
1353,2,18,17,2026-01-13 02:52:00,2026-01-13 05:57:00,425,32,3
1354,1,8,2,2026-03-02 21:12:00,2026-03-03 00:10:00,235,10,1
1355,1,47,5,2026-06-29 08:49:00,2026-06-29 10:28:00,500,24,3
1356,1,8,2,2026-05-25 18:15:00,2026-05-25 20:15:00,393,6,1
1357,10,24,14,2026-04-25 15:19:00,2026-04-25 17:42:00,272,2,2
1358,4,33,15,2026-03-27 01:46:00,2026-03-27 04:49:00,466,0,1
1359,8,26,18,2026-03-18 20:51:00,2026-03-18 23:58:00,191,13,2
1360,2,36,7,2026-03-05 10:27:00,2026-03-05 11:03:00,409,0,2
1361,2,22,3,2026-03-04 17:21:00,2026-03-04 18:39:00,309,23,2
1362,5,38,10,2026-03-16 10:09:00,2026-03-16 13:25:00,116,8,2
1363,1,31,2,2026-05-03 14:11:00,2026-05-03 17:28:00,302,1,2
1364,8,21,5,2026-02-27 14:17:00,2026-02-27 16:24:00,118,3,2
1365,6,6,17,2026-06-14 15:37:00,2026-06-14 16:15:00,340,25,2
1366,3,14,20,2026-06-01 01:54:00,2026-06-01 04:13:00,272,13,1
1367,1,47,7,2026-02-24 01:11:00,2026-02-24 03:50:00,265,9,2
1368,1,28,5,2026-05-09 11:52:00,2026-05-09 13:28:00,218,13,2
1369,1,47,3,2026-01-03 04:37:00,2026-01-03 06:25:00,409,26,3
1370,2,36,7,2026-03-17 01:58:00,2026-03-17 04:14:00,412,3,2
1371,1,8,1,2026-05-28 15:48:00,2026-05-28 18:34:00,375,21,2
1372,3,40,8,2026-02-07 04:25:00,2026-02-07 05:19:00,426,3,3
1373,3,46,10,2026-05-01 14:42:00,2026-05-01 18:05:00,164,5,2
1374,7,19,7,2026-01-03 17:26:00,2026-01-03 19:44:00,206,14,2
1375,9,12,12,2026-04-17 17:30:00,2026-04-17 18:54:00,174,5,2
1376,2,22,3,2026-02-21 14:39:00,2026-02-21 16:22:00,127,1,3
1377,4,25,20,2026-04-26 19:52:00,2026-04-26 21:01:00,282,6,2
1378,2,11,13,2026-04-23 11:28:00,2026-04-23 13:59:00,192,7,2
1379,5,13,5,2026-06-27 04:59:00,2026-06-27 07:24:00,183,7,3
1380,5,43,6,2026-01-20 14:35:00,2026-01-20 15:39:00,86,1,2
1381,5,38,4,2026-06-22 06:46:00,2026-06-22 09:30:00,362,3,1
1382,6,6,20,2026-01-02 05:04:00,2026-01-02 05:44:00,94,5,3
1383,3,34,8,2026-01-14 10:49:00,2026-01-14 11:29:00,149,0,1
1384,7,9,20,2026-01-09 06:13:00,2026-01-09 08:10:00,138,8,3
1385,4,44,2,2026-03-15 20:52:00,2026-03-15 21:53:00,414,30,1
1386,9,50,5,2026-03-17 15:17:00,2026-03-17 17:20:00,301,21,3
1387,2,16,4,2026-02-03 22:13:00,2026-02-03 23:18:00,121,2,1
1388,3,34,19,2026-03-13 18:09:00,2026-03-13 19:46:00,493,10,2
1389,2,18,20,2026-06-13 03:02:00,2026-06-13 05:13:00,235,11,1
1390,9,50,8,2026-02-18 07:00:00,2026-02-18 10:43:00,162,5,1
1391,8,15,3,2026-02-02 12:06:00,2026-02-02 12:49:00,268,8,1
1392,5,38,6,2026-04-25 20:56:00,2026-04-25 22:21:00,367,5,3
1393,7,37,8,2026-03-13 22:51:00,2026-03-14 01:38:00,65,0,1
1394,7,9,7,2026-03-04 15:20:00,2026-03-04 16:18:00,205,12,2
1395,2,18,10,2026-05-14 11:06:00,2026-05-14 13:48:00,292,11,2
1396,9,12,14,2026-03-06 02:07:00,2026-03-06 05:16:00,287,19,2
1397,8,48,20,2026-02-20 13:18:00,2026-02-20 15:39:00,376,1,2
1398,1,28,10,2026-03-12 06:45:00,2026-03-12 09:26:00,197,9,2
1399,8,48,2,2026-04-25 17:55:00,2026-04-25 21:29:00,86,2,2
1400,3,3,17,2026-05-24 07:53:00,2026-05-24 10:16:00,193,11,2
1401,3,23,2,2026-06-01 08:36:00,2026-06-01 09:27:00,391,11,2
1402,9,45,10,2026-03-17 04:03:00,2026-03-17 04:38:00,298,20,3
1403,3,40,2,2026-02-23 10:23:00,2026-02-23 11:08:00,98,3,2
1404,10,20,1,2026-06-23 13:42:00,2026-06-23 17:39:00,437,1,2
1405,9,2,1,2026-06-04 10:57:00,2026-06-04 12:17:00,361,25,2
1406,9,17,18,2026-04-26 18:32:00,2026-04-26 20:37:00,296,16,3
1407,2,36,3,2026-04-26 22:38:00,2026-04-27 00:18:00,103,7,2
1408,7,9,3,2026-01-27 09:10:00,2026-01-27 12:10:00,258,19,1
1409,2,5,20,2026-04-06 13:36:00,2026-04-06 17:09:00,479,18,3
1410,5,38,18,2026-05-02 00:48:00,2026-05-02 02:13:00,214,2,1
1411,9,12,19,2026-06-07 00:15:00,2026-06-07 02:15:00,246,2,2
1412,6,7,15,2026-01-26 13:00:00,2026-01-26 16:14:00,57,4,3
1413,8,21,15,2026-04-28 12:09:00,2026-04-28 13:22:00,300,7,3
1414,10,30,10,2026-04-30 09:44:00,2026-04-30 12:19:00,416,24,1
1415,3,46,14,2026-01-09 07:45:00,2026-01-09 09:12:00,95,3,2
1416,4,29,7,2026-02-20 00:26:00,2026-02-20 03:11:00,344,22,1
1417,3,46,10,2026-02-26 10:05:00,2026-02-26 13:36:00,54,3,1
1418,3,23,4,2026-03-24 22:08:00,2026-03-25 00:39:00,485,19,1
1419,5,13,5,2026-01-05 17:28:00,2026-01-05 19:54:00,326,15,1
1420,1,28,13,2026-02-19 09:23:00,2026-02-19 10:35:00,476,8,1
1421,5,38,2,2026-03-07 01:09:00,2026-03-07 03:36:00,479,30,1
1422,8,26,4,2026-06-23 03:52:00,2026-06-23 06:23:00,204,3,1
1423,5,43,19,2026-01-28 19:30:00,2026-01-28 22:46:00,295,5,3
1424,2,5,13,2026-01-18 17:44:00,2026-01-18 20:54:00,148,2,2
1425,5,38,7,2026-02-11 09:37:00,2026-02-11 11:56:00,246,11,3
1426,9,2,13,2026-02-08 17:48:00,2026-02-08 18:41:00,275,5,2
1427,5,41,13,2026-03-16 06:40:00,2026-03-16 07:15:00,373,25,2
1428,2,11,8,2026-06-01 03:49:00,2026-06-01 04:54:00,290,19,2
1429,1,28,3,2026-02-22 03:32:00,2026-02-22 06:43:00,104,4,2
1430,6,6,7,2026-03-01 16:52:00,2026-03-01 17:23:00,216,16,2
1431,2,11,8,2026-02-01 15:52:00,2026-02-01 18:44:00,380,23,2
1432,1,47,19,2026-05-15 01:42:00,2026-05-15 02:19:00,463,14,1
1433,3,23,3,2026-04-07 08:03:00,2026-04-07 10:45:00,265,2,3
1434,7,37,18,2026-04-02 20:21:00,2026-04-02 21:14:00,334,2,1
1435,4,25,6,2026-06-09 22:09:00,2026-06-09 23:01:00,149,6,3
1436,4,33,20,2026-03-21 08:51:00,2026-03-21 09:48:00,194,13,3
1437,3,46,16,2026-04-24 23:58:00,2026-04-25 03:45:00,78,5,3
1438,10,30,19,2026-06-10 12:11:00,2026-06-10 15:11:00,183,2,2
1439,10,20,4,2026-04-19 14:53:00,2026-04-19 17:20:00,139,5,3
1440,9,12,8,2026-06-09 03:46:00,2026-06-09 05:25:00,74,0,2
1441,3,40,13,2026-03-17 13:25:00,2026-03-17 14:56:00,67,2,1
1442,3,4,11,2026-03-06 05:59:00,2026-03-06 08:37:00,59,3,2
1443,8,10,13,2026-05-22 01:40:00,2026-05-22 02:44:00,60,2,2
1444,2,5,6,2026-01-17 01:34:00,2026-01-17 05:20:00,81,1,1
1445,2,11,8,2026-06-14 00:36:00,2026-06-14 01:50:00,303,10,3
1446,4,27,2,2026-05-28 05:23:00,2026-05-28 06:16:00,179,1,1
1447,2,5,6,2026-04-11 08:45:00,2026-04-11 09:58:00,344,22,2
1448,2,16,10,2026-06-22 00:24:00,2026-06-22 01:54:00,158,8,3
1449,4,32,10,2026-05-27 08:44:00,2026-05-27 10:08:00,428,21,1
1450,3,3,6,2026-06-21 22:23:00,2026-06-22 02:01:00,177,13,3
1451,4,35,18,2026-05-31 16:59:00,2026-05-31 18:04:00,425,19,3
1452,8,48,16,2026-03-12 14:47:00,2026-03-12 17:30:00,166,1,3
1453,1,28,12,2026-03-24 11:31:00,2026-03-24 13:15:00,368,21,2
1454,6,6,19,2026-01-14 00:36:00,2026-01-14 03:47:00,171,0,2
1455,9,17,2,2026-06-01 05:27:00,2026-06-01 08:23:00,212,4,2
1456,6,6,10,2026-01-29 17:46:00,2026-01-29 20:27:00,201,15,3
1457,8,10,18,2026-01-22 03:33:00,2026-01-22 05:26:00,341,3,1
1458,3,4,19,2026-03-12 20:51:00,2026-03-12 22:41:00,158,6,1
1459,6,1,20,2026-01-17 22:45:00,2026-01-18 02:07:00,500,17,2
1460,1,31,3,2026-03-24 02:33:00,2026-03-24 03:38:00,157,7,3
1461,4,32,17,2026-01-31 16:16:00,2026-01-31 17:14:00,248,11,2
1462,2,16,9,2026-03-28 12:40:00,2026-03-28 14:08:00,72,0,3
1463,7,9,6,2026-02-07 16:17:00,2026-02-07 19:57:00,73,5,2
1464,8,21,13,2026-05-23 22:35:00,2026-05-24 02:21:00,104,5,1
1465,8,48,7,2026-05-06 11:41:00,2026-05-06 12:14:00,369,1,2
1466,3,4,3,2026-04-26 05:21:00,2026-04-26 08:22:00,263,6,2
1467,1,8,14,2026-03-27 07:16:00,2026-03-27 08:52:00,474,7,1
1468,3,46,12,2026-05-29 17:12:00,2026-05-29 20:49:00,246,14,2
1469,8,15,8,2026-02-09 00:43:00,2026-02-09 02:19:00,84,6,2
1470,4,44,19,2026-04-11 17:39:00,2026-04-11 19:53:00,92,0,2
1471,2,36,5,2026-03-23 00:21:00,2026-03-23 04:20:00,222,7,3
1472,1,31,16,2026-01-10 18:29:00,2026-01-10 21:39:00,389,29,1
1473,9,17,8,2026-04-18 00:39:00,2026-04-18 02:16:00,497,14,2
1474,3,40,4,2026-05-30 16:33:00,2026-05-30 17:33:00,98,3,1
1475,10,24,16,2026-02-15 17:02:00,2026-02-15 18:48:00,117,8,3
1476,3,3,19,2026-06-02 10:49:00,2026-06-02 14:24:00,202,3,2
1477,9,2,8,2026-03-24 12:50:00,2026-03-24 14:40:00,219,17,2
1478,8,48,4,2026-04-18 07:34:00,2026-04-18 10:43:00,234,11,2
1479,1,31,14,2026-02-14 22:25:00,2026-02-15 01:37:00,194,7,1
1480,3,40,4,2026-06-27 03:55:00,2026-06-27 07:02:00,280,4,1
1481,1,47,9,2026-01-08 13:48:00,2026-01-08 16:04:00,483,18,1
1482,1,8,16,2026-01-21 15:52:00,2026-01-21 17:20:00,370,7,3
1483,1,31,6,2026-02-15 05:07:00,2026-02-15 07:13:00,469,3,3
1484,4,27,7,2026-05-24 23:11:00,2026-05-25 00:08:00,385,6,3
1485,2,5,19,2026-05-09 09:07:00,2026-05-09 12:03:00,265,6,2
1486,8,10,6,2026-05-12 01:48:00,2026-05-12 04:07:00,217,3,3
1487,3,49,19,2026-05-31 12:19:00,2026-05-31 14:53:00,77,3,2
1488,2,22,8,2026-06-18 15:42:00,2026-06-18 18:40:00,438,17,3
1489,3,34,6,2026-02-19 03:09:00,2026-02-19 04:27:00,394,27,3
1490,9,17,3,2026-03-27 00:49:00,2026-03-27 03:49:00,157,4,1
1491,3,4,15,2026-01-10 17:49:00,2026-01-10 21:19:00,344,6,2
1492,1,8,6,2026-03-10 20:39:00,2026-03-10 23:25:00,260,20,2
1493,1,47,3,2026-02-28 06:29:00,2026-02-28 10:09:00,100,7,3
1494,4,29,7,2026-02-19 05:06:00,2026-02-19 05:54:00,322,23,2
1495,4,25,2,2026-06-12 02:57:00,2026-06-12 04:32:00,167,4,3
1496,6,7,13,2026-05-27 13:08:00,2026-05-27 16:13:00,430,6,1
1497,3,46,20,2026-05-16 13:13:00,2026-05-16 16:48:00,498,13,3
1498,9,45,2,2026-01-24 06:58:00,2026-01-24 07:42:00,222,3,1
1499,3,23,2,2026-02-26 06:55:00,2026-02-26 07:34:00,256,19,3
1500,3,40,9,2026-05-18 08:48:00,2026-05-18 12:01:00,412,3,1
1501,6,6,13,2026-02-19 00:57:00,2026-02-19 02:05:00,352,16,1
1502,3,14,16,2026-06-24 14:58:00,2026-06-24 15:44:00,324,0,3
1503,2,5,2,2026-03-11 13:18:00,2026-03-11 17:09:00,97,4,3
1504,8,26,17,2026-05-02 13:12:00,2026-05-02 16:24:00,229,17,3
1505,3,40,14,2026-05-13 08:11:00,2026-05-13 10:11:00,408,12,1
1506,2,36,17,2026-01-09 15:30:00,2026-01-09 16:17:00,94,0,2
1507,10,30,5,2026-02-07 15:08:00,2026-02-07 17:35:00,411,18,3
1508,2,22,1,2026-03-28 10:30:00,2026-03-28 13:07:00,358,4,2
1509,1,8,1,2026-06-25 17:11:00,2026-06-25 18:04:00,399,1,3
1510,2,22,1,2026-05-27 11:14:00,2026-05-27 12:56:00,182,2,3
1511,6,6,6,2026-01-13 11:00:00,2026-01-13 13:29:00,196,9,2
1512,8,48,6,2026-06-29 22:48:00,2026-06-30 01:35:00,320,1,2
1513,4,44,8,2026-02-20 13:37:00,2026-02-20 16:42:00,84,5,3
1514,1,28,16,2026-04-13 11:12:00,2026-04-13 12:49:00,355,10,2
1515,9,2,13,2026-04-12 18:18:00,2026-04-12 22:06:00,76,4,2
1516,7,19,18,2026-04-03 23:55:00,2026-04-04 03:00:00,257,1,3
1517,1,28,2,2026-02-21 12:04:00,2026-02-21 15:10:00,413,5,2
1518,7,9,8,2026-03-23 04:45:00,2026-03-23 05:48:00,60,2,2
1519,4,25,20,2026-02-04 06:23:00,2026-02-04 08:01:00,52,2,1
1520,6,7,16,2026-04-19 06:42:00,2026-04-19 08:25:00,236,2,3
1521,10,24,9,2026-01-12 10:24:00,2026-01-12 13:51:00,470,30,2
1522,2,18,3,2026-01-22 06:22:00,2026-01-22 07:09:00,272,10,2
1523,4,29,14,2026-01-19 07:39:00,2026-01-19 11:05:00,165,2,2
1524,4,44,2,2026-05-06 19:02:00,2026-05-06 22:10:00,87,1,1
1525,7,9,1,2026-03-04 04:18:00,2026-03-04 04:48:00,479,0,3
1526,3,49,14,2026-03-18 19:44:00,2026-03-18 21:42:00,306,7,1
1527,2,5,2,2026-03-26 23:56:00,2026-03-27 01:37:00,236,8,2
1528,2,18,15,2026-05-14 12:00:00,2026-05-14 13:50:00,150,7,2
1529,9,17,13,2026-01-23 13:28:00,2026-01-23 14:19:00,226,15,2
1530,1,47,15,2026-02-16 01:17:00,2026-02-16 02:38:00,374,19,1
1531,8,48,5,2026-03-14 01:34:00,2026-03-14 05:27:00,418,17,2
1532,5,13,1,2026-05-18 13:46:00,2026-05-18 15:44:00,452,31,3
1533,4,32,10,2026-05-02 20:14:00,2026-05-02 22:49:00,138,8,1
1534,7,37,14,2026-04-23 19:16:00,2026-04-23 22:04:00,479,30,2
1535,4,25,14,2026-04-09 19:29:00,2026-04-09 21:07:00,86,3,2
1536,3,49,5,2026-02-13 22:40:00,2026-02-13 23:58:00,496,16,1
1537,5,43,18,2026-05-30 22:19:00,2026-05-30 23:22:00,444,11,1
1538,1,47,8,2026-06-02 17:11:00,2026-06-02 18:49:00,488,27,1
1539,10,24,18,2026-06-08 00:16:00,2026-06-08 02:30:00,150,8,2
1540,1,31,15,2026-01-15 22:11:00,2026-01-15 23:54:00,404,4,2
1541,5,38,9,2026-06-07 02:41:00,2026-06-07 03:49:00,446,6,2
1542,3,3,10,2026-04-30 20:04:00,2026-04-30 23:21:00,56,2,1
1543,1,42,19,2026-06-23 19:46:00,2026-06-23 23:10:00,98,3,2
1544,9,2,15,2026-04-22 04:07:00,2026-04-22 05:27:00,197,3,3
1545,5,43,4,2026-03-08 17:51:00,2026-03-08 18:24:00,358,8,3
1546,8,21,4,2026-03-21 08:17:00,2026-03-21 11:42:00,384,25,2
1547,2,36,11,2026-06-14 19:26:00,2026-06-14 20:36:00,90,1,2
1548,5,13,13,2026-03-19 14:39:00,2026-03-19 17:19:00,216,8,1
1549,3,34,7,2026-03-26 12:41:00,2026-03-26 14:46:00,396,12,3
1550,8,10,9,2026-05-08 08:54:00,2026-05-08 10:25:00,136,5,3
1551,7,9,1,2026-01-05 19:36:00,2026-01-05 21:55:00,80,5,1
1552,2,5,8,2026-05-02 02:39:00,2026-05-02 03:25:00,283,5,3
1553,6,6,1,2026-06-01 23:23:00,2026-06-02 00:25:00,108,2,2
1554,9,12,7,2026-03-26 07:47:00,2026-03-26 11:32:00,217,7,1
1555,8,10,9,2026-05-31 10:45:00,2026-05-31 11:57:00,417,14,2
1556,7,19,10,2026-01-06 01:11:00,2026-01-06 04:54:00,309,8,3
1557,9,45,3,2026-05-28 14:49:00,2026-05-28 16:12:00,228,12,3
1558,7,37,9,2026-04-06 13:00:00,2026-04-06 15:05:00,286,5,2
1559,1,8,18,2026-01-20 22:02:00,2026-01-20 23:06:00,475,35,3
1560,3,46,4,2026-06-07 22:31:00,2026-06-08 00:13:00,236,0,2
1561,9,50,20,2026-06-09 15:47:00,2026-06-09 17:30:00,489,2,3
1562,9,50,1,2026-05-27 06:17:00,2026-05-27 07:47:00,374,26,1
1563,1,47,12,2026-05-01 19:41:00,2026-05-01 23:14:00,318,8,1
1564,2,5,12,2026-06-08 12:17:00,2026-06-08 14:15:00,464,21,2
1565,3,40,20,2026-06-05 02:27:00,2026-06-05 05:46:00,238,5,3
1566,4,44,17,2026-02-18 10:46:00,2026-02-18 14:28:00,65,1,1
1567,4,29,2,2026-05-31 07:22:00,2026-05-31 09:38:00,393,26,2
1568,3,49,14,2026-06-29 05:18:00,2026-06-29 08:04:00,159,2,1
1569,2,22,16,2026-03-19 21:30:00,2026-03-19 23:32:00,120,3,2
1570,4,33,1,2026-05-10 22:06:00,2026-05-11 01:10:00,420,28,3
1571,8,26,10,2026-01-13 10:30:00,2026-01-13 11:14:00,203,6,2
1572,3,23,9,2026-06-18 00:59:00,2026-06-18 03:35:00,143,8,2
1573,9,2,10,2026-01-16 13:04:00,2026-01-16 16:32:00,388,7,2
1574,3,40,10,2026-01-13 11:31:00,2026-01-13 13:37:00,447,29,3
1575,5,13,18,2026-01-22 03:52:00,2026-01-22 05:22:00,406,16,2
1576,5,43,8,2026-04-11 02:53:00,2026-04-11 05:20:00,246,11,2
1577,1,39,10,2026-06-22 11:02:00,2026-06-22 14:19:00,425,8,1
1578,4,33,9,2026-06-06 20:29:00,2026-06-06 23:17:00,442,0,1
1579,3,23,12,2026-04-26 13:56:00,2026-04-26 15:20:00,211,5,2
1580,3,40,7,2026-06-08 10:27:00,2026-06-08 12:04:00,359,23,3
1581,3,3,15,2026-05-27 13:21:00,2026-05-27 17:14:00,170,1,1
1582,4,27,17,2026-03-28 07:29:00,2026-03-28 11:04:00,342,9,3
1583,7,19,16,2026-04-23 01:56:00,2026-04-23 05:47:00,88,4,1
1584,6,6,7,2026-02-18 04:02:00,2026-02-18 06:04:00,299,22,1
1585,6,7,14,2026-02-25 05:11:00,2026-02-25 07:05:00,471,26,3
1586,6,1,3,2026-04-13 21:26:00,2026-04-14 01:01:00,437,9,1
1587,2,16,20,2026-02-01 02:31:00,2026-02-01 03:21:00,201,12,3
1588,1,28,15,2026-04-17 13:07:00,2026-04-17 15:34:00,499,9,3
1589,9,17,3,2026-02-18 01:50:00,2026-02-18 03:51:00,132,2,2
1590,2,11,15,2026-01-06 17:04:00,2026-01-06 20:09:00,96,2,1
1591,9,2,10,2026-03-26 20:50:00,2026-03-26 22:48:00,350,11,1
1592,4,33,16,2026-01-02 21:23:00,2026-01-02 22:47:00,486,13,3
1593,8,10,8,2026-04-21 01:19:00,2026-04-21 05:12:00,74,0,1
1594,1,39,18,2026-04-15 02:55:00,2026-04-15 03:58:00,315,23,3
1595,8,26,11,2026-04-24 16:38:00,2026-04-24 20:36:00,328,1,3
1596,1,47,16,2026-05-10 10:26:00,2026-05-10 12:29:00,430,12,2
1597,4,33,13,2026-01-29 06:03:00,2026-01-29 09:48:00,306,1,2
1598,4,33,14,2026-04-13 08:53:00,2026-04-13 11:38:00,159,8,2
1599,7,37,4,2026-05-26 22:42:00,2026-05-27 00:40:00,451,27,3
1600,2,11,3,2026-01-17 13:05:00,2026-01-17 15:02:00,352,24,2
1601,6,7,7,2026-02-22 01:31:00,2026-02-22 02:49:00,405,30,1
1602,3,23,2,2026-05-14 15:53:00,2026-05-14 17:03:00,65,1,1
1603,4,27,10,2026-01-10 14:53:00,2026-01-10 17:12:00,175,4,3
1604,8,21,13,2026-03-11 21:03:00,2026-03-12 00:54:00,231,5,2
1605,6,7,6,2026-02-11 18:09:00,2026-02-11 21:39:00,252,8,2
1606,2,16,10,2026-04-18 23:20:00,2026-04-19 02:13:00,238,8,2
1607,8,15,12,2026-02-14 02:29:00,2026-02-14 03:31:00,274,4,3
1608,3,4,6,2026-06-03 06:18:00,2026-06-03 10:07:00,234,13,2
1609,1,8,2,2026-01-30 12:36:00,2026-01-30 15:55:00,480,27,3
1610,3,3,5,2026-06-04 23:37:00,2026-06-05 02:38:00,87,2,2
1611,9,17,1,2026-04-15 21:23:00,2026-04-15 22:44:00,497,5,2
1612,2,11,15,2026-05-13 15:10:00,2026-05-13 18:53:00,377,27,2
1613,2,18,18,2026-06-15 03:11:00,2026-06-15 05:49:00,464,27,3
1614,6,6,2,2026-04-23 20:26:00,2026-04-23 23:47:00,431,21,3
1615,9,50,7,2026-06-04 04:13:00,2026-06-04 07:14:00,306,13,1
1616,4,35,13,2026-04-27 17:33:00,2026-04-27 18:34:00,457,3,1
1617,5,38,6,2026-03-12 23:44:00,2026-03-13 02:37:00,440,6,1
1618,10,30,4,2026-01-27 12:55:00,2026-01-27 13:28:00,164,6,1
1619,5,41,5,2026-01-30 20:06:00,2026-01-30 21:25:00,188,4,2
1620,8,15,14,2026-02-10 15:15:00,2026-02-10 17:24:00,320,2,3
1621,8,10,11,2026-04-11 10:08:00,2026-04-11 12:54:00,152,0,1
1622,3,34,8,2026-04-13 10:13:00,2026-04-13 13:28:00,436,10,1
1623,8,26,4,2026-01-16 15:51:00,2026-01-16 19:33:00,480,28,1
1624,10,20,4,2026-01-12 06:38:00,2026-01-12 09:24:00,450,14,3
1625,2,36,14,2026-05-03 22:10:00,2026-05-04 01:13:00,338,23,3
1626,9,2,18,2026-01-24 08:05:00,2026-01-24 11:55:00,229,15,1
1627,10,24,15,2026-02-08 17:14:00,2026-02-08 19:20:00,139,5,2
1628,4,27,15,2026-01-26 00:16:00,2026-01-26 01:46:00,174,0,3
1629,3,4,10,2026-01-26 06:44:00,2026-01-26 10:15:00,147,1,2
1630,9,2,10,2026-03-12 16:42:00,2026-03-12 20:17:00,282,20,1
1631,6,7,2,2026-06-10 15:26:00,2026-06-10 18:15:00,270,18,1
1632,9,12,4,2026-01-31 11:05:00,2026-01-31 13:50:00,188,0,3
1633,3,34,20,2026-05-25 16:40:00,2026-05-25 18:18:00,60,1,1
1634,9,17,15,2026-04-05 22:43:00,2026-04-06 02:30:00,105,6,2
1635,6,6,2,2026-01-16 17:57:00,2026-01-16 20:41:00,153,2,2
1636,6,6,18,2026-01-30 02:27:00,2026-01-30 05:53:00,217,3,2
1637,3,34,8,2026-01-20 06:38:00,2026-01-20 10:18:00,475,15,2
1638,7,37,4,2026-04-29 16:34:00,2026-04-29 20:18:00,399,18,3
1639,4,35,4,2026-02-22 21:17:00,2026-02-22 22:05:00,72,2,2
1640,4,32,4,2026-02-09 05:54:00,2026-02-09 08:55:00,479,24,3
1641,1,47,10,2026-06-07 22:42:00,2026-06-08 00:02:00,196,5,3
1642,4,44,5,2026-03-08 00:05:00,2026-03-08 01:01:00,193,4,3
1643,3,46,10,2026-05-13 00:25:00,2026-05-13 03:01:00,202,13,2
1644,1,42,2,2026-02-22 18:34:00,2026-02-22 19:09:00,447,7,1
1645,1,31,6,2026-05-17 22:26:00,2026-05-18 02:12:00,375,19,2
1646,4,44,6,2026-01-24 22:26:00,2026-01-25 00:49:00,98,4,2
1647,9,45,11,2026-06-25 06:30:00,2026-06-25 07:59:00,329,26,1
1648,4,25,7,2026-04-15 04:30:00,2026-04-15 07:24:00,257,18,3
1649,3,40,10,2026-04-27 19:58:00,2026-04-27 21:43:00,342,16,2
1650,2,36,19,2026-06-28 12:47:00,2026-06-28 15:07:00,476,20,2
1651,1,42,10,2026-03-10 01:59:00,2026-03-10 03:54:00,331,21,1
1652,5,13,17,2026-01-05 00:56:00,2026-01-05 04:39:00,325,13,2
1653,3,4,18,2026-01-02 04:15:00,2026-01-02 05:43:00,474,7,2
1654,8,26,20,2026-04-09 21:33:00,2026-04-09 22:54:00,97,1,3
1655,9,2,13,2026-05-27 04:56:00,2026-05-27 06:14:00,68,0,1
1656,5,38,6,2026-06-27 11:41:00,2026-06-27 12:23:00,100,3,3
1657,8,10,3,2026-05-10 09:39:00,2026-05-10 11:04:00,196,6,2
1658,10,24,13,2026-06-04 22:21:00,2026-06-05 01:47:00,180,12,3
1659,9,17,1,2026-06-11 17:43:00,2026-06-11 21:29:00,352,23,1
1660,5,41,9,2026-05-06 06:14:00,2026-05-06 10:10:00,363,13,3
1661,4,29,12,2026-05-03 10:12:00,2026-05-03 11:54:00,68,0,3
1662,3,49,12,2026-04-29 15:38:00,2026-04-29 17:16:00,383,9,3
1663,6,7,12,2026-03-18 00:38:00,2026-03-18 01:45:00,374,26,1
1664,7,9,19,2026-05-06 16:19:00,2026-05-06 18:18:00,281,8,1
1665,7,9,17,2026-02-19 19:53:00,2026-02-19 23:38:00,109,5,1
1666,3,49,3,2026-01-17 02:24:00,2026-01-17 03:22:00,240,2,3
1667,1,39,18,2026-02-22 10:57:00,2026-02-22 14:56:00,477,35,1
1668,5,13,19,2026-03-17 16:28:00,2026-03-17 17:00:00,111,0,3
1669,6,6,1,2026-01-14 16:57:00,2026-01-14 18:05:00,474,17,2
1670,6,6,7,2026-05-22 07:15:00,2026-05-22 08:55:00,386,10,2
1671,4,27,12,2026-04-11 08:33:00,2026-04-11 10:30:00,497,13,3
1672,8,26,9,2026-05-30 01:49:00,2026-05-30 02:46:00,342,20,2
1673,6,7,18,2026-03-15 20:11:00,2026-03-15 22:59:00,293,12,3
1674,2,11,19,2026-03-30 02:37:00,2026-03-30 05:46:00,197,6,1
1675,4,32,17,2026-05-25 20:21:00,2026-05-25 23:15:00,409,3,1
1676,8,48,5,2026-02-16 17:04:00,2026-02-16 19:23:00,229,8,3
1677,4,29,13,2026-05-26 19:57:00,2026-05-26 22:18:00,167,6,3
1678,4,27,6,2026-06-08 21:00:00,2026-06-08 23:41:00,477,7,1
1679,5,43,16,2026-06-10 01:12:00,2026-06-10 01:49:00,483,23,1
1680,4,44,17,2026-05-08 00:55:00,2026-05-08 04:16:00,344,4,3
1681,4,44,19,2026-06-10 04:43:00,2026-06-10 06:58:00,411,25,1
1682,10,20,6,2026-02-07 22:06:00,2026-02-07 23:06:00,454,16,2
1683,4,33,18,2026-04-23 17:21:00,2026-04-23 20:30:00,317,12,2
1684,3,49,13,2026-03-18 15:06:00,2026-03-18 15:41:00,271,10,3
1685,4,29,18,2026-04-02 01:31:00,2026-04-02 04:40:00,147,5,2
1686,9,45,12,2026-01-08 00:48:00,2026-01-08 02:30:00,467,23,3
1687,3,4,13,2026-03-10 13:20:00,2026-03-10 14:46:00,68,2,2
1688,4,29,18,2026-06-25 07:44:00,2026-06-25 10:41:00,495,27,3
1689,4,32,7,2026-01-26 13:18:00,2026-01-26 17:16:00,346,5,1
1690,6,7,10,2026-05-11 18:41:00,2026-05-11 22:34:00,130,2,3
1691,5,43,10,2026-06-09 15:09:00,2026-06-09 15:57:00,331,4,2
1692,6,7,6,2026-02-24 23:58:00,2026-02-25 03:11:00,189,6,3
1693,8,15,14,2026-03-11 16:45:00,2026-03-11 20:26:00,86,6,2
1694,5,41,1,2026-02-11 00:38:00,2026-02-11 02:19:00,493,16,3
1695,3,14,8,2026-06-23 16:06:00,2026-06-23 18:49:00,149,8,1
1696,2,11,12,2026-06-06 02:39:00,2026-06-06 06:06:00,350,12,1
1697,2,22,4,2026-05-15 14:26:00,2026-05-15 16:48:00,496,22,1
1698,8,21,17,2026-04-08 10:51:00,2026-04-08 12:45:00,108,4,3
1699,9,50,1,2026-03-23 03:33:00,2026-03-23 05:40:00,227,9,3
1700,3,40,18,2026-05-18 08:16:00,2026-05-18 10:33:00,145,2,1
1701,10,30,15,2026-03-17 13:03:00,2026-03-17 15:31:00,363,18,3
1702,9,12,20,2026-04-13 18:57:00,2026-04-13 19:35:00,131,5,3
1703,9,17,8,2026-04-13 01:04:00,2026-04-13 04:41:00,215,1,2
1704,9,12,2,2026-06-21 12:48:00,2026-06-21 14:32:00,211,7,2
1705,3,3,14,2026-06-17 21:39:00,2026-06-18 01:21:00,167,0,2
1706,8,48,19,2026-02-04 05:14:00,2026-02-04 08:01:00,416,8,2
1707,3,40,11,2026-06-17 21:26:00,2026-06-18 00:26:00,140,7,3
1708,10,30,15,2026-04-03 14:42:00,2026-04-03 16:34:00,395,0,2
1709,10,20,10,2026-05-09 00:31:00,2026-05-09 03:07:00,411,6,3
1710,4,29,15,2026-04-15 06:35:00,2026-04-15 07:40:00,426,19,1
1711,10,30,1,2026-02-26 17:08:00,2026-02-26 18:09:00,73,2,1
1712,5,38,17,2026-05-10 07:30:00,2026-05-10 09:35:00,80,2,1
1713,3,46,9,2026-01-17 13:33:00,2026-01-17 15:45:00,396,9,3
1714,2,18,8,2026-04-06 04:38:00,2026-04-06 05:51:00,277,14,2
1715,10,20,7,2026-06-19 13:07:00,2026-06-19 16:54:00,121,0,1
1716,6,1,8,2026-05-31 03:59:00,2026-05-31 06:16:00,329,21,3
1717,8,48,1,2026-02-15 08:02:00,2026-02-15 11:18:00,55,1,2
1718,1,42,6,2026-04-30 09:30:00,2026-04-30 10:00:00,181,7,2
1719,1,42,10,2026-01-02 19:33:00,2026-01-02 21:32:00,197,13,2
1720,5,38,5,2026-04-22 10:00:00,2026-04-22 12:49:00,363,24,2
1721,4,33,2,2026-06-19 19:49:00,2026-06-19 23:02:00,193,2,1
1722,2,18,3,2026-01-31 09:29:00,2026-01-31 11:40:00,284,0,2
1723,2,5,13,2026-05-07 08:12:00,2026-05-07 09:08:00,475,15,2
1724,4,29,13,2026-02-19 00:22:00,2026-02-19 01:41:00,244,6,3
1725,7,19,9,2026-02-20 01:51:00,2026-02-20 05:02:00,52,1,1
1726,9,12,4,2026-01-23 06:46:00,2026-01-23 09:18:00,411,19,1
1727,9,50,16,2026-06-25 21:03:00,2026-06-26 00:14:00,315,4,2
1728,1,42,8,2026-04-11 07:22:00,2026-04-11 11:16:00,455,29,1
1729,5,43,8,2026-01-11 11:43:00,2026-01-11 13:31:00,69,0,1
1730,2,18,1,2026-03-17 05:25:00,2026-03-17 06:36:00,87,5,3
1731,6,1,1,2026-03-24 13:19:00,2026-03-24 14:51:00,476,5,3
1732,6,7,7,2026-03-05 10:21:00,2026-03-05 13:15:00,240,6,2
1733,2,5,15,2026-02-21 01:08:00,2026-02-21 02:48:00,116,5,3
1734,7,37,14,2026-05-13 14:39:00,2026-05-13 16:40:00,256,3,3
1735,6,6,11,2026-02-01 18:50:00,2026-02-01 19:44:00,393,29,3
1736,2,18,9,2026-01-20 03:30:00,2026-01-20 04:12:00,369,29,3
1737,4,25,12,2026-06-11 18:39:00,2026-06-11 19:21:00,102,6,1
1738,3,40,8,2026-03-11 05:06:00,2026-03-11 08:24:00,95,6,3
1739,6,7,12,2026-06-08 22:35:00,2026-06-08 23:47:00,112,1,1
1740,5,13,12,2026-01-17 06:18:00,2026-01-17 10:15:00,196,14,1
1741,1,31,12,2026-03-27 09:49:00,2026-03-27 11:41:00,108,6,2
1742,1,31,7,2026-06-20 08:40:00,2026-06-20 09:56:00,382,30,3
1743,1,8,10,2026-05-19 03:16:00,2026-05-19 06:34:00,69,1,3
1744,3,23,14,2026-02-01 06:23:00,2026-02-01 08:13:00,254,18,2
1745,2,36,17,2026-04-27 11:06:00,2026-04-27 12:43:00,351,2,1
1746,8,15,1,2026-05-18 03:35:00,2026-05-18 06:30:00,339,26,2
1747,4,27,7,2026-01-21 08:21:00,2026-01-21 09:18:00,482,5,2
1748,4,32,20,2026-05-09 09:43:00,2026-05-09 11:21:00,257,1,3
1749,4,25,1,2026-01-25 17:14:00,2026-01-25 20:35:00,200,13,2
1750,3,3,1,2026-02-09 05:30:00,2026-02-09 08:36:00,295,7,1
1751,2,18,14,2026-06-11 03:48:00,2026-06-11 06:50:00,73,4,1
1752,3,4,20,2026-06-19 14:48:00,2026-06-19 16:38:00,244,3,3
1753,7,9,10,2026-06-06 04:25:00,2026-06-06 05:00:00,379,11,2
1754,2,5,15,2026-02-05 10:35:00,2026-02-05 11:25:00,251,15,2
1755,7,19,20,2026-04-14 04:49:00,2026-04-14 05:37:00,466,14,1
1756,2,5,1,2026-03-24 04:03:00,2026-03-24 05:51:00,148,11,1
1757,3,46,6,2026-06-07 23:16:00,2026-06-08 02:00:00,493,6,1
1758,10,30,18,2026-03-14 18:23:00,2026-03-14 22:11:00,267,19,3
1759,1,31,11,2026-01-18 00:31:00,2026-01-18 03:24:00,417,7,1
1760,2,36,19,2026-02-16 18:55:00,2026-02-16 20:09:00,457,6,2
1761,9,17,19,2026-02-09 16:33:00,2026-02-09 19:13:00,459,21,3
1762,3,40,8,2026-02-01 04:23:00,2026-02-01 06:25:00,83,4,2
1763,8,21,19,2026-02-04 01:39:00,2026-02-04 03:31:00,304,10,3
1764,4,35,14,2026-01-06 13:53:00,2026-01-06 15:24:00,303,3,2
1765,1,47,7,2026-01-02 04:29:00,2026-01-02 07:41:00,203,5,3
1766,3,3,11,2026-05-27 21:45:00,2026-05-27 22:43:00,165,12,1
1767,4,44,6,2026-01-07 15:21:00,2026-01-07 17:30:00,347,2,2
1768,8,26,14,2026-06-26 05:40:00,2026-06-26 07:09:00,431,12,2
1769,3,4,15,2026-05-10 03:44:00,2026-05-10 05:57:00,89,5,2
1770,4,32,15,2026-06-26 10:41:00,2026-06-26 12:25:00,328,16,1
1771,5,13,10,2026-02-24 14:29:00,2026-02-24 17:14:00,411,20,2
1772,3,14,1,2026-01-09 23:41:00,2026-01-10 03:40:00,493,29,2
1773,8,26,1,2026-05-26 08:10:00,2026-05-26 09:25:00,52,1,3
1774,2,5,7,2026-03-09 23:41:00,2026-03-10 00:37:00,155,5,2
1775,2,36,15,2026-06-12 17:11:00,2026-06-12 21:02:00,292,12,2
1776,1,47,20,2026-04-30 06:28:00,2026-04-30 08:49:00,454,21,1
1777,4,25,6,2026-03-23 14:08:00,2026-03-23 16:08:00,184,14,3
1778,9,2,16,2026-06-29 19:05:00,2026-06-29 21:04:00,345,4,3
1779,5,38,11,2026-02-02 01:22:00,2026-02-02 02:27:00,316,14,1
1780,8,26,3,2026-02-14 17:20:00,2026-02-14 18:42:00,366,3,1
1781,1,47,2,2026-03-25 17:05:00,2026-03-25 19:34:00,365,21,1
1782,9,12,12,2026-06-01 05:11:00,2026-06-01 06:15:00,102,0,1
1783,8,10,3,2026-01-07 00:47:00,2026-01-07 04:42:00,471,36,3
1784,1,39,10,2026-03-29 15:39:00,2026-03-29 17:10:00,341,12,1
1785,9,50,19,2026-02-17 06:35:00,2026-02-17 09:42:00,62,0,3
1786,3,23,4,2026-05-06 21:01:00,2026-05-07 00:35:00,92,1,3
1787,9,12,7,2026-03-23 18:15:00,2026-03-23 20:51:00,454,22,2
1788,3,23,17,2026-04-01 04:09:00,2026-04-01 07:20:00,444,22,2
1789,5,38,7,2026-03-02 22:16:00,2026-03-02 23:30:00,309,9,1
1790,1,39,11,2026-03-21 08:48:00,2026-03-21 10:53:00,453,15,3
1791,9,50,5,2026-01-26 17:32:00,2026-01-26 20:43:00,392,22,1
1792,7,9,17,2026-01-16 13:20:00,2026-01-16 16:35:00,155,12,2
1793,3,40,3,2026-03-25 05:55:00,2026-03-25 06:34:00,199,11,2
1794,9,45,3,2026-02-10 06:04:00,2026-02-10 07:51:00,470,17,2
1795,8,21,8,2026-02-07 10:38:00,2026-02-07 12:08:00,195,9,2
1796,2,22,14,2026-04-11 07:52:00,2026-04-11 09:59:00,423,19,3
1797,6,6,15,2026-03-08 04:02:00,2026-03-08 05:02:00,326,0,2
1798,9,50,14,2026-06-23 13:15:00,2026-06-23 15:50:00,398,17,1
1799,7,37,15,2026-04-09 09:06:00,2026-04-09 10:10:00,193,2,1
1800,3,14,13,2026-01-22 03:17:00,2026-01-22 06:46:00,231,2,2
1801,3,14,10,2026-05-02 11:09:00,2026-05-02 13:06:00,158,1,3
1802,3,34,4,2026-04-20 21:30:00,2026-04-20 22:43:00,274,17,2
1803,3,46,12,2026-04-09 06:31:00,2026-04-09 07:22:00,205,1,2
1804,3,4,16,2026-06-27 02:33:00,2026-06-27 05:41:00,447,22,3
1805,1,39,16,2026-03-10 21:40:00,2026-03-11 00:37:00,366,7,1
1806,8,15,15,2026-06-13 20:39:00,2026-06-13 23:52:00,269,20,3
1807,2,11,7,2026-01-29 10:27:00,2026-01-29 14:26:00,69,4,1
1808,2,36,5,2026-04-13 05:23:00,2026-04-13 09:12:00,305,7,1
1809,8,15,9,2026-02-10 10:00:00,2026-02-10 11:35:00,65,5,1
1810,9,2,9,2026-03-26 09:59:00,2026-03-26 13:03:00,143,7,2
1811,10,24,12,2026-03-15 10:30:00,2026-03-15 14:23:00,397,15,3
1812,5,43,4,2026-01-14 04:04:00,2026-01-14 05:25:00,50,0,2
1813,8,15,3,2026-05-17 18:09:00,2026-05-17 21:25:00,384,7,3
1814,4,33,11,2026-01-22 17:55:00,2026-01-22 18:34:00,427,17,1
1815,9,2,18,2026-01-02 04:17:00,2026-01-02 07:29:00,300,0,1
1816,2,5,10,2026-06-11 19:17:00,2026-06-11 20:26:00,100,0,3
1817,4,32,11,2026-06-01 18:13:00,2026-06-01 21:35:00,70,1,1
1818,4,29,16,2026-03-09 23:05:00,2026-03-10 01:13:00,378,25,2
1819,3,34,18,2026-03-25 16:51:00,2026-03-25 17:24:00,312,5,3
1820,3,23,4,2026-02-21 10:57:00,2026-02-21 11:59:00,164,12,3
1821,4,35,8,2026-01-23 07:36:00,2026-01-23 09:52:00,92,7,3
1822,9,12,16,2026-05-05 00:28:00,2026-05-05 02:52:00,192,10,2
1823,10,30,18,2026-03-03 03:23:00,2026-03-03 06:51:00,300,11,1
1824,2,22,5,2026-01-04 21:25:00,2026-01-05 00:09:00,259,8,2
1825,3,14,6,2026-03-23 07:21:00,2026-03-23 08:49:00,181,4,3
1826,1,28,17,2026-02-22 10:44:00,2026-02-22 11:52:00,486,36,3
1827,6,7,14,2026-01-26 11:53:00,2026-01-26 14:20:00,114,3,3
1828,5,38,14,2026-05-22 20:10:00,2026-05-22 23:08:00,226,2,1
1829,7,9,16,2026-05-04 12:41:00,2026-05-04 16:26:00,282,21,2
1830,9,17,6,2026-03-14 07:08:00,2026-03-14 10:56:00,259,4,1
1831,4,44,8,2026-04-08 08:44:00,2026-04-08 11:44:00,436,19,3
1832,6,1,1,2026-02-25 06:03:00,2026-02-25 07:56:00,248,0,2
1833,10,24,2,2026-02-23 17:32:00,2026-02-23 21:12:00,356,15,2
1834,3,34,11,2026-02-20 00:35:00,2026-02-20 01:20:00,216,4,2
1835,4,44,6,2026-06-18 18:53:00,2026-06-18 20:34:00,95,6,1
1836,1,42,19,2026-06-10 11:40:00,2026-06-10 14:18:00,94,5,1
1837,6,6,20,2026-01-19 05:14:00,2026-01-19 06:40:00,173,5,1
1838,2,11,18,2026-03-11 21:03:00,2026-03-11 22:54:00,322,15,3
1839,3,46,16,2026-03-24 22:48:00,2026-03-24 23:54:00,352,17,1
1840,6,7,16,2026-05-21 09:58:00,2026-05-21 12:33:00,102,4,1
1841,2,11,3,2026-04-24 20:09:00,2026-04-24 20:41:00,374,17,3
1842,7,37,15,2026-02-17 09:28:00,2026-02-17 10:33:00,51,1,3
1843,7,9,16,2026-06-16 13:33:00,2026-06-16 17:27:00,439,20,2
1844,6,1,20,2026-06-03 22:34:00,2026-06-04 01:18:00,213,14,1
1845,1,28,2,2026-05-10 18:42:00,2026-05-10 19:21:00,187,5,2
1846,3,40,12,2026-03-02 13:07:00,2026-03-02 14:44:00,138,5,3
1847,1,31,17,2026-06-29 16:44:00,2026-06-29 18:40:00,479,34,2
1848,6,6,14,2026-02-25 11:36:00,2026-02-25 12:39:00,169,3,2
1849,9,17,2,2026-04-14 16:57:00,2026-04-14 17:39:00,77,3,1
1850,2,5,14,2026-04-01 13:08:00,2026-04-01 16:46:00,151,7,1
1851,3,14,19,2026-01-28 23:51:00,2026-01-29 01:32:00,297,11,2
1852,4,35,10,2026-04-14 10:00:00,2026-04-14 13:06:00,458,2,1
1853,8,15,4,2026-03-28 20:08:00,2026-03-28 21:34:00,347,8,2
1854,4,29,19,2026-06-29 20:49:00,2026-06-30 00:46:00,293,1,3
1855,9,50,10,2026-05-06 08:23:00,2026-05-06 09:09:00,309,12,2
1856,2,22,2,2026-06-08 10:50:00,2026-06-08 12:54:00,488,36,3
1857,2,16,5,2026-04-26 18:50:00,2026-04-26 21:52:00,114,4,1
1858,2,11,10,2026-01-25 04:48:00,2026-01-25 06:56:00,360,11,3
1859,9,12,8,2026-04-09 01:00:00,2026-04-09 02:12:00,180,2,1
1860,4,29,17,2026-03-14 19:01:00,2026-03-14 21:09:00,140,6,2
1861,1,42,3,2026-01-19 13:48:00,2026-01-19 17:48:00,458,1,1
1862,3,3,2,2026-03-23 14:23:00,2026-03-23 17:14:00,217,8,1
1863,10,24,2,2026-05-21 23:33:00,2026-05-22 01:41:00,165,9,3
1864,4,35,20,2026-06-02 18:40:00,2026-06-02 20:58:00,294,17,1
1865,2,36,4,2026-01-08 04:31:00,2026-01-08 06:14:00,411,9,2
1866,5,38,13,2026-03-26 04:00:00,2026-03-26 05:26:00,336,26,3
1867,3,4,3,2026-05-29 05:29:00,2026-05-29 07:15:00,369,5,3
1868,3,46,13,2026-06-04 07:12:00,2026-06-04 08:05:00,449,27,2
1869,1,39,19,2026-04-06 22:26:00,2026-04-06 23:55:00,313,19,1
1870,10,24,7,2026-03-10 21:48:00,2026-03-10 22:18:00,435,3,2
1871,9,17,16,2026-02-23 18:04:00,2026-02-23 18:41:00,358,3,3
1872,1,39,17,2026-01-11 23:23:00,2026-01-12 03:22:00,196,14,1
1873,6,7,6,2026-01-06 05:08:00,2026-01-06 09:06:00,178,5,2
1874,8,10,20,2026-03-19 23:55:00,2026-03-20 03:06:00,500,24,2
1875,2,18,19,2026-01-26 08:04:00,2026-01-26 11:50:00,90,5,2
1876,2,36,20,2026-05-02 04:05:00,2026-05-02 06:01:00,171,5,2
1877,5,13,12,2026-05-22 11:17:00,2026-05-22 14:12:00,131,5,1
1878,3,40,18,2026-03-21 12:53:00,2026-03-21 13:46:00,65,3,3
1879,8,10,3,2026-05-20 13:38:00,2026-05-20 16:24:00,366,2,1
1880,9,17,12,2026-05-05 22:49:00,2026-05-06 01:46:00,359,26,2
1881,9,2,20,2026-02-09 02:14:00,2026-02-09 04:12:00,335,8,1
1882,4,29,4,2026-06-24 00:34:00,2026-06-24 03:32:00,486,13,1
1883,5,38,6,2026-06-05 20:40:00,2026-06-05 22:52:00,108,5,1
1884,9,45,5,2026-04-08 20:21:00,2026-04-08 21:00:00,224,4,1
1885,9,50,15,2026-02-24 05:42:00,2026-02-24 06:47:00,179,2,1
1886,3,23,4,2026-02-22 02:17:00,2026-02-22 04:00:00,470,25,1
1887,1,39,19,2026-02-23 08:22:00,2026-02-23 09:11:00,359,0,2
1888,8,21,12,2026-01-19 09:30:00,2026-01-19 13:22:00,86,0,3
1889,3,34,18,2026-05-23 09:30:00,2026-05-23 13:10:00,421,8,1
1890,9,50,10,2026-05-31 11:22:00,2026-05-31 12:15:00,474,31,2
1891,3,46,6,2026-06-10 12:10:00,2026-06-10 15:20:00,283,2,2
1892,3,40,1,2026-06-25 06:56:00,2026-06-25 09:23:00,189,11,2
1893,5,43,10,2026-01-03 07:16:00,2026-01-03 10:45:00,391,30,1
1894,2,11,5,2026-04-13 06:29:00,2026-04-13 09:16:00,237,10,3
1895,9,2,15,2026-06-21 01:40:00,2026-06-21 05:03:00,223,5,1
1896,2,36,20,2026-05-10 08:11:00,2026-05-10 12:02:00,386,22,2
1897,9,45,5,2026-01-28 09:28:00,2026-01-28 11:53:00,394,29,2
1898,3,34,17,2026-03-16 04:47:00,2026-03-16 05:56:00,337,26,1
1899,9,12,12,2026-02-17 16:58:00,2026-02-17 20:45:00,136,1,3
1900,2,22,13,2026-05-29 19:14:00,2026-05-29 21:18:00,459,34,1
1901,3,14,18,2026-03-30 10:21:00,2026-03-30 12:21:00,229,12,3
1902,4,27,16,2026-02-24 20:51:00,2026-02-24 23:51:00,467,17,1
1903,3,23,10,2026-03-20 21:14:00,2026-03-20 23:38:00,362,13,2
1904,9,45,13,2026-02-16 02:41:00,2026-02-16 04:13:00,365,4,3
1905,4,29,12,2026-06-20 00:13:00,2026-06-20 02:11:00,130,8,1
1906,8,10,20,2026-03-28 22:32:00,2026-03-28 23:17:00,303,24,2
1907,5,13,17,2026-06-18 14:33:00,2026-06-18 16:52:00,269,13,1
1908,1,42,4,2026-04-21 05:08:00,2026-04-21 06:21:00,446,6,3
1909,10,30,9,2026-03-23 13:15:00,2026-03-23 13:55:00,322,13,1
1910,9,17,18,2026-06-10 23:12:00,2026-06-11 02:51:00,217,12,3
1911,2,16,5,2026-02-08 00:51:00,2026-02-08 04:19:00,395,11,1
1912,8,26,10,2026-01-10 08:28:00,2026-01-10 11:42:00,436,11,1
1913,10,24,6,2026-02-03 17:19:00,2026-02-03 21:13:00,435,30,3
1914,3,3,2,2026-03-25 00:10:00,2026-03-25 03:54:00,288,10,2
1915,10,30,3,2026-06-01 14:38:00,2026-06-01 16:01:00,67,3,3
1916,2,36,1,2026-01-04 20:07:00,2026-01-04 21:32:00,53,1,2
1917,7,9,15,2026-04-04 04:01:00,2026-04-04 06:02:00,67,1,1
1918,2,18,20,2026-02-19 12:19:00,2026-02-19 14:19:00,275,19,2
1919,3,23,9,2026-04-28 21:07:00,2026-04-28 22:37:00,172,5,1
1920,1,39,20,2026-04-14 10:58:00,2026-04-14 13:11:00,60,4,1
1921,5,13,11,2026-05-14 04:28:00,2026-05-14 07:53:00,481,16,1
1922,5,41,4,2026-04-02 18:00:00,2026-04-02 19:25:00,495,3,1
1923,2,18,7,2026-05-06 04:22:00,2026-05-06 07:30:00,290,8,2
1924,8,48,7,2026-06-15 14:09:00,2026-06-15 16:20:00,444,0,1
1925,3,46,14,2026-04-04 14:58:00,2026-04-04 15:31:00,299,20,3
1926,7,37,5,2026-03-16 16:10:00,2026-03-16 19:07:00,384,0,1
1927,4,27,17,2026-02-17 12:44:00,2026-02-17 15:49:00,266,17,1
1928,4,35,1,2026-06-23 02:03:00,2026-06-23 05:39:00,409,29,2
1929,1,39,18,2026-04-30 08:28:00,2026-04-30 09:28:00,64,2,3
1930,2,22,2,2026-05-13 02:00:00,2026-05-13 03:24:00,248,7,1
1931,2,22,18,2026-01-16 12:19:00,2026-01-16 14:33:00,83,5,3
1932,7,37,2,2026-05-02 23:02:00,2026-05-03 01:35:00,280,10,1
1933,1,8,3,2026-04-07 09:37:00,2026-04-07 12:00:00,54,0,2
1934,4,32,3,2026-01-28 20:20:00,2026-01-28 21:57:00,374,15,2
1935,8,26,14,2026-04-01 15:15:00,2026-04-01 16:14:00,297,3,3
1936,10,30,9,2026-01-21 01:01:00,2026-01-21 02:33:00,186,8,3
1937,5,13,12,2026-06-07 21:16:00,2026-06-08 00:09:00,463,1,3
1938,3,3,14,2026-04-24 11:25:00,2026-04-24 14:30:00,195,1,3
1939,7,19,8,2026-02-12 08:19:00,2026-02-12 11:23:00,451,21,3
1940,8,26,8,2026-02-21 22:57:00,2026-02-22 00:29:00,284,12,2
1941,9,45,11,2026-05-27 13:41:00,2026-05-27 14:32:00,173,3,2
1942,4,27,12,2026-02-08 03:22:00,2026-02-08 04:36:00,147,2,2
1943,8,48,15,2026-03-07 17:53:00,2026-03-07 18:50:00,112,0,3
1944,9,50,4,2026-05-06 00:41:00,2026-05-06 03:13:00,147,9,1
1945,3,46,9,2026-04-16 19:00:00,2026-04-16 21:11:00,271,1,3
1946,2,22,2,2026-06-02 11:45:00,2026-06-02 12:33:00,213,16,2
1947,2,22,16,2026-01-25 10:42:00,2026-01-25 11:34:00,406,29,3
1948,2,11,20,2026-03-27 07:38:00,2026-03-27 09:28:00,431,11,2
1949,4,27,18,2026-01-01 21:53:00,2026-01-02 01:14:00,237,5,1
1950,3,40,7,2026-01-14 20:51:00,2026-01-15 00:47:00,308,10,3
1951,6,7,3,2026-01-25 05:56:00,2026-01-25 09:14:00,188,13,1
1952,8,21,5,2026-06-20 09:14:00,2026-06-20 12:00:00,424,11,1
1953,9,50,7,2026-06-26 16:43:00,2026-06-26 17:45:00,250,11,3
1954,8,26,6,2026-06-01 08:33:00,2026-06-01 11:33:00,363,12,1
1955,8,21,20,2026-05-08 22:33:00,2026-05-08 23:48:00,370,28,2
1956,1,31,6,2026-05-25 13:58:00,2026-05-25 16:34:00,217,6,3
1957,5,43,6,2026-03-18 15:03:00,2026-03-18 17:41:00,81,2,1
1958,3,4,12,2026-05-29 17:29:00,2026-05-29 18:11:00,232,15,1
1959,10,20,14,2026-05-30 11:05:00,2026-05-30 12:07:00,313,14,1
1960,4,32,8,2026-05-12 00:12:00,2026-05-12 01:47:00,285,15,2
1961,9,45,3,2026-05-27 20:04:00,2026-05-27 22:07:00,468,1,1
1962,2,11,16,2026-05-20 09:52:00,2026-05-20 12:15:00,435,2,1
1963,6,6,7,2026-04-06 01:29:00,2026-04-06 04:17:00,64,0,1
1964,4,35,20,2026-05-29 13:34:00,2026-05-29 17:04:00,230,11,3
1965,6,6,7,2026-01-22 05:44:00,2026-01-22 08:34:00,258,7,2
1966,1,39,14,2026-05-06 00:46:00,2026-05-06 02:20:00,159,2,3
1967,1,31,13,2026-01-29 20:55:00,2026-01-29 22:13:00,261,4,1
1968,8,26,16,2026-04-14 20:16:00,2026-04-14 23:47:00,385,19,2
1969,2,16,2,2026-01-17 10:29:00,2026-01-17 13:36:00,358,15,1
1970,8,26,20,2026-03-23 12:28:00,2026-03-23 15:06:00,416,7,1
1971,3,4,8,2026-04-14 04:52:00,2026-04-14 08:17:00,431,15,2
1972,1,8,2,2026-02-06 17:07:00,2026-02-06 18:51:00,415,27,3
1973,4,33,5,2026-04-17 23:32:00,2026-04-18 02:01:00,148,3,3
1974,3,34,20,2026-01-24 19:50:00,2026-01-24 20:46:00,211,13,1
1975,2,36,17,2026-05-11 02:27:00,2026-05-11 05:55:00,243,15,2
1976,8,15,12,2026-01-04 15:57:00,2026-01-04 19:16:00,401,3,3
1977,3,49,17,2026-05-29 14:41:00,2026-05-29 17:35:00,251,7,2
1978,2,22,10,2026-06-18 07:54:00,2026-06-18 11:16:00,167,8,1
1979,7,37,16,2026-03-28 07:49:00,2026-03-28 10:50:00,71,4,2
1980,8,48,12,2026-02-18 09:54:00,2026-02-18 11:48:00,469,36,1
1981,4,27,1,2026-01-31 18:34:00,2026-01-31 21:52:00,371,3,3
1982,1,8,14,2026-06-23 14:05:00,2026-06-23 17:40:00,430,33,2
1983,2,11,8,2026-03-01 23:41:00,2026-03-02 01:02:00,490,26,3
1984,4,33,3,2026-03-22 09:45:00,2026-03-22 12:07:00,53,0,1
1985,3,46,10,2026-05-24 06:49:00,2026-05-24 09:41:00,174,7,2
1986,9,50,20,2026-04-28 19:03:00,2026-04-28 22:21:00,155,5,3
1987,9,2,6,2026-06-12 10:49:00,2026-06-12 12:38:00,99,6,1
1988,4,25,17,2026-05-23 15:12:00,2026-05-23 16:23:00,319,24,3
1989,4,27,11,2026-02-13 14:29:00,2026-02-13 17:58:00,382,16,3
1990,10,20,1,2026-01-21 22:50:00,2026-01-22 00:40:00,489,21,1
1991,2,16,18,2026-06-26 11:47:00,2026-06-26 14:45:00,290,13,2
1992,6,6,4,2026-03-21 15:24:00,2026-03-21 19:00:00,158,4,2
1993,1,42,12,2026-06-15 05:50:00,2026-06-15 08:17:00,256,19,2
1994,4,35,4,2026-06-17 21:55:00,2026-06-18 01:16:00,487,20,1
1995,4,44,4,2026-04-12 04:02:00,2026-04-12 06:52:00,315,14,2
1996,9,45,13,2026-05-01 13:48:00,2026-05-01 16:25:00,111,8,1
1997,8,26,8,2026-05-27 15:40:00,2026-05-27 17:25:00,299,12,3
1998,7,37,1,2026-03-10 11:17:00,2026-03-10 12:41:00,338,8,3
1999,6,1,10,2026-03-29 18:18:00,2026-03-29 19:58:00,460,8,1
2000,3,46,10,2026-04-11 21:26:00,2026-04-11 23:48:00,390,28,3
2001,2,11,11,2026-06-27 22:04:00,2026-06-28 01:53:00,79,0,2
2002,8,21,5,2026-03-08 10:01:00,2026-03-08 10:32:00,365,25,3
2003,2,11,14,2026-02-01 20:23:00,2026-02-01 23:55:00,159,6,2
2004,4,35,8,2026-04-22 20:30:00,2026-04-23 00:12:00,463,8,1
2005,8,15,4,2026-04-05 03:22:00,2026-04-05 05:57:00,199,1,3
2006,4,35,12,2026-06-22 12:03:00,2026-06-22 15:27:00,321,25,2
2007,7,9,5,2026-03-12 07:02:00,2026-03-12 10:58:00,251,6,1
2008,10,30,2,2026-04-21 17:19:00,2026-04-21 18:49:00,201,10,3
2009,4,44,2,2026-05-04 15:03:00,2026-05-04 15:33:00,231,14,2
2010,3,23,8,2026-01-10 19:53:00,2026-01-10 21:28:00,192,7,1
2011,5,43,17,2026-06-27 04:15:00,2026-06-27 06:47:00,100,6,1
2012,3,23,3,2026-02-15 12:58:00,2026-02-15 13:57:00,404,20,2
2013,6,6,1,2026-04-05 07:34:00,2026-04-05 11:11:00,420,23,1
2014,8,10,11,2026-04-11 17:19:00,2026-04-11 18:55:00,153,7,3
2015,2,36,16,2026-05-13 20:42:00,2026-05-13 22:32:00,398,4,2
2016,4,32,3,2026-04-06 23:45:00,2026-04-07 01:56:00,73,2,2
2017,4,29,18,2026-04-08 12:13:00,2026-04-08 16:12:00,104,7,3
2018,5,43,3,2026-04-04 21:45:00,2026-04-05 01:31:00,105,4,2
2019,3,40,11,2026-02-10 18:37:00,2026-02-10 21:10:00,271,4,3
2020,3,4,1,2026-01-08 17:41:00,2026-01-08 19:20:00,166,7,1
2021,7,9,17,2026-01-12 23:48:00,2026-01-13 02:54:00,119,7,3
2022,6,1,18,2026-03-28 21:21:00,2026-03-29 00:49:00,68,4,2
2023,4,29,12,2026-05-21 09:52:00,2026-05-21 10:28:00,463,31,2
2024,6,1,1,2026-03-26 14:09:00,2026-03-26 15:28:00,52,3,1
2025,2,11,10,2026-02-02 10:16:00,2026-02-02 10:55:00,251,17,3
2026,3,23,10,2026-02-10 07:41:00,2026-02-10 08:43:00,475,18,2
2027,10,20,14,2026-01-15 14:03:00,2026-01-15 15:59:00,321,8,3
2028,3,34,18,2026-05-09 09:16:00,2026-05-09 10:02:00,223,5,1
2029,1,8,4,2026-02-27 07:44:00,2026-02-27 10:41:00,447,5,3
2030,8,15,6,2026-01-22 11:05:00,2026-01-22 12:59:00,220,14,2
2031,1,47,11,2026-04-25 04:26:00,2026-04-25 08:05:00,240,15,3
2032,10,30,5,2026-01-20 06:17:00,2026-01-20 08:31:00,111,4,1
2033,4,35,20,2026-03-18 13:27:00,2026-03-18 14:21:00,429,18,1
2034,5,13,12,2026-01-01 23:02:00,2026-01-02 00:01:00,437,28,1
2035,10,30,19,2026-01-01 00:12:00,2026-01-01 03:17:00,52,1,2
2036,9,2,6,2026-05-09 00:42:00,2026-05-09 03:28:00,56,0,1
2037,2,18,10,2026-05-03 14:35:00,2026-05-03 15:59:00,172,3,2
2038,6,7,9,2026-05-13 00:43:00,2026-05-13 01:45:00,494,13,1
2039,9,50,2,2026-01-20 14:57:00,2026-01-20 18:22:00,75,2,2
2040,4,27,2,2026-06-27 02:58:00,2026-06-27 05:48:00,227,10,3
2041,5,41,10,2026-01-02 21:26:00,2026-01-03 00:13:00,306,0,3
2042,1,28,11,2026-05-17 11:24:00,2026-05-17 13:04:00,344,13,3
2043,3,40,7,2026-03-04 22:28:00,2026-03-05 01:52:00,122,5,1
2044,3,46,7,2026-04-08 04:44:00,2026-04-08 07:18:00,82,1,3
2045,2,5,8,2026-06-03 15:53:00,2026-06-03 16:40:00,450,9,1
2046,4,29,16,2026-05-16 03:12:00,2026-05-16 05:08:00,139,7,1
2047,1,39,3,2026-02-12 09:30:00,2026-02-12 11:14:00,147,1,1
2048,8,10,7,2026-03-30 01:17:00,2026-03-30 02:26:00,78,1,2
2049,3,34,13,2026-06-25 14:50:00,2026-06-25 17:25:00,484,32,3
2050,4,32,16,2026-02-12 17:33:00,2026-02-12 18:25:00,71,5,1
2051,4,35,20,2026-05-24 12:39:00,2026-05-24 13:48:00,437,27,1
2052,6,1,5,2026-06-01 14:38:00,2026-06-01 18:31:00,420,13,1
2053,3,14,9,2026-06-17 21:46:00,2026-06-17 23:42:00,478,26,1
2054,2,16,10,2026-02-19 02:18:00,2026-02-19 05:28:00,274,0,3
2055,4,44,15,2026-01-15 17:32:00,2026-01-15 18:51:00,63,2,2
2056,2,36,20,2026-02-23 13:36:00,2026-02-23 16:38:00,172,10,1
2057,2,18,9,2026-06-20 18:26:00,2026-06-20 19:34:00,188,2,2
2058,5,38,5,2026-04-18 11:28:00,2026-04-18 14:39:00,392,8,3
2059,8,10,9,2026-04-23 19:25:00,2026-04-23 20:29:00,169,7,3
2060,4,27,20,2026-03-16 09:04:00,2026-03-16 11:44:00,157,7,3
2061,1,42,12,2026-03-08 17:58:00,2026-03-08 21:38:00,212,15,3
2062,5,43,12,2026-05-28 18:28:00,2026-05-28 21:28:00,469,7,1
2063,1,8,14,2026-05-31 13:11:00,2026-05-31 13:57:00,380,12,1
2064,1,42,18,2026-05-14 02:12:00,2026-05-14 05:21:00,304,5,2
2065,3,23,3,2026-06-14 14:54:00,2026-06-14 17:41:00,424,4,2
2066,1,39,3,2026-06-05 20:45:00,2026-06-06 00:10:00,439,6,1
2067,1,42,8,2026-06-23 21:08:00,2026-06-23 22:53:00,66,4,2
2068,3,46,20,2026-03-19 08:17:00,2026-03-19 09:28:00,214,17,1
2069,10,20,15,2026-03-16 21:11:00,2026-03-16 23:14:00,119,0,1
2070,1,31,10,2026-01-05 11:10:00,2026-01-05 12:52:00,189,13,2
2071,4,35,11,2026-01-18 04:43:00,2026-01-18 05:51:00,269,10,3
2072,2,36,6,2026-06-09 12:26:00,2026-06-09 14:28:00,253,8,3
2073,8,48,15,2026-01-02 09:42:00,2026-01-02 13:34:00,139,7,1
2074,2,18,5,2026-03-09 23:23:00,2026-03-10 01:00:00,232,0,3
2075,5,38,9,2026-05-30 17:59:00,2026-05-30 19:29:00,405,4,3
2076,9,2,10,2026-01-13 16:44:00,2026-01-13 18:47:00,77,4,2
2077,3,40,4,2026-04-11 04:40:00,2026-04-11 06:11:00,347,20,1
2078,9,12,4,2026-01-09 19:42:00,2026-01-09 22:20:00,459,7,3
2079,3,46,3,2026-01-15 12:59:00,2026-01-15 15:18:00,418,19,1
2080,1,31,19,2026-01-04 06:43:00,2026-01-04 10:33:00,189,4,2
2081,2,18,7,2026-04-30 21:44:00,2026-05-01 01:38:00,231,6,3
2082,7,9,14,2026-06-06 07:57:00,2026-06-06 08:42:00,194,5,3
2083,10,30,11,2026-04-10 08:39:00,2026-04-10 10:01:00,474,31,2
2084,7,19,16,2026-02-13 15:39:00,2026-02-13 16:17:00,356,0,1
2085,7,19,12,2026-04-23 08:50:00,2026-04-23 11:29:00,354,24,2
2086,10,30,1,2026-04-05 22:34:00,2026-04-06 01:50:00,452,33,1
2087,3,40,11,2026-03-19 22:03:00,2026-03-19 23:24:00,489,33,3
2088,4,25,15,2026-03-09 21:52:00,2026-03-09 23:51:00,354,21,1
2089,1,42,9,2026-04-17 09:19:00,2026-04-17 11:29:00,394,24,2
2090,8,21,11,2026-01-20 18:45:00,2026-01-20 20:58:00,381,28,1
2091,5,43,19,2026-06-22 03:44:00,2026-06-22 07:42:00,95,2,2
2092,3,49,2,2026-04-10 02:26:00,2026-04-10 03:54:00,475,25,1
2093,5,38,7,2026-01-17 18:00:00,2026-01-17 20:42:00,436,10,1
2094,5,41,12,2026-06-12 20:12:00,2026-06-12 23:35:00,305,14,1
2095,1,47,17,2026-03-19 23:18:00,2026-03-20 00:32:00,164,10,1
2096,3,23,13,2026-01-06 02:24:00,2026-01-06 05:44:00,292,0,3
2097,8,15,16,2026-06-02 05:49:00,2026-06-02 06:19:00,420,11,3
2098,4,27,14,2026-03-17 08:48:00,2026-03-17 11:25:00,336,12,3
2099,6,1,1,2026-01-19 07:34:00,2026-01-19 10:00:00,77,3,3
2100,5,13,16,2026-02-20 13:47:00,2026-02-20 17:31:00,73,3,3
2101,3,23,18,2026-05-30 23:05:00,2026-05-31 01:23:00,437,24,2
2102,1,31,18,2026-01-21 18:36:00,2026-01-21 19:11:00,182,9,1
2103,4,44,14,2026-03-07 00:18:00,2026-03-07 00:49:00,486,4,2
2104,9,2,11,2026-04-28 03:59:00,2026-04-28 04:45:00,143,2,1
2105,1,39,10,2026-02-15 21:13:00,2026-02-16 00:50:00,199,0,1
2106,8,48,13,2026-02-02 20:25:00,2026-02-02 21:12:00,198,3,2
2107,7,37,4,2026-02-02 07:06:00,2026-02-02 09:32:00,242,8,1
2108,5,43,13,2026-03-19 11:48:00,2026-03-19 12:33:00,287,0,2
2109,9,12,10,2026-01-09 12:45:00,2026-01-09 15:03:00,89,1,1
2110,10,24,20,2026-04-13 16:22:00,2026-04-13 18:45:00,194,2,1
2111,3,4,18,2026-06-22 06:41:00,2026-06-22 07:21:00,91,3,3
2112,10,30,6,2026-04-13 08:06:00,2026-04-13 11:01:00,352,0,1
2113,10,24,16,2026-04-16 00:53:00,2026-04-16 04:11:00,390,21,3
2114,3,4,20,2026-03-09 23:39:00,2026-03-10 03:25:00,474,35,3
2115,5,38,13,2026-05-21 18:03:00,2026-05-21 18:42:00,335,17,3
2116,6,1,16,2026-03-31 11:02:00,2026-03-31 12:05:00,229,14,2
2117,4,44,3,2026-04-24 12:54:00,2026-04-24 16:22:00,366,14,3
2118,2,16,19,2026-04-15 00:52:00,2026-04-15 01:49:00,100,7,3
2119,1,47,14,2026-03-22 10:32:00,2026-03-22 12:50:00,474,4,3
2120,2,11,9,2026-03-22 12:53:00,2026-03-22 16:21:00,482,4,3
2121,5,13,10,2026-05-16 08:38:00,2026-05-16 12:28:00,66,0,2
2122,9,50,18,2026-06-17 11:47:00,2026-06-17 12:39:00,448,21,1
2123,6,7,13,2026-04-22 03:41:00,2026-04-22 04:37:00,188,11,1
2124,6,1,1,2026-01-15 00:13:00,2026-01-15 03:38:00,229,12,2
2125,8,48,10,2026-02-14 00:37:00,2026-02-14 01:50:00,366,13,1
2126,8,21,4,2026-03-31 01:39:00,2026-03-31 04:18:00,336,24,2
2127,3,34,13,2026-03-06 14:31:00,2026-03-06 17:43:00,99,0,1
2128,2,22,9,2026-01-04 23:40:00,2026-01-05 01:26:00,246,0,3
2129,4,33,10,2026-06-13 20:22:00,2026-06-13 21:44:00,160,5,3
2130,2,5,6,2026-06-24 03:42:00,2026-06-24 05:04:00,259,6,1
2131,3,23,7,2026-05-11 18:20:00,2026-05-11 19:34:00,211,2,1
2132,1,8,14,2026-03-19 12:34:00,2026-03-19 15:42:00,57,2,1
2133,3,4,11,2026-05-08 19:50:00,2026-05-08 20:53:00,421,5,3
2134,2,11,8,2026-05-02 07:06:00,2026-05-02 10:04:00,176,11,2
2135,7,37,18,2026-04-04 16:09:00,2026-04-04 19:38:00,455,6,1
2136,8,26,8,2026-02-02 15:54:00,2026-02-02 18:52:00,422,12,1
2137,7,9,11,2026-01-07 20:43:00,2026-01-08 00:34:00,81,4,1
2138,6,7,17,2026-03-27 11:47:00,2026-03-27 15:32:00,65,4,3
2139,3,3,20,2026-04-28 03:59:00,2026-04-28 06:51:00,120,5,2
2140,8,21,5,2026-02-16 15:23:00,2026-02-16 18:07:00,420,10,3
2141,4,33,5,2026-04-28 00:23:00,2026-04-28 03:15:00,244,0,1
2142,7,37,9,2026-05-29 06:44:00,2026-05-29 09:05:00,166,10,2
2143,10,30,18,2026-03-16 07:36:00,2026-03-16 08:30:00,70,1,1
2144,2,36,9,2026-06-23 00:17:00,2026-06-23 03:37:00,171,8,2
2145,2,5,17,2026-06-10 15:28:00,2026-06-10 19:03:00,338,4,2
2146,2,16,11,2026-03-07 00:22:00,2026-03-07 03:43:00,416,20,2
2147,9,17,20,2026-01-30 09:10:00,2026-01-30 12:44:00,131,0,1
2148,2,22,8,2026-04-11 15:13:00,2026-04-11 17:55:00,500,34,1
2149,3,34,15,2026-03-30 00:01:00,2026-03-30 02:50:00,268,7,2
2150,5,43,9,2026-01-05 02:58:00,2026-01-05 05:59:00,294,21,1
2151,5,13,15,2026-03-02 10:31:00,2026-03-02 13:08:00,387,17,2
2152,3,3,10,2026-01-06 17:36:00,2026-01-06 20:41:00,379,23,1
2153,1,31,19,2026-06-22 19:08:00,2026-06-22 23:05:00,156,1,1
2154,2,18,15,2026-03-05 05:41:00,2026-03-05 08:38:00,114,6,2
2155,2,36,20,2026-04-20 16:07:00,2026-04-20 17:10:00,228,1,1
2156,3,3,9,2026-01-11 09:54:00,2026-01-11 11:49:00,260,8,3
2157,8,10,16,2026-01-11 03:05:00,2026-01-11 05:41:00,491,23,1
2158,1,39,13,2026-02-26 09:57:00,2026-02-26 11:56:00,96,3,1
2159,2,11,2,2026-02-26 12:38:00,2026-02-26 15:40:00,136,3,2
2160,10,30,9,2026-03-16 00:21:00,2026-03-16 02:26:00,253,13,3
2161,4,27,15,2026-01-15 13:05:00,2026-01-15 16:55:00,495,9,1
2162,9,12,5,2026-06-28 15:44:00,2026-06-28 18:17:00,220,14,1
2163,4,33,1,2026-01-17 09:17:00,2026-01-17 09:55:00,154,10,1
2164,4,32,15,2026-01-21 09:58:00,2026-01-21 11:45:00,172,8,2
2165,4,33,13,2026-01-16 22:34:00,2026-01-17 01:38:00,389,8,3
2166,2,5,17,2026-01-07 23:29:00,2026-01-08 02:55:00,248,4,1
2167,4,32,8,2026-02-08 20:52:00,2026-02-08 23:35:00,63,2,1
2168,2,11,17,2026-06-04 06:47:00,2026-06-04 10:23:00,219,13,2
2169,3,40,9,2026-02-14 00:56:00,2026-02-14 01:59:00,333,18,1
2170,4,29,17,2026-06-05 11:43:00,2026-06-05 13:54:00,194,14,3
2171,10,30,4,2026-01-23 18:21:00,2026-01-23 19:44:00,183,11,1
2172,2,22,15,2026-04-06 09:38:00,2026-04-06 11:05:00,275,18,3
2173,2,22,2,2026-03-13 03:32:00,2026-03-13 06:11:00,310,17,3
2174,6,1,6,2026-01-18 13:13:00,2026-01-18 15:38:00,419,7,3
2175,2,11,9,2026-05-09 16:12:00,2026-05-09 18:23:00,307,15,3
2176,2,11,16,2026-01-04 04:25:00,2026-01-04 07:30:00,81,3,2
2177,9,45,7,2026-04-10 19:30:00,2026-04-10 20:45:00,210,4,1
2178,1,31,18,2026-05-29 21:47:00,2026-05-29 22:48:00,405,31,3
2179,10,20,1,2026-03-10 12:07:00,2026-03-10 15:09:00,190,2,3
2180,1,31,10,2026-04-25 20:39:00,2026-04-25 23:43:00,175,10,2
2181,3,23,2,2026-04-21 19:09:00,2026-04-21 20:07:00,71,4,2
2182,4,27,17,2026-04-07 08:13:00,2026-04-07 10:51:00,309,21,2
2183,10,24,3,2026-02-27 03:42:00,2026-02-27 07:41:00,452,22,2
2184,1,47,4,2026-05-22 04:59:00,2026-05-22 06:02:00,345,25,2
2185,5,38,18,2026-04-07 20:41:00,2026-04-07 23:27:00,424,28,2
2186,9,12,3,2026-03-25 12:45:00,2026-03-25 13:44:00,392,20,2
2187,9,50,1,2026-03-19 00:14:00,2026-03-19 01:37:00,88,2,3
2188,4,32,6,2026-06-06 18:18:00,2026-06-06 19:32:00,137,10,1
2189,2,5,19,2026-05-26 15:49:00,2026-05-26 17:05:00,339,25,1
2190,8,21,7,2026-03-28 01:58:00,2026-03-28 03:32:00,152,8,1
2191,3,49,12,2026-05-22 14:17:00,2026-05-22 15:03:00,304,16,2
2192,1,31,18,2026-03-04 00:44:00,2026-03-04 02:42:00,83,1,3
2193,4,33,16,2026-05-03 17:12:00,2026-05-03 20:55:00,54,4,2
2194,8,26,15,2026-04-28 19:15:00,2026-04-28 22:22:00,112,6,1
2195,1,28,4,2026-02-24 11:57:00,2026-02-24 13:28:00,56,3,1
2196,3,49,5,2026-02-07 09:08:00,2026-02-07 12:31:00,363,5,3
2197,2,11,7,2026-05-08 20:59:00,2026-05-08 22:26:00,436,5,1
2198,7,9,2,2026-04-05 20:41:00,2026-04-06 00:31:00,246,3,2
2199,5,13,1,2026-02-17 12:40:00,2026-02-17 13:48:00,95,6,3
2200,6,6,9,2026-05-04 22:02:00,2026-05-05 00:12:00,143,7,2
2201,3,3,20,2026-06-07 01:55:00,2026-06-07 03:13:00,52,1,3
2202,5,43,18,2026-04-16 03:06:00,2026-04-16 04:51:00,274,11,1
2203,3,23,14,2026-06-29 08:30:00,2026-06-29 12:01:00,343,3,1
2204,3,4,8,2026-04-20 12:37:00,2026-04-20 14:23:00,215,16,3
2205,9,2,20,2026-01-02 00:44:00,2026-01-02 03:59:00,78,2,1
2206,4,33,2,2026-04-05 01:11:00,2026-04-05 03:58:00,470,24,1
2207,4,35,15,2026-01-04 02:02:00,2026-01-04 04:18:00,405,16,2
2208,4,32,20,2026-03-10 09:13:00,2026-03-10 11:36:00,99,5,3
2209,2,11,19,2026-03-15 03:43:00,2026-03-15 06:00:00,463,12,1
2210,2,18,3,2026-05-03 16:19:00,2026-05-03 16:52:00,387,29,1
2211,1,42,4,2026-05-29 21:34:00,2026-05-30 01:29:00,321,0,3
2212,7,37,13,2026-03-30 11:56:00,2026-03-30 14:15:00,500,10,2
2213,9,45,10,2026-05-22 15:06:00,2026-05-22 17:32:00,69,3,1
2214,2,11,18,2026-06-15 06:38:00,2026-06-15 09:25:00,283,12,2
2215,10,30,13,2026-03-03 18:38:00,2026-03-03 19:27:00,410,18,2
2216,5,13,12,2026-05-09 04:46:00,2026-05-09 07:10:00,434,8,1
2217,3,4,15,2026-01-03 11:49:00,2026-01-03 14:28:00,362,19,1
2218,9,17,1,2026-04-17 09:06:00,2026-04-17 09:44:00,471,30,3
2219,1,42,16,2026-06-24 02:20:00,2026-06-24 03:34:00,84,4,1
2220,4,44,8,2026-01-21 04:00:00,2026-01-21 07:03:00,181,1,1
2221,1,8,18,2026-04-22 06:26:00,2026-04-22 09:46:00,132,9,3
2222,2,36,18,2026-05-22 22:59:00,2026-05-23 00:43:00,420,17,1
2223,4,33,11,2026-02-22 09:09:00,2026-02-22 09:52:00,66,0,3
2224,8,21,3,2026-04-13 23:24:00,2026-04-14 02:33:00,321,16,1
2225,4,35,18,2026-05-09 18:31:00,2026-05-09 19:49:00,58,0,2
2226,1,47,13,2026-01-25 16:12:00,2026-01-25 18:11:00,223,12,3
2227,3,14,18,2026-04-27 05:05:00,2026-04-27 06:25:00,330,21,3
2228,2,5,1,2026-01-01 18:56:00,2026-01-01 21:28:00,68,5,2
2229,1,28,3,2026-05-06 00:54:00,2026-05-06 03:31:00,420,4,2
2230,3,4,14,2026-02-24 08:07:00,2026-02-24 09:30:00,254,0,2
2231,3,4,9,2026-04-28 11:33:00,2026-04-28 13:07:00,53,0,1
2232,8,26,15,2026-03-10 19:26:00,2026-03-10 21:06:00,286,0,3
2233,1,42,15,2026-05-20 09:51:00,2026-05-20 11:01:00,426,9,2
2234,10,24,20,2026-01-05 19:27:00,2026-01-05 22:37:00,464,1,2
2235,8,26,6,2026-06-09 23:58:00,2026-06-10 03:57:00,254,12,1
2236,8,15,2,2026-03-18 02:55:00,2026-03-18 06:43:00,128,0,1
2237,3,46,11,2026-05-24 14:32:00,2026-05-24 17:22:00,124,2,2
2238,9,50,14,2026-06-24 11:48:00,2026-06-24 15:38:00,222,4,2
2239,6,7,6,2026-02-03 13:17:00,2026-02-03 15:49:00,332,8,2
2240,2,18,19,2026-03-31 18:24:00,2026-03-31 19:13:00,244,10,2
2241,2,16,2,2026-05-01 01:29:00,2026-05-01 02:17:00,196,12,1
2242,1,42,8,2026-05-24 19:39:00,2026-05-24 20:09:00,393,23,3
2243,7,37,14,2026-04-07 16:19:00,2026-04-07 18:49:00,146,3,2
2244,8,48,17,2026-05-23 10:25:00,2026-05-23 14:05:00,453,19,1
2245,8,26,20,2026-05-29 14:51:00,2026-05-29 17:28:00,330,5,1
2246,4,27,1,2026-05-19 19:37:00,2026-05-19 20:39:00,307,21,3
2247,8,48,14,2026-01-01 19:57:00,2026-01-01 21:58:00,472,25,1
2248,6,6,19,2026-01-20 12:51:00,2026-01-20 15:03:00,242,0,1
2249,5,38,14,2026-06-17 14:35:00,2026-06-17 16:32:00,425,21,2
2250,5,43,17,2026-03-14 00:47:00,2026-03-14 03:06:00,292,20,2
2251,7,37,11,2026-04-18 08:06:00,2026-04-18 11:56:00,315,8,2
2252,8,15,16,2026-04-01 17:14:00,2026-04-01 19:30:00,159,0,3
2253,1,42,15,2026-01-26 16:58:00,2026-01-26 19:19:00,435,6,2
2254,4,33,12,2026-04-05 11:44:00,2026-04-05 13:49:00,361,7,3
2255,2,18,3,2026-04-23 01:20:00,2026-04-23 02:40:00,114,6,1
2256,3,49,6,2026-03-26 22:02:00,2026-03-27 00:52:00,376,21,3
2257,1,42,12,2026-03-26 14:44:00,2026-03-26 18:31:00,409,11,2
2258,6,6,18,2026-02-21 02:39:00,2026-02-21 05:47:00,295,21,3
2259,10,30,19,2026-06-17 18:04:00,2026-06-17 19:07:00,403,27,3
2260,2,5,5,2026-04-08 21:21:00,2026-04-08 22:01:00,405,8,2
2261,3,14,13,2026-03-07 14:52:00,2026-03-07 16:01:00,329,25,2
2262,3,40,2,2026-03-25 22:00:00,2026-03-26 01:50:00,282,6,3
2263,9,45,13,2026-03-20 15:25:00,2026-03-20 18:11:00,198,3,1
2264,2,22,3,2026-06-26 17:46:00,2026-06-26 19:50:00,188,7,2
2265,7,37,19,2026-05-03 02:49:00,2026-05-03 03:38:00,130,6,2
2266,5,13,5,2026-02-09 00:23:00,2026-02-09 03:06:00,244,11,3
2267,1,28,14,2026-03-17 04:56:00,2026-03-17 06:50:00,498,25,1
2268,3,34,5,2026-01-31 10:27:00,2026-01-31 11:36:00,203,6,1
2269,4,35,13,2026-02-23 17:31:00,2026-02-23 18:01:00,55,3,3
2270,9,45,1,2026-04-08 12:52:00,2026-04-08 16:10:00,233,11,1
2271,7,19,14,2026-04-20 05:05:00,2026-04-20 07:07:00,463,27,2
2272,1,47,7,2026-04-23 15:07:00,2026-04-23 15:58:00,404,11,2
2273,4,35,11,2026-01-21 11:40:00,2026-01-21 13:22:00,469,27,3
2274,2,16,4,2026-03-08 09:53:00,2026-03-08 12:49:00,264,17,3
2275,6,6,4,2026-06-11 07:30:00,2026-06-11 10:53:00,349,26,2
2276,2,18,11,2026-01-03 19:09:00,2026-01-03 20:30:00,172,13,3
2277,9,50,11,2026-04-08 09:17:00,2026-04-08 10:07:00,241,13,2
2278,7,37,10,2026-05-16 03:16:00,2026-05-16 04:50:00,386,27,1
2279,7,9,15,2026-03-24 14:51:00,2026-03-24 17:50:00,118,6,1
2280,4,44,19,2026-03-14 17:00:00,2026-03-14 18:02:00,406,7,1
2281,3,40,6,2026-05-10 06:32:00,2026-05-10 10:21:00,281,5,1
2282,8,10,14,2026-04-19 00:44:00,2026-04-19 04:06:00,371,27,1
2283,6,6,17,2026-01-10 01:07:00,2026-01-10 03:13:00,408,4,3
2284,4,32,20,2026-05-10 11:59:00,2026-05-10 15:28:00,71,2,1
2285,2,5,1,2026-06-13 20:57:00,2026-06-13 22:50:00,285,17,3
2286,7,37,8,2026-03-03 12:21:00,2026-03-03 13:46:00,263,6,3
2287,3,34,1,2026-06-08 00:21:00,2026-06-08 02:21:00,105,6,1
2288,4,44,5,2026-06-29 20:32:00,2026-06-29 22:33:00,383,0,2
2289,9,12,9,2026-03-06 06:48:00,2026-03-06 08:42:00,191,4,3
2290,7,19,10,2026-06-01 10:54:00,2026-06-01 11:49:00,411,16,3
2291,7,9,2,2026-01-22 19:57:00,2026-01-22 22:41:00,209,2,2
2292,6,1,6,2026-05-06 09:24:00,2026-05-06 10:12:00,269,1,2
2293,3,49,16,2026-02-07 16:13:00,2026-02-07 18:59:00,226,2,1
2294,2,11,3,2026-02-10 05:31:00,2026-02-10 08:01:00,426,18,2
2295,9,17,18,2026-02-05 14:05:00,2026-02-05 17:01:00,302,18,2
2296,4,29,2,2026-04-22 05:23:00,2026-04-22 09:07:00,208,0,1
2297,9,45,18,2026-05-01 23:26:00,2026-05-02 00:41:00,275,4,2
2298,8,21,16,2026-02-02 00:49:00,2026-02-02 01:21:00,157,7,1
2299,8,15,2,2026-01-20 07:06:00,2026-01-20 08:03:00,84,4,1
2300,6,1,9,2026-06-28 23:54:00,2026-06-29 02:26:00,332,17,2
2301,2,22,20,2026-06-10 14:08:00,2026-06-10 14:54:00,171,10,2
2302,5,43,19,2026-02-27 21:43:00,2026-02-28 00:36:00,362,27,1
2303,9,2,12,2026-03-12 20:21:00,2026-03-12 21:38:00,314,19,3
2304,7,9,8,2026-01-06 16:32:00,2026-01-06 20:01:00,429,15,2
2305,9,12,1,2026-06-07 18:27:00,2026-06-07 21:12:00,480,19,2
2306,8,21,19,2026-05-17 00:16:00,2026-05-17 02:16:00,377,22,3
2307,1,39,11,2026-04-28 06:14:00,2026-04-28 06:51:00,195,3,2
2308,3,23,13,2026-04-15 14:31:00,2026-04-15 18:14:00,369,1,2
2309,4,29,17,2026-06-02 01:14:00,2026-06-02 03:54:00,431,0,1
2310,7,19,20,2026-06-17 20:40:00,2026-06-17 21:48:00,268,5,1
2311,5,41,12,2026-03-05 21:42:00,2026-03-06 00:14:00,384,6,3
2312,1,42,2,2026-02-08 05:49:00,2026-02-08 08:04:00,366,20,1
2313,3,34,14,2026-01-11 20:14:00,2026-01-11 21:54:00,202,6,2
2314,8,48,9,2026-01-15 07:33:00,2026-01-15 11:07:00,95,6,3
2315,1,47,18,2026-04-08 00:57:00,2026-04-08 03:15:00,141,9,1
2316,4,29,7,2026-06-09 01:32:00,2026-06-09 02:05:00,465,26,2
2317,4,29,12,2026-01-23 09:50:00,2026-01-23 12:04:00,331,9,2
2318,2,36,19,2026-04-02 05:09:00,2026-04-02 06:42:00,377,3,1
2319,4,27,10,2026-03-24 04:25:00,2026-03-24 05:28:00,61,4,1
2320,4,33,3,2026-01-29 05:48:00,2026-01-29 07:27:00,438,5,1
2321,1,28,11,2026-06-28 14:25:00,2026-06-28 15:19:00,198,2,3
2322,1,39,2,2026-01-16 03:09:00,2026-01-16 06:16:00,80,3,2
2323,6,1,12,2026-04-05 12:51:00,2026-04-05 14:32:00,209,5,2
2324,4,32,3,2026-02-23 19:27:00,2026-02-23 20:00:00,365,15,1
2325,3,3,4,2026-04-17 12:58:00,2026-04-17 16:56:00,150,6,3
2326,1,47,17,2026-04-15 03:03:00,2026-04-15 06:24:00,323,9,2
2327,2,16,16,2026-06-10 03:41:00,2026-06-10 07:08:00,86,1,1
2328,8,15,9,2026-03-18 23:53:00,2026-03-19 02:11:00,146,2,3
2329,1,39,1,2026-04-21 07:50:00,2026-04-21 09:25:00,282,14,2
2330,8,21,2,2026-02-15 10:28:00,2026-02-15 14:21:00,138,5,1
2331,10,30,17,2026-01-19 09:16:00,2026-01-19 09:51:00,416,33,2
2332,2,5,14,2026-04-01 00:05:00,2026-04-01 02:00:00,159,5,2
2333,3,46,14,2026-02-18 05:31:00,2026-02-18 08:49:00,184,12,2
2334,1,42,6,2026-03-02 15:40:00,2026-03-02 16:17:00,256,8,2
2335,1,31,3,2026-02-09 17:32:00,2026-02-09 18:21:00,363,0,2
2336,3,14,13,2026-04-21 13:18:00,2026-04-21 16:43:00,264,21,1
2337,9,17,13,2026-01-18 10:52:00,2026-01-18 13:30:00,196,12,1
2338,8,10,19,2026-05-11 07:17:00,2026-05-11 08:25:00,357,25,3
2339,1,8,17,2026-06-16 17:04:00,2026-06-16 18:30:00,84,2,3
2340,8,26,13,2026-01-05 01:14:00,2026-01-05 01:53:00,158,10,1
2341,3,3,17,2026-05-11 17:23:00,2026-05-11 19:26:00,414,24,1
2342,3,40,5,2026-05-27 15:46:00,2026-05-27 18:22:00,222,15,3
2343,3,49,10,2026-01-23 15:43:00,2026-01-23 16:53:00,336,4,2
2344,9,12,19,2026-01-29 11:52:00,2026-01-29 14:22:00,205,14,2
2345,1,8,6,2026-04-02 20:52:00,2026-04-03 00:14:00,462,12,3
2346,7,9,5,2026-02-21 12:28:00,2026-02-21 16:25:00,316,9,1
2347,3,23,8,2026-03-28 15:50:00,2026-03-28 18:46:00,412,27,1
2348,1,39,15,2026-03-11 14:08:00,2026-03-11 17:10:00,493,29,3
2349,10,30,13,2026-06-25 14:12:00,2026-06-25 14:46:00,431,8,1
2350,8,15,5,2026-02-13 03:34:00,2026-02-13 06:29:00,470,22,1
2351,1,28,14,2026-01-02 05:51:00,2026-01-02 08:47:00,287,22,2
2352,1,8,6,2026-04-14 00:46:00,2026-04-14 03:29:00,408,0,2
2353,1,42,8,2026-04-17 08:52:00,2026-04-17 10:47:00,495,14,2
2354,9,2,7,2026-01-31 09:19:00,2026-01-31 10:20:00,204,12,3
2355,1,8,4,2026-04-28 20:34:00,2026-04-28 22:46:00,365,22,2
2356,2,22,2,2026-06-17 14:04:00,2026-06-17 15:41:00,211,11,1
2357,8,10,1,2026-01-01 09:52:00,2026-01-01 12:39:00,364,2,1
2358,7,19,5,2026-01-21 17:05:00,2026-01-21 18:02:00,166,6,2
2359,9,17,8,2026-06-27 08:06:00,2026-06-27 11:35:00,307,7,1
2360,7,9,17,2026-06-28 00:05:00,2026-06-28 00:37:00,269,19,2
2361,4,27,5,2026-03-09 17:41:00,2026-03-09 20:56:00,116,5,2
2362,9,12,3,2026-01-21 22:52:00,2026-01-22 00:04:00,112,6,1
2363,9,2,20,2026-04-22 12:24:00,2026-04-22 12:55:00,412,15,1
2364,4,27,1,2026-06-08 13:22:00,2026-06-08 16:06:00,256,10,3
2365,7,37,18,2026-02-12 08:25:00,2026-02-12 09:13:00,193,4,1
2366,4,25,3,2026-04-08 18:49:00,2026-04-08 20:49:00,482,31,3
2367,2,18,12,2026-02-05 05:04:00,2026-02-05 09:03:00,364,25,3
2368,8,48,13,2026-05-04 19:11:00,2026-05-04 22:22:00,436,1,3
2369,10,24,16,2026-05-01 04:26:00,2026-05-01 07:48:00,372,21,3
2370,2,18,16,2026-04-18 13:44:00,2026-04-18 14:37:00,132,8,1
2371,8,10,13,2026-01-29 09:51:00,2026-01-29 12:59:00,170,3,3
2372,8,15,17,2026-03-26 21:56:00,2026-03-27 00:52:00,204,5,2
2373,6,6,11,2026-05-01 12:27:00,2026-05-01 16:03:00,334,5,1
2374,9,12,18,2026-02-24 03:43:00,2026-02-24 06:25:00,77,3,2
2375,10,20,4,2026-03-09 05:37:00,2026-03-09 09:00:00,489,8,3
2376,9,45,3,2026-06-13 12:51:00,2026-06-13 15:48:00,379,0,2
2377,9,50,17,2026-05-31 10:59:00,2026-05-31 14:03:00,58,0,2
2378,4,27,14,2026-05-05 00:22:00,2026-05-05 02:52:00,445,7,3
2379,5,38,3,2026-05-13 10:05:00,2026-05-13 10:35:00,126,8,2
2380,4,27,17,2026-06-22 21:37:00,2026-06-23 01:02:00,66,4,2
2381,8,15,14,2026-05-29 19:53:00,2026-05-29 20:57:00,337,9,3
2382,3,23,5,2026-01-23 22:34:00,2026-01-23 23:49:00,291,7,3
2383,10,20,16,2026-03-15 13:18:00,2026-03-15 13:59:00,277,16,2
2384,9,50,10,2026-01-23 02:57:00,2026-01-23 04:32:00,138,5,3
2385,1,28,19,2026-05-01 03:58:00,2026-05-01 06:47:00,423,4,3
2386,10,30,16,2026-01-07 12:03:00,2026-01-07 12:40:00,262,19,1
2387,1,47,3,2026-03-02 14:25:00,2026-03-02 17:30:00,409,9,2
2388,3,46,17,2026-04-09 09:01:00,2026-04-09 11:44:00,205,12,2
2389,2,18,8,2026-03-25 21:41:00,2026-03-25 22:20:00,133,3,3
2390,2,36,11,2026-03-12 23:23:00,2026-03-13 00:56:00,441,28,3
2391,2,11,17,2026-04-29 20:07:00,2026-04-29 23:24:00,93,1,2
2392,2,5,19,2026-02-11 19:27:00,2026-02-11 20:26:00,497,33,1
2393,4,35,2,2026-02-19 12:53:00,2026-02-19 14:07:00,305,10,2
2394,2,22,14,2026-01-19 01:58:00,2026-01-19 03:30:00,247,4,2
2395,3,14,9,2026-05-13 13:19:00,2026-05-13 16:00:00,284,18,3
2396,10,20,17,2026-01-15 20:24:00,2026-01-15 22:55:00,93,5,1
2397,9,12,20,2026-06-27 08:12:00,2026-06-27 11:54:00,216,4,2
2398,8,15,17,2026-02-17 22:55:00,2026-02-18 01:47:00,271,3,1
2399,3,3,2,2026-04-10 16:16:00,2026-04-10 16:52:00,99,7,2
2400,5,41,1,2026-04-07 22:39:00,2026-04-08 02:30:00,180,5,1
2401,2,11,16,2026-04-04 12:46:00,2026-04-04 13:21:00,208,9,2
2402,7,37,8,2026-03-07 05:50:00,2026-03-07 07:23:00,303,5,2
2403,7,19,7,2026-01-06 04:51:00,2026-01-06 05:54:00,479,32,3
2404,2,18,18,2026-02-13 18:02:00,2026-02-13 18:53:00,126,7,1
2405,6,7,20,2026-05-22 13:46:00,2026-05-22 14:58:00,93,1,2
2406,10,30,18,2026-05-04 01:17:00,2026-05-04 02:23:00,70,1,3
2407,1,8,15,2026-02-22 09:39:00,2026-02-22 13:14:00,337,6,3
2408,10,20,16,2026-03-25 14:08:00,2026-03-25 16:15:00,287,13,1
2409,9,50,13,2026-03-07 01:27:00,2026-03-07 02:01:00,92,1,2
2410,9,45,2,2026-02-09 12:08:00,2026-02-09 14:25:00,199,4,1
2411,3,49,8,2026-03-22 22:06:00,2026-03-23 00:52:00,235,15,1
2412,3,3,17,2026-02-04 21:17:00,2026-02-04 23:29:00,257,17,2
2413,10,20,9,2026-04-26 16:00:00,2026-04-26 18:13:00,438,4,3
2414,9,12,6,2026-04-08 19:11:00,2026-04-08 21:29:00,431,5,1
2415,2,5,16,2026-06-07 06:54:00,2026-06-07 08:05:00,175,7,1
2416,8,21,5,2026-04-02 09:16:00,2026-04-02 11:21:00,450,16,2
2417,2,11,5,2026-01-11 09:57:00,2026-01-11 13:27:00,197,11,3
2418,5,38,11,2026-04-29 13:04:00,2026-04-29 13:57:00,400,0,2
2419,1,31,4,2026-04-24 08:42:00,2026-04-24 12:39:00,241,7,2
2420,2,36,11,2026-06-17 18:55:00,2026-06-17 19:27:00,123,3,1
2421,4,32,16,2026-06-11 00:09:00,2026-06-11 03:03:00,80,5,3
2422,3,49,15,2026-02-17 10:55:00,2026-02-17 14:41:00,378,8,1
2423,4,32,15,2026-04-27 13:08:00,2026-04-27 14:54:00,151,0,1
2424,5,41,19,2026-02-07 03:25:00,2026-02-07 05:43:00,474,23,3
2425,5,43,20,2026-04-21 10:15:00,2026-04-21 12:57:00,234,12,2
2426,3,46,3,2026-03-27 21:14:00,2026-03-28 00:05:00,382,21,2
2427,1,8,15,2026-02-25 03:27:00,2026-02-25 07:01:00,380,26,2
2428,1,8,16,2026-04-15 13:26:00,2026-04-15 14:31:00,139,7,3
2429,1,47,1,2026-03-07 10:54:00,2026-03-07 11:39:00,461,32,2
2430,7,9,17,2026-05-24 12:18:00,2026-05-24 15:33:00,272,0,1
2431,6,7,4,2026-04-20 00:38:00,2026-04-20 03:30:00,126,8,1
2432,8,48,6,2026-05-27 20:24:00,2026-05-27 22:04:00,297,13,1
2433,9,50,17,2026-06-24 01:18:00,2026-06-24 04:48:00,152,0,3
2434,3,14,7,2026-04-22 21:18:00,2026-04-23 00:01:00,348,14,2
2435,8,15,3,2026-04-22 02:54:00,2026-04-22 06:33:00,183,5,1
2436,10,24,1,2026-02-09 10:34:00,2026-02-09 11:31:00,389,6,1
2437,10,20,15,2026-02-23 15:23:00,2026-02-23 18:39:00,338,9,3
2438,8,10,12,2026-03-06 02:32:00,2026-03-06 06:01:00,439,10,1
2439,6,6,9,2026-04-02 11:13:00,2026-04-02 14:43:00,244,11,1
2440,3,4,13,2026-05-22 02:57:00,2026-05-22 05:57:00,79,1,3
2441,9,50,3,2026-04-28 04:29:00,2026-04-28 05:49:00,298,15,2
2442,2,18,5,2026-01-12 23:36:00,2026-01-13 02:33:00,96,3,1
2443,5,38,2,2026-02-09 06:16:00,2026-02-09 06:58:00,221,5,2
2444,1,28,14,2026-01-17 11:00:00,2026-01-17 13:49:00,100,1,2
2445,7,37,1,2026-04-09 07:24:00,2026-04-09 10:43:00,200,4,1
2446,8,21,13,2026-02-07 12:03:00,2026-02-07 13:43:00,476,32,3
2447,8,48,1,2026-02-15 19:24:00,2026-02-15 22:14:00,469,19,1
2448,8,15,5,2026-01-16 08:24:00,2026-01-16 09:39:00,498,22,3
2449,9,12,4,2026-06-18 00:52:00,2026-06-18 03:47:00,415,0,2
2450,4,32,20,2026-02-12 17:28:00,2026-02-12 20:40:00,63,4,3
2451,10,20,7,2026-04-26 09:47:00,2026-04-26 10:45:00,362,15,3
2452,4,35,12,2026-05-30 13:23:00,2026-05-30 15:58:00,193,3,1
2453,10,20,10,2026-04-03 23:43:00,2026-04-04 00:22:00,287,3,2
2454,2,16,15,2026-02-11 20:18:00,2026-02-11 21:35:00,349,21,2
2455,9,17,9,2026-06-14 13:57:00,2026-06-14 16:26:00,328,12,1
2456,3,23,17,2026-04-24 13:38:00,2026-04-24 15:53:00,148,6,2
2457,3,23,14,2026-01-04 15:34:00,2026-01-04 17:26:00,91,5,2
2458,4,32,11,2026-02-07 13:27:00,2026-02-07 15:27:00,399,10,2
2459,2,5,8,2026-04-24 20:03:00,2026-04-24 21:24:00,392,18,2
2460,1,31,3,2026-03-11 18:33:00,2026-03-11 21:23:00,448,35,3
2461,9,50,9,2026-02-05 10:09:00,2026-02-05 11:12:00,251,14,2
2462,5,41,6,2026-06-18 10:04:00,2026-06-18 13:54:00,129,10,1
2463,6,6,10,2026-03-06 05:54:00,2026-03-06 08:34:00,208,14,1
2464,4,25,20,2026-01-21 09:49:00,2026-01-21 12:54:00,401,9,2
2465,2,5,18,2026-04-07 22:11:00,2026-04-08 00:25:00,324,20,2
2466,9,50,4,2026-03-31 01:23:00,2026-03-31 03:18:00,344,15,3
2467,1,42,6,2026-04-22 17:34:00,2026-04-22 19:45:00,352,14,3
2468,6,1,11,2026-06-19 15:54:00,2026-06-19 17:05:00,379,29,1
2469,2,18,2,2026-02-01 06:37:00,2026-02-01 09:20:00,93,3,2
2470,10,24,2,2026-01-21 23:07:00,2026-01-22 02:35:00,321,1,2
2471,3,46,9,2026-03-27 09:15:00,2026-03-27 10:56:00,320,3,2
2472,3,40,9,2026-02-27 04:20:00,2026-02-27 06:53:00,269,13,3
2473,3,14,1,2026-04-25 06:36:00,2026-04-25 08:30:00,193,7,2
2474,1,28,17,2026-04-03 05:59:00,2026-04-03 07:31:00,394,16,1
2475,8,10,6,2026-06-18 04:48:00,2026-06-18 06:58:00,265,8,2
2476,1,31,20,2026-04-15 18:35:00,2026-04-15 19:26:00,379,13,1
2477,8,48,3,2026-04-21 15:45:00,2026-04-21 18:05:00,476,19,1
2478,3,46,4,2026-03-04 07:10:00,2026-03-04 10:07:00,145,2,3
2479,7,19,11,2026-05-18 08:16:00,2026-05-18 11:57:00,87,2,3
2480,4,35,13,2026-05-05 09:26:00,2026-05-05 13:10:00,383,13,2
2481,7,37,3,2026-03-22 18:36:00,2026-03-22 20:16:00,362,25,3
2482,7,19,11,2026-05-12 15:50:00,2026-05-12 19:49:00,463,23,2
2483,3,46,10,2026-02-22 01:28:00,2026-02-22 04:36:00,147,0,3
2484,2,22,2,2026-04-24 18:56:00,2026-04-24 19:38:00,459,10,1
2485,3,4,3,2026-02-22 13:04:00,2026-02-22 13:51:00,440,13,1
2486,6,7,6,2026-06-05 10:08:00,2026-06-05 13:30:00,414,16,1
2487,8,48,5,2026-05-16 21:57:00,2026-05-16 22:41:00,247,6,3
2488,6,7,8,2026-04-15 18:19:00,2026-04-15 19:07:00,297,22,2
2489,2,22,8,2026-04-04 14:12:00,2026-04-04 16:05:00,269,11,3
2490,1,31,6,2026-01-04 02:51:00,2026-01-04 05:56:00,129,3,2
2491,6,7,6,2026-04-10 05:02:00,2026-04-10 06:47:00,474,14,3
2492,6,6,14,2026-06-08 19:47:00,2026-06-08 21:49:00,105,3,3
2493,10,20,15,2026-05-19 04:31:00,2026-05-19 05:19:00,155,5,1
2494,2,36,7,2026-02-19 11:12:00,2026-02-19 14:19:00,170,2,1
2495,4,32,1,2026-04-02 12:38:00,2026-04-02 13:35:00,394,11,3
2496,7,37,15,2026-06-19 18:22:00,2026-06-19 19:45:00,81,4,2
2497,3,46,2,2026-02-03 00:39:00,2026-02-03 02:03:00,77,0,2
2498,5,13,6,2026-02-19 06:08:00,2026-02-19 09:28:00,111,6,3
2499,2,18,4,2026-06-12 05:15:00,2026-06-12 08:48:00,103,3,2
2500,8,26,16,2026-02-12 06:04:00,2026-02-12 09:57:00,167,2,2
2501,4,27,8,2026-03-18 06:08:00,2026-03-18 06:51:00,87,4,2
2502,3,3,19,2026-01-08 17:16:00,2026-01-08 18:29:00,434,16,1
2503,5,38,10,2026-04-07 15:59:00,2026-04-07 19:24:00,81,3,2
2504,7,9,15,2026-01-06 02:44:00,2026-01-06 04:34:00,461,1,1
2505,4,44,3,2026-03-09 18:24:00,2026-03-09 20:10:00,475,29,1
2506,8,15,9,2026-03-18 22:03:00,2026-03-19 00:05:00,498,24,1
2507,4,44,8,2026-01-06 15:28:00,2026-01-06 16:12:00,289,0,2
2508,9,2,4,2026-02-01 00:36:00,2026-02-01 01:06:00,107,4,1
2509,1,39,16,2026-02-27 20:02:00,2026-02-27 22:29:00,498,5,3
2510,9,2,5,2026-01-15 18:32:00,2026-01-15 20:10:00,91,2,1
2511,6,6,10,2026-05-11 02:29:00,2026-05-11 04:46:00,67,4,3
2512,8,26,1,2026-05-09 22:41:00,2026-05-10 00:57:00,314,17,3
2513,4,29,3,2026-05-30 06:43:00,2026-05-30 08:08:00,121,9,2
2514,10,30,8,2026-05-17 23:08:00,2026-05-18 00:54:00,498,14,1
2515,8,10,6,2026-05-02 17:16:00,2026-05-02 19:02:00,249,18,1
2516,5,43,4,2026-05-02 06:39:00,2026-05-02 07:11:00,143,2,2
2517,9,17,20,2026-03-26 18:57:00,2026-03-26 22:30:00,438,21,3
2518,9,50,5,2026-03-23 14:44:00,2026-03-23 16:44:00,193,4,3
2519,3,34,12,2026-05-23 11:42:00,2026-05-23 13:26:00,61,4,3
2520,1,39,18,2026-05-17 11:18:00,2026-05-17 14:37:00,303,5,2
2521,1,39,7,2026-01-08 13:17:00,2026-01-08 16:42:00,85,5,1
2522,4,25,14,2026-02-05 11:19:00,2026-02-05 13:07:00,449,0,1
2523,1,47,17,2026-02-04 21:08:00,2026-02-05 00:50:00,300,9,1
2524,10,24,11,2026-04-03 18:50:00,2026-04-03 21:23:00,215,13,3
2525,9,2,15,2026-05-11 15:33:00,2026-05-11 18:01:00,186,1,2
2526,3,34,6,2026-05-04 21:58:00,2026-05-04 22:37:00,341,3,1
2527,2,22,20,2026-05-18 15:27:00,2026-05-18 18:56:00,420,9,3
2528,1,42,4,2026-04-24 19:39:00,2026-04-24 21:10:00,74,4,1
2529,8,21,8,2026-01-06 01:37:00,2026-01-06 02:32:00,71,2,2
2530,3,40,15,2026-03-01 23:06:00,2026-03-01 23:50:00,241,9,3
2531,3,3,5,2026-06-02 08:59:00,2026-06-02 10:58:00,283,14,2
2532,2,36,15,2026-05-04 22:34:00,2026-05-05 00:39:00,275,7,3
2533,1,39,4,2026-01-07 23:56:00,2026-01-08 00:45:00,499,2,3
2534,6,6,12,2026-01-06 17:24:00,2026-01-06 19:46:00,368,1,2
2535,10,24,17,2026-04-03 06:58:00,2026-04-03 09:28:00,227,4,1
2536,1,28,15,2026-06-26 17:02:00,2026-06-26 18:16:00,256,6,1
2537,6,1,9,2026-02-08 12:39:00,2026-02-08 13:52:00,392,28,3
2538,3,49,12,2026-03-13 13:58:00,2026-03-13 17:24:00,332,10,3
2539,9,2,2,2026-05-06 16:05:00,2026-05-06 17:48:00,124,3,1
2540,2,36,2,2026-04-20 06:48:00,2026-04-20 10:20:00,418,2,3
2541,9,45,2,2026-05-15 00:38:00,2026-05-15 03:36:00,341,17,2
2542,2,22,17,2026-05-16 02:15:00,2026-05-16 03:53:00,161,0,1
2543,6,7,5,2026-03-10 01:37:00,2026-03-10 04:11:00,89,4,2
2544,9,45,6,2026-01-05 20:20:00,2026-01-05 22:41:00,108,2,3
2545,6,7,14,2026-04-19 23:34:00,2026-04-20 00:57:00,57,0,2
2546,10,30,1,2026-03-19 19:56:00,2026-03-19 20:39:00,167,2,2
2547,6,1,10,2026-02-02 15:29:00,2026-02-02 17:34:00,115,6,1
2548,8,15,9,2026-02-02 09:57:00,2026-02-02 13:19:00,235,2,1
2549,10,20,10,2026-01-12 18:15:00,2026-01-12 20:13:00,402,18,2
2550,3,23,10,2026-03-20 01:22:00,2026-03-20 02:06:00,230,2,3
2551,10,24,20,2026-06-21 20:14:00,2026-06-21 21:43:00,229,6,1
2552,10,24,20,2026-01-12 19:01:00,2026-01-12 22:07:00,318,10,1
2553,3,46,1,2026-06-12 21:38:00,2026-06-13 01:38:00,261,14,3
2554,1,28,20,2026-04-24 18:25:00,2026-04-24 19:15:00,275,7,2
2555,8,26,8,2026-05-31 14:29:00,2026-05-31 15:01:00,141,3,1
2556,2,5,2,2026-03-09 01:56:00,2026-03-09 04:36:00,386,24,2
2557,10,30,3,2026-04-26 16:15:00,2026-04-26 17:09:00,431,29,3
2558,4,32,16,2026-04-14 03:27:00,2026-04-14 06:50:00,328,13,3
2559,10,24,4,2026-06-13 17:56:00,2026-06-13 21:09:00,437,9,3
2560,3,14,2,2026-02-12 16:55:00,2026-02-12 18:44:00,439,7,3
2561,3,49,20,2026-02-09 04:20:00,2026-02-09 05:31:00,205,4,3
2562,1,47,11,2026-04-26 04:07:00,2026-04-26 05:27:00,489,4,1
2563,4,35,11,2026-02-28 06:53:00,2026-02-28 08:30:00,206,3,3
2564,2,5,1,2026-01-01 15:20:00,2026-01-01 16:18:00,187,4,2
2565,8,10,18,2026-03-17 05:47:00,2026-03-17 07:09:00,196,0,1
2566,2,36,9,2026-02-26 07:06:00,2026-02-26 10:39:00,495,17,1
2567,10,24,14,2026-03-08 15:12:00,2026-03-08 16:03:00,479,17,1
2568,2,11,15,2026-01-21 14:26:00,2026-01-21 16:50:00,315,18,1
2569,2,22,2,2026-04-08 14:39:00,2026-04-08 17:35:00,421,21,1
2570,9,12,3,2026-01-31 17:19:00,2026-01-31 21:07:00,489,15,2
2571,10,30,15,2026-01-19 14:31:00,2026-01-19 15:20:00,327,4,2
2572,2,18,6,2026-05-31 04:04:00,2026-05-31 07:50:00,292,6,1
2573,4,32,9,2026-05-22 15:07:00,2026-05-22 18:02:00,466,3,3
2574,10,30,11,2026-04-25 13:00:00,2026-04-25 14:45:00,149,0,1
2575,4,32,19,2026-03-31 06:52:00,2026-03-31 08:58:00,383,20,1
2576,6,1,5,2026-06-12 10:17:00,2026-06-12 11:00:00,493,18,1
2577,2,5,15,2026-02-09 12:12:00,2026-02-09 14:58:00,374,17,1
2578,4,32,1,2026-01-26 13:31:00,2026-01-26 16:16:00,283,16,3
2579,9,45,15,2026-05-29 02:06:00,2026-05-29 02:50:00,87,5,2
2580,10,24,11,2026-05-13 11:51:00,2026-05-13 13:10:00,128,0,2
2581,3,46,2,2026-05-28 11:18:00,2026-05-28 13:21:00,142,0,3
2582,1,31,18,2026-04-15 18:25:00,2026-04-15 22:25:00,481,17,1
2583,6,1,16,2026-04-05 16:20:00,2026-04-05 19:05:00,102,7,1
2584,1,42,2,2026-04-05 03:55:00,2026-04-05 07:25:00,51,3,3
2585,2,36,5,2026-04-03 15:52:00,2026-04-03 19:41:00,74,3,3
2586,4,32,16,2026-03-29 23:01:00,2026-03-29 23:33:00,389,23,2
2587,4,25,7,2026-02-10 19:37:00,2026-02-10 20:22:00,135,9,3
2588,8,48,2,2026-06-12 13:09:00,2026-06-12 15:50:00,421,29,2
2589,10,24,9,2026-04-17 16:37:00,2026-04-17 19:26:00,91,3,2
2590,2,18,16,2026-01-10 20:17:00,2026-01-10 23:52:00,209,16,1
2591,7,9,4,2026-04-03 10:29:00,2026-04-03 13:14:00,470,36,1
2592,3,40,13,2026-04-14 16:37:00,2026-04-14 20:18:00,138,9,2
2593,9,45,17,2026-05-10 17:37:00,2026-05-10 20:30:00,172,5,3
2594,10,20,12,2026-06-14 02:14:00,2026-06-14 03:03:00,142,3,2
2595,1,39,16,2026-01-27 19:06:00,2026-01-27 22:44:00,399,13,3
2596,3,34,15,2026-02-23 16:52:00,2026-02-23 17:58:00,474,36,3
2597,2,11,18,2026-05-26 01:31:00,2026-05-26 05:28:00,299,22,2
2598,10,30,6,2026-04-24 02:01:00,2026-04-24 04:45:00,419,7,2
2599,9,12,8,2026-03-05 18:46:00,2026-03-05 20:44:00,134,0,1
2600,8,15,3,2026-04-10 18:51:00,2026-04-10 22:18:00,396,25,2
2601,2,22,5,2026-02-23 09:18:00,2026-02-23 11:40:00,118,1,1
2602,4,32,4,2026-04-30 20:04:00,2026-04-30 23:38:00,215,5,1
2603,5,43,20,2026-02-21 23:34:00,2026-02-22 02:39:00,348,20,3
2604,5,38,7,2026-04-23 02:24:00,2026-04-23 04:20:00,348,2,2
2605,3,3,5,2026-06-21 23:19:00,2026-06-22 00:57:00,258,7,2
2606,10,24,13,2026-03-07 22:50:00,2026-03-08 01:40:00,319,6,3
2607,4,35,10,2026-03-11 06:30:00,2026-03-11 09:01:00,446,5,3
2608,1,39,19,2026-06-08 22:40:00,2026-06-09 00:17:00,321,11,1
2609,3,46,15,2026-02-27 18:23:00,2026-02-27 19:59:00,55,3,2
2610,4,25,19,2026-06-27 05:48:00,2026-06-27 07:15:00,342,9,1
2611,4,27,11,2026-02-07 16:33:00,2026-02-07 17:13:00,129,4,1
2612,10,30,8,2026-02-08 00:49:00,2026-02-08 03:04:00,170,0,2
2613,3,46,9,2026-04-26 11:37:00,2026-04-26 12:07:00,91,0,2
2614,1,47,15,2026-06-19 03:27:00,2026-06-19 07:06:00,352,3,1
2615,8,10,20,2026-01-30 13:44:00,2026-01-30 17:34:00,315,23,1
2616,7,9,20,2026-01-01 12:34:00,2026-01-01 15:53:00,171,12,1
2617,5,13,12,2026-06-20 03:04:00,2026-06-20 05:03:00,484,21,2
2618,1,28,10,2026-04-24 02:08:00,2026-04-24 04:51:00,180,9,1
2619,2,11,6,2026-06-23 11:36:00,2026-06-23 12:06:00,128,9,3
2620,5,13,7,2026-03-05 04:32:00,2026-03-05 05:16:00,464,32,2
2621,3,49,5,2026-03-01 09:14:00,2026-03-01 12:28:00,295,12,1
2622,6,1,20,2026-06-15 01:04:00,2026-06-15 03:50:00,132,5,2
2623,1,39,17,2026-02-02 17:40:00,2026-02-02 21:19:00,418,20,1
2624,9,50,14,2026-03-31 02:10:00,2026-03-31 03:07:00,128,8,3
2625,5,41,16,2026-03-29 07:59:00,2026-03-29 10:43:00,311,18,1
2626,2,18,1,2026-05-04 21:43:00,2026-05-05 00:42:00,489,19,2
2627,2,5,9,2026-04-18 17:15:00,2026-04-18 18:11:00,363,5,3
2628,4,29,18,2026-05-20 12:09:00,2026-05-20 13:42:00,444,5,3
2629,6,6,7,2026-03-24 16:02:00,2026-03-24 18:02:00,381,13,3
2630,8,48,6,2026-06-27 14:00:00,2026-06-27 16:18:00,67,4,1
2631,10,24,4,2026-01-23 16:54:00,2026-01-23 18:30:00,116,7,1
2632,7,9,17,2026-03-03 07:49:00,2026-03-03 10:24:00,202,4,3
2633,5,38,10,2026-01-19 02:10:00,2026-01-19 03:50:00,231,14,3
2634,2,22,13,2026-04-13 20:32:00,2026-04-13 22:12:00,213,13,2
2635,4,33,12,2026-06-19 16:50:00,2026-06-19 18:54:00,299,8,2
2636,4,33,10,2026-04-15 03:34:00,2026-04-15 07:05:00,439,26,3
2637,5,41,20,2026-02-13 10:00:00,2026-02-13 13:51:00,151,11,2
2638,7,37,12,2026-04-29 08:05:00,2026-04-29 10:05:00,300,3,2
2639,8,15,19,2026-06-07 04:23:00,2026-06-07 07:24:00,454,34,2
2640,5,41,15,2026-05-03 00:55:00,2026-05-03 03:00:00,234,16,1
2641,1,8,12,2026-05-21 21:05:00,2026-05-21 21:47:00,268,5,1
2642,3,46,8,2026-06-13 12:49:00,2026-06-13 14:22:00,160,10,3
2643,3,34,20,2026-01-03 02:21:00,2026-01-03 05:48:00,54,3,1
2644,2,11,7,2026-06-25 16:23:00,2026-06-25 18:02:00,86,0,1
2645,1,28,6,2026-06-02 06:04:00,2026-06-02 07:59:00,152,6,3
2646,6,1,17,2026-02-06 11:18:00,2026-02-06 14:27:00,204,2,1
2647,7,9,19,2026-05-21 02:06:00,2026-05-21 03:43:00,429,30,3
2648,4,35,10,2026-03-07 01:48:00,2026-03-07 04:07:00,412,24,3
2649,9,17,7,2026-01-19 04:32:00,2026-01-19 06:29:00,305,15,1
2650,5,38,5,2026-04-07 06:46:00,2026-04-07 09:56:00,358,24,3
2651,3,14,8,2026-06-09 08:34:00,2026-06-09 11:00:00,160,10,1
2652,8,15,14,2026-02-03 16:31:00,2026-02-03 18:32:00,243,17,1
2653,3,23,2,2026-02-19 18:38:00,2026-02-19 19:42:00,429,14,1
2654,6,6,6,2026-02-04 01:38:00,2026-02-04 04:45:00,235,8,1
2655,4,29,1,2026-01-20 15:29:00,2026-01-20 16:00:00,126,3,3
2656,4,25,6,2026-01-11 06:07:00,2026-01-11 07:41:00,257,0,1
2657,4,29,5,2026-06-15 13:39:00,2026-06-15 14:35:00,160,0,3
2658,4,35,18,2026-04-17 00:04:00,2026-04-17 03:58:00,317,23,3
2659,7,9,8,2026-05-12 08:45:00,2026-05-12 12:11:00,443,31,3
2660,4,29,3,2026-06-27 14:04:00,2026-06-27 17:37:00,274,1,1
2661,9,2,14,2026-02-26 08:25:00,2026-02-26 11:20:00,146,3,1
2662,4,44,14,2026-03-19 08:55:00,2026-03-19 09:52:00,387,3,3
2663,8,15,20,2026-06-20 07:36:00,2026-06-20 09:23:00,90,6,2
2664,3,46,19,2026-03-27 11:30:00,2026-03-27 13:27:00,284,11,3
2665,9,17,3,2026-05-28 15:27:00,2026-05-28 16:06:00,369,21,1
2666,4,27,10,2026-01-13 04:38:00,2026-01-13 05:41:00,308,11,2
2667,3,4,13,2026-06-25 05:39:00,2026-06-25 06:38:00,235,15,2
2668,6,6,7,2026-03-05 13:44:00,2026-03-05 15:56:00,200,8,2
2669,8,10,15,2026-03-23 20:56:00,2026-03-23 23:13:00,460,0,2
2670,1,8,20,2026-03-10 00:54:00,2026-03-10 04:09:00,213,14,2
2671,1,8,17,2026-06-02 09:34:00,2026-06-02 11:54:00,101,0,3
2672,7,19,16,2026-06-25 03:28:00,2026-06-25 04:29:00,306,17,2
2673,2,36,3,2026-06-04 23:51:00,2026-06-05 03:46:00,92,2,2
2674,10,30,5,2026-04-03 11:03:00,2026-04-03 14:35:00,451,22,3
2675,6,6,18,2026-02-17 07:38:00,2026-02-17 11:21:00,438,21,1
2676,5,43,1,2026-05-22 23:24:00,2026-05-23 00:25:00,102,6,3
2677,2,16,12,2026-01-31 04:02:00,2026-01-31 04:56:00,225,8,1
2678,1,8,3,2026-02-25 20:54:00,2026-02-25 22:11:00,103,7,2
2679,2,16,10,2026-03-09 16:33:00,2026-03-09 17:39:00,163,8,1
2680,9,50,2,2026-06-02 02:14:00,2026-06-02 04:38:00,358,2,2
2681,5,38,6,2026-01-06 13:40:00,2026-01-06 15:05:00,289,13,3
2682,3,40,12,2026-04-19 02:37:00,2026-04-19 04:43:00,86,1,1
2683,4,27,6,2026-06-21 08:45:00,2026-06-21 12:38:00,259,0,3
2684,5,38,10,2026-03-07 15:58:00,2026-03-07 18:01:00,297,8,3
2685,7,37,20,2026-06-11 22:15:00,2026-06-12 00:33:00,255,18,1
2686,4,27,11,2026-03-14 18:00:00,2026-03-14 20:34:00,102,7,2
2687,1,28,2,2026-06-14 21:41:00,2026-06-14 22:27:00,281,20,1
2688,3,23,15,2026-01-30 02:35:00,2026-01-30 04:40:00,426,4,1
2689,8,48,7,2026-03-29 08:01:00,2026-03-29 11:27:00,401,23,1
2690,4,29,9,2026-05-11 01:48:00,2026-05-11 04:51:00,469,23,3
2691,4,33,15,2026-04-09 17:04:00,2026-04-09 17:54:00,191,14,3
2692,9,45,3,2026-05-26 00:45:00,2026-05-26 02:11:00,75,1,2
2693,3,4,7,2026-04-04 06:19:00,2026-04-04 06:53:00,475,16,1
2694,8,26,4,2026-05-06 03:18:00,2026-05-06 04:47:00,413,9,3
2695,2,18,12,2026-03-28 04:14:00,2026-03-28 05:37:00,132,5,2
2696,5,38,16,2026-06-20 13:27:00,2026-06-20 16:15:00,429,12,3
2697,4,32,6,2026-05-24 21:00:00,2026-05-24 23:37:00,478,4,3
2698,8,21,20,2026-01-29 07:18:00,2026-01-29 09:11:00,287,1,3
2699,10,20,10,2026-01-29 09:47:00,2026-01-29 13:22:00,419,6,3
2700,9,50,18,2026-04-09 04:21:00,2026-04-09 06:53:00,208,13,1
2701,1,39,20,2026-05-23 03:14:00,2026-05-23 04:55:00,493,29,1
2702,3,23,4,2026-02-09 00:20:00,2026-02-09 02:22:00,435,22,2
2703,5,13,8,2026-05-10 19:42:00,2026-05-10 22:47:00,354,21,3
2704,8,26,13,2026-06-23 22:08:00,2026-06-24 01:09:00,215,10,2
2705,7,37,4,2026-02-08 00:58:00,2026-02-08 04:49:00,385,0,2
2706,6,6,14,2026-06-29 16:36:00,2026-06-29 19:26:00,246,6,1
2707,2,16,12,2026-06-03 02:18:00,2026-06-03 02:57:00,262,17,1
2708,5,38,19,2026-01-06 02:41:00,2026-01-06 03:12:00,149,1,3
2709,8,10,18,2026-03-01 19:00:00,2026-03-01 21:30:00,469,10,1
2710,4,35,11,2026-02-12 00:29:00,2026-02-12 02:33:00,259,6,2
2711,4,44,19,2026-02-04 19:24:00,2026-02-04 20:03:00,493,11,3
2712,3,14,3,2026-05-03 21:31:00,2026-05-04 01:00:00,313,19,3
2713,1,47,11,2026-01-03 11:03:00,2026-01-03 12:58:00,300,3,1
2714,4,44,9,2026-02-21 06:46:00,2026-02-21 08:14:00,106,5,3
2715,2,16,16,2026-05-05 03:49:00,2026-05-05 04:40:00,244,2,3
2716,8,26,15,2026-03-19 10:21:00,2026-03-19 10:59:00,291,8,1
2717,3,34,9,2026-02-07 01:21:00,2026-02-07 03:15:00,97,5,3
2718,3,46,8,2026-04-30 13:06:00,2026-04-30 16:51:00,299,12,3
2719,3,23,6,2026-01-03 19:35:00,2026-01-03 21:58:00,150,9,2
2720,2,11,20,2026-01-10 16:51:00,2026-01-10 18:17:00,54,0,2
2721,5,41,2,2026-04-03 07:01:00,2026-04-03 08:22:00,104,5,1
2722,6,1,14,2026-01-13 23:52:00,2026-01-14 02:41:00,360,20,1
2723,4,33,3,2026-06-01 11:19:00,2026-06-01 12:09:00,206,6,2
2724,8,15,18,2026-06-26 09:34:00,2026-06-26 11:48:00,266,9,2
2725,10,24,9,2026-05-14 05:11:00,2026-05-14 05:56:00,488,8,3
2726,7,37,13,2026-01-14 05:28:00,2026-01-14 09:22:00,88,1,1
2727,1,31,1,2026-01-19 07:02:00,2026-01-19 09:04:00,149,6,3
2728,2,11,10,2026-03-04 06:52:00,2026-03-04 08:04:00,321,16,3
2729,4,27,9,2026-02-19 22:07:00,2026-02-19 23:27:00,217,15,1
2730,1,8,8,2026-02-18 14:48:00,2026-02-18 17:30:00,359,4,2
2731,1,42,14,2026-01-17 07:00:00,2026-01-17 07:56:00,123,6,3
2732,4,33,15,2026-05-11 05:28:00,2026-05-11 08:32:00,370,27,1
2733,4,25,18,2026-01-25 14:10:00,2026-01-25 17:52:00,144,10,1
2734,6,6,4,2026-05-01 02:16:00,2026-05-01 03:13:00,195,9,1
2735,3,46,12,2026-02-19 18:25:00,2026-02-19 21:14:00,142,4,1
2736,4,35,6,2026-04-21 10:20:00,2026-04-21 11:52:00,236,3,3
2737,7,19,6,2026-04-22 22:02:00,2026-04-22 23:05:00,474,36,3
2738,6,7,2,2026-05-28 14:42:00,2026-05-28 17:47:00,165,12,1
2739,2,16,1,2026-04-08 20:26:00,2026-04-09 00:12:00,307,11,2
2740,8,26,15,2026-04-10 07:54:00,2026-04-10 09:36:00,497,10,3
2741,4,33,11,2026-01-01 19:53:00,2026-01-01 23:25:00,189,9,3
2742,9,45,7,2026-03-04 05:16:00,2026-03-04 08:04:00,108,2,2
2743,10,20,2,2026-06-13 17:50:00,2026-06-13 21:33:00,370,26,2
2744,4,27,3,2026-03-20 15:49:00,2026-03-20 19:39:00,269,16,1
2745,1,39,4,2026-04-24 02:15:00,2026-04-24 04:26:00,270,12,3
2746,2,22,6,2026-01-10 00:42:00,2026-01-10 03:27:00,57,4,3
2747,8,48,16,2026-06-06 00:17:00,2026-06-06 01:01:00,477,14,2
2748,1,28,13,2026-06-21 15:39:00,2026-06-21 17:37:00,183,10,3
2749,2,22,11,2026-03-26 17:31:00,2026-03-26 19:55:00,483,4,2
2750,4,27,10,2026-02-19 09:57:00,2026-02-19 12:27:00,197,8,3
2751,6,1,2,2026-03-29 17:05:00,2026-03-29 19:06:00,346,3,1
2752,8,21,20,2026-03-28 02:29:00,2026-03-28 05:47:00,299,3,3
2753,3,34,8,2026-04-24 07:34:00,2026-04-24 10:45:00,279,3,2
2754,7,9,2,2026-04-19 04:41:00,2026-04-19 07:16:00,471,26,1
2755,4,33,12,2026-04-05 18:36:00,2026-04-05 22:11:00,150,10,2
2756,6,7,5,2026-03-12 23:46:00,2026-03-13 02:06:00,144,2,2
2757,8,48,18,2026-05-27 11:11:00,2026-05-27 14:23:00,320,2,1
2758,4,35,1,2026-02-05 22:13:00,2026-02-06 00:01:00,133,8,2
2759,1,8,9,2026-06-03 07:33:00,2026-06-03 09:57:00,98,7,1
2760,3,14,13,2026-03-26 06:04:00,2026-03-26 08:41:00,325,4,3
2761,4,32,8,2026-04-04 12:05:00,2026-04-04 15:06:00,499,11,3
2762,5,41,18,2026-03-10 16:09:00,2026-03-10 17:52:00,182,12,2
2763,8,21,2,2026-02-12 16:14:00,2026-02-12 17:44:00,70,5,3
2764,3,14,14,2026-03-25 07:01:00,2026-03-25 10:33:00,370,13,3
2765,8,10,10,2026-06-19 03:09:00,2026-06-19 06:50:00,443,2,2
2766,4,25,5,2026-03-03 17:36:00,2026-03-03 20:53:00,306,1,3
2767,1,42,7,2026-01-13 23:07:00,2026-01-14 01:25:00,386,30,2
2768,2,18,20,2026-05-05 15:48:00,2026-05-05 19:40:00,417,10,2
2769,2,18,13,2026-02-12 12:33:00,2026-02-12 15:11:00,117,9,3
2770,1,39,14,2026-03-29 18:09:00,2026-03-29 19:59:00,421,8,3
2771,5,41,2,2026-04-16 12:13:00,2026-04-16 14:51:00,180,7,3
2772,8,48,7,2026-03-18 13:25:00,2026-03-18 16:49:00,108,7,3
2773,3,14,10,2026-01-26 01:56:00,2026-01-26 04:25:00,235,11,3
2774,5,13,17,2026-04-30 11:55:00,2026-04-30 13:41:00,452,11,1
2775,8,15,10,2026-02-24 00:48:00,2026-02-24 01:40:00,477,10,3
2776,2,5,7,2026-05-26 23:45:00,2026-05-27 00:24:00,218,0,3
2777,4,44,5,2026-04-03 14:25:00,2026-04-03 15:34:00,240,18,2
2778,8,26,20,2026-06-18 11:39:00,2026-06-18 14:17:00,51,0,2
2779,5,38,1,2026-06-17 18:28:00,2026-06-17 21:23:00,199,2,1
2780,4,35,16,2026-03-24 21:27:00,2026-03-25 00:08:00,72,3,3
2781,5,38,7,2026-04-07 13:30:00,2026-04-07 14:22:00,324,18,1
2782,7,37,9,2026-04-20 13:42:00,2026-04-20 17:10:00,240,17,2
2783,2,36,12,2026-04-29 12:53:00,2026-04-29 14:46:00,440,9,1
2784,5,13,18,2026-01-11 04:26:00,2026-01-11 06:35:00,489,4,1
2785,1,39,14,2026-03-28 04:13:00,2026-03-28 05:42:00,345,3,3
2786,3,49,9,2026-02-03 04:29:00,2026-02-03 07:26:00,156,5,1
2787,2,18,4,2026-05-01 22:25:00,2026-05-01 22:57:00,84,1,3
2788,7,19,20,2026-03-01 23:27:00,2026-03-02 01:58:00,370,11,2
2789,2,16,16,2026-03-13 04:41:00,2026-03-13 08:14:00,248,16,3
2790,9,2,10,2026-01-04 02:33:00,2026-01-04 05:14:00,355,16,2
2791,9,2,8,2026-04-13 03:34:00,2026-04-13 07:13:00,480,20,1
2792,3,46,11,2026-04-20 16:28:00,2026-04-20 19:31:00,198,12,3
2793,8,15,6,2026-04-24 09:52:00,2026-04-24 10:35:00,229,14,3
2794,7,9,2,2026-04-01 06:20:00,2026-04-01 09:03:00,448,20,2
2795,1,42,14,2026-04-17 13:40:00,2026-04-17 16:45:00,62,4,2
2796,2,5,5,2026-02-12 00:15:00,2026-02-12 02:14:00,480,35,3
2797,8,15,14,2026-01-22 08:07:00,2026-01-22 08:38:00,271,17,3
2798,3,34,7,2026-06-05 15:48:00,2026-06-05 19:04:00,136,7,2
2799,3,4,20,2026-03-16 11:12:00,2026-03-16 14:22:00,121,9,2
2800,3,40,14,2026-04-22 20:52:00,2026-04-23 00:42:00,330,18,2
2801,9,50,17,2026-02-18 05:16:00,2026-02-18 06:07:00,200,0,1
2802,4,29,17,2026-04-25 19:10:00,2026-04-25 20:30:00,179,0,3
2803,4,35,11,2026-01-24 12:30:00,2026-01-24 15:32:00,351,21,2
2804,6,1,19,2026-01-26 16:03:00,2026-01-26 18:50:00,132,0,2
2805,1,28,18,2026-05-20 10:12:00,2026-05-20 13:59:00,127,5,2
2806,10,30,1,2026-05-14 16:07:00,2026-05-14 18:52:00,266,13,2
2807,1,42,1,2026-01-26 23:49:00,2026-01-27 01:08:00,349,1,1
2808,7,9,17,2026-02-09 10:42:00,2026-02-09 12:05:00,76,1,1
2809,9,12,6,2026-06-07 04:46:00,2026-06-07 07:01:00,500,29,1
2810,3,4,12,2026-03-14 00:29:00,2026-03-14 03:39:00,453,20,2
2811,3,23,8,2026-05-13 17:37:00,2026-05-13 21:20:00,381,20,2
2812,9,50,19,2026-05-16 19:56:00,2026-05-16 21:06:00,336,18,3
2813,3,34,17,2026-01-28 08:20:00,2026-01-28 09:34:00,69,0,3
2814,4,32,15,2026-01-07 04:52:00,2026-01-07 07:02:00,418,26,1
2815,9,45,10,2026-04-17 08:58:00,2026-04-17 10:39:00,91,3,3
2816,1,31,5,2026-01-19 02:23:00,2026-01-19 06:07:00,99,5,2
2817,1,39,20,2026-06-20 12:27:00,2026-06-20 14:01:00,361,17,3
2818,5,38,16,2026-06-02 13:14:00,2026-06-02 14:19:00,221,13,3
2819,4,32,15,2026-02-12 02:35:00,2026-02-12 04:57:00,489,34,3
2820,3,3,11,2026-05-30 15:32:00,2026-05-30 18:47:00,363,8,3
2821,8,10,4,2026-03-31 07:48:00,2026-03-31 09:51:00,404,0,2
2822,3,49,14,2026-04-26 20:18:00,2026-04-27 00:18:00,494,2,1
2823,3,23,13,2026-06-20 06:33:00,2026-06-20 09:35:00,109,1,1
2824,10,24,9,2026-05-17 00:07:00,2026-05-17 01:08:00,199,13,1
2825,3,46,1,2026-02-20 23:53:00,2026-02-21 01:51:00,266,15,2
2826,1,31,6,2026-01-11 06:34:00,2026-01-11 10:10:00,177,13,1
2827,1,31,5,2026-03-14 19:32:00,2026-03-14 20:43:00,241,10,3
2828,10,24,16,2026-02-20 18:58:00,2026-02-20 20:36:00,234,9,3
2829,2,11,16,2026-02-14 17:40:00,2026-02-14 21:03:00,159,3,3
2830,8,48,19,2026-05-12 05:43:00,2026-05-12 06:56:00,187,6,2
2831,6,1,5,2026-02-05 08:28:00,2026-02-05 12:04:00,327,17,1
2832,5,43,3,2026-05-22 02:02:00,2026-05-22 05:45:00,443,33,3
2833,7,19,15,2026-02-26 14:53:00,2026-02-26 15:56:00,294,16,1
2834,8,26,12,2026-06-11 02:46:00,2026-06-11 06:02:00,319,9,3
2835,2,22,12,2026-06-09 02:52:00,2026-06-09 03:48:00,64,2,3
2836,8,10,4,2026-04-25 19:38:00,2026-04-25 21:57:00,351,22,2
2837,4,27,11,2026-02-17 00:01:00,2026-02-17 03:47:00,452,17,3
2838,8,48,16,2026-01-11 21:36:00,2026-01-12 00:44:00,71,3,2
2839,1,47,1,2026-03-05 12:42:00,2026-03-05 14:32:00,135,2,2
2840,9,17,19,2026-03-02 20:34:00,2026-03-02 22:29:00,121,2,1
2841,4,29,17,2026-05-05 09:34:00,2026-05-05 11:15:00,178,13,1
2842,4,35,17,2026-02-11 17:05:00,2026-02-11 18:44:00,368,2,3
2843,3,34,1,2026-04-13 03:05:00,2026-04-13 04:43:00,276,15,1
2844,3,14,9,2026-03-15 17:05:00,2026-03-15 19:10:00,258,4,3
2845,8,15,14,2026-04-25 07:10:00,2026-04-25 08:36:00,335,14,3
2846,2,16,13,2026-04-14 00:34:00,2026-04-14 02:43:00,175,9,3
2847,10,30,18,2026-05-09 11:06:00,2026-05-09 12:39:00,196,8,2
2848,9,45,8,2026-04-08 19:14:00,2026-04-08 21:12:00,150,4,2
2849,8,10,9,2026-03-10 01:28:00,2026-03-10 03:53:00,400,11,2
2850,1,28,17,2026-03-24 18:33:00,2026-03-24 20:10:00,202,5,2
2851,1,28,7,2026-06-24 16:42:00,2026-06-24 20:32:00,475,20,3
2852,8,21,14,2026-03-18 20:21:00,2026-03-18 23:03:00,313,13,2
2853,3,34,18,2026-04-05 15:43:00,2026-04-05 17:49:00,389,28,3
2854,2,16,7,2026-02-14 01:15:00,2026-02-14 03:31:00,307,8,1
2855,7,19,17,2026-06-04 14:49:00,2026-06-04 15:53:00,84,6,3
2856,9,12,13,2026-06-05 01:29:00,2026-06-05 02:20:00,435,5,1
2857,9,12,15,2026-06-01 17:50:00,2026-06-01 20:48:00,235,3,2
2858,3,46,6,2026-03-12 22:51:00,2026-03-13 00:00:00,477,36,1
2859,6,1,15,2026-04-07 12:24:00,2026-04-07 14:40:00,73,2,2
2860,6,1,19,2026-01-05 11:45:00,2026-01-05 15:16:00,259,20,1
2861,4,33,10,2026-01-12 03:02:00,2026-01-12 04:27:00,236,13,1
2862,4,32,10,2026-03-10 15:40:00,2026-03-10 16:36:00,198,4,3
2863,5,41,10,2026-03-23 23:01:00,2026-03-24 01:29:00,391,22,3
2864,7,37,17,2026-01-06 21:36:00,2026-01-06 22:42:00,368,16,2
2865,8,15,13,2026-04-13 23:58:00,2026-04-14 03:00:00,181,13,1
2866,6,7,2,2026-02-24 02:39:00,2026-02-24 05:48:00,401,22,3
2867,1,31,13,2026-05-30 08:29:00,2026-05-30 11:32:00,446,16,2
2868,9,50,20,2026-04-15 08:03:00,2026-04-15 11:38:00,194,2,2
2869,1,47,8,2026-05-14 07:28:00,2026-05-14 11:20:00,408,0,1
2870,1,8,12,2026-06-05 17:52:00,2026-06-05 20:51:00,197,11,2
2871,4,33,17,2026-04-11 10:07:00,2026-04-11 12:00:00,119,5,3
2872,4,29,5,2026-04-23 16:08:00,2026-04-23 19:47:00,346,24,1
2873,4,27,19,2026-04-06 23:19:00,2026-04-07 00:13:00,246,1,2
2874,1,39,16,2026-01-17 10:43:00,2026-01-17 12:07:00,267,3,2
2875,10,30,19,2026-04-24 00:58:00,2026-04-24 03:08:00,78,3,2
2876,6,6,11,2026-03-02 09:53:00,2026-03-02 12:26:00,261,11,1
2877,9,2,12,2026-05-22 04:06:00,2026-05-22 05:19:00,317,7,3
2878,1,42,3,2026-01-17 22:14:00,2026-01-17 23:58:00,305,8,2
2879,1,47,20,2026-06-06 03:23:00,2026-06-06 04:31:00,472,12,3
2880,6,6,8,2026-04-18 05:30:00,2026-04-18 07:22:00,452,21,2
2881,9,2,9,2026-05-21 18:30:00,2026-05-21 20:05:00,72,3,3
2882,5,43,14,2026-02-14 23:11:00,2026-02-14 23:43:00,118,3,2
2883,4,25,19,2026-05-12 04:58:00,2026-05-12 05:29:00,368,21,3
2884,6,7,11,2026-04-19 11:56:00,2026-04-19 13:54:00,70,0,1
2885,7,37,3,2026-06-28 07:36:00,2026-06-28 11:03:00,357,10,3
2886,6,1,12,2026-05-07 10:54:00,2026-05-07 12:13:00,126,2,2
2887,2,5,1,2026-03-15 09:32:00,2026-03-15 11:42:00,461,27,1
2888,1,47,1,2026-01-25 23:02:00,2026-01-26 00:47:00,325,8,1
2889,3,14,6,2026-06-21 21:58:00,2026-06-21 23:15:00,256,10,3
2890,4,33,9,2026-02-22 07:31:00,2026-02-22 09:23:00,298,5,3
2891,6,7,16,2026-02-20 21:41:00,2026-02-21 00:10:00,106,0,2
2892,9,50,8,2026-06-24 11:27:00,2026-06-24 12:12:00,324,2,3
2893,3,4,18,2026-02-16 07:19:00,2026-02-16 10:52:00,252,3,2
2894,1,42,17,2026-04-15 10:38:00,2026-04-15 12:39:00,428,24,3
2895,10,20,3,2026-04-17 01:25:00,2026-04-17 03:11:00,97,4,3
2896,4,35,14,2026-02-09 04:01:00,2026-02-09 04:54:00,279,2,2
2897,9,12,20,2026-02-03 08:35:00,2026-02-03 09:26:00,452,18,2
2898,10,24,14,2026-06-21 10:49:00,2026-06-21 12:09:00,227,10,3
2899,4,29,3,2026-01-29 06:18:00,2026-01-29 07:15:00,131,4,1
2900,3,4,16,2026-05-11 18:20:00,2026-05-11 19:39:00,223,8,1
2901,9,2,13,2026-01-04 00:26:00,2026-01-04 02:21:00,342,19,1
2902,5,41,6,2026-02-02 17:40:00,2026-02-02 21:00:00,271,21,2
2903,3,3,9,2026-05-23 01:16:00,2026-05-23 02:04:00,325,22,1
2904,9,12,1,2026-02-01 03:38:00,2026-02-01 07:00:00,223,6,2
2905,2,22,7,2026-01-22 16:57:00,2026-01-22 20:03:00,458,2,3
2906,2,16,8,2026-01-28 00:13:00,2026-01-28 03:45:00,482,8,1
2907,3,40,6,2026-03-15 06:05:00,2026-03-15 08:15:00,233,13,1
2908,8,48,13,2026-01-24 11:04:00,2026-01-24 13:37:00,343,8,1
2909,3,46,1,2026-04-10 12:03:00,2026-04-10 14:53:00,118,7,1
2910,8,21,5,2026-05-18 15:49:00,2026-05-18 18:03:00,169,8,3
2911,4,27,3,2026-04-03 03:20:00,2026-04-03 07:09:00,256,15,2
2912,8,21,10,2026-05-28 14:56:00,2026-05-28 18:35:00,468,15,3
2913,5,38,16,2026-03-24 19:29:00,2026-03-24 20:03:00,332,5,3
2914,7,9,16,2026-02-03 08:21:00,2026-02-03 11:59:00,440,27,2
2915,9,45,1,2026-05-31 17:45:00,2026-05-31 19:40:00,318,14,3
2916,8,26,9,2026-06-09 19:25:00,2026-06-09 23:00:00,61,2,1
2917,10,20,13,2026-03-30 03:23:00,2026-03-30 06:52:00,463,16,1
2918,2,18,7,2026-04-25 04:36:00,2026-04-25 08:26:00,212,4,1
2919,3,40,6,2026-03-11 12:04:00,2026-03-11 12:36:00,457,14,3
2920,10,24,1,2026-01-16 23:09:00,2026-01-16 23:42:00,409,1,1
2921,6,6,6,2026-01-30 14:00:00,2026-01-30 16:57:00,205,6,1
2922,2,11,6,2026-05-25 16:56:00,2026-05-25 17:34:00,303,4,2
2923,7,9,17,2026-01-28 23:14:00,2026-01-29 01:29:00,471,24,1
2924,2,11,2,2026-01-17 16:07:00,2026-01-17 18:09:00,228,10,2
2925,3,49,6,2026-06-19 08:18:00,2026-06-19 09:44:00,303,17,2
2926,8,26,5,2026-06-21 02:57:00,2026-06-21 05:47:00,64,4,1
2927,2,22,17,2026-01-22 11:12:00,2026-01-22 14:30:00,222,1,2
2928,8,48,8,2026-03-29 23:23:00,2026-03-30 03:04:00,447,22,2
2929,3,4,17,2026-06-28 23:15:00,2026-06-29 00:22:00,424,28,2
2930,2,5,6,2026-06-26 21:50:00,2026-06-27 00:11:00,395,3,2
2931,5,38,6,2026-01-20 20:48:00,2026-01-20 22:13:00,406,22,2
2932,4,27,9,2026-03-27 10:00:00,2026-03-27 13:27:00,477,34,3
2933,8,15,5,2026-03-30 04:17:00,2026-03-30 05:57:00,269,12,2
2934,4,35,1,2026-03-06 11:51:00,2026-03-06 14:22:00,288,4,2
2935,8,15,15,2026-01-13 10:39:00,2026-01-13 12:51:00,401,29,1
2936,4,27,14,2026-05-25 01:50:00,2026-05-25 05:46:00,449,4,3
2937,2,22,6,2026-06-20 13:04:00,2026-06-20 15:19:00,229,4,3
2938,3,3,4,2026-06-10 21:57:00,2026-06-10 23:11:00,499,37,1
2939,1,28,8,2026-02-25 10:31:00,2026-02-25 11:11:00,310,12,1
2940,8,10,14,2026-03-30 16:35:00,2026-03-30 20:20:00,500,28,2
2941,4,44,17,2026-03-11 22:00:00,2026-03-11 23:15:00,307,10,2
2942,4,27,16,2026-02-11 20:07:00,2026-02-11 20:47:00,79,5,1
2943,1,42,13,2026-06-24 16:31:00,2026-06-24 20:26:00,131,8,1
2944,4,25,13,2026-01-11 02:43:00,2026-01-11 06:29:00,342,2,2
2945,9,50,19,2026-05-04 02:34:00,2026-05-04 05:42:00,459,31,1
2946,6,7,10,2026-04-09 07:01:00,2026-04-09 08:28:00,215,1,3
2947,10,20,20,2026-06-27 11:12:00,2026-06-27 12:51:00,398,22,3
2948,8,26,3,2026-04-02 15:57:00,2026-04-02 19:57:00,264,4,1
2949,5,43,6,2026-02-13 00:13:00,2026-02-13 02:17:00,112,2,1
2950,4,35,18,2026-03-20 18:13:00,2026-03-20 20:10:00,56,3,2
2951,9,17,5,2026-03-17 14:24:00,2026-03-17 16:46:00,482,7,1
2952,4,33,12,2026-04-16 03:41:00,2026-04-16 06:59:00,251,18,1
2953,2,22,18,2026-02-25 21:54:00,2026-02-26 00:16:00,379,10,2
2954,3,14,1,2026-01-03 11:23:00,2026-01-03 12:08:00,144,8,2
2955,5,13,13,2026-04-21 11:54:00,2026-04-21 15:34:00,361,21,2
2956,6,7,1,2026-03-16 18:26:00,2026-03-16 21:01:00,457,5,1
2957,7,19,19,2026-05-19 00:20:00,2026-05-19 01:26:00,307,13,2
2958,5,43,1,2026-02-23 10:27:00,2026-02-23 11:09:00,399,19,3
2959,4,33,16,2026-05-07 00:15:00,2026-05-07 02:42:00,104,3,2
2960,9,12,17,2026-06-20 00:41:00,2026-06-20 01:16:00,169,0,2
2961,3,49,10,2026-06-24 00:17:00,2026-06-24 01:01:00,168,11,2
2962,8,26,4,2026-01-24 05:30:00,2026-01-24 06:25:00,302,22,1
2963,1,28,19,2026-04-19 03:27:00,2026-04-19 07:12:00,451,12,3
2964,6,6,1,2026-03-08 20:59:00,2026-03-08 21:44:00,107,3,2
2965,3,49,9,2026-01-16 17:03:00,2026-01-16 20:20:00,440,13,2
2966,9,2,13,2026-02-14 11:07:00,2026-02-14 12:34:00,356,20,1
2967,2,36,13,2026-02-22 11:07:00,2026-02-22 13:37:00,163,11,2
2968,8,48,16,2026-05-28 04:44:00,2026-05-28 05:25:00,396,7,3
2969,3,23,14,2026-04-01 06:38:00,2026-04-01 07:27:00,325,1,3
2970,8,21,11,2026-01-03 22:30:00,2026-01-04 00:10:00,472,15,1
2971,8,15,8,2026-03-19 10:20:00,2026-03-19 13:14:00,80,2,2
2972,8,21,16,2026-01-24 11:30:00,2026-01-24 12:59:00,335,15,3
2973,1,28,8,2026-02-23 13:30:00,2026-02-23 17:17:00,322,23,1
2974,3,34,18,2026-03-21 01:30:00,2026-03-21 02:54:00,217,4,1
2975,1,39,3,2026-03-15 11:20:00,2026-03-15 13:54:00,129,10,1
2976,4,29,8,2026-06-28 00:48:00,2026-06-28 01:43:00,137,9,2
2977,10,30,14,2026-01-06 19:57:00,2026-01-06 21:03:00,465,7,2
2978,3,23,18,2026-05-28 03:00:00,2026-05-28 06:23:00,497,17,3
2979,4,33,5,2026-05-18 04:19:00,2026-05-18 06:06:00,242,3,2
2980,2,22,11,2026-01-06 18:04:00,2026-01-06 21:41:00,93,1,3
2981,3,40,14,2026-01-30 18:56:00,2026-01-30 21:55:00,475,14,2
2982,4,29,2,2026-01-08 13:29:00,2026-01-08 17:27:00,172,6,1
2983,3,46,3,2026-06-25 11:05:00,2026-06-25 13:09:00,217,3,1
2984,8,10,19,2026-01-15 19:44:00,2026-01-15 21:31:00,182,12,3
2985,3,49,6,2026-06-16 07:01:00,2026-06-16 10:06:00,155,5,2
2986,4,44,19,2026-05-10 21:20:00,2026-05-11 00:41:00,56,1,1
2987,9,12,1,2026-05-07 19:40:00,2026-05-07 23:16:00,119,1,1
2988,1,28,17,2026-04-23 13:46:00,2026-04-23 16:50:00,315,0,2
2989,3,46,16,2026-03-31 07:20:00,2026-03-31 09:01:00,285,19,2
2990,4,25,16,2026-03-27 23:19:00,2026-03-28 00:12:00,58,1,1
2991,3,34,4,2026-01-07 10:32:00,2026-01-07 13:03:00,351,2,3
2992,8,26,3,2026-02-12 18:14:00,2026-02-12 21:23:00,74,0,1
2993,5,41,9,2026-01-04 10:29:00,2026-01-04 12:56:00,308,16,2
2994,2,36,20,2026-02-11 14:25:00,2026-02-11 16:22:00,306,2,3
2995,10,20,12,2026-04-30 06:51:00,2026-04-30 09:19:00,162,6,2
2996,1,42,9,2026-05-23 11:28:00,2026-05-23 13:09:00,497,19,1
2997,2,16,19,2026-06-25 05:49:00,2026-06-25 08:18:00,469,34,2
2998,1,47,14,2026-04-07 13:29:00,2026-04-07 17:26:00,196,8,3
2999,8,10,10,2026-03-23 00:07:00,2026-03-23 02:19:00,371,1,1
3000,4,32,9,2026-05-28 07:50:00,2026-05-28 09:11:00,152,4,1
3001,6,1,8,2026-03-03 20:53:00,2026-03-03 23:52:00,209,15,3
3002,4,33,13,2026-03-07 23:29:00,2026-03-08 03:24:00,92,0,1
3003,4,33,5,2026-03-16 15:05:00,2026-03-16 17:06:00,437,30,3
3004,7,37,11,2026-03-10 23:30:00,2026-03-11 02:23:00,52,0,1
3005,2,36,17,2026-01-11 03:19:00,2026-01-11 05:13:00,428,4,1
3006,9,17,18,2026-02-03 21:43:00,2026-02-03 23:32:00,151,10,3
3007,9,12,15,2026-06-21 13:41:00,2026-06-21 15:27:00,476,10,3
3008,10,20,13,2026-05-17 13:35:00,2026-05-17 15:23:00,195,13,2
3009,8,21,20,2026-01-30 08:39:00,2026-01-30 09:35:00,97,1,3
3010,5,43,11,2026-03-07 09:00:00,2026-03-07 12:22:00,84,4,3
3011,4,29,15,2026-04-08 18:15:00,2026-04-08 19:02:00,119,1,3
3012,10,24,20,2026-05-05 11:12:00,2026-05-05 12:56:00,247,17,2
3013,4,25,16,2026-01-06 15:06:00,2026-01-06 16:34:00,56,0,3
3014,3,49,2,2026-01-17 21:31:00,2026-01-18 00:38:00,152,7,3
3015,7,9,2,2026-05-04 00:24:00,2026-05-04 01:36:00,223,3,3
3016,4,29,17,2026-06-29 01:33:00,2026-06-29 04:32:00,478,37,1
3017,8,10,14,2026-05-23 02:32:00,2026-05-23 04:36:00,289,18,3
3018,1,28,5,2026-03-17 21:20:00,2026-03-17 22:57:00,365,26,3
3019,10,20,15,2026-03-15 03:39:00,2026-03-15 06:01:00,500,34,2
3020,4,35,17,2026-03-19 12:34:00,2026-03-19 15:58:00,334,2,2
3021,1,39,17,2026-05-15 06:01:00,2026-05-15 07:54:00,357,1,2
3022,7,9,8,2026-04-07 17:38:00,2026-04-07 18:22:00,340,0,1
3023,6,7,11,2026-01-06 14:18:00,2026-01-06 16:23:00,399,11,2
3024,3,4,19,2026-01-26 20:20:00,2026-01-27 00:06:00,450,20,2
3025,3,14,10,2026-01-28 14:58:00,2026-01-28 17:51:00,124,7,2
3026,9,17,1,2026-06-01 02:52:00,2026-06-01 06:30:00,50,3,2
3027,3,46,4,2026-02-13 06:06:00,2026-02-13 08:33:00,409,17,3
3028,8,26,15,2026-06-24 07:48:00,2026-06-24 11:16:00,234,15,1
3029,4,35,12,2026-06-06 08:59:00,2026-06-06 11:13:00,143,3,1
3030,4,33,8,2026-04-01 12:27:00,2026-04-01 14:14:00,439,32,1
3031,3,23,5,2026-06-12 20:00:00,2026-06-12 20:57:00,383,20,3
3032,1,47,18,2026-02-18 01:10:00,2026-02-18 03:32:00,125,1,2
3033,2,16,12,2026-03-03 15:19:00,2026-03-03 18:12:00,227,14,3
3034,1,47,18,2026-06-06 14:06:00,2026-06-06 15:54:00,246,17,2
3035,2,22,9,2026-02-25 06:39:00,2026-02-25 09:49:00,136,8,3
3036,9,17,5,2026-03-07 02:53:00,2026-03-07 05:04:00,403,5,3
3037,3,40,20,2026-03-10 05:56:00,2026-03-10 09:01:00,338,13,1
3038,3,49,11,2026-03-13 01:15:00,2026-03-13 05:10:00,143,4,1
3039,3,3,19,2026-05-16 22:13:00,2026-05-17 01:33:00,468,7,1
3040,6,1,3,2026-01-13 18:23:00,2026-01-13 20:52:00,260,2,1
3041,5,13,2,2026-06-16 06:25:00,2026-06-16 09:03:00,265,5,2
3042,4,33,9,2026-01-30 15:35:00,2026-01-30 17:37:00,391,23,1
3043,7,19,6,2026-05-25 04:12:00,2026-05-25 07:38:00,254,3,1
3044,1,39,8,2026-02-19 08:27:00,2026-02-19 10:49:00,396,11,1
3045,2,11,8,2026-01-12 14:01:00,2026-01-12 17:28:00,363,13,3
3046,3,34,4,2026-02-23 22:14:00,2026-02-24 01:45:00,181,12,3
3047,2,11,13,2026-04-18 18:53:00,2026-04-18 22:12:00,222,6,2
3048,9,50,8,2026-01-30 02:54:00,2026-01-30 06:16:00,116,5,2
3049,9,45,13,2026-01-31 02:54:00,2026-01-31 06:20:00,214,10,3
3050,4,33,5,2026-02-18 03:49:00,2026-02-18 07:21:00,222,13,3
3051,4,33,10,2026-05-16 22:13:00,2026-05-16 23:33:00,440,12,3
3052,9,12,4,2026-01-10 04:25:00,2026-01-10 07:28:00,150,1,3
3053,4,44,12,2026-02-01 09:25:00,2026-02-01 10:32:00,129,1,2
3054,1,8,14,2026-06-20 03:10:00,2026-06-20 05:09:00,140,5,2
3055,5,13,2,2026-03-08 07:41:00,2026-03-08 09:55:00,252,12,3
3056,2,18,18,2026-04-07 16:29:00,2026-04-07 17:58:00,473,33,2
3057,10,24,3,2026-01-02 02:03:00,2026-01-02 02:51:00,269,13,1
3058,9,17,10,2026-02-07 21:56:00,2026-02-08 00:30:00,500,17,2
3059,9,12,12,2026-06-06 09:18:00,2026-06-06 13:15:00,97,0,2
3060,2,11,7,2026-06-22 07:34:00,2026-06-22 11:08:00,433,3,2
3061,3,3,15,2026-04-18 15:09:00,2026-04-18 17:25:00,142,3,1
3062,1,47,10,2026-02-08 17:45:00,2026-02-08 19:03:00,373,26,1
3063,4,32,8,2026-01-16 23:52:00,2026-01-17 01:41:00,351,23,2
3064,1,31,10,2026-02-03 13:51:00,2026-02-03 17:31:00,97,6,1
3065,3,4,8,2026-02-01 12:06:00,2026-02-01 13:41:00,287,6,2
3066,5,13,6,2026-05-30 16:41:00,2026-05-30 20:29:00,362,15,1
3067,8,48,13,2026-02-15 19:37:00,2026-02-15 20:22:00,396,10,3
3068,8,48,6,2026-04-19 10:16:00,2026-04-19 12:26:00,432,2,3
3069,8,10,15,2026-02-09 09:58:00,2026-02-09 11:33:00,479,3,3
3070,4,33,2,2026-01-11 05:57:00,2026-01-11 08:49:00,215,4,3
3071,8,26,13,2026-05-20 17:33:00,2026-05-20 19:21:00,60,3,3
3072,2,11,13,2026-01-26 16:20:00,2026-01-26 18:53:00,137,3,2
3073,2,11,11,2026-02-09 04:52:00,2026-02-09 08:33:00,231,4,1
3074,8,21,8,2026-06-04 06:27:00,2026-06-04 10:01:00,474,18,3
3075,5,43,5,2026-06-09 10:09:00,2026-06-09 11:08:00,315,12,2
3076,7,37,20,2026-04-23 10:34:00,2026-04-23 13:10:00,322,6,2
3077,5,13,3,2026-03-25 10:21:00,2026-03-25 12:49:00,391,20,1
3078,4,33,13,2026-02-02 05:39:00,2026-02-02 06:26:00,96,2,2
3079,2,16,2,2026-06-01 08:31:00,2026-06-01 11:26:00,58,0,3
3080,4,33,10,2026-04-07 08:46:00,2026-04-07 12:04:00,164,5,1
3081,5,41,10,2026-06-12 03:55:00,2026-06-12 07:35:00,421,5,2
3082,7,37,4,2026-02-21 08:10:00,2026-02-21 10:21:00,304,18,2
3083,1,31,19,2026-01-09 00:06:00,2026-01-09 01:15:00,280,21,3
3084,2,36,16,2026-06-08 03:27:00,2026-06-08 05:33:00,249,18,2
3085,2,36,9,2026-01-17 21:29:00,2026-01-18 00:48:00,316,18,3
3086,9,12,6,2026-05-25 16:33:00,2026-05-25 19:01:00,150,9,2
3087,10,24,1,2026-04-19 20:28:00,2026-04-19 23:02:00,134,2,3
3088,10,20,2,2026-02-06 04:43:00,2026-02-06 06:15:00,368,5,1
3089,9,45,5,2026-06-12 20:55:00,2026-06-12 21:40:00,457,10,1
3090,8,26,1,2026-04-08 09:01:00,2026-04-08 10:54:00,86,1,2
3091,10,20,19,2026-03-25 06:05:00,2026-03-25 07:55:00,192,11,3
3092,5,38,2,2026-01-25 12:57:00,2026-01-25 15:47:00,331,6,2
3093,5,38,7,2026-01-15 07:42:00,2026-01-15 11:05:00,128,6,2
3094,2,5,4,2026-04-25 00:33:00,2026-04-25 03:35:00,269,0,3
3095,10,30,5,2026-06-27 09:24:00,2026-06-27 12:21:00,302,16,2
3096,9,50,15,2026-03-13 06:09:00,2026-03-13 09:16:00,108,8,1
3097,2,18,20,2026-06-03 05:20:00,2026-06-03 08:53:00,472,25,2
3098,2,5,15,2026-04-13 14:44:00,2026-04-13 17:27:00,228,1,3
3099,1,31,2,2026-06-16 17:03:00,2026-06-16 19:31:00,294,5,1
3100,8,26,1,2026-05-22 05:36:00,2026-05-22 07:51:00,148,11,1
3101,1,8,16,2026-05-10 03:54:00,2026-05-10 06:38:00,85,1,3
3102,4,32,13,2026-04-26 21:53:00,2026-04-27 01:18:00,418,11,3
3103,9,50,3,2026-02-07 06:52:00,2026-02-07 08:18:00,96,2,2
3104,1,39,14,2026-01-24 18:35:00,2026-01-24 19:27:00,128,10,2
3105,2,11,13,2026-04-24 19:06:00,2026-04-24 21:25:00,470,6,1
3106,3,49,10,2026-06-09 13:01:00,2026-06-09 15:29:00,421,14,1
3107,3,46,15,2026-03-08 07:13:00,2026-03-08 11:04:00,303,3,1
3108,1,8,16,2026-01-11 20:49:00,2026-01-11 23:21:00,330,2,2
3109,8,48,11,2026-05-04 14:08:00,2026-05-04 16:41:00,106,7,1
3110,1,47,12,2026-03-12 01:15:00,2026-03-12 02:28:00,349,3,2
3111,5,38,9,2026-03-28 16:47:00,2026-03-28 17:25:00,177,4,1
3112,9,50,20,2026-03-21 01:42:00,2026-03-21 05:27:00,198,14,3
3113,8,48,16,2026-06-16 20:00:00,2026-06-16 22:20:00,494,9,1
3114,4,44,15,2026-01-30 23:06:00,2026-01-30 23:57:00,161,9,3
3115,2,22,13,2026-06-06 09:55:00,2026-06-06 12:08:00,263,0,2
3116,5,13,13,2026-01-24 11:11:00,2026-01-24 12:12:00,318,6,2
3117,4,44,18,2026-03-19 08:58:00,2026-03-19 11:25:00,468,11,1
3118,8,15,12,2026-02-25 20:26:00,2026-02-25 22:43:00,495,4,2
3119,9,50,20,2026-02-08 09:38:00,2026-02-08 10:43:00,401,31,3
3120,7,9,16,2026-05-04 00:43:00,2026-05-04 01:23:00,436,19,2
3121,7,9,4,2026-04-02 17:19:00,2026-04-02 20:33:00,499,21,1
3122,2,18,7,2026-03-08 04:08:00,2026-03-08 04:59:00,205,0,1
3123,4,29,4,2026-01-03 17:23:00,2026-01-03 18:35:00,482,2,1
3124,8,26,2,2026-04-01 14:41:00,2026-04-01 16:01:00,349,24,2
3125,10,24,6,2026-04-06 07:52:00,2026-04-06 10:16:00,333,17,3
3126,3,40,5,2026-06-27 18:15:00,2026-06-27 21:50:00,283,4,1
3127,2,18,19,2026-02-25 22:57:00,2026-02-26 00:46:00,384,6,3
3128,8,48,20,2026-01-21 00:10:00,2026-01-21 03:58:00,459,1,2
3129,2,5,9,2026-03-23 14:20:00,2026-03-23 16:43:00,213,14,2
3130,2,5,7,2026-04-28 22:29:00,2026-04-28 23:26:00,232,0,3
3131,4,44,15,2026-06-16 10:36:00,2026-06-16 11:28:00,258,0,3
3132,4,33,10,2026-05-01 22:00:00,2026-05-01 23:51:00,358,0,1
3133,3,40,5,2026-04-22 08:25:00,2026-04-22 11:51:00,467,11,3
3134,3,14,7,2026-05-23 01:59:00,2026-05-23 02:59:00,176,13,2
3135,9,50,13,2026-03-01 02:23:00,2026-03-01 06:17:00,336,5,2
3136,7,19,9,2026-06-20 21:08:00,2026-06-21 00:27:00,280,8,3
3137,3,14,11,2026-04-03 13:55:00,2026-04-03 16:14:00,392,11,3
3138,2,36,4,2026-06-20 08:40:00,2026-06-20 09:23:00,241,2,3
3139,5,41,15,2026-01-27 06:42:00,2026-01-27 10:07:00,80,2,2
3140,1,8,10,2026-01-30 20:51:00,2026-01-30 23:09:00,66,1,2
3141,8,21,4,2026-05-31 13:58:00,2026-05-31 16:32:00,450,22,2
3142,2,18,7,2026-02-19 00:46:00,2026-02-19 04:04:00,313,11,3
3143,4,32,8,2026-05-16 02:56:00,2026-05-16 05:21:00,404,32,1
3144,4,27,12,2026-04-27 20:53:00,2026-04-27 22:59:00,360,6,1
3145,7,19,20,2026-03-13 01:14:00,2026-03-13 04:02:00,61,3,2
3146,10,30,2,2026-02-21 20:52:00,2026-02-21 23:03:00,69,3,1
3147,3,34,12,2026-01-03 19:46:00,2026-01-03 21:51:00,197,3,3
3148,8,10,19,2026-01-07 15:14:00,2026-01-07 16:03:00,78,4,1
3149,2,11,10,2026-02-09 02:00:00,2026-02-09 03:42:00,93,3,1
3150,3,3,12,2026-04-03 02:27:00,2026-04-03 05:12:00,357,21,3
3151,5,43,4,2026-06-04 19:21:00,2026-06-04 20:27:00,355,0,3
3152,4,29,6,2026-06-07 13:32:00,2026-06-07 16:50:00,374,26,3
3153,3,49,2,2026-02-03 12:23:00,2026-02-03 13:03:00,427,30,3
3154,4,25,4,2026-03-10 15:02:00,2026-03-10 18:08:00,87,3,1
3155,3,3,13,2026-02-11 04:04:00,2026-02-11 07:17:00,56,1,2
3156,2,18,18,2026-01-03 03:13:00,2026-01-03 06:41:00,67,3,3
3157,9,50,11,2026-01-03 10:17:00,2026-01-03 10:55:00,360,14,3
3158,5,38,2,2026-05-29 13:41:00,2026-05-29 15:42:00,207,13,2
3159,3,49,10,2026-05-01 22:55:00,2026-05-02 02:32:00,76,3,3
3160,3,46,16,2026-02-05 18:51:00,2026-02-05 22:25:00,421,7,3
3161,9,45,6,2026-06-27 05:56:00,2026-06-27 09:31:00,441,11,1
3162,4,27,3,2026-06-22 02:37:00,2026-06-22 05:30:00,432,27,1
3163,1,42,12,2026-04-24 00:24:00,2026-04-24 04:06:00,112,8,1
3164,6,6,11,2026-01-06 15:36:00,2026-01-06 18:29:00,446,18,1
3165,2,11,18,2026-04-09 20:21:00,2026-04-09 21:41:00,169,6,2
3166,3,34,6,2026-04-23 08:42:00,2026-04-23 10:47:00,295,20,3
3167,3,46,4,2026-04-06 13:22:00,2026-04-06 15:33:00,132,5,3
3168,6,6,16,2026-06-15 21:26:00,2026-06-15 23:53:00,336,24,1
3169,4,29,13,2026-05-20 18:47:00,2026-05-20 22:11:00,151,4,2
3170,9,17,9,2026-04-07 11:20:00,2026-04-07 15:10:00,76,2,2
3171,7,9,4,2026-03-11 10:00:00,2026-03-11 11:22:00,355,0,2
3172,8,26,17,2026-01-03 06:12:00,2026-01-03 06:54:00,498,33,2
3173,10,24,9,2026-05-11 19:04:00,2026-05-11 19:35:00,368,15,2
3174,3,3,14,2026-06-28 06:52:00,2026-06-28 08:42:00,229,10,3
3175,10,24,11,2026-05-25 18:29:00,2026-05-25 19:16:00,314,23,3
3176,4,44,1,2026-01-06 22:56:00,2026-01-07 02:27:00,298,16,1
3177,3,49,12,2026-05-17 12:39:00,2026-05-17 15:48:00,267,8,2
3178,1,47,18,2026-04-17 18:31:00,2026-04-17 21:08:00,316,16,1
3179,3,4,20,2026-01-10 10:32:00,2026-01-10 11:07:00,320,10,2
3180,10,24,9,2026-01-20 03:43:00,2026-01-20 07:25:00,230,16,3
3181,5,13,16,2026-06-12 10:39:00,2026-06-12 12:11:00,412,14,3
3182,6,6,14,2026-06-18 09:37:00,2026-06-18 11:11:00,71,2,2
3183,1,8,3,2026-05-10 20:44:00,2026-05-10 23:51:00,233,2,3
3184,9,50,12,2026-03-30 12:16:00,2026-03-30 13:52:00,195,0,1
3185,9,45,2,2026-03-27 05:48:00,2026-03-27 07:25:00,350,7,3
3186,3,3,6,2026-03-08 01:56:00,2026-03-08 04:37:00,109,5,1
3187,10,30,9,2026-01-24 22:28:00,2026-01-25 02:18:00,280,4,3
3188,9,45,10,2026-01-21 20:21:00,2026-01-22 00:07:00,167,12,1
3189,3,46,11,2026-01-16 20:14:00,2026-01-16 23:13:00,148,5,3
3190,9,17,17,2026-04-11 02:40:00,2026-04-11 03:33:00,430,23,3
3191,2,36,5,2026-01-09 16:28:00,2026-01-09 20:00:00,103,0,3
3192,8,26,6,2026-01-26 04:03:00,2026-01-26 06:33:00,168,0,2
3193,3,4,18,2026-05-06 03:48:00,2026-05-06 07:17:00,404,1,2
3194,9,12,9,2026-01-30 12:44:00,2026-01-30 15:42:00,468,1,1
3195,8,48,20,2026-04-23 08:39:00,2026-04-23 11:28:00,152,6,2
3196,3,40,4,2026-05-07 13:13:00,2026-05-07 14:39:00,328,19,2
3197,5,38,11,2026-03-18 03:24:00,2026-03-18 04:11:00,208,13,1
3198,2,16,5,2026-01-07 11:40:00,2026-01-07 14:39:00,155,5,2
3199,1,47,1,2026-05-27 01:16:00,2026-05-27 02:34:00,247,11,2
3200,2,16,3,2026-04-30 08:28:00,2026-04-30 09:10:00,77,2,1
3201,8,26,14,2026-06-02 04:17:00,2026-06-02 05:48:00,248,8,2
3202,8,10,13,2026-05-12 11:26:00,2026-05-12 12:39:00,449,13,1
3203,5,38,13,2026-06-24 21:31:00,2026-06-24 23:01:00,240,2,3
3204,3,46,9,2026-02-24 00:14:00,2026-02-24 00:57:00,208,3,1
3205,1,8,4,2026-06-21 11:10:00,2026-06-21 14:27:00,125,4,1
3206,4,32,7,2026-01-14 11:55:00,2026-01-14 14:07:00,257,16,3
3207,8,48,9,2026-04-10 14:35:00,2026-04-10 17:20:00,154,0,3
3208,2,11,5,2026-06-02 13:14:00,2026-06-02 14:58:00,492,27,1
3209,7,37,18,2026-02-04 15:14:00,2026-02-04 16:42:00,340,9,3
3210,2,5,8,2026-03-09 05:14:00,2026-03-09 08:26:00,198,11,3
3211,2,36,8,2026-02-15 12:47:00,2026-02-15 14:57:00,353,25,3
3212,2,5,7,2026-05-13 03:47:00,2026-05-13 04:33:00,439,7,3
3213,2,5,20,2026-05-14 07:40:00,2026-05-14 11:37:00,114,8,2
3214,8,26,11,2026-06-23 06:47:00,2026-06-23 07:48:00,161,8,2
3215,4,44,11,2026-04-20 12:48:00,2026-04-20 16:14:00,219,5,1
3216,8,21,14,2026-03-22 17:24:00,2026-03-22 20:42:00,259,3,3
3217,1,8,7,2026-01-11 17:25:00,2026-01-11 19:17:00,239,4,1
3218,8,15,5,2026-06-07 12:52:00,2026-06-07 14:04:00,265,7,2
3219,3,46,5,2026-03-12 15:07:00,2026-03-12 17:36:00,198,13,3
3220,3,14,20,2026-02-14 19:17:00,2026-02-14 20:52:00,369,0,2
3221,3,46,5,2026-02-02 23:04:00,2026-02-03 00:18:00,224,11,2
3222,4,35,4,2026-01-30 18:39:00,2026-01-30 21:46:00,171,7,1
3223,1,42,10,2026-05-18 20:39:00,2026-05-18 21:39:00,247,15,3
3224,6,6,20,2026-05-16 13:05:00,2026-05-16 13:45:00,330,19,3
3225,4,35,17,2026-04-29 21:59:00,2026-04-30 01:26:00,336,4,3
3226,4,35,8,2026-06-13 18:15:00,2026-06-13 19:43:00,121,6,2
3227,7,9,17,2026-03-04 23:04:00,2026-03-05 01:18:00,153,1,2
3228,1,28,1,2026-04-08 17:02:00,2026-04-08 19:29:00,115,9,1
3229,2,5,15,2026-05-15 10:21:00,2026-05-15 11:14:00,252,17,1
3230,3,49,6,2026-04-09 22:08:00,2026-04-10 01:13:00,339,8,2
3231,3,23,8,2026-01-19 12:39:00,2026-01-19 16:30:00,69,5,1
3232,5,43,8,2026-02-13 00:04:00,2026-02-13 03:22:00,372,15,3
3233,4,27,4,2026-02-21 21:00:00,2026-02-22 00:50:00,311,8,1
3234,4,29,15,2026-02-21 07:49:00,2026-02-21 09:50:00,470,13,3
3235,1,39,17,2026-02-07 11:13:00,2026-02-07 14:56:00,85,4,2
3236,2,5,4,2026-01-28 07:23:00,2026-01-28 09:44:00,150,11,3
3237,3,49,12,2026-02-15 21:11:00,2026-02-15 22:15:00,270,21,3
3238,7,19,11,2026-03-31 10:12:00,2026-03-31 12:48:00,458,15,2
3239,4,27,7,2026-03-03 21:37:00,2026-03-04 01:02:00,236,17,3
3240,5,41,4,2026-02-04 21:44:00,2026-02-05 01:40:00,173,3,1
3241,3,34,11,2026-01-23 10:55:00,2026-01-23 14:03:00,127,3,3
3242,2,18,5,2026-03-26 21:40:00,2026-03-26 23:11:00,208,11,3
3243,2,5,4,2026-05-19 07:40:00,2026-05-19 10:59:00,446,17,2
3244,3,23,4,2026-01-11 19:49:00,2026-01-11 22:20:00,461,8,2
3245,2,5,20,2026-05-12 14:21:00,2026-05-12 15:36:00,464,34,1
3246,3,40,20,2026-03-03 07:26:00,2026-03-03 08:46:00,478,20,1
3247,1,28,8,2026-02-08 16:23:00,2026-02-08 19:53:00,327,16,3
3248,2,16,8,2026-06-19 16:11:00,2026-06-19 17:46:00,469,16,2
3249,2,36,16,2026-05-13 05:51:00,2026-05-13 09:06:00,127,7,2
3250,8,15,5,2026-03-15 23:09:00,2026-03-16 02:59:00,482,10,1
3251,4,25,19,2026-03-06 03:19:00,2026-03-06 07:02:00,148,10,3
3252,1,39,4,2026-05-15 07:39:00,2026-05-15 08:36:00,254,15,3
3253,10,30,13,2026-02-18 08:52:00,2026-02-18 11:28:00,282,6,2
3254,10,24,4,2026-01-21 12:47:00,2026-01-21 15:46:00,361,19,3
3255,8,48,1,2026-03-31 20:50:00,2026-04-01 00:45:00,479,35,3
3256,2,22,16,2026-06-23 04:23:00,2026-06-23 07:11:00,282,4,2
3257,6,1,16,2026-01-31 23:25:00,2026-02-01 00:18:00,411,30,2
3258,1,42,4,2026-05-17 16:11:00,2026-05-17 19:49:00,389,6,1
3259,2,22,2,2026-06-02 11:01:00,2026-06-02 11:51:00,212,3,1
3260,1,39,20,2026-06-05 02:18:00,2026-06-05 05:36:00,251,0,1
3261,3,34,13,2026-02-21 22:44:00,2026-02-21 23:40:00,67,4,2
3262,8,10,8,2026-01-12 13:55:00,2026-01-12 17:55:00,111,3,3
3263,9,2,8,2026-03-25 02:08:00,2026-03-25 02:58:00,73,2,1
3264,3,49,15,2026-05-23 04:19:00,2026-05-23 07:55:00,488,38,2
3265,10,24,6,2026-01-16 18:18:00,2026-01-16 20:59:00,323,14,2
3266,4,44,14,2026-05-18 14:45:00,2026-05-18 16:47:00,380,1,1
3267,8,21,5,2026-05-02 12:14:00,2026-05-02 13:45:00,252,3,3
3268,7,9,16,2026-05-10 17:55:00,2026-05-10 19:53:00,137,0,1
3269,9,12,19,2026-04-07 02:32:00,2026-04-07 04:54:00,66,0,1
3270,8,26,18,2026-04-19 06:41:00,2026-04-19 09:52:00,106,2,3
3271,4,32,2,2026-03-19 09:26:00,2026-03-19 11:40:00,300,9,1
3272,5,13,12,2026-05-06 18:11:00,2026-05-06 21:25:00,96,3,2
3273,6,6,15,2026-01-05 06:10:00,2026-01-05 06:58:00,465,2,1
3274,4,29,6,2026-01-08 22:32:00,2026-01-08 23:27:00,263,9,2
3275,5,13,11,2026-03-19 00:51:00,2026-03-19 04:27:00,354,24,2
3276,8,48,4,2026-05-10 19:39:00,2026-05-10 20:24:00,468,33,2
3277,3,4,5,2026-03-12 13:32:00,2026-03-12 16:57:00,100,5,3
3278,1,8,20,2026-05-30 07:59:00,2026-05-30 09:01:00,196,0,2
3279,1,42,14,2026-04-18 03:36:00,2026-04-18 05:21:00,124,6,3
3280,1,47,7,2026-01-12 13:25:00,2026-01-12 16:54:00,131,5,3
3281,2,36,11,2026-03-21 13:08:00,2026-03-21 15:25:00,254,10,3
3282,3,4,14,2026-06-06 20:50:00,2026-06-06 22:41:00,188,14,1
3283,4,35,19,2026-03-23 17:54:00,2026-03-23 21:22:00,379,30,2
3284,7,9,4,2026-01-18 19:18:00,2026-01-18 21:13:00,177,3,3
3285,3,14,19,2026-01-07 14:20:00,2026-01-07 15:51:00,103,1,3
3286,10,20,15,2026-02-23 10:00:00,2026-02-23 13:53:00,250,16,1
3287,3,3,9,2026-06-03 20:11:00,2026-06-03 21:14:00,177,8,3
3288,7,19,3,2026-03-07 10:59:00,2026-03-07 11:56:00,149,8,2
3289,5,38,14,2026-05-15 00:36:00,2026-05-15 03:54:00,71,0,2
3290,2,5,10,2026-06-27 23:46:00,2026-06-28 01:34:00,330,9,3
3291,8,15,10,2026-06-17 18:33:00,2026-06-17 21:56:00,471,4,3
3292,1,8,4,2026-03-15 09:13:00,2026-03-15 10:17:00,390,11,1
3293,10,20,16,2026-01-25 19:37:00,2026-01-25 22:05:00,164,0,1
3294,4,27,19,2026-02-19 17:56:00,2026-02-19 21:44:00,256,11,1
3295,7,37,6,2026-06-27 20:41:00,2026-06-27 23:46:00,75,3,2
3296,1,28,3,2026-02-08 15:44:00,2026-02-08 17:57:00,123,0,3
3297,1,47,15,2026-01-27 07:40:00,2026-01-27 08:23:00,228,2,2
3298,3,34,9,2026-01-31 07:45:00,2026-01-31 09:43:00,91,1,3
3299,4,27,17,2026-03-31 15:06:00,2026-03-31 17:26:00,238,13,2
3300,1,31,10,2026-04-06 03:55:00,2026-04-06 05:34:00,410,11,2
3301,2,22,14,2026-01-09 16:37:00,2026-01-09 20:18:00,419,33,2
3302,5,38,13,2026-03-01 05:20:00,2026-03-01 06:18:00,232,6,1
3303,7,9,17,2026-01-10 15:26:00,2026-01-10 17:42:00,406,29,1
3304,2,36,11,2026-05-12 06:00:00,2026-05-12 09:48:00,484,3,3
3305,4,29,18,2026-06-28 02:49:00,2026-06-28 03:44:00,124,7,3
3306,4,35,17,2026-02-01 19:48:00,2026-02-01 21:39:00,479,13,2
3307,9,2,9,2026-01-22 05:58:00,2026-01-22 08:43:00,330,21,2
3308,1,42,2,2026-03-31 11:58:00,2026-03-31 14:52:00,410,15,1
3309,4,25,18,2026-02-03 00:44:00,2026-02-03 02:03:00,265,9,1
3310,6,6,1,2026-05-24 17:15:00,2026-05-24 21:09:00,142,5,3
3311,4,35,6,2026-06-23 23:50:00,2026-06-24 00:57:00,165,9,3
3312,3,34,6,2026-02-06 15:28:00,2026-02-06 16:27:00,120,3,3
3313,9,12,12,2026-05-19 14:21:00,2026-05-19 18:01:00,467,3,2
3314,10,20,8,2026-03-22 21:50:00,2026-03-23 01:22:00,442,14,1
3315,1,47,17,2026-04-01 11:17:00,2026-04-01 14:02:00,478,4,2
3316,1,47,5,2026-04-20 16:01:00,2026-04-20 19:47:00,89,5,1
3317,2,16,14,2026-02-27 22:55:00,2026-02-28 01:01:00,150,9,1
3318,5,13,14,2026-06-29 00:55:00,2026-06-29 01:36:00,210,15,2
3319,2,16,13,2026-02-22 18:11:00,2026-02-22 20:09:00,145,1,3
3320,6,1,8,2026-05-01 03:08:00,2026-05-01 05:11:00,331,22,1
3321,4,44,11,2026-04-14 16:58:00,2026-04-14 18:37:00,279,17,3
3322,10,30,20,2026-02-22 06:01:00,2026-02-22 08:27:00,443,7,3
3323,10,20,13,2026-03-20 18:20:00,2026-03-20 19:06:00,498,5,1
3324,3,46,10,2026-05-17 12:19:00,2026-05-17 13:49:00,497,29,3
3325,1,47,20,2026-05-25 10:00:00,2026-05-25 10:36:00,117,0,2
3326,5,38,16,2026-02-15 01:00:00,2026-02-15 02:39:00,248,14,1
3327,1,31,14,2026-06-23 14:49:00,2026-06-23 18:44:00,180,9,2
3328,4,35,1,2026-05-10 04:19:00,2026-05-10 07:43:00,96,1,2
3329,3,46,5,2026-01-23 16:26:00,2026-01-23 19:20:00,461,34,2
3330,4,27,18,2026-01-18 06:57:00,2026-01-18 10:12:00,101,6,1
3331,5,41,2,2026-01-29 07:29:00,2026-01-29 10:21:00,456,23,2
3332,3,23,18,2026-06-18 02:45:00,2026-06-18 06:36:00,284,18,2
3333,10,20,19,2026-03-12 06:50:00,2026-03-12 08:00:00,487,22,2
3334,5,41,8,2026-04-17 02:54:00,2026-04-17 04:03:00,142,9,1
3335,1,47,2,2026-02-09 03:58:00,2026-02-09 07:27:00,338,0,3
3336,4,35,18,2026-02-24 21:15:00,2026-02-25 00:19:00,349,21,3
3337,3,14,4,2026-05-25 22:26:00,2026-05-25 23:07:00,138,2,1
3338,2,11,5,2026-02-27 00:08:00,2026-02-27 02:07:00,285,0,1
3339,8,21,15,2026-02-26 02:29:00,2026-02-26 05:40:00,115,6,1
3340,4,29,15,2026-03-21 00:43:00,2026-03-21 02:33:00,342,17,3
3341,7,9,11,2026-05-12 06:05:00,2026-05-12 08:01:00,108,4,1
3342,8,48,4,2026-04-05 00:48:00,2026-04-05 02:36:00,294,20,1
3343,2,18,4,2026-02-03 21:50:00,2026-02-03 23:39:00,360,21,1
3344,10,30,13,2026-04-29 22:16:00,2026-04-30 01:19:00,122,5,2
3345,1,8,17,2026-05-24 01:40:00,2026-05-24 04:10:00,320,7,2
3346,10,20,4,2026-03-29 17:24:00,2026-03-29 19:09:00,54,2,3
3347,10,30,20,2026-05-19 13:24:00,2026-05-19 15:56:00,295,9,2
3348,4,33,13,2026-06-11 07:16:00,2026-06-11 09:16:00,312,22,2
3349,4,27,20,2026-03-26 09:10:00,2026-03-26 13:03:00,425,3,2
3350,1,42,18,2026-05-09 01:27:00,2026-05-09 05:21:00,335,18,3
3351,1,42,19,2026-03-14 00:21:00,2026-03-14 00:53:00,306,3,1
3352,8,10,12,2026-03-06 06:04:00,2026-03-06 08:39:00,248,19,2
3353,1,31,13,2026-04-08 00:38:00,2026-04-08 03:36:00,177,12,2
3354,7,37,10,2026-01-30 15:06:00,2026-01-30 17:36:00,362,4,3
3355,3,46,19,2026-03-12 08:47:00,2026-03-12 10:05:00,239,9,2
3356,1,42,17,2026-06-16 02:16:00,2026-06-16 03:27:00,388,10,1
3357,2,36,2,2026-05-04 12:17:00,2026-05-04 14:36:00,353,19,1
3358,2,22,12,2026-02-15 18:12:00,2026-02-15 20:25:00,445,11,1
3359,4,35,8,2026-01-22 03:36:00,2026-01-22 05:33:00,71,4,1
3360,8,21,15,2026-04-26 07:23:00,2026-04-26 08:12:00,460,8,3
3361,3,49,12,2026-04-01 00:12:00,2026-04-01 00:52:00,191,7,1
3362,9,17,12,2026-06-25 07:34:00,2026-06-25 10:16:00,335,16,2
3363,1,8,6,2026-03-23 13:17:00,2026-03-23 13:55:00,440,16,3
3364,8,26,16,2026-03-21 21:29:00,2026-03-22 01:16:00,277,2,2
3365,4,33,6,2026-03-14 23:22:00,2026-03-15 00:43:00,58,0,1
3366,8,21,7,2026-05-14 00:37:00,2026-05-14 01:38:00,303,5,2
3367,2,18,17,2026-05-21 05:57:00,2026-05-21 06:32:00,372,9,3
3368,1,28,7,2026-02-05 20:11:00,2026-02-05 23:58:00,327,8,3
3369,6,6,20,2026-03-16 03:21:00,2026-03-16 05:48:00,95,2,3
3370,8,10,18,2026-01-20 15:53:00,2026-01-20 16:55:00,468,27,2
3371,8,15,15,2026-03-08 13:50:00,2026-03-08 15:56:00,141,5,3
3372,9,45,19,2026-03-18 14:14:00,2026-03-18 17:52:00,249,6,3
3373,2,18,1,2026-04-28 04:44:00,2026-04-28 05:36:00,141,1,1
3374,3,4,10,2026-03-04 16:12:00,2026-03-04 17:07:00,301,4,2
3375,7,9,2,2026-05-28 13:19:00,2026-05-28 16:10:00,169,4,3
3376,3,49,12,2026-05-24 07:14:00,2026-05-24 08:55:00,448,16,2
3377,7,9,17,2026-04-30 01:51:00,2026-04-30 04:58:00,399,14,1
3378,9,2,9,2026-02-09 13:38:00,2026-02-09 14:49:00,346,6,2
3379,6,1,8,2026-06-11 07:34:00,2026-06-11 10:29:00,136,9,2
3380,2,18,19,2026-02-23 13:24:00,2026-02-23 15:46:00,450,11,2
3381,9,45,1,2026-03-05 11:50:00,2026-03-05 14:59:00,102,7,3
3382,9,12,9,2026-02-07 09:13:00,2026-02-07 11:55:00,262,13,1
3383,8,21,12,2026-02-09 00:25:00,2026-02-09 02:24:00,100,4,1
3384,9,50,14,2026-01-27 00:33:00,2026-01-27 03:50:00,272,20,2
3385,9,17,2,2026-04-09 01:30:00,2026-04-09 05:19:00,121,7,2
3386,9,50,4,2026-05-13 22:35:00,2026-05-14 02:25:00,75,2,1
3387,5,38,19,2026-03-14 07:44:00,2026-03-14 10:48:00,206,8,2
3388,7,37,6,2026-06-18 20:04:00,2026-06-18 21:42:00,352,18,1
3389,7,9,10,2026-06-20 00:56:00,2026-06-20 03:27:00,363,19,1
3390,3,3,7,2026-05-16 10:41:00,2026-05-16 14:20:00,463,7,1
3391,2,11,19,2026-04-04 08:15:00,2026-04-04 10:10:00,461,2,2
3392,3,4,3,2026-03-14 02:19:00,2026-03-14 03:18:00,448,27,2
3393,9,17,2,2026-01-22 08:17:00,2026-01-22 09:04:00,304,8,3
3394,4,44,10,2026-04-24 10:45:00,2026-04-24 11:53:00,101,5,3
3395,9,45,9,2026-02-03 19:16:00,2026-02-03 20:04:00,438,3,2
3396,4,25,8,2026-04-01 14:48:00,2026-04-01 17:52:00,66,5,1
3397,5,13,5,2026-04-06 12:08:00,2026-04-06 13:48:00,313,15,1
3398,8,26,20,2026-04-19 22:20:00,2026-04-20 00:13:00,52,2,3
3399,9,50,17,2026-03-14 08:02:00,2026-03-14 10:10:00,306,11,2
3400,3,4,18,2026-05-27 09:20:00,2026-05-27 12:24:00,108,4,1
3401,9,45,5,2026-05-31 22:41:00,2026-06-01 01:40:00,293,20,1
3402,3,3,7,2026-05-29 21:19:00,2026-05-29 22:14:00,163,10,3
3403,4,25,1,2026-04-07 09:50:00,2026-04-07 12:27:00,234,4,3
3404,5,13,17,2026-01-23 15:48:00,2026-01-23 18:38:00,368,13,1
3405,5,38,3,2026-06-12 13:11:00,2026-06-12 16:26:00,462,10,1
3406,2,22,5,2026-05-28 12:40:00,2026-05-28 14:13:00,328,21,1
3407,4,25,6,2026-03-28 23:23:00,2026-03-29 00:34:00,171,11,3
3408,4,25,12,2026-04-16 12:04:00,2026-04-16 15:47:00,380,19,1
3409,2,16,8,2026-04-10 23:26:00,2026-04-11 02:19:00,238,18,2
3410,1,39,18,2026-03-28 07:29:00,2026-03-28 09:36:00,418,15,3
3411,9,17,12,2026-04-10 23:05:00,2026-04-10 23:36:00,156,5,3
3412,3,23,1,2026-05-09 19:43:00,2026-05-09 22:30:00,399,27,1
3413,1,47,2,2026-06-13 03:05:00,2026-06-13 06:59:00,385,3,2
3414,1,39,7,2026-04-18 18:50:00,2026-04-18 19:41:00,466,17,3
3415,7,37,8,2026-01-27 08:01:00,2026-01-27 09:06:00,228,11,1
3416,3,3,6,2026-04-17 07:39:00,2026-04-17 08:49:00,286,10,2
3417,2,18,3,2026-06-24 20:35:00,2026-06-24 23:25:00,253,7,3
3418,9,45,17,2026-04-17 06:20:00,2026-04-17 07:03:00,472,14,3
3419,3,14,14,2026-06-16 07:11:00,2026-06-16 10:54:00,431,20,3
3420,3,3,2,2026-02-05 11:21:00,2026-02-05 12:08:00,105,7,1
3421,2,36,18,2026-02-02 02:27:00,2026-02-02 06:03:00,444,16,1
3422,7,37,14,2026-04-02 17:48:00,2026-04-02 21:18:00,118,9,3
3423,1,31,4,2026-04-11 08:58:00,2026-04-11 12:14:00,251,10,1
3424,5,41,9,2026-01-26 03:54:00,2026-01-26 06:32:00,134,2,2
3425,4,25,17,2026-06-29 11:16:00,2026-06-29 14:20:00,359,14,3
3426,9,17,14,2026-06-21 17:50:00,2026-06-21 20:15:00,302,7,3
3427,4,29,1,2026-06-02 02:51:00,2026-06-02 06:36:00,137,8,2
3428,2,22,10,2026-05-02 12:57:00,2026-05-02 13:49:00,129,7,1
3429,4,27,3,2026-01-11 00:30:00,2026-01-11 03:25:00,370,20,3
3430,2,22,1,2026-05-20 22:05:00,2026-05-20 22:47:00,464,13,1
3431,4,35,5,2026-04-21 15:37:00,2026-04-21 17:46:00,291,23,2
3432,2,36,2,2026-01-23 10:05:00,2026-01-23 10:49:00,293,12,1
3433,5,38,10,2026-04-09 09:47:00,2026-04-09 13:40:00,168,1,2
3434,8,15,11,2026-02-10 22:39:00,2026-02-11 00:57:00,478,31,2
3435,5,41,16,2026-06-24 10:57:00,2026-06-24 11:42:00,218,9,1
3436,4,27,18,2026-05-28 18:13:00,2026-05-28 19:01:00,163,11,2
3437,9,2,11,2026-02-23 03:10:00,2026-02-23 03:48:00,363,16,2
3438,4,32,5,2026-05-04 21:44:00,2026-05-04 22:38:00,478,10,2
3439,4,44,15,2026-03-28 02:06:00,2026-03-28 05:18:00,222,17,3
3440,3,3,19,2026-03-18 00:25:00,2026-03-18 02:48:00,164,5,1
3441,3,14,9,2026-06-19 08:32:00,2026-06-19 11:19:00,320,4,1
3442,3,14,19,2026-04-07 03:20:00,2026-04-07 05:06:00,179,13,2
3443,4,33,6,2026-06-28 06:48:00,2026-06-28 10:10:00,277,11,3
3444,2,22,2,2026-05-09 11:12:00,2026-05-09 15:03:00,358,17,2
3445,10,30,13,2026-06-27 18:17:00,2026-06-27 19:30:00,288,7,1
3446,3,14,7,2026-04-11 21:42:00,2026-04-11 23:14:00,251,13,3
3447,4,32,3,2026-04-11 10:40:00,2026-04-11 13:48:00,360,21,3
3448,3,4,6,2026-04-24 22:56:00,2026-04-25 01:03:00,428,28,2
3449,4,25,3,2026-02-13 14:20:00,2026-02-13 17:03:00,139,8,3
3450,4,35,2,2026-03-14 06:31:00,2026-03-14 09:23:00,64,3,2
3451,9,50,11,2026-03-16 23:25:00,2026-03-17 02:23:00,327,10,3
3452,1,28,10,2026-05-02 23:01:00,2026-05-03 00:20:00,483,24,2
3453,3,46,17,2026-04-12 18:36:00,2026-04-12 21:53:00,377,14,1
3454,2,36,9,2026-05-29 17:15:00,2026-05-29 20:35:00,57,3,3
3455,9,2,5,2026-05-15 05:53:00,2026-05-15 08:33:00,376,22,1
3456,5,41,14,2026-04-02 20:26:00,2026-04-02 21:10:00,53,0,1
3457,3,23,2,2026-06-04 06:51:00,2026-06-04 08:16:00,356,25,1
3458,7,9,11,2026-06-16 02:33:00,2026-06-16 05:42:00,165,10,1
3459,1,39,7,2026-03-22 02:34:00,2026-03-22 04:27:00,370,7,3
3460,9,45,16,2026-03-29 21:31:00,2026-03-29 22:56:00,355,10,3
3461,2,36,4,2026-04-07 06:28:00,2026-04-07 08:40:00,243,13,1
3462,3,40,9,2026-01-12 02:51:00,2026-01-12 03:32:00,372,7,1
3463,3,23,10,2026-01-18 02:55:00,2026-01-18 04:25:00,245,18,1
3464,4,29,6,2026-06-28 20:18:00,2026-06-28 21:20:00,221,16,1
3465,4,35,9,2026-04-10 08:40:00,2026-04-10 09:32:00,439,3,1
3466,2,18,10,2026-05-16 02:58:00,2026-05-16 06:52:00,154,4,2
3467,10,20,20,2026-02-12 01:41:00,2026-02-12 05:36:00,334,13,3
3468,3,46,14,2026-03-18 18:41:00,2026-03-18 19:12:00,232,5,3
3469,2,18,17,2026-06-02 16:07:00,2026-06-02 17:18:00,322,13,1
3470,4,27,9,2026-02-27 13:14:00,2026-02-27 14:19:00,137,3,3
3471,5,38,14,2026-01-28 09:21:00,2026-01-28 11:43:00,266,11,2
3472,8,10,4,2026-03-27 13:08:00,2026-03-27 15:40:00,365,28,3
3473,9,45,20,2026-02-21 20:27:00,2026-02-21 22:23:00,176,9,3
3474,1,8,12,2026-02-11 15:57:00,2026-02-11 16:49:00,369,8,2
3475,3,4,12,2026-06-23 13:12:00,2026-06-23 13:46:00,114,3,2
3476,4,25,15,2026-04-27 04:42:00,2026-04-27 07:15:00,258,9,1
3477,8,15,8,2026-02-07 12:58:00,2026-02-07 16:06:00,308,6,3
3478,5,43,15,2026-06-24 06:54:00,2026-06-24 09:49:00,69,4,1
3479,2,18,5,2026-05-11 09:19:00,2026-05-11 13:04:00,378,26,2
3480,2,16,10,2026-05-12 02:39:00,2026-05-12 05:48:00,435,26,1
3481,6,6,16,2026-04-14 06:23:00,2026-04-14 08:34:00,337,17,3
3482,2,16,11,2026-01-17 08:36:00,2026-01-17 12:13:00,93,6,1
3483,4,25,2,2026-06-26 07:32:00,2026-06-26 11:00:00,282,18,3
3484,9,12,13,2026-04-22 14:40:00,2026-04-22 18:34:00,61,4,1
3485,7,9,19,2026-04-23 22:20:00,2026-04-23 23:32:00,139,3,1
3486,4,25,14,2026-03-15 19:35:00,2026-03-15 22:52:00,366,19,1
3487,2,5,3,2026-05-23 04:13:00,2026-05-23 07:51:00,481,35,1
3488,5,13,11,2026-05-23 23:22:00,2026-05-24 00:09:00,458,22,3
3489,1,47,1,2026-01-28 02:41:00,2026-01-28 04:21:00,459,16,3
3490,1,47,2,2026-06-04 13:52:00,2026-06-04 16:50:00,363,3,3
3491,6,6,15,2026-04-14 08:25:00,2026-04-14 10:39:00,173,11,2
3492,1,47,9,2026-03-18 04:43:00,2026-03-18 06:03:00,338,22,1
3493,6,1,13,2026-06-16 10:04:00,2026-06-16 12:15:00,454,29,3
3494,2,5,11,2026-01-27 06:54:00,2026-01-27 10:52:00,314,23,3
3495,5,38,4,2026-05-06 02:36:00,2026-05-06 03:15:00,191,10,2
3496,5,43,20,2026-03-02 03:27:00,2026-03-02 04:55:00,385,8,2
3497,1,39,14,2026-06-06 12:12:00,2026-06-06 15:31:00,127,0,2
3498,3,4,4,2026-01-19 00:28:00,2026-01-19 01:55:00,472,26,3
3499,4,29,9,2026-05-12 18:22:00,2026-05-12 19:33:00,279,15,3
3500,1,28,1,2026-03-21 07:21:00,2026-03-21 08:46:00,454,0,2
3501,10,20,1,2026-03-21 12:53:00,2026-03-21 15:25:00,140,2,3
3502,4,44,19,2026-03-17 21:20:00,2026-03-18 00:24:00,331,9,2
3503,1,42,5,2026-05-21 03:58:00,2026-05-21 04:39:00,442,34,3
3504,4,44,6,2026-05-18 15:35:00,2026-05-18 18:42:00,123,0,1
3505,10,24,4,2026-04-29 10:03:00,2026-04-29 13:17:00,471,1,1
3506,5,43,13,2026-01-13 01:11:00,2026-01-13 04:00:00,97,7,2
3507,2,16,16,2026-05-05 04:35:00,2026-05-05 05:55:00,166,1,3
3508,9,50,3,2026-06-27 12:12:00,2026-06-27 14:05:00,369,16,3
3509,5,43,19,2026-04-21 17:58:00,2026-04-21 19:27:00,223,13,2
3510,7,9,9,2026-04-01 06:03:00,2026-04-01 08:48:00,386,19,3
3511,7,9,15,2026-02-21 11:30:00,2026-02-21 14:38:00,407,13,2
3512,7,19,19,2026-03-09 12:18:00,2026-03-09 15:08:00,454,13,2
3513,10,30,20,2026-02-09 12:44:00,2026-02-09 15:37:00,410,27,3
3514,3,40,9,2026-06-22 21:07:00,2026-06-23 00:38:00,101,4,1
3515,6,1,9,2026-03-09 17:27:00,2026-03-09 19:19:00,249,7,1
3516,3,34,10,2026-04-16 20:13:00,2026-04-16 20:47:00,248,1,2
3517,3,23,13,2026-02-24 21:25:00,2026-02-24 23:49:00,191,11,3
3518,9,12,19,2026-06-02 21:10:00,2026-06-03 00:33:00,72,1,2
3519,1,39,18,2026-02-21 07:01:00,2026-02-21 07:56:00,211,10,3
3520,1,31,12,2026-05-30 16:30:00,2026-05-30 17:48:00,272,0,2
3521,9,45,5,2026-04-21 17:31:00,2026-04-21 18:03:00,92,5,3
3522,4,44,19,2026-03-23 12:26:00,2026-03-23 14:41:00,358,0,2
3523,8,21,15,2026-05-15 05:47:00,2026-05-15 08:09:00,53,1,3
3524,8,21,2,2026-01-01 21:36:00,2026-01-02 01:11:00,360,2,1
3525,1,31,8,2026-04-22 17:46:00,2026-04-22 18:59:00,134,7,2
3526,10,30,7,2026-01-18 13:12:00,2026-01-18 16:31:00,224,8,2
3527,4,33,12,2026-06-28 13:02:00,2026-06-28 14:27:00,500,4,3
3528,5,43,19,2026-05-03 00:22:00,2026-05-03 02:32:00,293,13,3
3529,6,7,3,2026-05-16 03:39:00,2026-05-16 04:19:00,433,18,2
3530,4,33,14,2026-04-08 09:57:00,2026-04-08 11:16:00,290,12,2
3531,10,24,12,2026-02-02 16:05:00,2026-02-02 18:37:00,86,3,1
3532,6,7,11,2026-02-25 04:18:00,2026-02-25 04:52:00,358,6,3
3533,3,4,3,2026-05-02 03:33:00,2026-05-02 06:13:00,338,20,1
3534,9,17,12,2026-06-07 16:06:00,2026-06-07 18:39:00,162,7,2
3535,3,34,15,2026-01-10 19:37:00,2026-01-10 20:41:00,356,22,1
3536,5,38,18,2026-05-01 04:42:00,2026-05-01 07:00:00,380,6,2
3537,2,5,4,2026-04-25 20:14:00,2026-04-25 23:35:00,60,1,1
3538,7,37,10,2026-04-20 10:08:00,2026-04-20 13:47:00,73,3,2
3539,2,22,11,2026-03-24 04:29:00,2026-03-24 07:09:00,171,3,1
3540,3,40,8,2026-03-14 05:00:00,2026-03-14 08:51:00,229,15,2
3541,7,37,7,2026-01-29 01:34:00,2026-01-29 04:51:00,71,2,2
3542,7,19,12,2026-01-19 23:02:00,2026-01-19 23:56:00,414,14,3
3543,9,45,11,2026-05-14 10:43:00,2026-05-14 11:13:00,258,18,2
3544,7,37,12,2026-05-17 21:00:00,2026-05-17 22:00:00,242,4,1
3545,3,40,13,2026-04-15 20:11:00,2026-04-15 20:41:00,151,2,1
3546,9,50,16,2026-05-05 13:31:00,2026-05-05 14:56:00,445,3,3
3547,5,41,8,2026-04-08 08:59:00,2026-04-08 10:05:00,383,2,1
3548,6,7,8,2026-01-12 17:14:00,2026-01-12 20:37:00,392,27,3
3549,9,45,3,2026-04-19 15:59:00,2026-04-19 17:58:00,390,13,1
3550,1,39,16,2026-01-29 03:36:00,2026-01-29 06:18:00,65,0,3
3551,1,31,19,2026-06-25 11:18:00,2026-06-25 13:40:00,199,6,2
3552,2,5,1,2026-04-01 17:17:00,2026-04-01 18:23:00,293,12,3
3553,5,41,3,2026-05-14 09:21:00,2026-05-14 11:16:00,138,5,2
3554,4,35,7,2026-05-28 10:52:00,2026-05-28 14:23:00,309,15,1
3555,2,11,14,2026-06-26 08:12:00,2026-06-26 09:50:00,185,8,2
3556,6,1,14,2026-05-29 06:14:00,2026-05-29 10:07:00,221,7,1
3557,1,31,13,2026-06-24 04:05:00,2026-06-24 06:44:00,305,1,2
3558,7,37,11,2026-03-07 12:43:00,2026-03-07 13:20:00,427,10,2
3559,3,3,17,2026-01-04 04:25:00,2026-01-04 04:57:00,464,8,1
3560,5,13,12,2026-05-11 22:52:00,2026-05-11 23:51:00,172,11,1
3561,4,32,9,2026-02-08 05:57:00,2026-02-08 09:53:00,424,28,3
3562,3,49,10,2026-02-24 21:39:00,2026-02-25 01:38:00,281,7,1
3563,6,1,17,2026-01-08 19:52:00,2026-01-08 20:49:00,478,20,1
3564,10,24,12,2026-01-09 02:07:00,2026-01-09 05:16:00,450,33,2
3565,5,38,11,2026-06-08 14:53:00,2026-06-08 17:44:00,495,35,1
3566,1,47,19,2026-03-01 15:27:00,2026-03-01 16:48:00,241,2,2
3567,1,39,11,2026-03-11 23:21:00,2026-03-12 00:20:00,312,9,1
3568,9,50,3,2026-05-14 07:33:00,2026-05-14 11:21:00,205,4,1
3569,10,24,5,2026-01-30 12:08:00,2026-01-30 16:02:00,182,4,2
3570,1,39,16,2026-05-26 06:49:00,2026-05-26 08:17:00,402,29,1
3571,3,4,16,2026-05-22 17:09:00,2026-05-22 20:18:00,161,5,3
3572,7,19,10,2026-01-18 04:26:00,2026-01-18 07:03:00,280,18,2
3573,9,12,17,2026-06-11 23:42:00,2026-06-12 02:14:00,361,17,2
3574,7,37,3,2026-04-16 02:41:00,2026-04-16 06:25:00,442,24,3
3575,10,20,9,2026-06-03 20:06:00,2026-06-03 22:59:00,465,0,2
3576,8,15,1,2026-02-01 09:04:00,2026-02-01 10:20:00,480,10,3
3577,4,33,11,2026-01-08 13:53:00,2026-01-08 14:46:00,148,0,1
3578,4,44,2,2026-06-26 02:52:00,2026-06-26 03:25:00,491,7,2
3579,4,32,4,2026-01-25 01:25:00,2026-01-25 02:34:00,198,14,2
3580,3,40,1,2026-03-03 19:28:00,2026-03-03 21:03:00,102,2,3
3581,2,11,6,2026-01-13 19:13:00,2026-01-13 22:57:00,361,20,2
3582,4,25,5,2026-01-16 12:23:00,2026-01-16 15:49:00,341,24,1
3583,4,25,17,2026-06-23 15:47:00,2026-06-23 17:30:00,491,35,2
3584,3,49,20,2026-04-18 13:30:00,2026-04-18 16:37:00,53,2,1
3585,2,5,17,2026-06-12 07:45:00,2026-06-12 09:12:00,191,9,1
3586,2,36,10,2026-05-04 13:41:00,2026-05-04 15:15:00,357,17,3
3587,3,4,13,2026-01-25 16:02:00,2026-01-25 16:40:00,406,8,2
3588,4,44,1,2026-03-26 05:12:00,2026-03-26 07:10:00,473,6,2
3589,3,4,6,2026-02-11 20:51:00,2026-02-11 21:46:00,297,23,3
3590,5,13,11,2026-01-27 08:00:00,2026-01-27 11:07:00,168,5,1
3591,8,15,11,2026-04-10 16:26:00,2026-04-10 18:28:00,117,1,2
3592,4,33,16,2026-06-19 13:29:00,2026-06-19 16:37:00,427,27,3
3593,8,10,9,2026-01-12 09:50:00,2026-01-12 11:37:00,234,6,2
3594,5,43,16,2026-06-18 00:26:00,2026-06-18 03:39:00,487,13,3
3595,4,29,4,2026-02-05 09:52:00,2026-02-05 13:48:00,304,23,1
3596,7,9,17,2026-04-06 01:13:00,2026-04-06 03:00:00,297,19,1
3597,3,14,5,2026-05-18 21:47:00,2026-05-19 01:35:00,265,14,3
3598,10,30,5,2026-03-08 10:07:00,2026-03-08 11:07:00,359,28,2
3599,6,6,17,2026-04-02 14:22:00,2026-04-02 17:09:00,145,7,3
3600,1,39,8,2026-03-11 03:45:00,2026-03-11 04:55:00,134,6,2
3601,3,34,17,2026-01-29 01:10:00,2026-01-29 02:35:00,227,12,3
3602,4,32,4,2026-03-04 03:15:00,2026-03-04 04:59:00,435,29,1
3603,3,4,10,2026-04-01 03:18:00,2026-04-01 05:38:00,135,2,1
3604,2,5,3,2026-05-14 04:54:00,2026-05-14 07:34:00,315,8,1
3605,10,24,11,2026-01-05 06:46:00,2026-01-05 08:31:00,450,33,3
3606,9,45,15,2026-04-07 08:25:00,2026-04-07 11:26:00,236,3,2
3607,4,33,15,2026-06-04 05:37:00,2026-06-04 06:51:00,209,15,1
3608,3,34,12,2026-05-26 22:29:00,2026-05-27 01:15:00,209,11,1
3609,10,30,11,2026-05-20 21:59:00,2026-05-21 00:57:00,222,10,3
3610,1,8,8,2026-01-18 12:22:00,2026-01-18 16:11:00,232,16,2
3611,3,4,5,2026-05-13 17:31:00,2026-05-13 21:14:00,332,10,3
3612,1,31,6,2026-04-13 03:45:00,2026-04-13 05:48:00,244,2,3
3613,10,20,18,2026-04-15 18:44:00,2026-04-15 22:25:00,213,6,3
3614,1,28,6,2026-04-04 06:50:00,2026-04-04 10:17:00,398,10,3
3615,5,41,7,2026-02-28 00:23:00,2026-02-28 03:19:00,497,12,1
3616,10,24,8,2026-06-07 08:15:00,2026-06-07 09:31:00,430,32,3
3617,1,8,17,2026-05-27 14:56:00,2026-05-27 16:42:00,99,1,3
3618,1,47,6,2026-03-13 17:48:00,2026-03-13 21:01:00,56,4,1
3619,3,34,19,2026-05-23 04:24:00,2026-05-23 04:59:00,420,23,2
3620,8,21,7,2026-03-01 08:31:00,2026-03-01 09:45:00,449,33,3
3621,8,10,18,2026-05-11 02:30:00,2026-05-11 04:32:00,320,5,3
3622,4,35,16,2026-04-02 22:21:00,2026-04-03 01:38:00,97,4,2
3623,1,28,19,2026-05-30 10:59:00,2026-05-30 12:47:00,134,1,1
3624,6,7,10,2026-04-09 16:21:00,2026-04-09 18:43:00,463,13,2
3625,7,19,18,2026-01-11 10:05:00,2026-01-11 12:38:00,465,9,2
3626,7,19,10,2026-04-15 14:46:00,2026-04-15 15:52:00,310,15,3
3627,4,29,19,2026-02-07 00:28:00,2026-02-07 03:01:00,369,12,3
3628,5,38,11,2026-04-30 15:13:00,2026-04-30 18:15:00,444,25,1
3629,8,10,15,2026-02-21 10:59:00,2026-02-21 11:45:00,200,1,3
3630,7,37,14,2026-03-01 16:26:00,2026-03-01 17:41:00,186,3,2
3631,4,27,1,2026-05-15 23:36:00,2026-05-16 01:14:00,62,2,2
3632,2,5,15,2026-06-04 01:03:00,2026-06-04 05:00:00,366,27,1
3633,10,24,17,2026-04-18 12:39:00,2026-04-18 14:27:00,115,6,3
3634,3,34,12,2026-01-01 01:55:00,2026-01-01 04:27:00,213,3,1
3635,8,26,15,2026-04-30 17:56:00,2026-04-30 19:28:00,155,2,3
3636,9,17,16,2026-02-12 00:09:00,2026-02-12 03:33:00,479,10,2
3637,1,28,7,2026-05-18 13:11:00,2026-05-18 16:06:00,293,16,1
3638,6,7,4,2026-03-03 13:18:00,2026-03-03 14:11:00,280,0,1
3639,2,18,19,2026-01-10 20:31:00,2026-01-10 21:30:00,265,20,1
3640,9,17,8,2026-04-11 12:21:00,2026-04-11 14:19:00,475,34,1
3641,3,46,20,2026-05-10 07:15:00,2026-05-10 09:37:00,220,9,1
3642,1,31,10,2026-03-01 19:43:00,2026-03-01 21:09:00,279,16,1
3643,2,11,20,2026-02-14 12:05:00,2026-02-14 16:04:00,330,23,1
3644,4,33,2,2026-05-29 08:58:00,2026-05-29 12:27:00,158,4,1
3645,9,45,12,2026-02-01 19:51:00,2026-02-01 23:32:00,285,17,2
3646,10,24,12,2026-06-29 13:30:00,2026-06-29 16:52:00,120,7,3
3647,4,27,5,2026-05-07 01:32:00,2026-05-07 03:32:00,352,26,3
3648,9,12,20,2026-04-02 05:56:00,2026-04-02 07:15:00,380,23,3
3649,8,26,20,2026-03-10 11:20:00,2026-03-10 12:05:00,357,5,1
3650,4,35,16,2026-03-28 15:36:00,2026-03-28 18:24:00,73,3,2
3651,4,33,2,2026-03-06 01:26:00,2026-03-06 04:25:00,312,1,2
3652,5,13,5,2026-05-17 19:01:00,2026-05-17 22:26:00,283,9,1
3653,4,33,8,2026-05-26 10:20:00,2026-05-26 12:19:00,70,0,3
3654,8,21,12,2026-02-04 05:16:00,2026-02-04 06:26:00,104,7,3
3655,6,1,2,2026-06-26 22:55:00,2026-06-27 00:24:00,413,15,1
3656,3,4,8,2026-03-23 00:26:00,2026-03-23 04:03:00,208,6,3
3657,3,23,17,2026-03-16 09:45:00,2026-03-16 13:40:00,497,15,3
3658,8,10,14,2026-02-11 06:33:00,2026-02-11 10:23:00,267,8,2
3659,1,39,8,2026-06-21 12:44:00,2026-06-21 13:27:00,500,38,3
3660,2,18,16,2026-04-20 09:18:00,2026-04-20 11:39:00,383,22,2
3661,8,26,20,2026-03-10 17:24:00,2026-03-10 21:05:00,294,8,3
3662,5,43,2,2026-06-21 14:57:00,2026-06-21 16:57:00,464,22,2
3663,5,38,18,2026-04-13 13:27:00,2026-04-13 15:07:00,288,11,3
3664,1,42,10,2026-06-23 05:13:00,2026-06-23 07:38:00,469,19,1
3665,5,41,15,2026-05-10 07:27:00,2026-05-10 08:09:00,76,5,3
3666,8,10,2,2026-06-25 07:13:00,2026-06-25 11:07:00,292,15,1
3667,6,7,14,2026-06-17 14:43:00,2026-06-17 15:22:00,392,6,2
3668,9,12,5,2026-05-18 16:51:00,2026-05-18 18:13:00,326,18,3
3669,9,50,18,2026-04-06 21:55:00,2026-04-07 00:11:00,322,6,3
3670,5,41,1,2026-04-12 12:43:00,2026-04-12 16:08:00,309,7,2
3671,3,40,16,2026-04-04 14:52:00,2026-04-04 17:45:00,303,3,2
3672,7,37,20,2026-05-17 10:41:00,2026-05-17 13:08:00,236,8,2
3673,4,32,17,2026-06-27 16:15:00,2026-06-27 20:06:00,64,1,2
3674,9,50,19,2026-01-06 13:44:00,2026-01-06 17:11:00,153,4,1
3675,4,35,11,2026-05-27 23:02:00,2026-05-28 02:14:00,285,19,1
3676,9,50,20,2026-03-08 09:57:00,2026-03-08 11:26:00,108,7,2
3677,4,44,2,2026-04-23 02:03:00,2026-04-23 03:27:00,71,3,1
3678,2,16,11,2026-04-30 00:41:00,2026-04-30 03:47:00,202,9,3
3679,3,49,15,2026-05-21 23:23:00,2026-05-22 02:39:00,76,5,1
3680,8,21,20,2026-01-02 08:52:00,2026-01-02 10:20:00,222,7,2
3681,8,21,5,2026-01-12 23:22:00,2026-01-13 00:30:00,460,16,1
3682,1,8,14,2026-02-09 07:21:00,2026-02-09 08:35:00,457,16,3
3683,3,40,10,2026-06-20 12:31:00,2026-06-20 16:21:00,429,18,1
3684,1,42,6,2026-04-20 18:56:00,2026-04-20 20:42:00,227,16,3
3685,9,17,14,2026-01-19 15:05:00,2026-01-19 17:40:00,107,1,3
3686,4,33,2,2026-04-29 22:06:00,2026-04-29 22:57:00,455,1,3
3687,2,11,2,2026-04-16 06:50:00,2026-04-16 09:54:00,103,3,3
3688,3,14,20,2026-01-30 21:32:00,2026-01-30 23:19:00,68,5,1
3689,3,14,17,2026-01-20 05:06:00,2026-01-20 08:23:00,435,10,2
3690,2,5,12,2026-06-14 02:59:00,2026-06-14 04:03:00,484,2,1
3691,1,8,7,2026-01-08 16:08:00,2026-01-08 19:40:00,306,7,1
3692,9,12,18,2026-04-23 12:38:00,2026-04-23 15:29:00,487,35,2
3693,8,10,3,2026-02-16 00:34:00,2026-02-16 02:16:00,425,16,2
3694,10,20,6,2026-06-25 03:34:00,2026-06-25 07:32:00,126,3,3
3695,7,19,7,2026-02-02 04:28:00,2026-02-02 05:01:00,146,7,2
3696,2,36,14,2026-02-03 15:35:00,2026-02-03 16:10:00,286,12,2
3697,10,30,7,2026-06-20 04:32:00,2026-06-20 06:33:00,103,0,2
3698,7,9,12,2026-04-14 22:26:00,2026-04-14 23:47:00,353,23,3
3699,3,14,8,2026-04-04 09:19:00,2026-04-04 10:57:00,446,25,1
3700,4,27,15,2026-04-21 05:10:00,2026-04-21 07:31:00,73,3,1
3701,3,40,10,2026-06-17 13:45:00,2026-06-17 16:31:00,204,10,2
3702,9,50,10,2026-06-01 16:37:00,2026-06-01 18:56:00,64,4,2
3703,4,44,15,2026-03-27 07:46:00,2026-03-27 08:48:00,357,12,3
3704,2,11,17,2026-04-21 00:31:00,2026-04-21 02:09:00,484,4,2
3705,5,41,14,2026-01-27 20:55:00,2026-01-27 23:34:00,322,1,2
3706,4,44,3,2026-05-29 09:52:00,2026-05-29 11:24:00,75,0,1
3707,4,32,18,2026-05-25 18:39:00,2026-05-25 20:21:00,391,28,1
3708,5,38,13,2026-03-05 10:33:00,2026-03-05 14:31:00,246,10,3
3709,4,35,18,2026-05-19 19:51:00,2026-05-19 21:46:00,381,18,3
3710,1,8,8,2026-03-25 14:01:00,2026-03-25 15:49:00,325,5,3
3711,4,32,5,2026-01-30 23:35:00,2026-01-31 00:36:00,347,14,2
3712,3,3,14,2026-03-25 04:56:00,2026-03-25 05:55:00,347,14,3
3713,4,29,18,2026-03-05 03:47:00,2026-03-05 05:48:00,113,3,3
3714,5,43,4,2026-05-06 21:58:00,2026-05-07 00:41:00,205,8,1
3715,9,17,6,2026-05-16 21:40:00,2026-05-16 23:44:00,238,6,3
3716,5,38,10,2026-04-11 03:11:00,2026-04-11 07:03:00,276,8,2
3717,1,47,19,2026-03-19 14:59:00,2026-03-19 18:52:00,90,6,2
3718,2,16,2,2026-04-23 14:11:00,2026-04-23 15:41:00,357,4,2
3719,8,21,12,2026-05-23 12:58:00,2026-05-23 15:09:00,154,10,2
3720,6,7,13,2026-01-12 17:11:00,2026-01-12 18:06:00,304,6,1
3721,5,38,7,2026-04-11 06:43:00,2026-04-11 07:59:00,63,4,1
3722,9,17,8,2026-02-16 22:15:00,2026-02-17 00:03:00,195,3,1
3723,1,8,15,2026-04-06 14:44:00,2026-04-06 15:47:00,212,16,2
3724,10,30,6,2026-02-09 03:15:00,2026-02-09 04:00:00,98,6,1
3725,10,30,8,2026-06-27 12:55:00,2026-06-27 14:36:00,500,9,2
3726,4,33,18,2026-01-31 03:38:00,2026-01-31 04:35:00,378,14,3
3727,10,20,4,2026-04-08 13:58:00,2026-04-08 16:18:00,342,6,3
3728,7,19,15,2026-01-29 18:23:00,2026-01-29 20:05:00,325,0,2
3729,2,36,13,2026-01-27 17:25:00,2026-01-27 19:29:00,477,2,1
3730,9,2,2,2026-01-04 18:28:00,2026-01-04 19:07:00,186,1,1
3731,3,4,15,2026-05-10 09:49:00,2026-05-10 11:02:00,219,6,1
3732,4,32,5,2026-06-19 22:05:00,2026-06-19 22:41:00,127,2,2
3733,1,31,4,2026-04-19 20:21:00,2026-04-19 22:37:00,491,2,3
3734,5,38,7,2026-01-08 10:50:00,2026-01-08 11:40:00,201,11,2
3735,5,38,14,2026-01-14 18:31:00,2026-01-14 21:58:00,323,2,3
3736,8,15,17,2026-05-21 21:40:00,2026-05-22 01:05:00,285,2,3
3737,4,32,3,2026-03-08 15:22:00,2026-03-08 18:28:00,349,8,2
3738,2,36,14,2026-06-08 01:38:00,2026-06-08 02:20:00,211,4,3
3739,3,4,14,2026-04-29 07:35:00,2026-04-29 09:14:00,362,11,1
3740,8,48,6,2026-04-14 22:40:00,2026-04-15 02:01:00,98,3,1
3741,9,50,14,2026-03-04 18:54:00,2026-03-04 21:01:00,290,13,2
3742,1,47,11,2026-02-18 02:51:00,2026-02-18 05:30:00,497,27,1
3743,3,4,9,2026-06-10 06:30:00,2026-06-10 08:24:00,224,7,3
3744,8,26,9,2026-02-08 00:03:00,2026-02-08 03:04:00,416,11,2
3745,4,27,4,2026-02-21 19:41:00,2026-02-21 23:29:00,72,5,2
3746,3,4,14,2026-01-05 14:52:00,2026-01-05 16:52:00,98,6,3
3747,5,38,19,2026-05-29 20:37:00,2026-05-29 23:27:00,102,0,3
3748,5,13,19,2026-05-10 15:42:00,2026-05-10 16:32:00,307,3,3
3749,4,33,14,2026-03-16 04:52:00,2026-03-16 08:48:00,299,23,1
3750,4,25,14,2026-04-14 22:36:00,2026-04-14 23:52:00,74,4,2
3751,3,40,15,2026-06-14 22:54:00,2026-06-15 02:18:00,287,16,1
3752,1,42,9,2026-04-09 05:59:00,2026-04-09 09:57:00,170,1,1
3753,10,20,13,2026-02-03 09:19:00,2026-02-03 11:04:00,304,12,3
3754,5,41,1,2026-01-01 00:34:00,2026-01-01 03:31:00,88,2,3
3755,1,39,5,2026-01-18 22:00:00,2026-01-19 01:49:00,341,24,3
3756,9,2,12,2026-03-22 05:45:00,2026-03-22 07:49:00,378,3,1
3757,1,31,20,2026-04-19 20:21:00,2026-04-19 21:57:00,290,19,1
3758,8,26,6,2026-02-21 22:08:00,2026-02-22 01:36:00,130,6,1
3759,10,20,7,2026-05-28 13:57:00,2026-05-28 14:56:00,239,6,3
3760,8,15,17,2026-04-17 15:26:00,2026-04-17 17:36:00,209,12,2
3761,9,50,10,2026-06-26 12:12:00,2026-06-26 15:41:00,397,1,3
3762,5,43,18,2026-06-07 12:39:00,2026-06-07 15:41:00,454,5,2
3763,5,41,3,2026-06-20 19:48:00,2026-06-20 23:13:00,284,5,3
3764,4,29,19,2026-05-03 02:28:00,2026-05-03 04:36:00,54,3,3
3765,9,45,13,2026-01-01 09:37:00,2026-01-01 13:02:00,438,19,1
3766,3,4,3,2026-04-03 15:44:00,2026-04-03 16:38:00,117,2,3
3767,5,38,12,2026-04-27 20:03:00,2026-04-27 21:27:00,499,22,3
3768,9,2,18,2026-01-24 11:18:00,2026-01-24 15:09:00,428,25,2
3769,4,35,15,2026-03-07 15:52:00,2026-03-07 17:15:00,221,14,2
3770,5,38,2,2026-02-12 14:55:00,2026-02-12 16:20:00,144,8,1
3771,4,29,16,2026-01-08 20:33:00,2026-01-09 00:05:00,336,18,1
3772,2,11,13,2026-06-07 06:12:00,2026-06-07 08:37:00,472,3,3
3773,8,10,19,2026-06-09 01:46:00,2026-06-09 02:17:00,310,23,3
3774,2,22,8,2026-04-14 08:27:00,2026-04-14 12:02:00,94,6,2
3775,5,13,10,2026-03-29 10:41:00,2026-03-29 14:03:00,313,12,3
3776,5,38,14,2026-02-19 12:50:00,2026-02-19 14:41:00,273,5,1
3777,2,16,17,2026-06-28 21:32:00,2026-06-28 22:22:00,126,4,2
3778,9,12,2,2026-02-21 13:20:00,2026-02-21 16:15:00,328,21,1
3779,6,1,17,2026-02-27 22:41:00,2026-02-28 00:34:00,286,19,3
3780,7,19,15,2026-04-24 14:17:00,2026-04-24 17:26:00,453,21,2
3781,9,17,18,2026-06-17 21:14:00,2026-06-17 22:41:00,384,27,2
3782,6,1,16,2026-05-22 22:52:00,2026-05-23 02:27:00,106,0,1
3783,9,50,4,2026-04-08 12:18:00,2026-04-08 15:10:00,359,8,2
3784,6,7,17,2026-06-21 05:06:00,2026-06-21 08:41:00,320,1,1
3785,1,47,5,2026-04-22 20:22:00,2026-04-22 23:57:00,395,7,3
3786,2,16,6,2026-05-24 19:12:00,2026-05-24 20:58:00,149,7,2
3787,1,42,7,2026-01-01 23:10:00,2026-01-02 03:01:00,269,6,1
3788,8,10,7,2026-06-23 21:26:00,2026-06-24 01:16:00,331,5,3
3789,4,35,20,2026-01-09 18:25:00,2026-01-09 21:20:00,325,23,2
3790,4,27,12,2026-05-05 19:50:00,2026-05-05 22:54:00,224,12,1
3791,6,6,15,2026-02-22 15:35:00,2026-02-22 18:18:00,490,37,3
3792,8,10,7,2026-06-26 08:25:00,2026-06-26 11:07:00,158,4,2
3793,5,41,19,2026-03-23 18:30:00,2026-03-23 20:45:00,451,12,1
3794,2,22,6,2026-04-25 08:12:00,2026-04-25 12:12:00,371,10,1
3795,5,38,17,2026-05-01 11:17:00,2026-05-01 12:04:00,224,10,3
3796,8,48,1,2026-05-18 13:16:00,2026-05-18 14:52:00,274,11,1
3797,10,30,10,2026-01-20 04:16:00,2026-01-20 06:38:00,87,0,2
3798,3,40,6,2026-01-06 07:21:00,2026-01-06 08:03:00,64,1,3
3799,5,13,18,2026-01-10 00:08:00,2026-01-10 04:07:00,490,22,2
3800,2,16,17,2026-04-16 22:32:00,2026-04-16 23:13:00,369,0,3
3801,3,23,1,2026-03-16 13:36:00,2026-03-16 14:38:00,210,15,3
3802,8,15,12,2026-04-06 05:35:00,2026-04-06 08:41:00,391,5,2
3803,2,36,6,2026-06-01 01:27:00,2026-06-01 02:50:00,110,6,1
3804,4,44,5,2026-04-29 15:08:00,2026-04-29 17:42:00,184,3,1
3805,9,12,5,2026-03-20 08:11:00,2026-03-20 10:05:00,422,27,3
3806,1,28,18,2026-04-30 08:28:00,2026-04-30 10:54:00,263,14,1
3807,3,34,3,2026-06-23 20:25:00,2026-06-23 22:07:00,115,0,1
3808,4,29,6,2026-01-26 02:47:00,2026-01-26 04:01:00,317,2,1
3809,2,11,18,2026-06-03 10:13:00,2026-06-03 13:34:00,483,21,3
3810,3,49,7,2026-05-16 21:49:00,2026-05-17 01:40:00,380,2,2
3811,3,49,19,2026-01-02 21:20:00,2026-01-02 23:59:00,488,21,3
3812,7,37,15,2026-01-24 13:29:00,2026-01-24 17:12:00,355,8,3
3813,3,3,19,2026-04-22 00:16:00,2026-04-22 03:20:00,107,3,3
3814,2,5,16,2026-01-08 11:51:00,2026-01-08 14:10:00,404,1,1
3815,1,31,4,2026-04-12 06:45:00,2026-04-12 08:08:00,387,13,2
3816,1,47,14,2026-03-04 01:37:00,2026-03-04 04:53:00,226,6,2
3817,1,31,3,2026-03-23 22:26:00,2026-03-23 23:41:00,142,0,3
3818,3,3,3,2026-06-28 16:07:00,2026-06-28 18:45:00,112,0,3
3819,8,48,3,2026-01-24 06:23:00,2026-01-24 10:08:00,264,2,2
3820,8,10,11,2026-06-12 12:28:00,2026-06-12 13:24:00,308,11,3
3821,3,3,4,2026-03-12 19:10:00,2026-03-12 22:11:00,290,15,1
3822,6,7,10,2026-05-18 06:34:00,2026-05-18 07:20:00,460,3,1
3823,6,1,13,2026-01-17 01:35:00,2026-01-17 04:50:00,204,10,3
3824,3,34,17,2026-06-20 17:37:00,2026-06-20 20:07:00,271,8,1
3825,9,50,9,2026-05-28 18:18:00,2026-05-28 18:56:00,341,17,3
3826,8,10,10,2026-01-13 19:12:00,2026-01-13 22:48:00,146,0,2
3827,4,44,11,2026-04-28 03:22:00,2026-04-28 06:08:00,342,25,2
3828,9,12,5,2026-04-08 04:54:00,2026-04-08 06:58:00,74,5,3
3829,8,21,10,2026-05-14 08:46:00,2026-05-14 12:32:00,55,1,2
3830,4,32,7,2026-01-01 22:12:00,2026-01-01 22:45:00,481,12,1
3831,4,33,16,2026-02-02 20:06:00,2026-02-02 23:03:00,292,3,2
3832,4,33,7,2026-01-17 18:14:00,2026-01-17 19:59:00,89,5,2
3833,2,22,5,2026-06-06 08:53:00,2026-06-06 11:14:00,428,5,2
3834,4,44,11,2026-01-18 09:28:00,2026-01-18 10:12:00,66,2,1
3835,4,29,14,2026-04-08 15:58:00,2026-04-08 19:48:00,352,22,1
3836,1,42,9,2026-02-18 04:11:00,2026-02-18 07:34:00,245,3,2
3837,7,19,4,2026-04-13 11:09:00,2026-04-13 14:47:00,84,4,3
3838,2,22,1,2026-04-14 23:38:00,2026-04-15 00:31:00,428,21,1
3839,7,9,16,2026-05-25 21:08:00,2026-05-25 22:22:00,165,4,3
3840,4,44,20,2026-05-02 00:47:00,2026-05-02 04:23:00,153,1,2
3841,4,25,18,2026-03-24 07:56:00,2026-03-24 09:38:00,364,27,2
3842,8,48,6,2026-05-23 00:30:00,2026-05-23 04:30:00,445,11,2
3843,3,4,20,2026-01-21 11:44:00,2026-01-21 15:09:00,276,20,1
3844,2,16,5,2026-06-17 20:27:00,2026-06-18 00:13:00,219,16,1
3845,2,16,5,2026-04-03 09:08:00,2026-04-03 11:33:00,498,6,3
3846,9,2,2,2026-01-25 16:50:00,2026-01-25 19:06:00,359,6,2
3847,6,1,4,2026-05-07 14:49:00,2026-05-07 17:50:00,80,1,1
3848,1,47,2,2026-05-30 10:13:00,2026-05-30 12:10:00,194,11,3
3849,10,20,8,2026-03-07 11:04:00,2026-03-07 13:07:00,197,3,3
3850,5,38,9,2026-04-28 07:32:00,2026-04-28 08:51:00,423,14,1
3851,10,20,14,2026-01-19 06:11:00,2026-01-19 07:03:00,120,8,1
3852,4,44,17,2026-04-09 12:52:00,2026-04-09 14:22:00,263,8,3
3853,3,46,9,2026-01-22 02:02:00,2026-01-22 02:53:00,126,3,1
3854,6,1,17,2026-06-19 07:54:00,2026-06-19 09:30:00,239,13,2
3855,3,23,18,2026-03-29 16:41:00,2026-03-29 20:41:00,84,3,1
3856,4,32,6,2026-03-15 11:28:00,2026-03-15 12:09:00,301,13,3
3857,8,21,6,2026-03-31 22:07:00,2026-04-01 00:38:00,414,29,2
3858,5,13,17,2026-06-01 15:10:00,2026-06-01 18:15:00,62,1,2
3859,5,43,7,2026-06-01 07:49:00,2026-06-01 10:31:00,133,5,2
3860,8,15,9,2026-06-06 17:36:00,2026-06-06 20:48:00,70,4,1
3861,8,10,5,2026-05-30 06:56:00,2026-05-30 09:16:00,424,0,3
3862,8,10,1,2026-03-05 04:55:00,2026-03-05 06:44:00,186,0,1
3863,2,11,17,2026-04-21 01:04:00,2026-04-21 02:25:00,290,4,3
3864,4,27,15,2026-06-18 04:43:00,2026-06-18 06:36:00,119,0,2
3865,10,24,1,2026-06-18 04:24:00,2026-06-18 05:30:00,372,24,1
3866,3,3,9,2026-02-11 08:23:00,2026-02-11 10:09:00,74,2,3
3867,2,36,1,2026-02-27 02:06:00,2026-02-27 04:11:00,173,10,1
3868,9,12,8,2026-01-11 10:33:00,2026-01-11 13:19:00,385,4,2
3869,1,8,2,2026-03-10 17:44:00,2026-03-10 21:29:00,172,1,2
3870,5,41,17,2026-05-30 06:29:00,2026-05-30 10:13:00,58,4,3
3871,4,44,15,2026-03-22 12:11:00,2026-03-22 16:00:00,61,3,2
3872,4,29,9,2026-06-17 13:37:00,2026-06-17 16:16:00,403,21,2
3873,9,45,20,2026-02-06 16:00:00,2026-02-06 17:03:00,430,21,2
3874,3,23,3,2026-06-02 23:40:00,2026-06-03 01:47:00,450,6,3
3875,6,1,12,2026-01-29 13:18:00,2026-01-29 16:00:00,470,18,2
3876,7,9,16,2026-04-22 22:27:00,2026-04-23 02:26:00,219,2,1
3877,4,33,19,2026-03-08 08:01:00,2026-03-08 11:18:00,436,4,3
3878,4,29,2,2026-01-02 03:04:00,2026-01-02 06:46:00,389,18,3
3879,9,45,3,2026-05-11 03:29:00,2026-05-11 04:37:00,286,0,1
3880,5,38,7,2026-06-16 06:05:00,2026-06-16 08:10:00,431,0,2
3881,1,28,11,2026-01-23 15:46:00,2026-01-23 18:42:00,58,2,1
3882,1,8,15,2026-06-07 11:47:00,2026-06-07 14:11:00,338,8,1
3883,10,24,1,2026-05-09 19:02:00,2026-05-09 20:17:00,186,0,2
3884,7,37,17,2026-04-23 13:30:00,2026-04-23 14:49:00,123,8,1
3885,7,37,14,2026-04-16 13:16:00,2026-04-16 14:24:00,204,13,1
3886,4,29,3,2026-04-10 04:54:00,2026-04-10 06:43:00,289,13,3
3887,6,6,19,2026-04-30 22:56:00,2026-05-01 01:43:00,142,2,2
3888,7,9,10,2026-05-17 22:29:00,2026-05-18 02:18:00,468,0,3
3889,7,19,20,2026-02-24 12:47:00,2026-02-24 14:33:00,87,4,2
3890,2,18,5,2026-04-09 17:56:00,2026-04-09 21:43:00,131,2,3
3891,9,45,17,2026-06-21 03:16:00,2026-06-21 05:40:00,103,5,3
3892,5,38,16,2026-04-06 13:16:00,2026-04-06 14:31:00,277,4,3
3893,4,32,6,2026-04-09 20:18:00,2026-04-09 22:51:00,259,19,1
3894,4,25,18,2026-04-25 20:17:00,2026-04-25 21:23:00,411,9,2
3895,4,35,18,2026-01-28 22:28:00,2026-01-29 00:31:00,317,14,3
3896,3,46,12,2026-01-14 13:38:00,2026-01-14 14:11:00,66,1,1
3897,2,22,8,2026-02-20 06:04:00,2026-02-20 08:38:00,210,13,2
3898,8,21,5,2026-04-23 11:28:00,2026-04-23 14:06:00,208,3,1
3899,2,5,11,2026-02-09 10:54:00,2026-02-09 14:43:00,123,2,3
3900,1,42,2,2026-02-18 18:15:00,2026-02-18 21:30:00,391,21,1
3901,8,10,7,2026-02-26 19:22:00,2026-02-26 20:16:00,404,30,2
3902,10,20,13,2026-04-12 16:34:00,2026-04-12 19:40:00,271,10,1
3903,2,16,3,2026-02-25 01:46:00,2026-02-25 02:26:00,464,30,3
3904,9,50,19,2026-05-08 03:56:00,2026-05-08 06:40:00,476,21,1
3905,1,39,8,2026-06-11 12:42:00,2026-06-11 14:32:00,181,14,3
3906,4,25,13,2026-01-21 16:36:00,2026-01-21 19:19:00,83,2,1
3907,2,36,5,2026-04-29 12:36:00,2026-04-29 15:46:00,493,5,3
3908,1,47,9,2026-05-18 15:39:00,2026-05-18 19:28:00,293,22,3
3909,4,44,17,2026-06-23 19:47:00,2026-06-23 21:08:00,120,8,3
3910,7,19,15,2026-04-25 10:34:00,2026-04-25 12:44:00,80,4,3
3911,5,38,19,2026-06-01 12:47:00,2026-06-01 14:20:00,150,5,1
3912,5,43,19,2026-04-03 22:33:00,2026-04-04 01:04:00,307,6,3
3913,4,33,5,2026-03-24 16:38:00,2026-03-24 20:37:00,202,8,2
3914,5,13,4,2026-03-01 18:00:00,2026-03-01 21:07:00,310,9,3
3915,4,27,15,2026-02-12 08:58:00,2026-02-12 12:29:00,172,4,1
3916,5,43,9,2026-04-23 22:44:00,2026-04-24 02:06:00,314,10,1
3917,6,6,9,2026-06-02 06:13:00,2026-06-02 08:34:00,385,29,3
3918,5,13,11,2026-02-17 19:16:00,2026-02-17 21:52:00,487,3,2
3919,5,43,20,2026-05-29 04:47:00,2026-05-29 06:14:00,94,2,2
3920,10,20,9,2026-06-02 22:18:00,2026-06-02 23:56:00,54,1,2
3921,2,16,5,2026-04-04 21:26:00,2026-04-05 01:18:00,164,8,2
3922,5,13,4,2026-02-02 02:54:00,2026-02-02 05:37:00,340,1,1
3923,4,29,16,2026-01-15 09:38:00,2026-01-15 10:09:00,467,31,3
3924,1,8,11,2026-01-15 13:35:00,2026-01-15 16:08:00,444,34,1
3925,10,20,9,2026-03-04 07:06:00,2026-03-04 10:32:00,220,6,2
3926,4,25,18,2026-03-12 22:47:00,2026-03-12 23:21:00,88,2,3
3927,1,47,8,2026-05-11 05:53:00,2026-05-11 07:49:00,395,12,1
3928,2,11,9,2026-03-27 19:16:00,2026-03-27 20:03:00,328,18,1
3929,5,13,2,2026-05-07 17:20:00,2026-05-07 21:20:00,216,3,2
3930,8,15,5,2026-01-30 08:01:00,2026-01-30 11:46:00,241,8,1
3931,2,16,1,2026-03-29 22:28:00,2026-03-30 01:11:00,54,0,1
3932,8,21,4,2026-01-17 01:56:00,2026-01-17 05:18:00,212,11,1
3933,2,11,11,2026-06-25 22:37:00,2026-06-26 00:25:00,198,1,1
3934,4,32,5,2026-05-28 18:36:00,2026-05-28 20:21:00,441,21,1
3935,8,10,7,2026-05-31 17:45:00,2026-05-31 20:44:00,196,11,1
3936,3,3,16,2026-04-18 02:15:00,2026-04-18 02:51:00,185,11,2
3937,6,6,9,2026-02-23 21:23:00,2026-02-24 00:55:00,281,10,2
3938,5,43,17,2026-04-11 02:04:00,2026-04-11 03:05:00,307,15,3
3939,4,25,12,2026-01-16 18:57:00,2026-01-16 20:18:00,484,30,2
3940,4,32,7,2026-02-15 07:03:00,2026-02-15 10:02:00,424,5,2
3941,4,25,5,2026-01-27 04:34:00,2026-01-27 06:56:00,469,25,1
3942,3,34,20,2026-04-26 16:01:00,2026-04-26 17:50:00,85,2,2
3943,3,34,14,2026-03-17 21:44:00,2026-03-18 00:46:00,277,14,1
3944,9,2,14,2026-03-29 07:28:00,2026-03-29 08:19:00,240,7,2
3945,7,9,20,2026-05-13 00:57:00,2026-05-13 04:38:00,337,12,1
3946,4,44,11,2026-02-21 04:07:00,2026-02-21 05:47:00,392,14,2
3947,3,34,5,2026-03-04 21:47:00,2026-03-05 01:06:00,322,2,1
3948,8,26,2,2026-06-05 22:03:00,2026-06-05 23:59:00,238,12,1
3949,8,10,6,2026-04-30 07:40:00,2026-04-30 09:32:00,176,12,2
3950,2,11,7,2026-04-30 03:45:00,2026-04-30 07:41:00,304,15,3
3951,4,29,8,2026-04-17 11:47:00,2026-04-17 15:33:00,92,6,1
3952,1,31,5,2026-06-18 05:29:00,2026-06-18 07:18:00,315,14,2
3953,6,1,18,2026-03-25 05:46:00,2026-03-25 09:18:00,471,21,2
3954,2,11,14,2026-01-14 05:16:00,2026-01-14 06:24:00,96,1,3
3955,8,21,19,2026-05-29 07:14:00,2026-05-29 09:58:00,120,2,2
3956,10,30,17,2026-02-08 11:34:00,2026-02-08 14:37:00,318,9,1
3957,10,24,15,2026-02-02 18:47:00,2026-02-02 20:02:00,230,5,2
3958,1,28,13,2026-02-15 14:29:00,2026-02-15 18:23:00,216,14,2
3959,3,4,13,2026-04-14 03:52:00,2026-04-14 05:09:00,409,22,2
3960,1,39,20,2026-06-12 09:02:00,2026-06-12 10:13:00,434,33,2
3961,2,18,11,2026-05-08 13:51:00,2026-05-08 17:49:00,118,7,1
3962,8,21,5,2026-06-25 08:51:00,2026-06-25 09:43:00,298,3,3
3963,8,21,16,2026-01-20 12:42:00,2026-01-20 13:12:00,327,11,2
3964,2,11,17,2026-05-01 03:11:00,2026-05-01 04:19:00,149,10,3
3965,4,29,4,2026-06-27 22:48:00,2026-06-28 02:18:00,149,8,3
3966,8,15,13,2026-04-02 19:04:00,2026-04-02 22:53:00,434,26,1
3967,4,27,5,2026-05-26 22:55:00,2026-05-27 02:15:00,368,15,1
3968,8,21,1,2026-02-01 23:11:00,2026-02-02 00:02:00,191,10,3
3969,3,34,16,2026-03-05 15:45:00,2026-03-05 19:20:00,497,39,2
3970,6,6,17,2026-05-28 06:44:00,2026-05-28 09:39:00,239,6,3
3971,1,8,9,2026-01-09 21:34:00,2026-01-09 23:45:00,389,23,3
3972,9,12,19,2026-01-02 04:18:00,2026-01-02 07:53:00,492,29,3
3973,3,23,14,2026-05-26 05:05:00,2026-05-26 06:42:00,308,1,1
3974,3,49,5,2026-05-18 03:36:00,2026-05-18 05:33:00,166,12,1
3975,7,37,13,2026-04-29 23:02:00,2026-04-30 01:43:00,69,0,1
3976,5,41,10,2026-04-15 00:43:00,2026-04-15 01:47:00,293,4,1
3977,5,13,6,2026-01-14 01:11:00,2026-01-14 04:24:00,413,6,3
3978,3,3,9,2026-01-12 12:01:00,2026-01-12 12:34:00,489,32,1
3979,2,16,12,2026-05-24 16:44:00,2026-05-24 20:28:00,485,29,3
3980,3,46,1,2026-06-11 01:08:00,2026-06-11 04:11:00,191,11,1
3981,4,29,4,2026-02-22 09:37:00,2026-02-22 11:47:00,256,5,3
3982,9,17,3,2026-02-12 19:30:00,2026-02-12 20:24:00,335,1,2
3983,10,24,1,2026-02-05 17:38:00,2026-02-05 20:16:00,108,2,3
3984,9,12,11,2026-02-05 07:33:00,2026-02-05 10:57:00,248,5,1
3985,10,30,11,2026-03-18 14:54:00,2026-03-18 15:53:00,129,1,3
3986,3,3,20,2026-04-11 06:38:00,2026-04-11 09:11:00,120,0,2
3987,7,37,13,2026-01-06 17:44:00,2026-01-06 19:25:00,284,12,3
3988,8,48,9,2026-02-28 06:25:00,2026-02-28 08:56:00,360,9,2
3989,8,21,2,2026-01-31 16:15:00,2026-01-31 18:05:00,405,2,1
3990,1,8,6,2026-03-08 20:20:00,2026-03-08 22:03:00,253,12,3
3991,3,23,17,2026-01-22 08:33:00,2026-01-22 12:14:00,103,3,1
3992,1,8,13,2026-06-05 03:55:00,2026-06-05 05:29:00,241,3,3
3993,2,11,10,2026-03-18 18:26:00,2026-03-18 21:40:00,205,13,3
3994,4,29,6,2026-06-13 13:49:00,2026-06-13 15:45:00,497,1,1
3995,3,34,15,2026-03-03 02:49:00,2026-03-03 04:43:00,82,4,2
3996,3,3,19,2026-04-06 08:12:00,2026-04-06 08:42:00,220,3,1
3997,2,16,6,2026-05-30 06:50:00,2026-05-30 07:59:00,279,14,1
3998,4,35,1,2026-02-26 23:02:00,2026-02-26 23:56:00,485,18,2
3999,3,46,10,2026-01-29 21:11:00,2026-01-29 22:53:00,453,12,1
4000,7,9,13,2026-03-24 02:08:00,2026-03-24 06:02:00,213,16,3
4001,3,23,15,2026-04-15 16:39:00,2026-04-15 19:11:00,261,4,1
4002,4,29,3,2026-03-09 07:25:00,2026-03-09 09:29:00,378,25,2
4003,8,15,4,2026-02-19 02:28:00,2026-02-19 03:46:00,222,9,3
4004,5,41,16,2026-03-08 18:10:00,2026-03-08 20:14:00,104,3,2
4005,1,31,8,2026-03-31 12:13:00,2026-03-31 13:02:00,301,17,1
4006,8,48,8,2026-05-26 00:00:00,2026-05-26 02:21:00,320,7,3
4007,6,1,1,2026-01-12 09:22:00,2026-01-12 09:57:00,452,1,3
4008,10,30,10,2026-03-07 17:14:00,2026-03-07 17:58:00,263,17,3
4009,2,18,18,2026-01-31 01:42:00,2026-01-31 04:42:00,439,15,3
4010,3,4,8,2026-04-26 00:25:00,2026-04-26 02:08:00,495,37,3
4011,2,5,6,2026-04-12 20:17:00,2026-04-12 21:35:00,293,14,1
4012,3,46,16,2026-02-14 09:46:00,2026-02-14 11:16:00,467,5,1
4013,8,21,16,2026-03-05 05:28:00,2026-03-05 07:40:00,486,26,1
4014,8,15,16,2026-06-20 01:07:00,2026-06-20 03:37:00,191,2,1
4015,3,46,14,2026-03-11 16:21:00,2026-03-11 18:13:00,415,1,1
4016,9,50,17,2026-01-07 20:27:00,2026-01-08 00:06:00,359,11,3
4017,3,46,14,2026-04-24 00:19:00,2026-04-24 01:59:00,289,4,1
4018,8,48,3,2026-06-11 12:17:00,2026-06-11 13:46:00,417,24,2
4019,6,6,19,2026-03-21 16:46:00,2026-03-21 17:57:00,71,5,3
4020,3,14,18,2026-03-09 05:43:00,2026-03-09 07:58:00,100,3,1
4021,8,26,8,2026-05-09 17:02:00,2026-05-09 17:53:00,75,5,2
4022,9,2,8,2026-03-13 12:35:00,2026-03-13 15:28:00,195,14,3
4023,1,47,8,2026-06-05 16:54:00,2026-06-05 18:30:00,280,10,2
4024,5,38,18,2026-02-16 23:12:00,2026-02-17 01:28:00,384,24,2
4025,9,2,4,2026-06-20 20:23:00,2026-06-20 21:28:00,350,20,3
4026,4,32,1,2026-06-13 14:04:00,2026-06-13 17:44:00,85,2,2
4027,10,30,4,2026-06-15 05:06:00,2026-06-15 07:05:00,376,26,3
4028,2,18,9,2026-03-05 18:08:00,2026-03-05 21:22:00,358,11,2
4029,4,29,5,2026-06-05 18:56:00,2026-06-05 22:30:00,405,22,1
4030,3,4,5,2026-02-11 15:07:00,2026-02-11 17:11:00,277,2,1
4031,10,24,3,2026-02-05 00:26:00,2026-02-05 03:20:00,403,31,3
4032,4,29,1,2026-02-22 15:09:00,2026-02-22 18:49:00,372,10,1
4033,1,31,17,2026-03-01 16:20:00,2026-03-01 17:45:00,472,34,3
4034,9,45,3,2026-02-20 15:04:00,2026-02-20 15:48:00,296,15,1
4035,8,26,1,2026-05-22 00:29:00,2026-05-22 01:03:00,191,9,3
4036,3,4,8,2026-06-07 01:53:00,2026-06-07 04:22:00,249,2,3
4037,3,49,19,2026-01-12 06:41:00,2026-01-12 09:22:00,271,18,1
4038,10,20,9,2026-05-17 23:23:00,2026-05-18 01:24:00,496,30,1
4039,8,21,15,2026-06-14 13:56:00,2026-06-14 15:11:00,192,8,2
4040,2,11,5,2026-01-13 16:50:00,2026-01-13 18:30:00,422,19,2
4041,4,27,13,2026-01-15 10:35:00,2026-01-15 12:54:00,277,3,1
4042,4,35,13,2026-02-21 09:24:00,2026-02-21 12:23:00,184,8,3
4043,4,33,6,2026-04-13 09:19:00,2026-04-13 12:24:00,350,1,3
4044,7,19,11,2026-01-27 20:52:00,2026-01-28 00:19:00,395,21,1
4045,8,48,2,2026-04-04 00:11:00,2026-04-04 02:00:00,92,0,2
4046,8,21,14,2026-02-11 23:55:00,2026-02-12 01:28:00,52,2,2
4047,1,47,16,2026-05-28 08:52:00,2026-05-28 10:54:00,70,3,3
4048,8,21,20,2026-03-21 08:03:00,2026-03-21 10:55:00,201,10,2
4049,10,20,5,2026-04-09 22:45:00,2026-04-10 01:35:00,268,15,2
4050,4,25,9,2026-04-10 19:46:00,2026-04-10 23:11:00,443,1,2
4051,4,32,19,2026-06-04 05:16:00,2026-06-04 06:21:00,345,27,2
4052,8,15,1,2026-03-17 06:23:00,2026-03-17 09:19:00,70,0,2
4053,1,42,13,2026-05-04 09:48:00,2026-05-04 13:27:00,209,1,2
4054,10,24,20,2026-03-17 04:03:00,2026-03-17 07:39:00,274,21,1
4055,1,39,6,2026-05-04 10:08:00,2026-05-04 11:35:00,157,5,1
4056,3,14,19,2026-03-30 19:34:00,2026-03-30 22:48:00,376,25,1
4057,3,23,19,2026-04-13 21:26:00,2026-04-14 00:47:00,208,11,1
4058,8,48,4,2026-02-13 02:58:00,2026-02-13 04:54:00,182,5,2
4059,4,44,19,2026-03-06 10:51:00,2026-03-06 12:24:00,264,4,1
4060,7,9,2,2026-06-08 10:10:00,2026-06-08 12:47:00,295,3,3
4061,3,49,5,2026-06-07 16:21:00,2026-06-07 20:19:00,56,3,1
4062,3,3,11,2026-03-20 07:47:00,2026-03-20 09:54:00,430,8,3
4063,2,36,19,2026-05-09 17:20:00,2026-05-09 18:28:00,81,3,2
4064,6,6,15,2026-04-10 07:20:00,2026-04-10 10:17:00,117,0,1
4065,5,13,17,2026-06-16 17:35:00,2026-06-16 19:30:00,411,0,2
4066,1,42,9,2026-06-08 01:42:00,2026-06-08 04:06:00,245,0,3
4067,1,42,13,2026-05-08 16:02:00,2026-05-08 16:54:00,114,4,1
4068,4,35,5,2026-05-06 09:05:00,2026-05-06 10:08:00,201,8,2
4069,5,13,4,2026-02-11 15:16:00,2026-02-11 18:17:00,129,9,1
4070,8,48,2,2026-04-19 13:56:00,2026-04-19 17:43:00,249,0,3
4071,3,49,2,2026-03-04 02:42:00,2026-03-04 06:12:00,100,7,2
4072,5,43,7,2026-01-25 09:51:00,2026-01-25 11:49:00,487,36,2
4073,8,10,20,2026-03-16 06:31:00,2026-03-16 08:09:00,176,8,2
4074,8,10,1,2026-05-24 16:21:00,2026-05-24 17:32:00,366,24,1
4075,2,16,2,2026-02-05 14:29:00,2026-02-05 16:22:00,243,9,3
4076,6,7,7,2026-01-21 22:29:00,2026-01-21 23:22:00,175,5,2
4077,2,5,19,2026-03-21 23:32:00,2026-03-22 03:02:00,357,6,2
4078,3,40,8,2026-02-10 16:50:00,2026-02-10 19:00:00,326,13,2
4079,8,21,5,2026-03-21 22:01:00,2026-03-22 01:55:00,277,16,2
4080,8,10,1,2026-04-07 17:35:00,2026-04-07 21:08:00,378,15,3
4081,7,37,17,2026-04-08 13:11:00,2026-04-08 15:04:00,307,18,2
4082,8,48,18,2026-06-21 01:00:00,2026-06-21 02:59:00,439,15,1
4083,9,50,5,2026-03-19 09:01:00,2026-03-19 12:41:00,356,8,1
4084,4,33,20,2026-06-14 23:15:00,2026-06-15 01:41:00,172,3,1
4085,1,42,17,2026-02-11 18:07:00,2026-02-11 19:49:00,106,2,3
4086,6,7,8,2026-01-21 05:02:00,2026-01-21 06:35:00,461,26,3
4087,4,35,15,2026-05-22 11:45:00,2026-05-22 14:14:00,122,7,1
4088,4,35,4,2026-03-29 17:31:00,2026-03-29 20:31:00,493,2,3
4089,2,18,1,2026-05-24 17:47:00,2026-05-24 21:06:00,447,34,3
4090,6,1,19,2026-06-13 00:40:00,2026-06-13 03:35:00,306,6,3
4091,4,35,18,2026-06-26 17:58:00,2026-06-26 19:18:00,165,1,1
4092,4,33,10,2026-01-28 22:15:00,2026-01-28 23:36:00,271,20,1
4093,9,12,18,2026-01-25 21:52:00,2026-01-26 00:30:00,121,3,1
4094,5,43,6,2026-02-26 16:38:00,2026-02-26 18:15:00,71,5,2
4095,1,31,8,2026-05-14 11:59:00,2026-05-14 14:23:00,200,3,3
4096,9,50,10,2026-06-20 18:32:00,2026-06-20 21:52:00,290,4,2
4097,3,49,19,2026-05-04 09:58:00,2026-05-04 11:31:00,431,34,2
4098,1,8,6,2026-03-27 05:06:00,2026-03-27 05:48:00,174,8,3
4099,5,38,7,2026-03-04 14:22:00,2026-03-04 17:41:00,456,33,2
4100,9,50,18,2026-03-23 13:47:00,2026-03-23 16:22:00,362,7,3
4101,9,17,4,2026-05-15 13:35:00,2026-05-15 16:15:00,284,17,2
4102,8,26,1,2026-03-20 14:30:00,2026-03-20 16:25:00,145,11,2
4103,1,28,5,2026-03-19 11:42:00,2026-03-19 12:38:00,438,8,2
4104,9,12,4,2026-06-11 05:12:00,2026-06-11 08:12:00,471,32,1
4105,3,46,6,2026-03-23 05:07:00,2026-03-23 08:15:00,378,23,1
4106,2,16,3,2026-04-25 20:13:00,2026-04-25 21:13:00,267,11,2
4107,4,27,9,2026-05-06 17:55:00,2026-05-06 19:33:00,339,18,2
4108,6,6,8,2026-03-08 09:05:00,2026-03-08 12:06:00,272,10,1
4109,2,18,18,2026-03-14 22:00:00,2026-03-14 22:49:00,169,6,2
4110,7,9,19,2026-03-20 04:11:00,2026-03-20 07:16:00,94,0,3
4111,3,49,1,2026-04-13 03:39:00,2026-04-13 05:52:00,377,17,1
4112,3,23,15,2026-04-20 09:02:00,2026-04-20 11:17:00,301,20,2
4113,8,26,6,2026-05-17 21:01:00,2026-05-17 21:50:00,302,0,3
4114,3,40,7,2026-05-26 00:58:00,2026-05-26 03:42:00,407,9,1
4115,4,35,1,2026-06-02 11:38:00,2026-06-02 13:02:00,291,14,3
4116,4,29,1,2026-01-07 02:55:00,2026-01-07 05:45:00,212,8,2
4117,8,26,10,2026-05-08 17:50:00,2026-05-08 19:29:00,105,3,2
4118,3,40,15,2026-06-25 04:35:00,2026-06-25 07:04:00,309,7,2
4119,9,50,15,2026-06-02 07:18:00,2026-06-02 11:00:00,405,6,2
4120,4,29,17,2026-03-04 08:06:00,2026-03-04 12:06:00,448,4,1
4121,1,31,10,2026-04-21 16:03:00,2026-04-21 18:28:00,177,11,1
4122,4,32,4,2026-02-02 04:01:00,2026-02-02 06:52:00,225,9,2
4123,10,24,10,2026-05-28 02:50:00,2026-05-28 06:50:00,143,10,1
4124,3,40,1,2026-04-23 15:29:00,2026-04-23 18:52:00,266,1,1
4125,6,6,9,2026-05-27 07:25:00,2026-05-27 08:50:00,219,12,3
4126,1,39,13,2026-04-12 20:57:00,2026-04-12 21:54:00,444,5,2
4127,10,30,19,2026-03-06 10:32:00,2026-03-06 14:20:00,454,13,2
4128,4,25,5,2026-03-22 11:57:00,2026-03-22 14:14:00,112,8,2
4129,6,6,18,2026-03-14 07:07:00,2026-03-14 11:01:00,377,2,3
4130,2,16,4,2026-03-23 23:24:00,2026-03-24 00:30:00,59,1,3
4131,8,48,14,2026-04-20 10:28:00,2026-04-20 12:20:00,400,0,2
4132,2,5,8,2026-06-18 22:02:00,2026-06-19 01:50:00,385,14,1
4133,3,40,17,2026-05-17 08:10:00,2026-05-17 11:25:00,315,14,1
4134,5,43,8,2026-04-15 10:09:00,2026-04-15 11:06:00,239,2,2
4135,7,9,7,2026-03-12 20:53:00,2026-03-12 22:53:00,179,9,2
4136,10,20,16,2026-04-06 14:05:00,2026-04-06 17:46:00,353,19,3
4137,2,11,9,2026-05-16 01:33:00,2026-05-16 02:27:00,332,24,3
4138,8,15,8,2026-02-13 06:27:00,2026-02-13 07:54:00,363,0,1
4139,2,22,11,2026-05-27 11:07:00,2026-05-27 13:24:00,151,6,1
4140,6,1,2,2026-03-04 22:54:00,2026-03-05 00:39:00,127,5,3
4141,7,9,18,2026-02-11 00:29:00,2026-02-11 02:30:00,56,0,2
4142,2,36,3,2026-04-04 18:30:00,2026-04-04 21:29:00,226,12,3
4143,2,16,1,2026-05-02 23:34:00,2026-05-03 00:26:00,136,2,1
4144,6,1,17,2026-05-08 07:41:00,2026-05-08 11:29:00,491,19,2
4145,4,32,4,2026-03-14 20:47:00,2026-03-14 23:46:00,150,10,3
4146,2,36,6,2026-04-16 14:45:00,2026-04-16 17:39:00,145,4,2
4147,1,39,6,2026-05-16 08:59:00,2026-05-16 12:56:00,436,12,3
4148,9,17,18,2026-02-21 00:09:00,2026-02-21 02:18:00,311,10,1
4149,4,29,5,2026-02-14 05:43:00,2026-02-14 08:43:00,222,9,2
4150,3,14,5,2026-02-25 09:14:00,2026-02-25 10:07:00,91,0,1
4151,10,20,3,2026-05-27 08:51:00,2026-05-27 10:44:00,324,10,1
4152,10,30,9,2026-02-17 06:55:00,2026-02-17 10:51:00,493,6,3
4153,1,42,13,2026-03-10 03:06:00,2026-03-10 05:58:00,175,4,1
4154,5,41,16,2026-06-11 00:39:00,2026-06-11 02:20:00,227,3,2
4155,4,35,8,2026-01-20 13:30:00,2026-01-20 17:16:00,79,2,1
4156,2,5,9,2026-06-04 06:30:00,2026-06-04 08:18:00,349,5,1
4157,4,35,4,2026-02-28 10:12:00,2026-02-28 13:23:00,283,2,2
4158,1,31,10,2026-03-23 22:05:00,2026-03-24 00:07:00,273,0,3
4159,10,20,8,2026-06-24 22:08:00,2026-06-24 23:26:00,435,33,3
4160,3,23,9,2026-03-06 08:29:00,2026-03-06 11:16:00,488,32,2
4161,10,24,1,2026-06-16 12:05:00,2026-06-16 13:09:00,148,3,1
4162,3,14,6,2026-04-21 19:15:00,2026-04-21 22:15:00,480,12,2
4163,8,21,1,2026-01-08 22:48:00,2026-01-09 01:02:00,246,0,1
4164,3,40,17,2026-04-15 07:16:00,2026-04-15 08:04:00,428,28,1
4165,1,42,15,2026-03-12 13:03:00,2026-03-12 14:36:00,205,11,3
4166,1,47,8,2026-04-22 06:39:00,2026-04-22 07:10:00,208,2,1
4167,2,11,7,2026-06-09 23:52:00,2026-06-10 00:44:00,184,10,1
4168,3,4,7,2026-03-13 10:56:00,2026-03-13 14:45:00,419,25,3
4169,9,17,8,2026-06-18 22:41:00,2026-06-19 02:01:00,148,4,3
4170,2,11,1,2026-04-26 08:33:00,2026-04-26 11:14:00,258,5,1
4171,2,22,6,2026-01-06 16:45:00,2026-01-06 18:58:00,382,20,2
4172,5,38,12,2026-06-17 15:49:00,2026-06-17 18:55:00,199,1,1
4173,1,42,6,2026-06-20 19:42:00,2026-06-20 22:27:00,317,8,3
4174,2,18,19,2026-01-16 20:27:00,2026-01-16 23:17:00,402,9,1
4175,7,19,20,2026-02-05 08:25:00,2026-02-05 11:23:00,420,23,2
4176,5,38,6,2026-03-03 00:57:00,2026-03-03 04:07:00,145,7,3
4177,3,49,10,2026-03-03 23:57:00,2026-03-04 02:45:00,351,26,3
4178,8,15,12,2026-04-28 10:00:00,2026-04-28 12:44:00,458,19,2
4179,3,49,13,2026-02-03 20:57:00,2026-02-03 21:55:00,130,6,3
4180,6,1,10,2026-01-13 15:11:00,2026-01-13 18:02:00,74,1,1
4181,2,22,10,2026-02-05 00:39:00,2026-02-05 03:47:00,189,8,1
4182,3,40,16,2026-01-12 14:57:00,2026-01-12 15:37:00,478,24,3
4183,3,49,17,2026-06-25 06:47:00,2026-06-25 10:00:00,292,3,2
4184,7,19,20,2026-06-18 22:54:00,2026-06-19 00:50:00,356,9,2
4185,4,32,14,2026-01-15 23:48:00,2026-01-16 01:12:00,484,28,3
4186,8,10,12,2026-01-31 16:13:00,2026-01-31 18:03:00,118,2,3
4187,5,43,19,2026-04-19 21:24:00,2026-04-20 00:22:00,65,2,1
4188,7,9,6,2026-03-26 19:48:00,2026-03-26 23:35:00,290,18,2
4189,9,2,10,2026-04-07 20:36:00,2026-04-07 21:50:00,188,0,3
4190,3,40,4,2026-04-16 01:26:00,2026-04-16 03:00:00,375,23,1
4191,3,3,12,2026-01-02 11:18:00,2026-01-02 11:52:00,265,6,2
4192,7,37,2,2026-04-11 20:25:00,2026-04-11 22:58:00,342,23,1
4193,4,35,2,2026-04-18 12:01:00,2026-04-18 14:25:00,426,0,3
4194,8,26,12,2026-01-07 01:07:00,2026-01-07 02:57:00,96,3,3
4195,2,16,1,2026-04-27 06:21:00,2026-04-27 09:52:00,223,15,1
4196,3,3,13,2026-02-13 06:53:00,2026-02-13 10:40:00,246,8,2
4197,3,23,13,2026-06-05 21:02:00,2026-06-05 22:17:00,438,15,3
4198,1,39,20,2026-04-20 05:28:00,2026-04-20 06:07:00,166,10,2
4199,5,13,13,2026-04-29 02:39:00,2026-04-29 03:50:00,300,20,1
4200,1,8,6,2026-01-08 22:06:00,2026-01-08 23:56:00,142,4,1
4201,4,27,11,2026-03-10 01:00:00,2026-03-10 03:24:00,447,20,1
4202,5,13,15,2026-01-14 05:03:00,2026-01-14 08:33:00,174,5,2
4203,2,11,19,2026-01-20 02:30:00,2026-01-20 04:37:00,91,0,3
4204,5,43,13,2026-03-11 04:18:00,2026-03-11 07:08:00,98,7,2
4205,4,35,6,2026-05-18 14:24:00,2026-05-18 16:50:00,249,16,3
4206,10,30,12,2026-03-14 03:28:00,2026-03-14 04:15:00,145,6,2
4207,3,46,12,2026-06-13 10:04:00,2026-06-13 11:04:00,434,24,1
4208,9,50,12,2026-03-08 19:55:00,2026-03-08 21:08:00,473,9,3
4209,3,34,15,2026-03-15 10:55:00,2026-03-15 11:36:00,77,1,2
4210,5,13,16,2026-06-04 18:32:00,2026-06-04 21:37:00,158,10,2
4211,3,34,5,2026-03-29 00:30:00,2026-03-29 01:51:00,254,7,1
4212,7,19,2,2026-02-25 07:34:00,2026-02-25 09:07:00,419,28,1
4213,3,34,2,2026-06-23 14:22:00,2026-06-23 15:41:00,317,17,3
4214,6,6,13,2026-05-29 14:57:00,2026-05-29 18:21:00,111,6,3
4215,3,40,4,2026-06-19 20:22:00,2026-06-19 23:43:00,312,22,1
4216,3,40,20,2026-03-10 23:18:00,2026-03-11 02:08:00,274,14,3
4217,4,29,7,2026-05-14 01:26:00,2026-05-14 02:30:00,58,2,1
4218,8,48,15,2026-05-17 05:31:00,2026-05-17 06:53:00,140,2,3
4219,6,6,8,2026-02-24 16:52:00,2026-02-24 20:13:00,136,0,1
4220,8,21,10,2026-04-18 03:39:00,2026-04-18 05:05:00,473,22,2
4221,5,41,20,2026-05-16 17:59:00,2026-05-16 19:19:00,292,11,3
4222,9,45,3,2026-02-04 14:34:00,2026-02-04 15:22:00,463,36,2
4223,1,47,4,2026-02-09 23:48:00,2026-02-10 01:49:00,176,11,2
4224,7,37,4,2026-03-09 14:26:00,2026-03-09 15:59:00,90,2,1
4225,9,2,1,2026-06-01 21:58:00,2026-06-02 00:31:00,108,0,1
4226,4,35,3,2026-04-24 05:09:00,2026-04-24 06:51:00,139,9,1
4227,4,27,9,2026-02-03 17:52:00,2026-02-03 21:36:00,88,6,3
4228,1,28,7,2026-01-23 13:55:00,2026-01-23 16:57:00,94,1,1
4229,9,17,1,2026-03-08 08:08:00,2026-03-08 10:34:00,207,1,3
4230,9,45,9,2026-01-21 02:53:00,2026-01-21 04:49:00,406,3,1
4231,3,23,11,2026-05-30 04:00:00,2026-05-30 07:13:00,177,4,2
4232,4,29,17,2026-02-19 15:41:00,2026-02-19 17:04:00,184,1,1
4233,9,12,12,2026-02-04 20:15:00,2026-02-04 22:28:00,155,12,1
4234,1,39,4,2026-04-01 22:51:00,2026-04-02 02:31:00,155,2,3
4235,10,20,1,2026-04-02 09:25:00,2026-04-02 13:24:00,282,10,1
4236,6,6,12,2026-04-01 14:19:00,2026-04-01 17:28:00,217,16,2
4237,6,1,5,2026-03-27 20:40:00,2026-03-28 00:40:00,472,13,1
4238,1,42,12,2026-02-19 20:24:00,2026-02-19 21:41:00,421,31,1
4239,4,33,8,2026-04-10 23:52:00,2026-04-11 03:39:00,493,29,2
4240,5,43,15,2026-05-30 04:29:00,2026-05-30 07:13:00,354,12,3
4241,3,23,4,2026-03-24 03:25:00,2026-03-24 05:25:00,341,10,3
4242,2,11,17,2026-06-09 21:44:00,2026-06-09 23:06:00,179,11,3
4243,1,31,19,2026-05-13 23:23:00,2026-05-14 03:03:00,496,39,3
4244,9,50,7,2026-03-02 07:32:00,2026-03-02 09:06:00,334,17,2
4245,3,3,6,2026-05-28 13:55:00,2026-05-28 16:13:00,486,34,2
4246,1,42,17,2026-01-20 23:39:00,2026-01-21 03:07:00,446,2,3
4247,2,16,15,2026-03-23 22:12:00,2026-03-23 22:43:00,73,1,2
4248,9,45,19,2026-01-31 11:21:00,2026-01-31 13:27:00,436,33,1
4249,8,15,12,2026-02-07 00:39:00,2026-02-07 02:42:00,462,11,1
4250,3,49,2,2026-05-16 18:47:00,2026-05-16 20:22:00,387,7,3
4251,3,34,7,2026-02-12 03:09:00,2026-02-12 04:36:00,268,5,1
4252,4,32,16,2026-05-05 01:42:00,2026-05-05 04:54:00,355,14,3
4253,4,44,15,2026-03-01 14:48:00,2026-03-01 16:50:00,216,9,1
4254,4,32,5,2026-04-14 05:12:00,2026-04-14 06:39:00,327,4,1
4255,3,46,2,2026-01-06 18:31:00,2026-01-06 22:18:00,196,4,2
4256,1,42,3,2026-03-26 02:44:00,2026-03-26 03:26:00,114,7,2
4257,2,36,19,2026-01-23 05:33:00,2026-01-23 07:43:00,325,18,2
4258,10,30,7,2026-05-11 21:29:00,2026-05-12 01:06:00,436,2,1
4259,3,46,3,2026-02-14 03:19:00,2026-02-14 05:15:00,337,9,3
4260,8,15,15,2026-02-17 22:37:00,2026-02-17 23:39:00,142,5,2
4261,8,48,2,2026-03-01 18:46:00,2026-03-01 22:05:00,119,1,3
4262,1,42,17,2026-05-09 06:09:00,2026-05-09 09:01:00,102,7,3
4263,3,46,3,2026-02-10 21:33:00,2026-02-10 22:06:00,271,0,2
4264,8,26,2,2026-02-16 14:04:00,2026-02-16 15:47:00,416,31,2
4265,9,50,20,2026-06-18 09:36:00,2026-06-18 11:10:00,275,0,1
4266,1,31,4,2026-06-23 01:37:00,2026-06-23 02:44:00,304,3,1
4267,5,43,13,2026-02-20 13:56:00,2026-02-20 14:49:00,195,14,3
4268,4,44,6,2026-01-22 17:07:00,2026-01-22 19:27:00,439,16,1
4269,3,4,3,2026-02-16 02:03:00,2026-02-16 05:28:00,267,11,1
4270,10,30,10,2026-02-12 07:13:00,2026-02-12 10:05:00,199,14,1
4271,9,2,11,2026-02-01 06:43:00,2026-02-01 09:25:00,216,9,1
4272,2,16,10,2026-02-26 05:01:00,2026-02-26 07:34:00,454,5,1
4273,3,34,18,2026-02-15 17:57:00,2026-02-15 19:39:00,384,1,3
4274,6,1,17,2026-05-03 08:27:00,2026-05-03 10:16:00,112,5,2
4275,1,47,15,2026-02-06 16:50:00,2026-02-06 19:10:00,126,6,2
4276,1,42,10,2026-03-26 21:54:00,2026-03-26 23:15:00,50,1,1
4277,10,24,12,2026-05-08 18:31:00,2026-05-08 20:48:00,321,6,3
4278,7,19,7,2026-02-19 08:18:00,2026-02-19 11:00:00,195,14,2
4279,8,15,3,2026-01-10 20:38:00,2026-01-10 23:00:00,242,6,3
4280,2,16,10,2026-04-30 08:01:00,2026-04-30 10:57:00,402,19,1
4281,1,28,11,2026-05-12 15:52:00,2026-05-12 16:51:00,291,2,1
4282,4,29,15,2026-05-25 19:48:00,2026-05-25 21:15:00,325,18,2
4283,2,11,11,2026-05-11 01:27:00,2026-05-11 03:54:00,223,8,2
4284,2,36,14,2026-02-26 01:51:00,2026-02-26 05:00:00,175,13,2
4285,4,32,2,2026-04-09 21:32:00,2026-04-10 01:01:00,487,37,1
4286,8,21,15,2026-05-11 02:35:00,2026-05-11 06:29:00,329,21,1
4287,4,44,19,2026-01-10 13:22:00,2026-01-10 13:53:00,317,13,2
4288,3,3,20,2026-04-20 05:11:00,2026-04-20 06:02:00,104,5,2
4289,2,16,8,2026-05-22 06:34:00,2026-05-22 07:05:00,113,2,2
4290,1,47,10,2026-02-08 12:06:00,2026-02-08 15:43:00,253,4,3
4291,3,14,6,2026-03-05 09:47:00,2026-03-05 10:26:00,134,8,2
4292,2,18,12,2026-03-18 17:04:00,2026-03-18 17:50:00,60,2,2
4293,7,37,4,2026-01-03 01:49:00,2026-01-03 04:38:00,247,10,1
4294,1,47,17,2026-06-08 12:16:00,2026-06-08 14:14:00,235,12,3
4295,5,13,11,2026-02-18 09:26:00,2026-02-18 13:23:00,105,2,3
4296,10,30,18,2026-01-18 09:06:00,2026-01-18 11:14:00,428,0,3
4297,7,9,10,2026-01-29 04:40:00,2026-01-29 08:26:00,54,0,2
4298,8,10,12,2026-06-23 01:45:00,2026-06-23 02:59:00,256,6,1
4299,1,39,11,2026-02-05 09:05:00,2026-02-05 10:49:00,444,21,1
4300,3,3,17,2026-05-22 07:35:00,2026-05-22 09:14:00,55,2,1
4301,4,44,3,2026-06-14 16:25:00,2026-06-14 18:47:00,456,13,3
4302,5,38,10,2026-01-13 17:03:00,2026-01-13 18:53:00,418,2,2
4303,3,34,20,2026-06-12 07:47:00,2026-06-12 08:35:00,439,13,1
4304,9,2,16,2026-05-07 00:36:00,2026-05-07 03:29:00,389,28,3
4305,4,32,1,2026-04-24 22:48:00,2026-04-25 02:07:00,286,12,3
4306,10,24,19,2026-03-10 00:23:00,2026-03-10 01:03:00,392,7,3
4307,10,30,12,2026-04-19 22:41:00,2026-04-19 23:54:00,329,12,3
4308,10,24,1,2026-06-12 16:32:00,2026-06-12 19:58:00,396,4,2
4309,3,4,16,2026-01-06 16:43:00,2026-01-06 19:41:00,456,34,1
4310,5,38,11,2026-06-19 07:17:00,2026-06-19 09:16:00,155,6,3
4311,6,7,17,2026-01-24 07:42:00,2026-01-24 11:02:00,414,29,3
4312,8,15,3,2026-06-06 11:00:00,2026-06-06 12:46:00,295,8,1
4313,6,7,2,2026-03-16 12:30:00,2026-03-16 15:11:00,468,8,3
4314,6,7,12,2026-05-03 12:22:00,2026-05-03 16:03:00,256,15,3
4315,3,34,4,2026-04-04 10:39:00,2026-04-04 12:07:00,241,4,3
4316,10,30,6,2026-06-26 08:48:00,2026-06-26 10:01:00,124,5,2
4317,4,25,6,2026-06-08 09:58:00,2026-06-08 12:45:00,399,25,1
4318,6,6,10,2026-02-06 02:59:00,2026-02-06 06:51:00,78,2,3
4319,4,25,1,2026-05-04 14:49:00,2026-05-04 17:59:00,411,16,2
4320,2,22,7,2026-04-27 05:47:00,2026-04-27 08:29:00,429,10,2
4321,4,35,13,2026-06-05 14:25:00,2026-06-05 16:44:00,405,26,1
4322,1,39,4,2026-01-07 13:24:00,2026-01-07 14:51:00,371,8,2
4323,5,13,14,2026-02-16 04:36:00,2026-02-16 06:11:00,439,27,1
4324,3,4,13,2026-03-14 23:04:00,2026-03-15 02:08:00,497,28,2
4325,1,47,1,2026-03-21 06:11:00,2026-03-21 08:27:00,71,1,3
4326,2,36,15,2026-05-25 04:17:00,2026-05-25 08:03:00,450,33,1
4327,3,49,17,2026-01-11 20:46:00,2026-01-11 21:24:00,265,3,2
4328,8,21,15,2026-05-25 19:19:00,2026-05-25 20:58:00,256,11,2
4329,9,50,2,2026-06-04 02:19:00,2026-06-04 04:01:00,198,5,1
4330,10,30,15,2026-01-02 21:00:00,2026-01-02 23:21:00,56,1,2
4331,3,40,6,2026-01-24 17:34:00,2026-01-24 20:20:00,370,6,3
4332,2,11,7,2026-04-12 02:40:00,2026-04-12 04:43:00,456,0,2
4333,7,9,8,2026-03-09 18:14:00,2026-03-09 20:28:00,110,4,2
4334,4,25,19,2026-05-05 20:00:00,2026-05-05 23:37:00,260,0,1
4335,3,34,14,2026-01-18 05:47:00,2026-01-18 07:31:00,205,11,2
4336,3,4,2,2026-01-08 04:36:00,2026-01-08 05:27:00,489,15,2
4337,3,34,3,2026-06-19 17:10:00,2026-06-19 20:33:00,394,29,3
4338,8,26,6,2026-03-14 09:10:00,2026-03-14 09:49:00,487,5,2
4339,2,11,16,2026-06-19 19:53:00,2026-06-19 20:56:00,480,36,3
4340,4,29,1,2026-04-13 09:55:00,2026-04-13 11:02:00,365,6,3
4341,6,7,13,2026-06-10 12:47:00,2026-06-10 14:21:00,326,13,2
4342,5,43,14,2026-01-17 10:44:00,2026-01-17 14:00:00,227,6,1
4343,3,46,14,2026-04-07 14:37:00,2026-04-07 15:23:00,331,20,1
4344,5,43,14,2026-04-23 18:02:00,2026-04-23 20:01:00,341,0,3
4345,7,9,19,2026-01-06 05:10:00,2026-01-06 07:54:00,386,2,2
4346,3,14,2,2026-01-29 21:58:00,2026-01-30 00:22:00,331,24,2
4347,3,14,6,2026-03-10 18:41:00,2026-03-10 20:17:00,51,0,2
4348,4,27,19,2026-01-12 05:16:00,2026-01-12 07:19:00,255,12,1
4349,4,35,3,2026-05-23 01:34:00,2026-05-23 04:01:00,280,22,1
4350,8,21,14,2026-03-20 05:33:00,2026-03-20 06:18:00,170,1,3
4351,4,32,20,2026-04-07 03:36:00,2026-04-07 06:03:00,477,35,3
4352,1,39,14,2026-05-28 23:43:00,2026-05-29 03:38:00,103,2,3
4353,8,10,12,2026-06-03 07:23:00,2026-06-03 09:57:00,433,26,2
4354,5,41,10,2026-03-28 14:38:00,2026-03-28 16:20:00,227,8,2
4355,9,2,18,2026-03-10 12:57:00,2026-03-10 14:59:00,355,2,2
4356,3,46,15,2026-02-17 09:42:00,2026-02-17 11:11:00,473,13,1
4357,2,5,9,2026-05-25 07:22:00,2026-05-25 10:38:00,335,24,1
4358,10,20,3,2026-06-16 22:06:00,2026-06-17 01:38:00,438,7,2
4359,8,21,15,2026-06-13 05:54:00,2026-06-13 07:12:00,431,8,3
4360,4,29,17,2026-05-24 19:12:00,2026-05-24 23:06:00,245,7,2
4361,2,36,15,2026-06-11 11:37:00,2026-06-11 13:41:00,102,7,3
4362,4,25,17,2026-03-18 11:29:00,2026-03-18 13:02:00,244,15,3
4363,8,15,18,2026-05-21 22:57:00,2026-05-21 23:48:00,239,5,3
4364,2,16,2,2026-04-17 04:42:00,2026-04-17 07:37:00,327,10,1
4365,9,2,4,2026-02-16 23:05:00,2026-02-17 00:58:00,343,8,1
4366,9,2,8,2026-01-26 20:35:00,2026-01-26 22:22:00,117,5,3
4367,7,19,3,2026-04-22 04:58:00,2026-04-22 07:12:00,316,11,3
4368,5,43,14,2026-03-08 23:57:00,2026-03-09 03:51:00,375,2,3
4369,1,8,5,2026-02-25 16:09:00,2026-02-25 17:08:00,122,8,3
4370,4,29,8,2026-03-19 11:11:00,2026-03-19 14:43:00,225,2,3
4371,4,35,18,2026-01-29 14:52:00,2026-01-29 17:22:00,273,20,3
4372,10,20,1,2026-05-17 15:44:00,2026-05-17 19:03:00,475,21,3
4373,10,30,10,2026-05-01 19:04:00,2026-05-01 21:42:00,367,26,3
4374,1,8,16,2026-04-01 02:07:00,2026-04-01 03:17:00,488,36,3
4375,1,47,8,2026-02-11 08:27:00,2026-02-11 11:29:00,424,12,1
4376,5,43,5,2026-03-13 21:39:00,2026-03-13 22:53:00,309,22,1
4377,2,22,5,2026-02-26 09:49:00,2026-02-26 10:43:00,292,16,1
4378,7,37,3,2026-02-13 23:54:00,2026-02-14 03:41:00,217,12,1
4379,7,37,20,2026-02-23 07:01:00,2026-02-23 08:10:00,113,5,1
4380,9,17,17,2026-01-01 22:32:00,2026-01-02 00:22:00,74,4,1
4381,4,29,18,2026-01-10 09:39:00,2026-01-10 13:21:00,236,5,3
4382,3,14,20,2026-05-11 18:24:00,2026-05-11 20:26:00,481,16,3
4383,4,29,17,2026-03-09 13:06:00,2026-03-09 16:08:00,140,9,3
4384,3,3,14,2026-03-13 23:30:00,2026-03-14 00:41:00,155,3,1
4385,8,26,6,2026-05-31 08:12:00,2026-05-31 10:13:00,255,6,3
4386,1,31,2,2026-06-06 20:05:00,2026-06-06 23:57:00,490,4,1
4387,5,43,11,2026-04-06 00:38:00,2026-04-06 03:33:00,83,3,3
4388,2,36,5,2026-04-20 01:22:00,2026-04-20 03:23:00,204,7,2
4389,3,49,9,2026-01-24 02:57:00,2026-01-24 04:22:00,279,13,3
4390,2,16,6,2026-03-06 01:56:00,2026-03-06 02:46:00,52,3,3
4391,2,36,5,2026-06-06 09:32:00,2026-06-06 13:18:00,128,9,1
4392,2,36,13,2026-03-03 20:52:00,2026-03-04 00:48:00,79,4,3
4393,2,16,9,2026-04-30 14:52:00,2026-04-30 18:52:00,337,26,1
4394,9,2,9,2026-06-26 17:03:00,2026-06-26 18:21:00,198,9,3
4395,10,30,1,2026-01-24 08:42:00,2026-01-24 11:03:00,461,19,2
4396,3,3,11,2026-02-19 00:35:00,2026-02-19 04:33:00,395,13,3
4397,3,40,5,2026-02-22 05:33:00,2026-02-22 07:35:00,339,18,2
4398,3,40,13,2026-02-11 14:55:00,2026-02-11 15:35:00,76,4,3
4399,7,9,9,2026-01-22 02:59:00,2026-01-22 05:45:00,465,18,2
4400,2,18,14,2026-04-25 16:32:00,2026-04-25 19:45:00,165,12,1
4401,9,17,15,2026-02-25 12:37:00,2026-02-25 16:36:00,162,1,1
4402,5,13,20,2026-01-09 18:59:00,2026-01-09 20:34:00,307,8,3
4403,2,22,16,2026-02-05 00:47:00,2026-02-05 03:32:00,108,3,1
4404,2,18,4,2026-06-27 04:55:00,2026-06-27 05:53:00,335,6,1
4405,8,48,20,2026-02-03 05:01:00,2026-02-03 06:11:00,482,29,1
4406,1,8,15,2026-04-19 14:29:00,2026-04-19 18:09:00,306,18,1
4407,9,17,8,2026-02-14 20:11:00,2026-02-14 22:10:00,435,24,3
4408,1,42,6,2026-05-28 23:47:00,2026-05-29 02:21:00,489,2,1
4409,3,14,11,2026-04-10 07:09:00,2026-04-10 10:13:00,420,11,3
4410,9,12,7,2026-06-08 19:39:00,2026-06-08 23:14:00,442,29,3
4411,4,27,6,2026-05-13 00:45:00,2026-05-13 01:30:00,452,7,3
4412,3,49,3,2026-06-16 09:51:00,2026-06-16 11:33:00,176,4,3
4413,1,42,17,2026-04-12 18:08:00,2026-04-12 19:15:00,276,17,2
4414,3,14,14,2026-02-03 23:47:00,2026-02-04 02:11:00,129,4,1
4415,2,11,16,2026-01-19 02:36:00,2026-01-19 05:15:00,498,6,2
4416,3,46,17,2026-02-02 04:17:00,2026-02-02 07:52:00,499,0,2
4417,9,45,3,2026-03-03 03:23:00,2026-03-03 05:06:00,430,13,3
4418,10,24,17,2026-06-07 00:17:00,2026-06-07 03:05:00,458,11,1
4419,7,9,14,2026-03-18 13:45:00,2026-03-18 15:32:00,308,22,2
4420,9,2,12,2026-06-17 20:03:00,2026-06-17 23:07:00,324,8,3
4421,10,24,4,2026-03-24 04:05:00,2026-03-24 05:37:00,94,0,1
4422,1,42,5,2026-05-14 17:11:00,2026-05-14 19:38:00,259,5,1
4423,6,7,18,2026-04-09 10:52:00,2026-04-09 11:34:00,181,0,1
4424,1,8,12,2026-06-12 07:24:00,2026-06-12 10:39:00,90,4,1
4425,3,34,19,2026-01-05 13:31:00,2026-01-05 15:37:00,67,2,3
4426,9,2,1,2026-04-24 19:27:00,2026-04-24 22:31:00,321,25,2
4427,4,29,9,2026-01-25 14:58:00,2026-01-25 18:42:00,179,6,2
4428,1,47,17,2026-06-16 01:46:00,2026-06-16 03:25:00,426,23,2
4429,9,50,4,2026-06-05 07:54:00,2026-06-05 09:12:00,253,7,3
4430,6,1,16,2026-06-22 16:18:00,2026-06-22 20:10:00,87,1,1
4431,1,8,16,2026-04-11 21:05:00,2026-04-12 00:36:00,209,6,1
4432,1,47,20,2026-01-16 02:03:00,2026-01-16 02:48:00,476,2,3
4433,2,16,9,2026-01-04 18:43:00,2026-01-04 21:31:00,446,17,3
4434,4,35,15,2026-05-22 17:55:00,2026-05-22 20:06:00,169,12,2
4435,6,1,20,2026-02-08 15:18:00,2026-02-08 18:31:00,452,14,2
4436,9,45,17,2026-03-26 05:06:00,2026-03-26 07:33:00,441,30,1
4437,10,30,14,2026-04-19 06:20:00,2026-04-19 08:31:00,430,2,1
4438,3,23,9,2026-04-06 16:07:00,2026-04-06 18:15:00,480,11,1
4439,6,6,19,2026-02-06 08:48:00,2026-02-06 12:02:00,190,1,3
4440,10,24,11,2026-06-02 09:47:00,2026-06-02 13:09:00,246,1,2
4441,4,25,10,2026-03-29 23:10:00,2026-03-30 00:02:00,191,3,2
4442,5,38,17,2026-01-12 15:35:00,2026-01-12 17:14:00,441,1,1
4443,4,29,10,2026-03-10 20:02:00,2026-03-10 22:31:00,70,3,2
4444,7,19,2,2026-05-21 21:24:00,2026-05-21 22:02:00,421,25,2
4445,4,25,18,2026-03-17 20:24:00,2026-03-17 22:48:00,151,6,1
4446,3,46,1,2026-04-17 15:53:00,2026-04-17 17:23:00,117,7,2
4447,6,6,3,2026-04-20 18:58:00,2026-04-20 20:24:00,409,9,1
4448,7,37,16,2026-02-01 07:14:00,2026-02-01 07:59:00,207,12,2
4449,7,37,5,2026-03-30 19:19:00,2026-03-30 21:32:00,69,2,3
4450,3,4,17,2026-06-02 09:02:00,2026-06-02 12:22:00,80,2,1
4451,7,9,17,2026-03-31 01:46:00,2026-03-31 04:31:00,383,6,2
4452,1,31,4,2026-05-26 16:09:00,2026-05-26 16:57:00,386,5,3
4453,3,34,2,2026-02-27 23:29:00,2026-02-28 02:24:00,227,2,1
4454,9,17,8,2026-04-07 02:53:00,2026-04-07 04:36:00,207,11,3
4455,10,20,2,2026-04-03 04:43:00,2026-04-03 05:19:00,167,5,2
4456,2,18,5,2026-05-30 14:51:00,2026-05-30 17:54:00,310,10,1
4457,9,45,20,2026-03-16 04:35:00,2026-03-16 08:00:00,316,23,2
4458,8,10,15,2026-04-08 13:56:00,2026-04-08 16:32:00,244,14,1
4459,1,42,20,2026-01-14 06:22:00,2026-01-14 08:14:00,216,2,1
4460,4,44,15,2026-06-25 22:26:00,2026-06-26 01:56:00,316,1,2
4461,1,8,11,2026-04-14 06:31:00,2026-04-14 08:13:00,301,21,3
4462,2,36,11,2026-01-30 01:13:00,2026-01-30 02:49:00,441,30,3
4463,7,9,11,2026-05-18 05:05:00,2026-05-18 06:12:00,234,15,1
4464,3,49,15,2026-05-14 06:29:00,2026-05-14 08:43:00,225,3,2
4465,1,42,8,2026-03-16 06:44:00,2026-03-16 10:33:00,53,0,1
4466,8,15,1,2026-01-24 05:46:00,2026-01-24 06:44:00,111,0,1
4467,6,1,17,2026-05-10 03:52:00,2026-05-10 06:12:00,467,35,2
4468,1,8,16,2026-03-20 12:40:00,2026-03-20 15:29:00,222,10,1
4469,3,40,2,2026-06-07 08:38:00,2026-06-07 11:22:00,97,5,1
4470,4,44,3,2026-02-16 08:20:00,2026-02-16 11:48:00,413,4,2
4471,9,45,10,2026-01-07 21:40:00,2026-01-07 22:17:00,297,2,2
4472,10,24,20,2026-02-04 06:51:00,2026-02-04 10:20:00,499,5,1
4473,3,23,13,2026-04-13 22:28:00,2026-04-14 01:30:00,316,9,3
4474,2,5,18,2026-01-18 01:02:00,2026-01-18 03:05:00,347,11,1
4475,4,33,3,2026-03-22 01:05:00,2026-03-22 02:19:00,262,15,3
4476,4,32,4,2026-06-08 00:20:00,2026-06-08 01:46:00,144,1,1
4477,8,48,10,2026-03-23 04:49:00,2026-03-23 07:41:00,51,2,3
4478,1,8,19,2026-06-26 18:19:00,2026-06-26 19:56:00,469,24,3
4479,8,26,5,2026-01-26 11:28:00,2026-01-26 12:58:00,398,24,2
4480,6,1,7,2026-02-28 10:23:00,2026-02-28 12:48:00,105,5,3
4481,4,35,7,2026-05-06 14:20:00,2026-05-06 17:28:00,246,18,3
4482,4,33,12,2026-01-23 18:02:00,2026-01-23 20:33:00,480,12,3
4483,9,2,12,2026-02-21 14:18:00,2026-02-21 16:48:00,347,24,1
4484,3,34,3,2026-05-21 14:01:00,2026-05-21 17:35:00,230,10,1
4485,1,47,5,2026-05-20 12:03:00,2026-05-20 15:14:00,105,1,1
4486,4,29,7,2026-03-13 07:30:00,2026-03-13 10:22:00,304,0,1
4487,9,50,20,2026-06-29 22:00:00,2026-06-29 22:34:00,404,23,2
4488,5,38,10,2026-02-21 13:27:00,2026-02-21 17:16:00,146,5,1
4489,7,19,1,2026-05-27 04:00:00,2026-05-27 07:58:00,58,1,1
4490,6,7,18,2026-05-08 18:19:00,2026-05-08 19:10:00,91,4,2
4491,6,7,11,2026-03-07 10:50:00,2026-03-07 13:33:00,122,6,2
4492,5,41,12,2026-04-25 09:53:00,2026-04-25 10:51:00,291,23,3
4493,7,9,3,2026-01-01 20:54:00,2026-01-01 21:58:00,423,4,1
4494,10,24,15,2026-02-24 00:15:00,2026-02-24 02:22:00,498,17,2
4495,4,25,16,2026-03-14 13:26:00,2026-03-14 14:21:00,494,31,3
4496,8,48,12,2026-05-12 08:47:00,2026-05-12 12:06:00,298,8,3
4497,4,35,8,2026-02-23 13:36:00,2026-02-23 15:16:00,56,0,3
4498,2,5,15,2026-01-24 05:06:00,2026-01-24 07:23:00,88,5,3
4499,1,8,16,2026-02-11 12:06:00,2026-02-11 15:04:00,179,10,1
4500,9,50,11,2026-06-08 15:14:00,2026-06-08 18:49:00,251,4,2
4501,4,32,3,2026-06-08 23:33:00,2026-06-09 03:30:00,256,6,1
4502,1,39,10,2026-02-24 13:49:00,2026-02-24 16:58:00,400,1,1
4503,8,48,11,2026-01-08 23:59:00,2026-01-09 03:18:00,255,17,2
4504,1,28,19,2026-04-28 07:25:00,2026-04-28 09:01:00,91,4,1
4505,4,32,15,2026-03-02 15:07:00,2026-03-02 15:43:00,200,13,3
4506,1,47,3,2026-03-08 22:23:00,2026-03-09 00:24:00,175,11,3
4507,8,26,5,2026-06-07 04:44:00,2026-06-07 08:09:00,346,1,2
4508,3,46,11,2026-03-10 23:18:00,2026-03-11 02:52:00,102,0,3
4509,2,18,11,2026-04-11 06:10:00,2026-04-11 08:50:00,302,8,1
4510,3,34,8,2026-02-21 01:11:00,2026-02-21 05:06:00,239,15,1
4511,1,28,4,2026-02-01 21:41:00,2026-02-02 00:08:00,242,8,2
4512,2,5,8,2026-02-18 18:59:00,2026-02-18 22:23:00,203,1,3
4513,5,43,13,2026-05-07 11:26:00,2026-05-07 12:48:00,427,6,2
4514,4,29,12,2026-05-22 16:47:00,2026-05-22 18:46:00,480,2,3
4515,9,17,12,2026-02-09 22:39:00,2026-02-10 01:52:00,246,2,2
4516,2,5,12,2026-01-02 02:09:00,2026-01-02 03:58:00,82,0,1
4517,1,39,18,2026-03-17 14:47:00,2026-03-17 15:27:00,316,8,1
4518,3,34,12,2026-02-09 06:56:00,2026-02-09 08:38:00,196,15,1
4519,1,47,18,2026-05-09 03:36:00,2026-05-09 05:57:00,96,1,1
4520,9,17,5,2026-02-02 08:42:00,2026-02-02 09:37:00,334,10,1
4521,7,19,14,2026-06-28 12:36:00,2026-06-28 14:50:00,335,16,3
4522,5,41,12,2026-03-28 05:41:00,2026-03-28 07:54:00,137,5,3
4523,4,29,15,2026-02-17 01:32:00,2026-02-17 03:48:00,420,5,3
4524,1,28,19,2026-06-07 09:47:00,2026-06-07 12:10:00,122,0,3
4525,6,1,17,2026-03-26 17:57:00,2026-03-26 21:20:00,231,17,3
4526,5,13,20,2026-01-29 12:37:00,2026-01-29 14:30:00,463,31,1
4527,8,10,8,2026-01-31 10:40:00,2026-01-31 12:31:00,93,1,3
4528,1,31,2,2026-03-22 13:48:00,2026-03-22 15:26:00,438,12,2
4529,8,15,1,2026-02-04 13:45:00,2026-02-04 15:23:00,381,1,2
4530,1,47,14,2026-01-21 22:38:00,2026-01-22 00:39:00,362,28,2
4531,3,3,6,2026-02-03 22:10:00,2026-02-04 00:07:00,112,2,1
4532,1,47,11,2026-05-14 07:59:00,2026-05-14 09:43:00,271,0,2
4533,3,40,2,2026-04-01 02:18:00,2026-04-01 03:02:00,135,7,3
4534,4,25,18,2026-05-25 01:39:00,2026-05-25 05:35:00,71,2,1
4535,1,28,18,2026-02-19 15:15:00,2026-02-19 16:04:00,72,1,3
4536,5,43,14,2026-06-24 13:40:00,2026-06-24 15:27:00,118,1,3
4537,3,4,1,2026-05-26 13:36:00,2026-05-26 14:15:00,245,15,3
4538,1,8,20,2026-03-25 02:37:00,2026-03-25 05:31:00,166,10,3
4539,8,21,19,2026-02-09 11:19:00,2026-02-09 12:55:00,295,1,2
4540,5,43,10,2026-05-05 18:14:00,2026-05-05 18:53:00,472,6,3
4541,2,5,4,2026-03-15 18:40:00,2026-03-15 20:14:00,346,9,2
4542,1,31,16,2026-06-07 18:24:00,2026-06-07 19:45:00,477,1,3
4543,3,14,11,2026-01-13 21:39:00,2026-01-14 01:01:00,295,14,3
4544,5,13,5,2026-06-28 12:11:00,2026-06-28 12:42:00,100,6,1
4545,8,10,12,2026-02-28 21:57:00,2026-03-01 00:29:00,465,17,2
4546,6,6,6,2026-03-20 13:50:00,2026-03-20 15:04:00,319,7,2
4547,3,49,7,2026-01-17 16:17:00,2026-01-17 19:36:00,351,21,1
4548,2,5,10,2026-04-18 03:22:00,2026-04-18 06:27:00,445,18,3
4549,1,39,4,2026-04-04 04:56:00,2026-04-04 06:51:00,117,0,2
4550,5,38,1,2026-06-02 14:22:00,2026-06-02 17:19:00,198,1,2
4551,2,18,6,2026-03-29 14:52:00,2026-03-29 17:20:00,65,3,1
4552,7,37,10,2026-06-26 16:23:00,2026-06-26 19:21:00,397,10,1
4553,8,10,4,2026-02-24 07:36:00,2026-02-24 11:34:00,61,4,1
4554,9,45,19,2026-03-07 14:37:00,2026-03-07 16:58:00,323,14,1
4555,3,46,15,2026-05-31 14:15:00,2026-05-31 18:05:00,85,3,3
4556,4,27,20,2026-01-24 11:31:00,2026-01-24 15:29:00,215,3,3
4557,9,45,20,2026-02-26 20:26:00,2026-02-26 22:40:00,375,6,1
4558,9,2,13,2026-02-02 04:32:00,2026-02-02 05:31:00,172,12,2
4559,2,16,19,2026-02-06 07:58:00,2026-02-06 10:44:00,452,25,3
4560,3,14,19,2026-03-04 18:48:00,2026-03-04 19:58:00,420,27,1
4561,8,48,13,2026-01-11 23:57:00,2026-01-12 00:28:00,250,1,3
4562,9,2,11,2026-06-12 07:34:00,2026-06-12 08:19:00,386,3,3
4563,1,47,5,2026-03-24 05:49:00,2026-03-24 08:03:00,352,16,1
4564,3,49,11,2026-04-30 00:18:00,2026-04-30 03:10:00,54,0,3
4565,8,21,14,2026-05-18 06:33:00,2026-05-18 09:20:00,439,6,2
4566,4,33,8,2026-05-13 15:55:00,2026-05-13 18:50:00,499,7,3
4567,4,35,20,2026-01-18 15:51:00,2026-01-18 19:42:00,331,22,1
4568,1,28,3,2026-03-27 17:11:00,2026-03-27 21:04:00,153,5,2
4569,7,19,16,2026-06-08 16:48:00,2026-06-08 19:06:00,74,3,2
4570,5,13,3,2026-05-12 05:09:00,2026-05-12 08:45:00,321,6,3
4571,4,29,16,2026-01-09 15:11:00,2026-01-09 16:42:00,355,6,2
4572,2,5,17,2026-02-26 04:46:00,2026-02-26 06:22:00,281,11,3
4573,1,42,9,2026-05-10 20:54:00,2026-05-10 22:45:00,380,18,1
4574,8,21,4,2026-03-09 04:08:00,2026-03-09 05:42:00,91,6,3
4575,3,14,11,2026-01-05 02:08:00,2026-01-05 05:03:00,217,3,3
4576,8,15,15,2026-05-19 12:39:00,2026-05-19 14:14:00,98,7,1
4577,6,1,6,2026-06-07 20:05:00,2026-06-07 22:11:00,269,19,1
4578,5,38,10,2026-02-04 10:23:00,2026-02-04 13:26:00,390,20,2
4579,3,3,19,2026-03-17 23:00:00,2026-03-18 02:40:00,384,23,2
4580,1,28,1,2026-04-04 17:40:00,2026-04-04 21:37:00,81,3,2
4581,3,40,14,2026-04-25 18:42:00,2026-04-25 20:55:00,253,0,2
4582,5,13,20,2026-01-30 00:41:00,2026-01-30 02:18:00,490,38,3
4583,6,6,1,2026-04-11 00:11:00,2026-04-11 01:03:00,235,16,1
4584,5,41,17,2026-06-14 23:54:00,2026-06-15 02:49:00,222,4,1
4585,3,23,16,2026-02-24 01:06:00,2026-02-24 02:57:00,350,13,2
4586,2,36,1,2026-01-07 03:37:00,2026-01-07 05:59:00,315,22,3
4587,3,40,7,2026-03-03 07:31:00,2026-03-03 10:34:00,385,26,2
4588,6,7,2,2026-01-25 00:03:00,2026-01-25 01:52:00,361,16,1
4589,8,21,13,2026-05-17 09:27:00,2026-05-17 12:55:00,352,27,1
4590,2,18,14,2026-02-03 02:52:00,2026-02-03 03:57:00,299,22,3
4591,9,45,17,2026-01-09 15:02:00,2026-01-09 18:13:00,135,3,1
4592,9,45,11,2026-03-30 23:58:00,2026-03-31 03:25:00,144,9,3
4593,5,13,9,2026-03-02 07:05:00,2026-03-02 08:59:00,77,4,1
4594,1,28,17,2026-02-13 14:29:00,2026-02-13 15:37:00,96,6,3
4595,3,14,5,2026-01-19 15:54:00,2026-01-19 17:10:00,60,2,1
4596,3,34,5,2026-02-27 15:35:00,2026-02-27 16:13:00,70,4,2
4597,4,27,2,2026-05-23 07:11:00,2026-05-23 09:40:00,190,10,2
4598,4,25,15,2026-03-28 00:30:00,2026-03-28 01:36:00,407,29,3
4599,6,6,4,2026-05-31 07:52:00,2026-05-31 09:00:00,146,11,3
4600,5,43,18,2026-04-26 02:47:00,2026-04-26 05:21:00,247,1,2
4601,6,1,3,2026-03-20 03:02:00,2026-03-20 05:59:00,234,4,2
4602,7,19,6,2026-02-09 03:01:00,2026-02-09 05:19:00,197,1,3
4603,3,49,15,2026-02-28 17:58:00,2026-02-28 20:36:00,134,8,3
4604,7,37,12,2026-06-10 07:15:00,2026-06-10 09:42:00,144,5,3
4605,1,31,19,2026-05-24 15:02:00,2026-05-24 17:05:00,277,1,1
4606,1,39,4,2026-03-31 15:38:00,2026-03-31 19:21:00,462,35,1
4607,4,33,10,2026-02-24 10:43:00,2026-02-24 11:58:00,430,7,3
4608,10,24,20,2026-02-21 02:39:00,2026-02-21 05:16:00,437,17,1
4609,9,12,7,2026-06-01 11:24:00,2026-06-01 14:34:00,494,27,2
4610,3,34,20,2026-05-21 18:49:00,2026-05-21 21:36:00,97,3,1
4611,1,42,9,2026-03-20 06:37:00,2026-03-20 09:25:00,414,28,1
4612,1,8,11,2026-06-20 07:01:00,2026-06-20 07:47:00,322,7,2
4613,9,45,19,2026-05-25 06:46:00,2026-05-25 07:25:00,335,11,2
4614,1,39,12,2026-04-19 11:22:00,2026-04-19 13:19:00,269,2,1
4615,5,13,11,2026-01-23 19:05:00,2026-01-23 21:24:00,454,32,1
4616,7,9,9,2026-06-12 07:03:00,2026-06-12 09:11:00,244,2,3
4617,3,4,6,2026-03-30 03:16:00,2026-03-30 04:18:00,64,4,2
4618,7,37,10,2026-06-22 01:27:00,2026-06-22 04:10:00,164,8,1
4619,4,32,5,2026-04-25 01:26:00,2026-04-25 05:03:00,351,21,3
4620,5,13,9,2026-01-07 02:43:00,2026-01-07 04:22:00,213,8,1
4621,3,34,17,2026-05-06 02:52:00,2026-05-06 04:49:00,302,6,2
4622,2,18,6,2026-02-20 08:55:00,2026-02-20 11:24:00,335,9,1
4623,2,5,2,2026-04-07 17:37:00,2026-04-07 19:05:00,88,5,1
4624,7,19,7,2026-06-28 10:23:00,2026-06-28 13:15:00,127,6,1
4625,1,8,15,2026-02-27 10:16:00,2026-02-27 12:34:00,262,4,3
4626,5,43,17,2026-05-10 20:05:00,2026-05-10 23:59:00,223,0,2
4627,6,7,18,2026-02-09 13:58:00,2026-02-09 15:14:00,79,0,2
4628,8,21,5,2026-01-18 17:41:00,2026-01-18 19:14:00,143,6,3
4629,1,47,10,2026-01-06 06:39:00,2026-01-06 10:18:00,460,24,1
4630,9,45,7,2026-01-10 10:13:00,2026-01-10 11:05:00,442,0,2
4631,9,17,11,2026-06-15 19:47:00,2026-06-15 22:54:00,247,13,3
4632,2,5,3,2026-02-08 20:50:00,2026-02-08 21:41:00,134,1,1
4633,8,48,1,2026-06-07 23:42:00,2026-06-08 03:06:00,425,21,3
4634,6,7,8,2026-05-25 10:30:00,2026-05-25 11:54:00,103,2,1
4635,4,44,19,2026-03-19 06:04:00,2026-03-19 07:18:00,447,9,2
4636,4,27,7,2026-04-12 15:21:00,2026-04-12 16:23:00,290,9,2
4637,9,45,8,2026-05-04 16:38:00,2026-05-04 18:48:00,296,2,1
4638,3,40,6,2026-02-19 04:55:00,2026-02-19 08:48:00,242,14,1
4639,4,33,14,2026-03-13 20:13:00,2026-03-13 23:54:00,51,0,1
4640,8,10,15,2026-03-22 06:36:00,2026-03-22 08:14:00,181,11,2
4641,9,45,16,2026-06-09 12:48:00,2026-06-09 15:31:00,416,12,2
4642,2,36,15,2026-03-16 09:06:00,2026-03-16 12:46:00,383,29,3
4643,7,37,3,2026-04-24 11:34:00,2026-04-24 12:29:00,447,25,2
4644,6,1,6,2026-06-15 13:53:00,2026-06-15 15:47:00,285,3,3
4645,10,30,17,2026-04-11 11:59:00,2026-04-11 12:45:00,351,14,2
4646,3,4,18,2026-04-27 13:38:00,2026-04-27 17:04:00,300,11,1
4647,4,44,6,2026-05-07 12:57:00,2026-05-07 15:37:00,226,13,1
4648,9,45,7,2026-05-28 00:25:00,2026-05-28 03:59:00,366,22,2
4649,3,14,18,2026-06-16 06:50:00,2026-06-16 08:04:00,441,20,2
4650,8,48,1,2026-03-16 05:24:00,2026-03-16 08:14:00,377,18,2
4651,3,14,11,2026-04-06 12:04:00,2026-04-06 12:59:00,479,17,1
4652,8,26,2,2026-05-20 07:01:00,2026-05-20 09:58:00,460,2,3
4653,4,35,2,2026-05-13 21:47:00,2026-05-14 01:25:00,233,12,2
4654,3,3,17,2026-04-10 00:30:00,2026-04-10 02:17:00,216,12,2
4655,7,37,5,2026-03-31 08:26:00,2026-03-31 10:31:00,222,12,3
4656,3,14,7,2026-04-07 01:33:00,2026-04-07 03:22:00,112,7,1
4657,9,50,17,2026-04-24 13:47:00,2026-04-24 17:29:00,381,8,2
4658,3,23,3,2026-03-23 12:16:00,2026-03-23 14:44:00,247,8,1
4659,6,1,19,2026-01-18 09:29:00,2026-01-18 10:50:00,352,11,2
4660,4,29,16,2026-03-10 08:37:00,2026-03-10 11:51:00,321,5,2
4661,3,14,12,2026-03-13 01:14:00,2026-03-13 05:11:00,167,11,3
4662,8,15,15,2026-04-12 08:05:00,2026-04-12 10:44:00,218,4,2
4663,4,29,5,2026-06-09 06:31:00,2026-06-09 08:08:00,75,3,2
4664,1,47,8,2026-06-09 02:08:00,2026-06-09 03:07:00,99,6,1
4665,4,44,15,2026-04-08 22:00:00,2026-04-09 01:28:00,71,1,1
4666,5,43,3,2026-04-16 07:45:00,2026-04-16 11:11:00,309,5,1
4667,9,50,8,2026-02-12 09:38:00,2026-02-12 10:39:00,380,23,1
4668,8,48,9,2026-05-12 19:37:00,2026-05-12 21:36:00,408,9,3
4669,4,35,6,2026-05-24 05:15:00,2026-05-24 05:54:00,233,10,3
4670,3,23,14,2026-03-08 22:15:00,2026-03-09 01:05:00,186,3,2
4671,1,39,3,2026-05-23 09:53:00,2026-05-23 13:26:00,385,0,3
4672,2,22,15,2026-01-28 12:50:00,2026-01-28 13:34:00,287,5,3
4673,9,2,5,2026-06-04 19:29:00,2026-06-04 22:49:00,333,22,1
4674,3,40,2,2026-03-13 13:15:00,2026-03-13 14:58:00,184,11,2
4675,3,49,7,2026-01-10 15:55:00,2026-01-10 16:46:00,437,21,2
4676,2,18,20,2026-01-03 19:19:00,2026-01-03 21:40:00,461,13,3
4677,9,50,9,2026-02-01 03:31:00,2026-02-01 05:06:00,494,29,3
4678,2,22,15,2026-04-26 02:10:00,2026-04-26 05:24:00,287,4,3
4679,8,15,20,2026-04-01 10:51:00,2026-04-01 13:51:00,184,4,2
4680,8,48,13,2026-03-27 14:34:00,2026-03-27 15:30:00,70,1,2
4681,2,5,14,2026-01-04 01:50:00,2026-01-04 05:45:00,114,0,1
4682,5,43,9,2026-01-03 18:40:00,2026-01-03 22:19:00,467,2,2
4683,2,36,19,2026-01-04 04:35:00,2026-01-04 05:59:00,390,27,1
4684,3,4,15,2026-03-26 21:12:00,2026-03-26 21:52:00,389,9,1
4685,9,45,17,2026-01-09 23:04:00,2026-01-10 02:10:00,114,4,2
4686,5,38,14,2026-04-21 01:04:00,2026-04-21 03:26:00,233,0,3
4687,5,41,9,2026-05-23 23:39:00,2026-05-24 03:21:00,123,4,3
4688,2,22,19,2026-01-22 01:35:00,2026-01-22 04:39:00,256,20,2
4689,2,11,2,2026-01-09 11:12:00,2026-01-09 12:58:00,474,4,1
4690,3,49,4,2026-02-26 11:34:00,2026-02-26 14:15:00,148,6,1
4691,3,14,19,2026-04-21 23:19:00,2026-04-22 02:58:00,426,8,1
4692,3,14,7,2026-01-27 00:16:00,2026-01-27 03:51:00,430,21,3
4693,7,37,20,2026-03-19 22:56:00,2026-03-20 01:10:00,442,32,3
4694,9,45,8,2026-06-05 13:38:00,2026-06-05 15:35:00,80,0,3
4695,4,35,12,2026-04-29 06:47:00,2026-04-29 08:03:00,404,31,1
4696,10,20,3,2026-03-13 10:08:00,2026-03-13 12:19:00,159,7,2
4697,9,50,11,2026-02-01 15:05:00,2026-02-01 17:31:00,238,12,3
4698,3,4,2,2026-02-10 07:49:00,2026-02-10 10:02:00,455,23,2
4699,4,33,7,2026-01-24 02:06:00,2026-01-24 04:43:00,129,0,2
4700,3,23,11,2026-03-05 04:39:00,2026-03-05 07:37:00,285,6,2
4701,7,37,16,2026-05-13 10:42:00,2026-05-13 11:27:00,336,4,2
4702,2,22,6,2026-02-04 03:04:00,2026-02-04 04:57:00,353,1,2
4703,1,39,2,2026-05-18 15:31:00,2026-05-18 18:41:00,145,2,2
4704,1,31,7,2026-05-09 16:49:00,2026-05-09 18:08:00,281,1,3
4705,6,1,20,2026-05-08 01:33:00,2026-05-08 03:57:00,270,16,3
4706,6,7,20,2026-02-06 04:31:00,2026-02-06 08:26:00,244,3,1
4707,8,26,13,2026-04-29 07:27:00,2026-04-29 08:55:00,244,4,2
4708,7,9,7,2026-04-07 23:39:00,2026-04-08 01:49:00,76,4,3
4709,10,30,5,2026-01-14 00:55:00,2026-01-14 04:07:00,55,3,1
4710,5,38,14,2026-06-24 03:38:00,2026-06-24 04:22:00,68,4,3
4711,10,30,6,2026-03-17 05:04:00,2026-03-17 07:12:00,383,19,2
4712,5,13,10,2026-03-19 12:46:00,2026-03-19 14:22:00,294,18,3
4713,5,38,5,2026-05-13 01:11:00,2026-05-13 05:08:00,157,3,2
4714,2,16,19,2026-03-23 10:42:00,2026-03-23 13:41:00,154,1,2
4715,3,40,1,2026-02-06 13:18:00,2026-02-06 15:33:00,246,12,2
4716,4,33,20,2026-06-10 06:47:00,2026-06-10 09:47:00,417,29,1
4717,9,12,16,2026-06-24 11:48:00,2026-06-24 15:35:00,450,18,2
4718,8,48,8,2026-02-20 08:24:00,2026-02-20 10:30:00,328,17,2
4719,2,22,8,2026-01-05 16:27:00,2026-01-05 19:20:00,400,31,1
4720,7,9,1,2026-03-27 22:46:00,2026-03-28 01:08:00,457,26,1
4721,2,11,19,2026-02-19 22:19:00,2026-02-20 00:39:00,105,1,1
4722,3,23,5,2026-05-14 02:58:00,2026-05-14 05:22:00,349,22,3
4723,8,10,20,2026-03-25 09:27:00,2026-03-25 11:16:00,356,21,1
4724,4,44,8,2026-02-07 01:25:00,2026-02-07 02:38:00,363,5,2
4725,5,41,18,2026-02-28 10:20:00,2026-02-28 11:23:00,464,3,3
4726,8,48,13,2026-02-07 10:04:00,2026-02-07 14:03:00,107,7,3
4727,1,42,12,2026-03-18 10:31:00,2026-03-18 11:40:00,243,9,2
4728,10,24,2,2026-03-03 14:43:00,2026-03-03 16:39:00,379,11,2
4729,5,41,18,2026-02-02 14:23:00,2026-02-02 16:09:00,131,5,2
4730,3,34,12,2026-06-10 15:20:00,2026-06-10 18:03:00,136,9,2
4731,2,18,13,2026-05-26 19:33:00,2026-05-26 20:41:00,101,3,2
4732,3,49,1,2026-02-16 21:27:00,2026-02-16 22:36:00,477,0,3
4733,3,23,12,2026-01-03 02:17:00,2026-01-03 02:52:00,128,10,2
4734,3,3,15,2026-01-19 02:54:00,2026-01-19 05:29:00,492,16,3
4735,10,20,11,2026-03-15 10:20:00,2026-03-15 10:53:00,364,28,2
4736,7,37,10,2026-03-12 14:20:00,2026-03-12 18:06:00,321,13,2
4737,3,4,11,2026-03-23 14:27:00,2026-03-23 18:17:00,497,26,3
4738,9,50,19,2026-04-14 07:27:00,2026-04-14 11:07:00,417,13,2
4739,3,4,6,2026-04-19 12:03:00,2026-04-19 15:10:00,200,2,3
4740,8,15,8,2026-04-09 11:48:00,2026-04-09 15:47:00,182,10,2
4741,1,39,18,2026-04-08 09:49:00,2026-04-08 12:17:00,381,28,1
4742,5,43,16,2026-04-02 23:54:00,2026-04-03 02:55:00,475,31,1
4743,3,3,8,2026-04-11 11:48:00,2026-04-11 15:13:00,86,2,3
4744,1,39,10,2026-04-06 14:02:00,2026-04-06 14:56:00,230,9,3
4745,3,4,11,2026-04-07 07:24:00,2026-04-07 08:47:00,420,14,2
4746,3,46,19,2026-06-15 22:52:00,2026-06-16 01:20:00,493,26,3
4747,1,47,8,2026-05-01 20:47:00,2026-05-01 23:09:00,254,10,1
4748,2,22,4,2026-05-01 05:34:00,2026-05-01 07:31:00,78,3,3
4749,9,50,16,2026-02-03 13:57:00,2026-02-03 16:11:00,293,12,3
4750,3,3,16,2026-03-10 15:35:00,2026-03-10 16:06:00,191,15,3
4751,1,39,13,2026-03-30 10:06:00,2026-03-30 11:15:00,306,10,1
4752,1,42,19,2026-06-18 08:01:00,2026-06-18 10:06:00,241,7,1
4753,4,25,18,2026-03-11 03:17:00,2026-03-11 03:59:00,210,2,1
4754,10,24,11,2026-03-02 03:17:00,2026-03-02 04:25:00,73,4,3
4755,7,19,17,2026-02-28 13:32:00,2026-02-28 14:20:00,125,6,1
4756,9,50,3,2026-03-29 00:34:00,2026-03-29 01:45:00,151,7,3
4757,2,5,20,2026-04-11 12:27:00,2026-04-11 16:06:00,244,15,3
4758,1,47,3,2026-04-22 01:24:00,2026-04-22 03:52:00,456,18,1
4759,3,4,9,2026-02-19 06:39:00,2026-02-19 09:25:00,196,1,3
4760,1,39,15,2026-04-18 02:06:00,2026-04-18 03:33:00,483,28,2
4761,10,20,16,2026-02-18 16:13:00,2026-02-18 16:46:00,477,23,3
4762,10,30,12,2026-06-06 21:32:00,2026-06-07 00:21:00,437,8,2
4763,10,24,6,2026-04-17 06:10:00,2026-04-17 08:48:00,235,15,2
4764,2,22,2,2026-01-08 02:20:00,2026-01-08 03:39:00,61,4,3
4765,4,25,4,2026-02-01 04:57:00,2026-02-01 08:37:00,156,10,2
4766,8,15,18,2026-03-25 00:53:00,2026-03-25 04:06:00,124,1,2
4767,4,33,11,2026-01-11 02:03:00,2026-01-11 05:48:00,479,27,2
4768,5,41,19,2026-01-17 22:31:00,2026-01-18 01:11:00,293,11,3
4769,3,49,15,2026-04-13 19:55:00,2026-04-13 21:02:00,346,21,2
4770,1,39,3,2026-01-18 02:13:00,2026-01-18 04:58:00,336,4,1
4771,6,1,18,2026-05-31 23:35:00,2026-06-01 02:02:00,129,4,1
4772,7,19,18,2026-04-28 05:56:00,2026-04-28 06:51:00,464,23,3
4773,10,24,1,2026-02-10 01:23:00,2026-02-10 01:55:00,490,36,1
4774,6,7,3,2026-02-22 01:40:00,2026-02-22 04:12:00,432,13,1
4775,4,32,2,2026-03-31 23:14:00,2026-04-01 01:59:00,217,12,1
4776,2,22,13,2026-05-28 23:18:00,2026-05-28 23:55:00,119,6,3
4777,4,27,6,2026-03-07 06:40:00,2026-03-07 09:52:00,384,21,3
4778,9,45,11,2026-05-26 08:15:00,2026-05-26 10:52:00,268,20,2
4779,2,11,18,2026-06-12 23:58:00,2026-06-13 01:32:00,152,2,2
4780,4,27,19,2026-01-24 14:57:00,2026-01-24 16:29:00,436,9,2
4781,10,24,11,2026-01-01 19:39:00,2026-01-01 23:21:00,426,14,2
4782,6,7,6,2026-01-11 08:31:00,2026-01-11 10:58:00,357,20,1
4783,2,16,6,2026-03-26 11:43:00,2026-03-26 12:42:00,354,4,1
4784,4,33,1,2026-04-17 02:05:00,2026-04-17 02:52:00,119,4,3
4785,4,27,6,2026-05-01 04:23:00,2026-05-01 05:35:00,118,8,3
4786,1,42,13,2026-04-11 22:04:00,2026-04-12 00:08:00,301,11,1
4787,9,45,7,2026-01-01 11:51:00,2026-01-01 14:51:00,145,9,2
4788,1,8,16,2026-03-12 13:17:00,2026-03-12 15:52:00,488,28,2
4789,4,44,3,2026-04-14 23:36:00,2026-04-15 02:15:00,132,8,3
4790,4,44,6,2026-06-03 01:02:00,2026-06-03 04:00:00,237,5,2
4791,3,3,5,2026-06-27 22:23:00,2026-06-28 01:15:00,90,4,2
4792,4,25,17,2026-06-09 07:25:00,2026-06-09 09:32:00,188,8,3
4793,1,31,17,2026-03-20 16:01:00,2026-03-20 17:06:00,132,5,3
4794,9,17,11,2026-05-26 16:29:00,2026-05-26 17:11:00,472,10,2
4795,4,29,13,2026-06-22 22:06:00,2026-06-23 01:35:00,248,16,2
4796,9,50,7,2026-05-23 05:23:00,2026-05-23 08:31:00,253,8,2
4797,9,45,4,2026-02-01 02:37:00,2026-02-01 06:08:00,63,0,3
4798,1,28,14,2026-03-13 17:53:00,2026-03-13 19:26:00,104,0,1
4799,6,7,13,2026-06-23 13:13:00,2026-06-23 17:07:00,402,20,2
4800,5,38,19,2026-05-10 13:16:00,2026-05-10 17:06:00,75,5,1
4801,4,25,20,2026-05-24 10:14:00,2026-05-24 13:51:00,260,8,1
4802,7,19,4,2026-01-13 04:07:00,2026-01-13 08:01:00,422,10,2
4803,4,25,5,2026-05-26 12:07:00,2026-05-26 13:55:00,460,1,2
4804,7,37,4,2026-03-08 00:49:00,2026-03-08 01:21:00,153,9,1
4805,4,29,2,2026-03-20 19:05:00,2026-03-20 20:04:00,475,34,2
4806,8,15,7,2026-01-18 15:11:00,2026-01-18 18:01:00,266,10,1
4807,2,5,11,2026-05-05 07:03:00,2026-05-05 10:38:00,249,11,3
4808,4,29,9,2026-06-08 07:31:00,2026-06-08 10:07:00,227,3,2
4809,3,3,12,2026-02-02 15:56:00,2026-02-02 17:57:00,371,13,3
4810,2,36,11,2026-04-01 21:30:00,2026-04-01 22:18:00,360,4,1
4811,8,26,20,2026-01-31 10:31:00,2026-01-31 11:38:00,218,12,3
4812,1,8,10,2026-03-30 23:07:00,2026-03-31 01:15:00,281,9,3
4813,3,46,16,2026-01-31 18:38:00,2026-01-31 20:47:00,310,13,3
4814,7,37,19,2026-04-14 02:47:00,2026-04-14 04:00:00,308,10,1
4815,3,34,14,2026-06-20 22:18:00,2026-06-21 00:05:00,343,9,2
4816,9,50,11,2026-01-22 20:46:00,2026-01-23 00:45:00,111,6,1
4817,4,27,18,2026-02-04 14:35:00,2026-02-04 18:20:00,209,2,3
4818,5,13,4,2026-01-17 05:23:00,2026-01-17 06:26:00,179,5,3
4819,2,5,4,2026-06-20 12:22:00,2026-06-20 14:00:00,135,1,3
4820,3,49,14,2026-01-22 10:35:00,2026-01-22 11:23:00,202,15,2
4821,1,8,11,2026-01-04 15:52:00,2026-01-04 18:56:00,325,16,3
4822,5,13,15,2026-06-18 23:09:00,2026-06-18 23:58:00,192,14,2
4823,3,23,15,2026-03-03 23:50:00,2026-03-04 01:16:00,377,20,1
4824,1,31,6,2026-05-27 07:13:00,2026-05-27 08:10:00,371,9,2
4825,1,28,13,2026-03-13 11:34:00,2026-03-13 13:32:00,144,11,1
4826,10,20,1,2026-02-09 18:42:00,2026-02-09 22:11:00,224,13,1
4827,9,45,12,2026-06-06 03:11:00,2026-06-06 04:07:00,296,23,3
4828,2,16,8,2026-01-16 14:31:00,2026-01-16 17:58:00,139,9,1
4829,10,24,19,2026-01-20 05:40:00,2026-01-20 08:36:00,270,9,2
4830,3,40,7,2026-01-07 14:09:00,2026-01-07 18:01:00,84,1,2
4831,5,38,5,2026-04-18 13:45:00,2026-04-18 17:37:00,343,5,3
4832,1,28,3,2026-01-12 22:53:00,2026-01-13 01:23:00,444,13,3
4833,7,9,7,2026-01-07 13:01:00,2026-01-07 14:23:00,240,12,3
4834,2,11,11,2026-04-06 12:57:00,2026-04-06 15:27:00,284,14,1
4835,3,4,17,2026-04-16 23:22:00,2026-04-17 01:02:00,455,16,1
4836,9,50,20,2026-05-25 15:57:00,2026-05-25 18:57:00,453,29,1
4837,8,15,2,2026-02-17 12:44:00,2026-02-17 16:06:00,282,7,3
4838,6,6,14,2026-02-28 20:43:00,2026-02-28 22:00:00,451,35,1
4839,4,27,10,2026-01-31 19:08:00,2026-01-31 21:45:00,393,24,3
4840,9,50,1,2026-03-04 18:52:00,2026-03-04 20:28:00,298,16,2
4841,3,14,15,2026-03-28 01:41:00,2026-03-28 02:23:00,439,11,3
4842,1,42,4,2026-04-16 22:23:00,2026-04-17 00:14:00,158,12,1
4843,1,31,15,2026-01-02 09:03:00,2026-01-02 10:25:00,90,2,3
4844,4,44,9,2026-05-28 22:40:00,2026-05-29 00:28:00,336,3,2
4845,4,35,16,2026-04-25 08:07:00,2026-04-25 08:51:00,419,31,2
4846,1,28,15,2026-06-10 12:27:00,2026-06-10 15:56:00,321,5,3
4847,5,41,2,2026-02-02 12:05:00,2026-02-02 16:02:00,113,7,2
4848,3,23,10,2026-02-13 05:02:00,2026-02-13 08:24:00,458,9,1
4849,1,42,13,2026-06-25 01:51:00,2026-06-25 05:41:00,451,35,2
4850,6,6,18,2026-02-01 08:49:00,2026-02-01 12:43:00,253,17,2
4851,1,47,19,2026-06-25 22:40:00,2026-06-26 01:03:00,275,10,1
4852,4,25,3,2026-03-04 07:59:00,2026-03-04 11:16:00,344,20,2
4853,8,48,11,2026-05-12 08:12:00,2026-05-12 11:29:00,227,17,1
4854,3,46,14,2026-01-21 00:49:00,2026-01-21 02:08:00,484,12,3
4855,3,46,8,2026-04-18 09:43:00,2026-04-18 13:05:00,422,33,3
4856,2,11,20,2026-04-13 01:37:00,2026-04-13 05:13:00,397,3,2
4857,1,31,16,2026-04-20 07:58:00,2026-04-20 10:01:00,399,26,1
4858,2,18,1,2026-03-22 09:52:00,2026-03-22 13:08:00,268,5,1
4859,2,36,10,2026-03-07 02:59:00,2026-03-07 06:15:00,88,4,1
4860,6,7,11,2026-06-29 04:52:00,2026-06-29 05:30:00,259,0,2
4861,3,3,4,2026-04-07 04:23:00,2026-04-07 05:15:00,62,1,1
4862,8,26,1,2026-03-13 21:27:00,2026-03-14 01:02:00,437,10,1
4863,3,4,18,2026-04-08 13:22:00,2026-04-08 16:23:00,344,5,2
4864,2,36,8,2026-03-09 19:01:00,2026-03-09 19:53:00,121,1,3
4865,8,26,1,2026-02-12 16:40:00,2026-02-12 17:42:00,209,13,3
4866,4,25,14,2026-03-31 21:20:00,2026-03-31 22:11:00,495,29,3
4867,4,35,1,2026-05-05 04:17:00,2026-05-05 07:55:00,261,9,3
4868,4,27,11,2026-06-22 23:06:00,2026-06-23 01:44:00,215,10,2
4869,3,3,2,2026-03-03 22:27:00,2026-03-04 00:20:00,57,3,1
4870,3,40,13,2026-03-31 18:51:00,2026-03-31 19:27:00,160,9,2
4871,10,30,3,2026-06-09 18:54:00,2026-06-09 21:56:00,377,6,2
4872,7,37,8,2026-06-11 10:33:00,2026-06-11 13:52:00,289,11,1
4873,8,21,20,2026-02-22 19:59:00,2026-02-22 20:34:00,387,10,3
4874,8,10,14,2026-06-06 11:58:00,2026-06-06 13:25:00,384,4,3
4875,6,7,3,2026-03-27 10:23:00,2026-03-27 13:07:00,377,16,2
4876,9,12,4,2026-06-19 23:06:00,2026-06-20 01:17:00,339,21,1
4877,4,29,10,2026-05-10 22:22:00,2026-05-11 01:10:00,210,6,2
4878,5,41,11,2026-01-31 04:19:00,2026-01-31 05:52:00,233,18,1
4879,8,21,3,2026-01-05 10:22:00,2026-01-05 14:13:00,260,1,2
4880,1,31,15,2026-02-06 02:11:00,2026-02-06 04:34:00,459,9,2
4881,10,20,16,2026-05-24 11:26:00,2026-05-24 13:47:00,51,4,3
4882,10,20,9,2026-04-12 21:18:00,2026-04-13 01:18:00,103,7,1
4883,9,50,13,2026-06-15 12:34:00,2026-06-15 13:27:00,397,20,1
4884,8,10,14,2026-02-05 15:36:00,2026-02-05 16:42:00,468,34,1
4885,3,4,8,2026-01-07 17:40:00,2026-01-07 20:12:00,137,7,2
4886,4,35,8,2026-06-10 21:55:00,2026-06-11 00:14:00,477,17,2
4887,1,47,14,2026-03-04 11:53:00,2026-03-04 15:05:00,208,14,2
4888,3,34,14,2026-04-11 07:52:00,2026-04-11 08:39:00,227,4,1
4889,3,46,9,2026-02-06 13:24:00,2026-02-06 17:00:00,79,4,1
4890,10,20,2,2026-01-19 00:21:00,2026-01-19 01:02:00,373,4,3
4891,8,48,8,2026-04-15 20:50:00,2026-04-16 00:48:00,243,12,3
4892,2,18,3,2026-01-10 03:25:00,2026-01-10 06:50:00,146,8,2
4893,1,47,2,2026-01-12 01:53:00,2026-01-12 03:50:00,422,12,1
4894,7,37,11,2026-05-12 11:14:00,2026-05-12 13:38:00,134,9,1
4895,1,8,15,2026-06-02 10:36:00,2026-06-02 14:10:00,290,22,1
4896,3,23,5,2026-01-21 07:47:00,2026-01-21 08:47:00,302,6,2
4897,1,31,6,2026-02-27 23:16:00,2026-02-28 00:54:00,435,31,1
4898,8,26,3,2026-04-27 02:27:00,2026-04-27 06:13:00,160,10,2
4899,4,33,11,2026-02-02 04:41:00,2026-02-02 06:13:00,369,3,2
4900,2,22,12,2026-05-03 20:39:00,2026-05-03 22:13:00,369,0,1
4901,8,15,2,2026-03-28 21:56:00,2026-03-29 00:41:00,309,7,2
4902,9,17,9,2026-01-25 19:54:00,2026-01-25 23:30:00,188,8,1
4903,5,13,2,2026-05-23 02:32:00,2026-05-23 04:01:00,140,6,2
4904,4,35,19,2026-06-14 09:53:00,2026-06-14 11:19:00,166,11,2
4905,10,20,19,2026-05-29 12:39:00,2026-05-29 15:07:00,214,11,3
4906,8,10,20,2026-03-15 22:50:00,2026-03-16 00:33:00,265,1,1
4907,5,38,4,2026-02-05 03:19:00,2026-02-05 05:34:00,314,3,3
4908,2,16,7,2026-03-18 12:21:00,2026-03-18 13:34:00,489,13,3
4909,3,49,10,2026-01-16 15:37:00,2026-01-16 18:37:00,173,1,3
4910,1,42,5,2026-04-07 22:03:00,2026-04-08 01:21:00,437,25,2
4911,10,20,17,2026-05-23 23:56:00,2026-05-24 03:41:00,232,15,3
4912,8,48,5,2026-01-26 01:09:00,2026-01-26 01:56:00,207,12,2
4913,9,45,7,2026-06-17 11:10:00,2026-06-17 14:01:00,83,0,3
4914,7,19,2,2026-05-31 21:40:00,2026-05-31 23:18:00,191,11,3
4915,10,30,9,2026-04-10 01:02:00,2026-04-10 04:35:00,442,22,1
4916,4,27,17,2026-05-17 09:26:00,2026-05-17 10:28:00,297,12,2
4917,4,25,17,2026-03-02 09:40:00,2026-03-02 12:38:00,57,0,1
4918,5,43,8,2026-06-19 01:55:00,2026-06-19 05:34:00,302,24,2
4919,4,32,13,2026-05-28 06:45:00,2026-05-28 09:40:00,163,0,3
4920,9,17,6,2026-04-08 10:02:00,2026-04-08 12:21:00,95,1,3
4921,2,11,3,2026-05-20 05:41:00,2026-05-20 09:08:00,424,0,2
4922,1,39,4,2026-04-27 11:22:00,2026-04-27 12:11:00,195,9,2
4923,6,1,18,2026-04-20 13:26:00,2026-04-20 15:42:00,58,4,3
4924,10,30,15,2026-05-27 08:57:00,2026-05-27 10:19:00,384,1,3
4925,1,39,19,2026-05-09 06:13:00,2026-05-09 10:02:00,198,6,1
4926,1,47,8,2026-05-01 19:58:00,2026-05-01 21:06:00,118,6,3
4927,8,10,12,2026-06-16 05:25:00,2026-06-16 06:12:00,444,14,1
4928,6,7,9,2026-02-04 00:45:00,2026-02-04 03:58:00,452,26,1
4929,5,41,12,2026-04-17 17:18:00,2026-04-17 19:23:00,62,0,3
4930,9,45,7,2026-05-20 19:47:00,2026-05-20 23:39:00,298,23,3
4931,1,8,7,2026-06-13 15:17:00,2026-06-13 16:59:00,373,4,1
4932,1,42,6,2026-04-30 12:09:00,2026-04-30 12:39:00,194,10,1
4933,8,15,1,2026-02-21 18:06:00,2026-02-21 20:22:00,495,32,2
4934,8,21,1,2026-04-21 07:35:00,2026-04-21 09:12:00,219,9,3
4935,10,24,19,2026-02-17 01:44:00,2026-02-17 03:48:00,269,19,2
4936,6,6,1,2026-01-14 13:20:00,2026-01-14 14:56:00,105,2,1
4937,2,16,11,2026-05-17 05:06:00,2026-05-17 08:56:00,215,4,1
4938,4,35,12,2026-06-26 11:42:00,2026-06-26 15:38:00,351,17,1
4939,6,7,6,2026-04-01 22:21:00,2026-04-02 01:30:00,445,5,3
4940,9,45,10,2026-04-12 04:10:00,2026-04-12 04:46:00,96,6,3
4941,3,40,4,2026-01-29 06:22:00,2026-01-29 08:10:00,487,17,1
4942,2,11,19,2026-01-07 17:06:00,2026-01-07 19:43:00,137,9,2
4943,9,12,18,2026-03-31 03:16:00,2026-03-31 05:03:00,193,6,1
4944,8,48,20,2026-04-01 04:12:00,2026-04-01 07:43:00,293,8,2
4945,2,18,19,2026-01-31 21:02:00,2026-02-01 00:46:00,99,7,1
4946,6,1,5,2026-04-25 21:18:00,2026-04-26 00:29:00,417,9,3
4947,6,7,3,2026-04-21 01:19:00,2026-04-21 05:11:00,152,2,1
4948,8,15,7,2026-05-08 20:19:00,2026-05-08 23:28:00,216,7,3
4949,3,40,17,2026-06-10 11:51:00,2026-06-10 13:38:00,357,23,1
4950,2,22,2,2026-02-07 08:57:00,2026-02-07 09:56:00,205,0,2
4951,1,8,12,2026-03-04 06:55:00,2026-03-04 09:34:00,112,0,3
4952,5,43,5,2026-03-04 07:04:00,2026-03-04 10:40:00,370,5,1
4953,6,6,4,2026-01-04 06:08:00,2026-01-04 07:17:00,279,15,1
4954,3,3,13,2026-02-08 23:42:00,2026-02-09 00:49:00,54,0,1
4955,7,19,11,2026-03-28 07:32:00,2026-03-28 10:09:00,269,0,1
4956,7,19,18,2026-05-11 09:50:00,2026-05-11 10:48:00,191,3,2
4957,4,35,19,2026-02-19 16:28:00,2026-02-19 18:13:00,217,6,2
4958,2,11,18,2026-04-05 05:12:00,2026-04-05 05:43:00,462,5,2
4959,8,48,15,2026-05-27 20:27:00,2026-05-27 23:18:00,87,2,2
4960,3,46,13,2026-01-02 03:44:00,2026-01-02 06:13:00,126,7,3
4961,4,32,9,2026-05-31 11:19:00,2026-05-31 12:42:00,98,4,3
4962,4,27,18,2026-03-02 17:20:00,2026-03-02 20:56:00,308,17,1
4963,3,14,5,2026-01-14 16:04:00,2026-01-14 16:50:00,383,21,2
4964,2,5,17,2026-06-25 02:10:00,2026-06-25 06:07:00,232,14,1
4965,1,39,17,2026-01-26 06:17:00,2026-01-26 08:20:00,273,8,3
4966,4,29,14,2026-05-04 02:14:00,2026-05-04 03:52:00,186,14,1
4967,4,25,3,2026-03-26 06:22:00,2026-03-26 08:39:00,219,16,2
4968,8,15,6,2026-04-16 12:27:00,2026-04-16 14:24:00,235,10,3
4969,2,11,11,2026-02-16 15:24:00,2026-02-16 17:49:00,325,16,2
4970,4,29,16,2026-05-12 02:13:00,2026-05-12 03:45:00,202,4,1
4971,1,47,8,2026-04-28 12:14:00,2026-04-28 16:11:00,278,16,1
4972,4,35,11,2026-04-11 08:12:00,2026-04-11 11:14:00,89,1,3
4973,4,44,16,2026-05-29 17:17:00,2026-05-29 20:31:00,492,23,2
4974,3,23,6,2026-05-11 19:06:00,2026-05-11 20:16:00,465,9,3
4975,7,9,11,2026-04-23 07:20:00,2026-04-23 10:41:00,205,7,1
4976,4,44,6,2026-04-18 09:44:00,2026-04-18 12:59:00,65,0,1
4977,7,9,19,2026-03-25 02:27:00,2026-03-25 04:48:00,456,1,1
4978,7,9,19,2026-02-10 19:26:00,2026-02-10 21:55:00,461,6,3
4979,2,18,14,2026-01-07 12:35:00,2026-01-07 15:10:00,155,7,3
4980,3,49,12,2026-01-18 05:41:00,2026-01-18 09:40:00,462,7,3
4981,4,33,19,2026-01-09 20:34:00,2026-01-09 21:15:00,183,3,3
4982,3,4,11,2026-03-30 15:57:00,2026-03-30 19:17:00,184,10,3
4983,5,13,11,2026-02-18 03:51:00,2026-02-18 07:51:00,391,27,1
4984,1,8,17,2026-01-25 02:38:00,2026-01-25 05:14:00,133,8,1
4985,2,22,1,2026-06-05 14:24:00,2026-06-05 16:27:00,459,12,1
4986,5,43,4,2026-06-14 07:21:00,2026-06-14 10:46:00,68,1,2
4987,2,16,8,2026-06-01 15:21:00,2026-06-01 17:03:00,280,12,2
4988,2,16,13,2026-02-23 20:56:00,2026-02-23 23:22:00,370,15,1
4989,1,31,14,2026-04-04 14:40:00,2026-04-04 15:57:00,119,0,1
4990,6,1,10,2026-02-28 00:21:00,2026-02-28 01:55:00,341,5,2
4991,4,44,11,2026-06-13 18:16:00,2026-06-13 19:03:00,304,19,3
4992,3,46,18,2026-03-05 00:30:00,2026-03-05 04:28:00,265,17,3
4993,6,7,8,2026-03-11 22:46:00,2026-03-12 02:02:00,205,11,2
4994,1,42,4,2026-03-23 08:55:00,2026-03-23 12:12:00,181,6,2
4995,1,47,3,2026-05-28 02:42:00,2026-05-28 06:25:00,180,1,1
4996,3,49,4,2026-02-18 08:25:00,2026-02-18 12:03:00,449,30,2
4997,3,34,6,2026-01-26 19:09:00,2026-01-26 21:42:00,118,8,2
4998,3,23,16,2026-01-24 14:04:00,2026-01-24 17:35:00,103,4,1
4999,1,28,12,2026-02-11 08:35:00,2026-02-11 09:33:00,98,5,2
5000,8,48,2,2026-06-19 00:16:00,2026-06-19 04:06:00,189,0,1
5001,9,50,14,2026-02-24 00:36:00,2026-02-24 01:35:00,277,5,2
5002,9,45,2,2026-03-17 15:26:00,2026-03-17 18:10:00,275,4,2
5003,4,29,1,2026-01-03 04:57:00,2026-01-03 06:15:00,141,8,1
5004,2,18,13,2026-01-25 16:37:00,2026-01-25 18:56:00,359,15,3
5005,7,37,11,2026-06-18 09:25:00,2026-06-18 10:17:00,274,0,1
5006,3,4,2,2026-03-19 10:59:00,2026-03-19 13:51:00,344,9,3
5007,8,48,19,2026-02-01 12:08:00,2026-02-01 15:57:00,412,11,1
5008,1,8,4,2026-02-26 16:12:00,2026-02-26 18:41:00,403,27,3
5009,5,41,11,2026-02-24 05:21:00,2026-02-24 07:16:00,100,3,2
5010,7,37,14,2026-01-01 03:26:00,2026-01-01 06:15:00,201,5,3
5011,8,10,7,2026-04-03 01:52:00,2026-04-03 05:03:00,411,10,2
5012,9,12,6,2026-03-28 15:32:00,2026-03-28 16:25:00,279,13,1
5013,9,45,7,2026-06-09 11:59:00,2026-06-09 14:39:00,295,8,2
5014,8,10,15,2026-04-13 16:01:00,2026-04-13 17:23:00,76,3,1
5015,3,14,2,2026-02-01 23:21:00,2026-02-02 01:42:00,460,11,2
5016,3,23,9,2026-06-15 09:01:00,2026-06-15 11:56:00,244,14,2
5017,7,19,8,2026-02-23 12:24:00,2026-02-23 13:46:00,190,8,3
5018,7,9,5,2026-02-22 04:43:00,2026-02-22 08:16:00,248,5,3
5019,3,49,12,2026-05-08 23:46:00,2026-05-09 00:26:00,188,11,2
5020,7,9,7,2026-01-09 08:47:00,2026-01-09 11:26:00,395,13,3
5021,3,3,13,2026-03-24 04:35:00,2026-03-24 08:18:00,343,0,2
5022,2,16,14,2026-04-20 19:15:00,2026-04-20 20:52:00,95,0,1
5023,2,11,7,2026-03-25 10:40:00,2026-03-25 11:24:00,405,15,2
5024,9,2,13,2026-01-22 14:59:00,2026-01-22 17:20:00,356,27,2
5025,4,29,4,2026-01-18 04:04:00,2026-01-18 06:34:00,122,8,2
5026,10,30,2,2026-05-02 11:39:00,2026-05-02 14:57:00,272,16,1
5027,8,15,16,2026-04-29 20:37:00,2026-04-29 23:57:00,235,18,3
5028,5,43,13,2026-02-17 01:49:00,2026-02-17 04:21:00,75,4,3
5029,1,47,4,2026-02-26 02:48:00,2026-02-26 05:06:00,446,34,1
5030,2,11,4,2026-05-07 00:02:00,2026-05-07 02:55:00,400,25,2
5031,2,36,17,2026-03-20 13:18:00,2026-03-20 16:55:00,73,0,2
5032,4,25,17,2026-06-21 23:41:00,2026-06-22 02:02:00,247,11,3
5033,5,43,10,2026-05-20 12:24:00,2026-05-20 16:03:00,347,12,2
5034,9,12,16,2026-05-14 12:27:00,2026-05-14 14:17:00,278,11,1
5035,6,6,13,2026-05-08 18:16:00,2026-05-08 20:06:00,378,7,3
5036,3,46,5,2026-03-21 09:13:00,2026-03-21 09:59:00,396,26,2
5037,4,35,2,2026-05-19 00:53:00,2026-05-19 03:56:00,56,4,1
5038,10,30,3,2026-03-23 17:48:00,2026-03-23 20:36:00,69,4,2
5039,5,41,13,2026-04-01 17:06:00,2026-04-01 17:54:00,268,7,2
5040,1,42,9,2026-06-25 20:07:00,2026-06-25 21:02:00,203,13,3
5041,3,4,9,2026-02-01 23:36:00,2026-02-02 00:23:00,233,6,2
5042,4,35,3,2026-05-19 07:45:00,2026-05-19 08:44:00,453,8,1
5043,3,46,12,2026-03-12 12:33:00,2026-03-12 16:00:00,73,3,1
5044,3,34,18,2026-05-09 12:20:00,2026-05-09 13:57:00,386,6,3
5045,6,1,9,2026-04-04 08:40:00,2026-04-04 12:29:00,273,14,1
5046,4,27,4,2026-05-11 15:43:00,2026-05-11 19:13:00,87,6,3
5047,4,44,15,2026-03-24 11:09:00,2026-03-24 14:54:00,254,13,1
5048,4,44,13,2026-02-03 09:56:00,2026-02-03 13:05:00,115,3,3
5049,8,21,18,2026-02-03 12:07:00,2026-02-03 15:49:00,283,10,3
5050,3,3,8,2026-01-24 23:09:00,2026-01-25 01:10:00,250,9,3
5051,2,18,14,2026-05-07 22:15:00,2026-05-08 01:42:00,470,6,1
5052,9,12,2,2026-03-20 20:09:00,2026-03-20 23:20:00,394,17,3
5053,6,7,17,2026-01-31 20:13:00,2026-01-31 22:36:00,232,3,2
5054,8,48,7,2026-05-25 09:14:00,2026-05-25 11:38:00,75,5,3
5055,3,49,14,2026-01-16 22:27:00,2026-01-16 23:19:00,235,2,2
5056,1,42,13,2026-05-06 15:58:00,2026-05-06 16:56:00,227,11,2
5057,7,37,10,2026-03-28 07:22:00,2026-03-28 08:35:00,283,0,1
5058,6,1,7,2026-03-06 04:09:00,2026-03-06 06:59:00,100,6,3
5059,5,43,5,2026-01-16 13:20:00,2026-01-16 15:33:00,153,11,3
5060,3,23,12,2026-04-02 03:14:00,2026-04-02 06:35:00,129,3,1
5061,9,45,16,2026-04-16 11:01:00,2026-04-16 14:01:00,106,3,3
5062,10,30,2,2026-01-23 16:33:00,2026-01-23 18:39:00,452,12,2
5063,7,9,14,2026-06-04 00:19:00,2026-06-04 01:55:00,450,8,1
5064,1,8,3,2026-05-01 03:07:00,2026-05-01 04:17:00,180,14,3
5065,2,11,10,2026-06-01 18:47:00,2026-06-01 19:31:00,428,23,2
5066,9,17,18,2026-03-14 20:33:00,2026-03-15 00:18:00,386,18,2
5067,10,24,8,2026-04-17 10:23:00,2026-04-17 11:07:00,103,4,2
5068,1,42,2,2026-05-15 11:15:00,2026-05-15 14:26:00,215,2,2
5069,10,20,19,2026-05-29 10:44:00,2026-05-29 14:06:00,480,36,3
5070,1,28,11,2026-06-05 14:04:00,2026-06-05 17:16:00,344,8,2
5071,8,10,18,2026-03-14 09:20:00,2026-03-14 10:31:00,276,0,1
5072,2,5,10,2026-05-19 20:47:00,2026-05-19 22:58:00,72,2,2
5073,4,44,20,2026-02-19 19:52:00,2026-02-19 21:36:00,454,17,1
5074,3,3,11,2026-01-31 09:38:00,2026-01-31 10:36:00,423,26,1
5075,5,38,5,2026-02-14 22:17:00,2026-02-15 00:24:00,426,20,2
5076,4,35,4,2026-03-16 06:36:00,2026-03-16 07:19:00,462,34,2
5077,8,26,18,2026-06-01 23:00:00,2026-06-02 01:40:00,118,4,2
5078,3,40,6,2026-04-08 00:04:00,2026-04-08 03:28:00,168,9,1
5079,3,14,11,2026-03-01 09:39:00,2026-03-01 12:37:00,259,1,2
5080,6,1,7,2026-06-12 17:14:00,2026-06-12 19:01:00,257,6,2
5081,2,22,20,2026-03-16 14:10:00,2026-03-16 15:28:00,216,7,1
5082,5,13,20,2026-03-12 13:13:00,2026-03-12 16:23:00,467,17,2
5083,10,30,1,2026-01-21 09:55:00,2026-01-21 11:23:00,127,2,3
5084,5,38,18,2026-06-15 20:57:00,2026-06-15 22:57:00,467,7,1
5085,4,44,1,2026-02-07 15:25:00,2026-02-07 17:55:00,410,29,3
5086,5,41,7,2026-05-29 22:49:00,2026-05-29 23:36:00,136,7,1
5087,6,1,17,2026-06-03 12:16:00,2026-06-03 13:31:00,113,1,1
5088,2,16,4,2026-05-15 05:55:00,2026-05-15 06:51:00,321,15,3
5089,1,28,2,2026-01-24 15:46:00,2026-01-24 16:51:00,65,3,2
5090,6,7,7,2026-04-07 10:32:00,2026-04-07 12:48:00,459,0,2
5091,6,1,6,2026-02-22 05:10:00,2026-02-22 07:07:00,458,4,3
5092,4,27,1,2026-04-06 07:26:00,2026-04-06 09:14:00,230,11,1
5093,5,38,9,2026-06-03 20:03:00,2026-06-03 21:30:00,209,8,1
5094,2,11,9,2026-04-07 01:38:00,2026-04-07 04:30:00,376,25,1
5095,3,3,12,2026-04-03 22:02:00,2026-04-04 00:31:00,498,31,3
5096,5,13,3,2026-02-05 12:40:00,2026-02-05 16:22:00,120,6,2
5097,3,40,17,2026-05-03 08:05:00,2026-05-03 09:07:00,68,2,2
5098,3,4,4,2026-01-24 05:18:00,2026-01-24 06:50:00,54,2,3
5099,3,23,6,2026-05-22 16:22:00,2026-05-22 17:20:00,313,18,1
5100,7,19,16,2026-02-08 19:01:00,2026-02-08 21:49:00,254,2,2
5101,8,15,14,2026-05-26 20:33:00,2026-05-26 21:39:00,480,24,3
5102,1,31,15,2026-03-08 13:00:00,2026-03-08 16:12:00,82,2,2
5103,5,13,14,2026-02-02 14:27:00,2026-02-02 17:22:00,433,10,2
5104,8,15,16,2026-04-12 02:08:00,2026-04-12 05:04:00,359,19,3
5105,10,24,20,2026-02-28 11:07:00,2026-02-28 13:39:00,398,3,3
5106,5,13,10,2026-05-20 12:27:00,2026-05-20 13:21:00,414,31,2
5107,2,22,19,2026-06-02 14:27:00,2026-06-02 15:06:00,378,1,1
5108,5,13,3,2026-03-18 11:28:00,2026-03-18 14:16:00,58,3,1
5109,4,33,17,2026-05-30 10:11:00,2026-05-30 12:34:00,190,14,1
5110,8,15,6,2026-03-28 11:23:00,2026-03-28 14:45:00,159,7,3
5111,10,30,3,2026-06-20 11:31:00,2026-06-20 13:02:00,86,3,2
5112,4,25,1,2026-03-30 21:04:00,2026-03-30 23:22:00,183,3,1
5113,9,50,10,2026-03-27 16:02:00,2026-03-27 17:45:00,470,21,1
5114,7,19,8,2026-06-28 07:41:00,2026-06-28 10:38:00,189,14,2
5115,2,16,1,2026-02-06 00:40:00,2026-02-06 03:37:00,211,7,1
5116,9,2,2,2026-06-07 23:50:00,2026-06-08 02:23:00,51,1,2
5117,3,3,16,2026-06-09 12:57:00,2026-06-09 14:03:00,53,0,3
5118,9,50,2,2026-01-01 14:38:00,2026-01-01 15:40:00,100,6,1
5119,1,31,9,2026-03-14 15:33:00,2026-03-14 18:29:00,182,9,1
5120,6,6,6,2026-05-19 01:59:00,2026-05-19 04:18:00,404,10,3
5121,2,16,1,2026-04-06 03:36:00,2026-04-06 07:02:00,454,17,3
5122,1,39,12,2026-03-31 20:00:00,2026-03-31 21:48:00,369,4,3
5123,3,3,5,2026-01-29 22:00:00,2026-01-30 00:57:00,491,8,1
5124,8,48,18,2026-02-09 05:50:00,2026-02-09 08:29:00,232,3,3
5125,10,24,14,2026-06-10 13:52:00,2026-06-10 15:31:00,444,30,2
5126,10,30,20,2026-01-17 09:22:00,2026-01-17 12:06:00,169,10,1
5127,9,12,17,2026-05-26 13:25:00,2026-05-26 16:52:00,95,5,1
5128,1,39,14,2026-01-11 21:36:00,2026-01-11 23:07:00,296,15,1
5129,8,26,20,2026-05-23 17:50:00,2026-05-23 21:31:00,71,0,1
5130,4,33,1,2026-01-05 23:49:00,2026-01-06 02:04:00,116,5,2
5131,5,41,19,2026-04-23 21:34:00,2026-04-23 22:50:00,299,14,3
5132,9,17,4,2026-03-01 01:08:00,2026-03-01 01:48:00,300,14,1
5133,3,14,14,2026-01-16 15:30:00,2026-01-16 17:26:00,199,8,1
5134,4,25,2,2026-03-07 13:50:00,2026-03-07 15:43:00,184,5,2
5135,1,47,18,2026-02-27 19:46:00,2026-02-27 20:44:00,391,30,2
5136,3,3,11,2026-03-13 20:04:00,2026-03-13 22:25:00,235,5,2
5137,1,31,9,2026-04-07 17:06:00,2026-04-07 19:33:00,53,2,1
5138,5,13,4,2026-04-07 17:14:00,2026-04-07 18:15:00,475,25,3
5139,6,1,19,2026-03-30 07:22:00,2026-03-30 07:53:00,376,9,1
5140,8,48,13,2026-05-20 02:32:00,2026-05-20 05:25:00,221,2,3
5141,2,36,15,2026-04-25 01:31:00,2026-04-25 04:22:00,251,6,3
5142,2,16,6,2026-01-18 15:35:00,2026-01-18 19:11:00,122,9,2
5143,1,47,7,2026-06-03 19:58:00,2026-06-03 20:44:00,80,3,1
5144,1,31,2,2026-04-04 00:18:00,2026-04-04 01:46:00,153,4,3
5145,2,36,18,2026-02-01 22:24:00,2026-02-02 00:04:00,410,8,3
5146,7,9,18,2026-05-28 14:32:00,2026-05-28 15:16:00,467,8,3
5147,3,49,8,2026-06-08 18:35:00,2026-06-08 22:14:00,407,20,1
5148,2,16,7,2026-03-03 19:02:00,2026-03-03 21:29:00,487,28,3
5149,7,9,14,2026-03-16 14:14:00,2026-03-16 16:12:00,414,7,1
5150,6,6,16,2026-03-17 18:18:00,2026-03-17 21:40:00,403,1,3
5151,6,6,17,2026-02-16 09:35:00,2026-02-16 10:11:00,294,17,1
5152,10,24,2,2026-02-28 09:59:00,2026-02-28 11:31:00,242,16,2
5153,3,40,5,2026-06-23 15:32:00,2026-06-23 18:38:00,476,31,1
5154,10,30,18,2026-05-20 15:14:00,2026-05-20 16:17:00,135,8,2
5155,9,12,10,2026-03-22 06:36:00,2026-03-22 09:24:00,172,3,1
5156,10,30,20,2026-06-04 08:33:00,2026-06-04 11:10:00,457,7,1
5157,10,30,12,2026-02-26 02:21:00,2026-02-26 03:45:00,245,13,2
5158,5,38,10,2026-04-12 03:39:00,2026-04-12 06:08:00,182,2,1
5159,5,38,2,2026-03-03 15:25:00,2026-03-03 17:50:00,420,2,2
5160,7,37,1,2026-06-09 07:02:00,2026-06-09 09:56:00,492,15,1
5161,5,43,13,2026-03-31 08:17:00,2026-03-31 09:34:00,268,21,2
5162,4,25,15,2026-01-10 02:33:00,2026-01-10 05:11:00,189,6,3
5163,2,22,19,2026-02-26 11:35:00,2026-02-26 13:22:00,482,34,1
5164,10,24,18,2026-05-04 23:59:00,2026-05-05 02:27:00,378,19,2
5165,2,5,1,2026-02-27 04:25:00,2026-02-27 07:05:00,222,6,1
5166,4,35,3,2026-05-02 18:29:00,2026-05-02 20:25:00,63,3,3
5167,4,35,7,2026-05-21 15:16:00,2026-05-21 17:05:00,265,21,1
5168,3,14,4,2026-05-28 20:51:00,2026-05-28 22:09:00,114,8,1
5169,5,38,7,2026-04-03 01:29:00,2026-04-03 05:15:00,184,4,1
5170,5,38,15,2026-01-06 15:42:00,2026-01-06 16:45:00,422,31,2
5171,7,9,7,2026-02-19 15:12:00,2026-02-19 17:51:00,408,13,3
5172,3,4,5,2026-06-24 22:26:00,2026-06-24 23:38:00,238,0,3
5173,1,39,12,2026-02-25 16:16:00,2026-02-25 18:41:00,395,15,1
5174,3,49,11,2026-03-17 16:01:00,2026-03-17 19:34:00,401,28,1
5175,9,45,19,2026-06-09 00:28:00,2026-06-09 02:22:00,405,2,3
5176,2,36,3,2026-03-19 14:14:00,2026-03-19 16:39:00,247,6,2
5177,2,22,6,2026-06-17 19:20:00,2026-06-17 22:56:00,287,15,2
5178,4,29,9,2026-01-28 04:51:00,2026-01-28 06:27:00,291,3,3
5179,3,4,19,2026-06-14 22:04:00,2026-06-14 23:07:00,241,16,1
5180,1,28,6,2026-02-08 07:22:00,2026-02-08 10:20:00,444,14,3
5181,3,14,13,2026-01-22 23:04:00,2026-01-22 23:36:00,118,2,2
5182,2,16,14,2026-05-04 17:12:00,2026-05-04 21:07:00,383,18,1
5183,3,14,12,2026-03-25 23:49:00,2026-03-26 03:01:00,208,9,2
5184,4,32,14,2026-06-26 14:41:00,2026-06-26 15:56:00,296,0,3
5185,4,44,17,2026-04-05 00:28:00,2026-04-05 02:41:00,404,26,2
5186,3,3,15,2026-05-29 12:48:00,2026-05-29 14:13:00,220,1,1
5187,2,36,20,2026-02-16 19:08:00,2026-02-16 22:51:00,281,7,3
5188,8,48,5,2026-06-08 09:26:00,2026-06-08 11:18:00,202,5,2
5189,9,17,8,2026-04-06 16:43:00,2026-04-06 19:26:00,468,29,2
5190,3,3,17,2026-06-12 11:10:00,2026-06-12 12:59:00,498,0,1
5191,4,25,2,2026-04-30 11:47:00,2026-04-30 13:47:00,397,12,3
5192,4,33,10,2026-01-16 02:26:00,2026-01-16 06:09:00,381,26,3
5193,3,34,13,2026-03-21 09:33:00,2026-03-21 12:47:00,496,17,1
5194,2,11,4,2026-03-25 13:43:00,2026-03-25 16:40:00,125,2,2
5195,4,29,19,2026-03-30 08:53:00,2026-03-30 10:57:00,65,0,1
5196,6,1,9,2026-05-18 13:03:00,2026-05-18 14:14:00,83,4,2
5197,9,17,7,2026-05-02 15:02:00,2026-05-02 16:05:00,214,8,3
5198,4,35,5,2026-05-16 06:36:00,2026-05-16 09:17:00,454,32,2
5199,10,30,4,2026-02-20 15:53:00,2026-02-20 17:26:00,306,7,2
5200,4,35,9,2026-04-14 17:13:00,2026-04-14 17:51:00,292,1,1
5201,1,47,10,2026-05-09 09:56:00,2026-05-09 13:50:00,339,2,2
5202,3,34,18,2026-04-07 06:38:00,2026-04-07 09:20:00,139,9,1
5203,4,35,16,2026-05-24 19:44:00,2026-05-24 20:27:00,284,22,2
5204,9,2,20,2026-01-15 16:38:00,2026-01-15 19:12:00,486,22,1
5205,3,23,16,2026-02-25 20:37:00,2026-02-25 23:00:00,477,27,1
5206,5,38,12,2026-04-08 01:27:00,2026-04-08 02:57:00,476,29,2
5207,6,1,18,2026-03-13 06:30:00,2026-03-13 07:40:00,93,0,2
5208,4,32,2,2026-03-14 12:47:00,2026-03-14 16:45:00,256,0,2
5209,4,33,18,2026-01-11 15:22:00,2026-01-11 15:54:00,485,20,3
5210,4,35,6,2026-02-17 12:14:00,2026-02-17 15:31:00,79,0,1
5211,1,39,11,2026-04-05 17:51:00,2026-04-05 18:31:00,483,20,1
5212,5,43,11,2026-01-15 02:12:00,2026-01-15 04:35:00,128,2,1
5213,1,39,16,2026-06-28 19:04:00,2026-06-28 22:54:00,206,4,3
5214,3,34,9,2026-05-30 12:44:00,2026-05-30 16:01:00,117,7,1
5215,8,48,14,2026-03-20 20:51:00,2026-03-20 21:30:00,357,3,3
5216,3,14,7,2026-06-27 10:13:00,2026-06-27 13:02:00,283,4,1
5217,9,2,4,2026-02-10 05:16:00,2026-02-10 06:09:00,416,22,3
5218,7,19,6,2026-02-02 03:27:00,2026-02-02 04:48:00,418,28,3
5219,7,37,14,2026-06-20 03:59:00,2026-06-20 06:00:00,493,15,1
5220,3,49,6,2026-02-18 02:07:00,2026-02-18 02:55:00,192,6,2
5221,4,35,4,2026-04-20 20:45:00,2026-04-20 22:41:00,342,24,3
5222,4,33,18,2026-04-14 00:21:00,2026-04-14 03:11:00,382,3,2
5223,4,32,9,2026-04-24 03:04:00,2026-04-24 06:54:00,139,3,3
5224,1,39,20,2026-06-28 13:56:00,2026-06-28 17:41:00,326,3,3
5225,9,50,13,2026-06-21 17:28:00,2026-06-21 19:28:00,248,16,2
5226,1,8,7,2026-06-03 12:37:00,2026-06-03 15:07:00,83,1,3
5227,6,1,17,2026-04-26 06:21:00,2026-04-26 07:58:00,333,0,2
5228,10,20,5,2026-06-02 02:35:00,2026-06-02 06:12:00,84,5,2
5229,6,6,9,2026-02-01 05:19:00,2026-02-01 08:30:00,335,15,1
5230,8,15,9,2026-06-19 10:25:00,2026-06-19 12:03:00,468,11,1
5231,9,45,17,2026-05-19 18:18:00,2026-05-19 21:25:00,385,3,1
5232,4,32,7,2026-04-28 04:00:00,2026-04-28 05:20:00,304,12,2
5233,4,27,2,2026-06-01 03:28:00,2026-06-01 06:21:00,92,2,1
5234,10,30,11,2026-02-08 23:12:00,2026-02-09 00:38:00,238,1,1
5235,9,45,19,2026-03-25 19:40:00,2026-03-25 21:39:00,94,4,2
5236,7,37,10,2026-02-14 16:28:00,2026-02-14 19:43:00,386,14,2
5237,9,45,17,2026-01-26 01:50:00,2026-01-26 04:15:00,421,32,3
5238,6,1,8,2026-02-13 12:42:00,2026-02-13 15:37:00,131,4,1
5239,9,12,7,2026-03-12 12:47:00,2026-03-12 14:15:00,159,12,1
5240,7,19,8,2026-04-30 12:13:00,2026-04-30 13:14:00,251,18,3
5241,2,22,13,2026-02-24 22:14:00,2026-02-25 01:41:00,78,1,3
5242,10,30,18,2026-03-12 10:26:00,2026-03-12 14:12:00,299,1,2
5243,10,20,1,2026-01-03 17:18:00,2026-01-03 20:36:00,185,13,1
5244,8,15,6,2026-04-14 23:56:00,2026-04-15 02:54:00,266,8,2
5245,9,2,3,2026-05-21 08:48:00,2026-05-21 11:35:00,475,21,1
5246,7,37,11,2026-01-01 05:17:00,2026-01-01 07:40:00,316,4,2
5247,6,1,9,2026-02-09 17:51:00,2026-02-09 18:38:00,221,2,3
5248,4,29,13,2026-05-06 18:59:00,2026-05-06 20:32:00,121,0,3
5249,4,25,11,2026-06-20 01:05:00,2026-06-20 04:52:00,264,8,2
5250,1,39,5,2026-06-02 21:35:00,2026-06-02 23:37:00,334,24,2
5251,4,35,6,2026-01-09 13:18:00,2026-01-09 17:10:00,53,3,2
5252,2,36,20,2026-06-06 14:11:00,2026-06-06 17:13:00,328,10,3
5253,2,16,1,2026-03-08 01:18:00,2026-03-08 04:23:00,78,1,3
5254,3,14,18,2026-04-15 09:12:00,2026-04-15 12:20:00,426,16,3
5255,7,9,3,2026-02-15 08:08:00,2026-02-15 09:33:00,199,10,3
5256,8,21,5,2026-01-11 18:09:00,2026-01-11 21:49:00,58,2,2
5257,8,21,5,2026-01-29 16:39:00,2026-01-29 17:31:00,466,18,2
5258,2,5,10,2026-06-15 23:07:00,2026-06-16 02:45:00,416,26,2
5259,8,26,5,2026-03-08 23:18:00,2026-03-08 23:51:00,370,8,2
5260,10,20,19,2026-06-26 13:29:00,2026-06-26 17:21:00,92,5,3
5261,4,35,19,2026-02-13 05:08:00,2026-02-13 06:48:00,138,10,1
5262,1,42,8,2026-05-11 23:32:00,2026-05-12 02:58:00,119,7,2
5263,4,32,8,2026-01-02 18:12:00,2026-01-02 20:42:00,328,24,3
5264,3,3,2,2026-02-22 19:22:00,2026-02-22 21:57:00,405,26,3
5265,10,24,14,2026-02-27 15:32:00,2026-02-27 16:47:00,167,5,1
5266,9,50,16,2026-03-19 22:31:00,2026-03-20 00:54:00,315,18,2
5267,2,11,18,2026-06-25 08:27:00,2026-06-25 09:36:00,203,12,3
5268,6,1,10,2026-04-10 14:09:00,2026-04-10 16:22:00,230,3,1
5269,2,36,19,2026-06-22 08:49:00,2026-06-22 09:46:00,333,26,1
5270,3,40,8,2026-05-08 11:54:00,2026-05-08 13:21:00,302,21,2
5271,3,46,12,2026-05-01 14:11:00,2026-05-01 16:53:00,308,12,1
5272,5,43,1,2026-01-27 06:59:00,2026-01-27 08:30:00,235,11,2
5273,3,34,19,2026-02-07 10:02:00,2026-02-07 11:00:00,112,4,2
5274,4,35,2,2026-01-02 09:50:00,2026-01-02 13:00:00,445,28,3
5275,4,25,18,2026-05-08 17:47:00,2026-05-08 21:30:00,161,11,2
5276,2,11,12,2026-06-24 07:19:00,2026-06-24 10:32:00,268,20,3
5277,8,21,10,2026-01-31 21:39:00,2026-02-01 00:45:00,414,17,2
5278,1,39,16,2026-05-25 04:53:00,2026-05-25 07:21:00,183,5,3
5279,10,30,3,2026-06-04 01:32:00,2026-06-04 03:28:00,205,13,2
5280,10,24,14,2026-05-06 13:42:00,2026-05-06 17:02:00,442,20,3
5281,1,39,19,2026-05-19 14:16:00,2026-05-19 15:17:00,316,18,2
5282,5,41,12,2026-02-17 10:31:00,2026-02-17 11:19:00,478,0,3
5283,5,38,13,2026-01-26 03:40:00,2026-01-26 04:22:00,240,13,2
5284,5,13,18,2026-05-05 22:47:00,2026-05-05 23:53:00,192,0,1
5285,8,15,8,2026-05-18 17:31:00,2026-05-18 21:06:00,477,9,3
5286,1,47,2,2026-05-16 13:05:00,2026-05-16 16:59:00,421,10,3
5287,8,10,3,2026-06-04 07:54:00,2026-06-04 08:45:00,121,5,3
5288,4,33,16,2026-06-27 20:42:00,2026-06-27 23:59:00,461,5,2
5289,3,40,3,2026-04-01 10:52:00,2026-04-01 12:08:00,242,9,2
5290,4,35,5,2026-01-27 11:10:00,2026-01-27 12:47:00,301,11,1
5291,8,10,20,2026-03-02 13:21:00,2026-03-02 15:16:00,379,21,2
5292,4,25,7,2026-01-07 17:39:00,2026-01-07 19:25:00,389,6,1
5293,4,29,6,2026-03-02 16:54:00,2026-03-02 19:45:00,185,7,3
5294,8,26,2,2026-05-17 05:33:00,2026-05-17 09:31:00,494,13,2
5295,2,11,15,2026-03-27 17:02:00,2026-03-27 20:19:00,425,26,1
5296,6,6,10,2026-06-13 12:07:00,2026-06-13 13:36:00,478,34,3
5297,3,49,20,2026-04-18 21:18:00,2026-04-18 21:54:00,86,4,2
5298,2,36,9,2026-02-17 05:42:00,2026-02-17 09:31:00,463,14,3
5299,8,26,7,2026-05-10 19:52:00,2026-05-10 20:42:00,462,19,2
5300,1,39,11,2026-05-18 15:46:00,2026-05-18 18:46:00,148,3,1
5301,7,19,20,2026-03-26 08:25:00,2026-03-26 10:54:00,363,3,3
5302,3,14,17,2026-06-19 16:14:00,2026-06-19 17:40:00,348,0,2
5303,4,29,19,2026-01-21 11:23:00,2026-01-21 12:10:00,174,10,2
5304,1,8,4,2026-06-14 07:56:00,2026-06-14 08:26:00,466,34,3
5305,10,30,3,2026-03-22 03:24:00,2026-03-22 07:04:00,55,3,2
5306,3,14,5,2026-01-23 09:27:00,2026-01-23 12:56:00,429,5,1
5307,3,4,7,2026-02-18 13:13:00,2026-02-18 16:37:00,194,11,2
5308,4,32,8,2026-05-29 19:35:00,2026-05-29 20:53:00,278,16,3
5309,6,6,4,2026-03-19 02:25:00,2026-03-19 03:02:00,389,22,2
5310,1,8,6,2026-03-08 10:44:00,2026-03-08 11:37:00,493,21,3
5311,2,18,2,2026-06-21 04:28:00,2026-06-21 06:06:00,174,1,1
5312,1,42,4,2026-05-06 18:42:00,2026-05-06 22:33:00,316,22,1
5313,8,21,5,2026-01-16 04:17:00,2026-01-16 05:46:00,221,6,3
5314,6,1,14,2026-06-08 18:45:00,2026-06-08 19:44:00,406,3,3
5315,3,49,16,2026-04-26 20:13:00,2026-04-26 21:23:00,212,5,1
5316,3,4,1,2026-03-29 02:16:00,2026-03-29 03:09:00,75,1,1
5317,4,27,8,2026-04-11 18:45:00,2026-04-11 19:32:00,104,5,2
5318,4,35,13,2026-05-20 06:34:00,2026-05-20 10:34:00,294,1,3
5319,3,34,7,2026-01-24 18:16:00,2026-01-24 21:26:00,209,8,3
5320,9,50,13,2026-04-10 08:27:00,2026-04-10 10:04:00,232,2,3
5321,5,43,17,2026-02-05 15:13:00,2026-02-05 16:29:00,238,10,2
5322,7,9,17,2026-01-18 19:15:00,2026-01-18 21:24:00,455,8,1
5323,2,36,6,2026-01-06 01:38:00,2026-01-06 03:00:00,146,2,3
5324,6,6,16,2026-02-28 17:34:00,2026-02-28 19:43:00,150,8,2
5325,8,26,17,2026-05-14 02:40:00,2026-05-14 03:12:00,269,1,2
5326,10,24,9,2026-06-08 11:53:00,2026-06-08 14:04:00,174,1,3
5327,4,33,8,2026-01-31 10:48:00,2026-01-31 14:14:00,221,8,1
5328,9,2,14,2026-01-02 12:34:00,2026-01-02 15:42:00,117,5,2
5329,5,41,17,2026-02-26 17:20:00,2026-02-26 19:14:00,285,4,2
5330,2,36,7,2026-01-02 00:14:00,2026-01-02 02:20:00,141,11,2
5331,3,4,1,2026-06-01 18:38:00,2026-06-01 20:22:00,117,1,3
5332,2,16,8,2026-05-18 02:52:00,2026-05-18 05:02:00,451,35,2
5333,2,16,17,2026-05-24 14:29:00,2026-05-24 17:54:00,348,4,2
5334,5,43,2,2026-02-01 01:02:00,2026-02-01 03:26:00,98,3,3
5335,10,30,5,2026-01-18 13:19:00,2026-01-18 16:01:00,51,3,3
5336,8,15,3,2026-05-27 05:54:00,2026-05-27 06:36:00,371,15,1
5337,3,14,7,2026-06-29 08:40:00,2026-06-29 09:30:00,282,9,3
5338,10,24,16,2026-02-19 16:17:00,2026-02-19 17:43:00,266,7,2
5339,7,19,5,2026-04-24 07:32:00,2026-04-24 10:59:00,400,17,3
5340,3,4,6,2026-02-20 23:27:00,2026-02-21 01:02:00,66,3,1
5341,6,1,2,2026-05-24 01:04:00,2026-05-24 01:42:00,84,6,3
5342,8,26,18,2026-02-26 05:26:00,2026-02-26 08:56:00,175,1,1
5343,5,13,6,2026-05-03 05:47:00,2026-05-03 08:21:00,466,28,1
5344,8,15,2,2026-02-14 08:41:00,2026-02-14 10:47:00,456,29,3
5345,8,21,12,2026-03-30 20:41:00,2026-03-31 00:24:00,490,21,2
5346,9,12,17,2026-03-18 04:49:00,2026-03-18 07:38:00,448,10,1
5347,2,11,13,2026-03-05 02:15:00,2026-03-05 02:57:00,249,1,1
5348,3,4,13,2026-05-21 04:26:00,2026-05-21 05:22:00,397,0,3
5349,5,41,17,2026-04-18 07:47:00,2026-04-18 09:14:00,166,4,1
5350,2,11,20,2026-04-18 11:35:00,2026-04-18 13:08:00,500,22,2
5351,3,3,7,2026-02-08 10:06:00,2026-02-08 12:42:00,303,19,2
5352,1,42,18,2026-06-15 17:43:00,2026-06-15 19:54:00,292,18,2
5353,1,42,15,2026-04-25 14:15:00,2026-04-25 14:50:00,336,24,2
5354,1,28,3,2026-01-08 02:54:00,2026-01-08 04:35:00,498,13,2
5355,9,50,20,2026-02-16 04:01:00,2026-02-16 07:28:00,53,0,1
5356,4,32,3,2026-04-14 22:11:00,2026-04-15 01:46:00,427,6,2
5357,1,42,11,2026-04-24 05:14:00,2026-04-24 08:23:00,469,14,3
5358,9,17,19,2026-05-03 13:48:00,2026-05-03 16:06:00,93,5,3
5359,4,27,17,2026-01-24 13:52:00,2026-01-24 14:55:00,74,4,1
5360,2,11,10,2026-04-21 23:58:00,2026-04-22 02:55:00,457,25,1
5361,10,30,10,2026-03-01 02:40:00,2026-03-01 05:45:00,478,14,3
5362,4,33,2,2026-03-13 06:00:00,2026-03-13 06:44:00,472,11,1
5363,3,4,8,2026-02-22 17:14:00,2026-02-22 19:17:00,178,2,3
5364,6,6,19,2026-05-10 18:20:00,2026-05-10 19:10:00,486,28,2
5365,4,35,11,2026-01-10 09:22:00,2026-01-10 10:07:00,126,2,2
5366,4,33,7,2026-06-20 23:47:00,2026-06-21 03:00:00,260,0,3
5367,8,10,15,2026-03-03 01:09:00,2026-03-03 01:56:00,226,11,1
5368,5,43,15,2026-03-21 22:56:00,2026-03-22 01:55:00,466,24,1
5369,2,11,12,2026-04-23 23:12:00,2026-04-24 00:03:00,250,12,3
5370,3,46,8,2026-01-17 02:03:00,2026-01-17 04:03:00,482,34,1
5371,3,14,2,2026-04-13 15:00:00,2026-04-13 16:42:00,196,9,1
5372,3,3,17,2026-06-10 22:03:00,2026-06-11 00:51:00,294,23,2
5373,4,44,20,2026-06-16 21:38:00,2026-06-17 00:20:00,428,9,2
5374,8,21,18,2026-02-17 07:43:00,2026-02-17 08:18:00,476,29,1
5375,8,26,11,2026-02-24 05:54:00,2026-02-24 07:11:00,203,14,3
5376,10,20,6,2026-05-08 21:55:00,2026-05-09 01:25:00,388,13,2
5377,9,50,11,2026-03-16 01:16:00,2026-03-16 02:11:00,146,10,1
5378,1,28,4,2026-05-09 06:45:00,2026-05-09 08:54:00,203,15,1
5379,1,31,4,2026-05-17 16:22:00,2026-05-17 18:29:00,456,26,2
5380,6,1,18,2026-04-02 16:40:00,2026-04-02 20:21:00,303,14,1
5381,5,41,14,2026-05-02 17:05:00,2026-05-02 19:15:00,93,2,3
5382,2,5,17,2026-06-16 11:22:00,2026-06-16 13:51:00,118,1,3
5383,3,14,11,2026-01-15 16:23:00,2026-01-15 18:14:00,163,1,2
5384,4,33,15,2026-02-22 12:30:00,2026-02-22 14:21:00,455,11,3
5385,10,24,7,2026-02-22 09:28:00,2026-02-22 10:29:00,230,6,3
5386,7,19,18,2026-02-05 08:19:00,2026-02-05 09:44:00,162,11,2
5387,10,24,20,2026-05-27 19:22:00,2026-05-27 20:15:00,165,12,2
5388,5,13,9,2026-03-22 22:49:00,2026-03-23 00:50:00,421,9,2
5389,10,30,19,2026-04-05 05:14:00,2026-04-05 08:14:00,238,14,1
5390,4,35,14,2026-02-24 03:47:00,2026-02-24 07:37:00,457,18,1
5391,3,4,9,2026-06-21 11:37:00,2026-06-21 13:49:00,378,0,1
5392,10,24,16,2026-05-15 01:30:00,2026-05-15 04:25:00,316,8,1
5393,1,28,15,2026-01-25 10:16:00,2026-01-25 13:01:00,273,0,2
5394,5,43,1,2026-02-06 02:39:00,2026-02-06 06:20:00,232,13,3
5395,3,4,16,2026-06-10 22:21:00,2026-06-11 00:04:00,165,5,2
5396,3,4,5,2026-06-28 00:38:00,2026-06-28 02:58:00,378,2,1
5397,4,44,14,2026-05-02 14:47:00,2026-05-02 17:58:00,212,5,1
5398,4,27,2,2026-04-10 21:59:00,2026-04-11 01:03:00,154,4,2
5399,10,20,12,2026-02-08 16:34:00,2026-02-08 17:15:00,410,22,1
5400,4,29,19,2026-06-23 16:27:00,2026-06-23 17:03:00,363,21,3
5401,2,22,10,2026-01-12 17:09:00,2026-01-12 18:11:00,245,6,1
5402,3,40,3,2026-02-15 12:53:00,2026-02-15 16:53:00,314,1,3
5403,2,36,17,2026-04-21 09:01:00,2026-04-21 12:00:00,463,22,2
5404,5,38,2,2026-04-29 14:06:00,2026-04-29 15:27:00,204,8,3
5405,8,21,15,2026-06-16 21:28:00,2026-06-17 00:48:00,407,2,1
5406,2,16,2,2026-01-14 04:40:00,2026-01-14 07:11:00,334,21,3
5407,4,35,11,2026-04-10 16:44:00,2026-04-10 20:38:00,389,27,1
5408,2,16,6,2026-05-03 19:44:00,2026-05-03 23:30:00,185,14,2
5409,4,44,17,2026-05-16 09:46:00,2026-05-16 13:14:00,69,0,1
5410,8,21,14,2026-01-09 15:30:00,2026-01-09 17:51:00,169,13,3
5411,1,8,7,2026-01-24 16:26:00,2026-01-24 17:04:00,62,4,3
5412,4,27,14,2026-05-15 23:15:00,2026-05-16 00:12:00,148,1,2
5413,8,15,15,2026-01-06 02:51:00,2026-01-06 04:27:00,164,1,1
5414,9,50,12,2026-06-16 05:49:00,2026-06-16 07:42:00,239,10,3
5415,8,15,5,2026-01-04 15:28:00,2026-01-04 16:46:00,346,15,2
5416,9,2,11,2026-01-03 07:54:00,2026-01-03 11:14:00,149,7,2
5417,2,16,17,2026-04-09 04:53:00,2026-04-09 05:53:00,125,5,2
5418,3,3,10,2026-01-01 01:10:00,2026-01-01 05:03:00,56,2,1
5419,4,44,16,2026-01-26 13:13:00,2026-01-26 16:02:00,56,4,1
5420,6,1,4,2026-03-20 12:32:00,2026-03-20 14:31:00,376,15,3
5421,10,24,4,2026-06-01 01:53:00,2026-06-01 05:19:00,141,11,3
5422,3,46,1,2026-03-25 17:17:00,2026-03-25 20:11:00,458,3,1
5423,5,43,17,2026-01-06 03:03:00,2026-01-06 05:20:00,67,2,3
5424,7,9,14,2026-04-29 03:34:00,2026-04-29 07:18:00,276,5,3
5425,9,45,14,2026-04-15 05:36:00,2026-04-15 08:39:00,101,3,2
5426,5,43,15,2026-02-07 15:37:00,2026-02-07 18:04:00,196,3,2
5427,3,46,6,2026-02-16 06:34:00,2026-02-16 09:26:00,463,32,2
5428,6,1,15,2026-03-22 04:02:00,2026-03-22 05:58:00,468,35,3
5429,7,19,7,2026-02-14 23:27:00,2026-02-15 00:19:00,95,3,1
5430,9,50,14,2026-01-10 08:47:00,2026-01-10 10:52:00,459,8,1
5431,2,11,1,2026-06-12 09:11:00,2026-06-12 11:47:00,462,0,1
5432,7,37,2,2026-06-14 00:52:00,2026-06-14 03:39:00,356,12,1
5433,10,30,19,2026-01-07 05:56:00,2026-01-07 07:43:00,408,24,1
5434,5,43,6,2026-06-09 02:21:00,2026-06-09 04:40:00,105,0,2
5435,9,12,17,2026-06-17 00:51:00,2026-06-17 03:20:00,336,12,2
5436,4,44,2,2026-06-10 05:56:00,2026-06-10 09:53:00,165,4,1
5437,8,15,1,2026-02-16 13:07:00,2026-02-16 13:51:00,272,6,3
5438,8,10,20,2026-01-06 13:19:00,2026-01-06 13:58:00,144,10,1
5439,2,5,6,2026-04-08 03:59:00,2026-04-08 05:52:00,474,27,2
5440,4,27,6,2026-06-29 15:30:00,2026-06-29 18:38:00,90,4,2
5441,1,28,5,2026-02-20 12:24:00,2026-02-20 13:42:00,482,4,2
5442,6,1,12,2026-01-19 01:13:00,2026-01-19 03:00:00,177,9,1
5443,3,23,10,2026-05-16 03:26:00,2026-05-16 04:33:00,347,23,2
5444,2,18,14,2026-04-30 07:36:00,2026-04-30 09:39:00,439,10,2
5445,2,5,15,2026-04-10 22:21:00,2026-04-11 02:05:00,269,15,1
5446,4,33,10,2026-04-26 13:20:00,2026-04-26 16:43:00,395,17,1
5447,8,26,17,2026-05-20 13:38:00,2026-05-20 15:41:00,254,18,2
5448,2,36,15,2026-06-07 20:02:00,2026-06-07 23:14:00,242,5,3
5449,5,38,17,2026-03-31 21:58:00,2026-04-01 00:31:00,91,3,2
5450,2,16,3,2026-06-26 01:42:00,2026-06-26 04:03:00,108,5,1
5451,5,38,5,2026-02-16 03:56:00,2026-02-16 07:50:00,270,21,3
5452,8,48,17,2026-04-22 11:41:00,2026-04-22 15:34:00,294,8,3
5453,6,1,15,2026-03-23 21:45:00,2026-03-23 23:00:00,177,6,3
5454,4,44,17,2026-03-28 18:54:00,2026-03-28 21:11:00,159,10,1
5455,5,41,15,2026-06-29 05:42:00,2026-06-29 09:42:00,242,4,1
5456,1,31,14,2026-01-28 06:50:00,2026-01-28 10:02:00,280,13,1
5457,9,2,19,2026-03-30 10:26:00,2026-03-30 14:00:00,263,1,2
5458,2,11,20,2026-01-05 11:28:00,2026-01-05 12:40:00,76,3,2
5459,6,7,8,2026-06-25 10:47:00,2026-06-25 14:36:00,403,24,2
5460,3,49,12,2026-01-05 16:13:00,2026-01-05 19:14:00,97,1,1
5461,4,32,10,2026-04-09 05:09:00,2026-04-09 08:18:00,361,15,3
5462,9,2,14,2026-01-29 08:10:00,2026-01-29 08:41:00,322,24,1
5463,6,7,13,2026-03-07 22:29:00,2026-03-08 02:28:00,497,20,3
5464,3,34,4,2026-06-17 16:23:00,2026-06-17 18:25:00,349,8,1
5465,7,19,8,2026-01-29 05:33:00,2026-01-29 08:52:00,133,7,2
5466,10,20,18,2026-01-31 12:34:00,2026-01-31 14:49:00,149,6,2
5467,3,40,5,2026-05-18 08:51:00,2026-05-18 11:45:00,199,5,2
5468,1,8,20,2026-05-16 13:06:00,2026-05-16 16:23:00,53,1,3
5469,10,20,18,2026-03-23 14:27:00,2026-03-23 16:32:00,382,22,1
5470,3,23,13,2026-05-23 13:59:00,2026-05-23 16:49:00,309,11,2
5471,7,9,1,2026-02-04 23:55:00,2026-02-05 03:28:00,439,23,3
5472,5,38,5,2026-05-02 05:45:00,2026-05-02 06:32:00,296,1,1
5473,2,36,7,2026-01-26 06:41:00,2026-01-26 08:06:00,414,0,2
5474,2,5,7,2026-01-24 13:39:00,2026-01-24 15:16:00,116,6,3
5475,6,7,7,2026-05-15 06:05:00,2026-05-15 07:37:00,307,8,1
5476,3,4,11,2026-03-04 07:51:00,2026-03-04 09:23:00,55,2,1
5477,8,21,18,2026-04-12 06:43:00,2026-04-12 09:29:00,65,2,3
5478,3,4,4,2026-03-16 05:54:00,2026-03-16 07:48:00,471,20,2
5479,2,11,15,2026-03-16 06:23:00,2026-03-16 06:54:00,287,19,3
5480,5,38,9,2026-02-21 17:36:00,2026-02-21 19:19:00,131,6,2
5481,9,17,2,2026-04-01 08:12:00,2026-04-01 10:56:00,286,16,1
5482,7,19,11,2026-05-18 03:32:00,2026-05-18 06:22:00,298,11,1
5483,1,39,9,2026-04-29 14:04:00,2026-04-29 17:00:00,406,24,3
5484,10,30,10,2026-04-28 04:49:00,2026-04-28 05:34:00,103,5,2
5485,5,41,9,2026-04-15 17:18:00,2026-04-15 20:41:00,367,6,3
5486,2,16,9,2026-02-01 05:10:00,2026-02-01 06:59:00,236,2,3
5487,6,1,3,2026-01-26 09:35:00,2026-01-26 13:29:00,471,6,2
5488,10,24,8,2026-03-30 19:57:00,2026-03-30 20:31:00,333,12,3
5489,1,39,14,2026-04-29 19:24:00,2026-04-29 20:29:00,403,12,2
5490,4,27,14,2026-06-02 20:40:00,2026-06-02 22:13:00,355,3,1
5491,8,21,7,2026-05-19 17:13:00,2026-05-19 21:00:00,429,22,2
5492,7,9,18,2026-04-21 12:35:00,2026-04-21 15:34:00,125,3,2
5493,9,50,3,2026-04-28 10:20:00,2026-04-28 13:12:00,411,25,2
5494,1,28,10,2026-02-10 16:54:00,2026-02-10 19:43:00,343,1,3
5495,3,34,11,2026-01-27 10:11:00,2026-01-27 11:09:00,398,3,1
5496,8,26,20,2026-03-24 07:26:00,2026-03-24 08:39:00,312,23,2
5497,8,21,7,2026-06-06 17:45:00,2026-06-06 21:19:00,456,17,1
5498,3,4,17,2026-05-24 16:41:00,2026-05-24 17:58:00,266,19,2
5499,1,8,1,2026-05-01 07:20:00,2026-05-01 09:00:00,170,3,2
5500,8,10,3,2026-01-13 18:35:00,2026-01-13 19:48:00,82,3,1
5501,1,31,18,2026-02-11 00:33:00,2026-02-11 03:06:00,488,26,1
5502,8,48,16,2026-04-17 00:22:00,2026-04-17 01:40:00,94,1,3
5503,2,36,4,2026-06-19 08:48:00,2026-06-19 12:25:00,430,4,1
5504,1,47,8,2026-01-21 14:34:00,2026-01-21 18:31:00,405,30,1
5505,2,18,20,2026-02-21 07:48:00,2026-02-21 11:26:00,248,14,1
5506,4,33,3,2026-06-09 12:40:00,2026-06-09 13:58:00,239,10,1
5507,4,29,17,2026-06-14 04:46:00,2026-06-14 07:31:00,56,1,3
5508,3,23,5,2026-05-21 18:16:00,2026-05-21 20:24:00,384,17,2
5509,2,16,15,2026-05-27 15:31:00,2026-05-27 17:01:00,486,11,3
5510,10,30,2,2026-01-01 14:52:00,2026-01-01 18:19:00,217,16,2
5511,6,7,11,2026-05-18 13:48:00,2026-05-18 16:13:00,180,13,3
5512,3,3,2,2026-03-09 11:44:00,2026-03-09 14:27:00,457,10,1
5513,1,28,8,2026-03-23 16:43:00,2026-03-23 18:52:00,286,20,3
5514,4,25,5,2026-05-05 14:43:00,2026-05-05 16:54:00,456,3,2
5515,8,10,11,2026-06-27 23:34:00,2026-06-28 03:17:00,340,22,2
5516,7,37,20,2026-05-05 19:39:00,2026-05-05 20:49:00,189,1,2
5517,9,12,19,2026-01-16 04:52:00,2026-01-16 06:33:00,340,16,1
5518,1,47,16,2026-06-12 04:12:00,2026-06-12 05:12:00,294,15,2
5519,2,5,18,2026-04-03 12:03:00,2026-04-03 15:45:00,81,5,1
5520,4,32,18,2026-05-28 04:57:00,2026-05-28 06:33:00,126,9,2
5521,6,1,9,2026-04-20 21:53:00,2026-04-21 01:06:00,142,8,1
5522,10,24,11,2026-05-21 03:33:00,2026-05-21 06:59:00,314,7,3
5523,8,15,20,2026-04-08 17:02:00,2026-04-08 19:07:00,70,5,2
5524,1,47,4,2026-01-24 14:20:00,2026-01-24 16:25:00,389,23,1
5525,4,35,11,2026-03-06 03:27:00,2026-03-06 03:59:00,315,7,3
5526,4,44,8,2026-04-21 08:00:00,2026-04-21 08:31:00,264,19,3
5527,3,23,8,2026-05-21 01:56:00,2026-05-21 02:55:00,455,5,2
5528,9,17,17,2026-05-31 06:18:00,2026-05-31 09:53:00,190,12,2
5529,4,25,3,2026-01-05 00:30:00,2026-01-05 02:37:00,407,6,3
5530,2,16,6,2026-02-24 12:56:00,2026-02-24 15:20:00,167,4,3
5531,4,25,12,2026-01-14 12:21:00,2026-01-14 14:44:00,88,6,2
5532,5,38,10,2026-04-04 19:31:00,2026-04-04 20:35:00,241,0,1
5533,3,3,15,2026-03-16 10:50:00,2026-03-16 11:59:00,215,5,1
5534,5,43,8,2026-03-14 06:19:00,2026-03-14 08:05:00,271,7,1
5535,4,44,4,2026-05-31 00:07:00,2026-05-31 03:32:00,158,9,3
5536,3,14,10,2026-05-17 00:36:00,2026-05-17 04:17:00,330,16,1
5537,2,22,10,2026-06-05 09:44:00,2026-06-05 11:51:00,243,14,3
5538,1,31,8,2026-03-24 01:40:00,2026-03-24 02:34:00,313,10,3
5539,3,3,16,2026-01-03 13:51:00,2026-01-03 16:00:00,79,5,3
5540,3,14,15,2026-02-20 04:02:00,2026-02-20 04:37:00,118,6,3
5541,4,44,9,2026-01-09 08:50:00,2026-01-09 12:20:00,345,10,1
5542,1,31,9,2026-05-10 14:47:00,2026-05-10 17:00:00,314,20,3
5543,8,26,14,2026-01-14 01:22:00,2026-01-14 02:08:00,432,29,3
5544,9,17,18,2026-01-24 21:08:00,2026-01-24 21:45:00,283,6,3
5545,5,43,5,2026-03-16 19:01:00,2026-03-16 20:39:00,165,2,1
5546,9,17,12,2026-02-22 19:41:00,2026-02-22 21:45:00,230,10,1
5547,9,2,20,2026-05-26 05:19:00,2026-05-26 05:57:00,479,0,3
5548,8,48,17,2026-06-05 00:53:00,2026-06-05 04:19:00,328,7,2
5549,1,47,3,2026-02-28 21:57:00,2026-02-28 23:23:00,497,14,2
5550,4,29,7,2026-06-04 02:17:00,2026-06-04 04:01:00,224,17,1
5551,6,7,8,2026-03-25 16:55:00,2026-03-25 18:27:00,308,5,3
5552,2,5,17,2026-02-01 01:19:00,2026-02-01 02:43:00,86,5,2
5553,4,25,2,2026-03-22 16:40:00,2026-03-22 18:18:00,188,2,1
5554,2,22,12,2026-05-27 10:18:00,2026-05-27 12:16:00,232,15,2
5555,6,6,3,2026-06-17 03:48:00,2026-06-17 05:08:00,308,4,2
5556,3,40,8,2026-01-20 09:48:00,2026-01-20 10:54:00,52,3,3
5557,4,27,12,2026-04-18 11:48:00,2026-04-18 12:59:00,340,6,2
5558,5,43,4,2026-03-08 02:08:00,2026-03-08 05:53:00,398,15,3
5559,6,1,4,2026-05-02 14:30:00,2026-05-02 17:07:00,408,2,1
5560,8,48,3,2026-03-05 12:23:00,2026-03-05 15:31:00,453,1,1
5561,5,41,15,2026-01-14 09:31:00,2026-01-14 12:37:00,225,7,1
5562,2,16,9,2026-02-21 08:47:00,2026-02-21 11:20:00,422,23,1
5563,3,49,4,2026-02-09 15:31:00,2026-02-09 17:51:00,130,4,2
5564,1,28,15,2026-05-08 20:44:00,2026-05-08 23:38:00,73,0,3
5565,6,7,6,2026-06-04 13:36:00,2026-06-04 14:25:00,385,28,1
5566,5,13,15,2026-03-26 22:16:00,2026-03-27 01:39:00,281,20,2
5567,2,22,3,2026-02-11 13:33:00,2026-02-11 14:11:00,442,19,3
5568,3,4,15,2026-04-11 23:00:00,2026-04-12 02:00:00,58,2,3
5569,8,10,11,2026-06-05 17:50:00,2026-06-05 18:27:00,289,0,1
5570,4,35,12,2026-05-28 16:20:00,2026-05-28 18:10:00,366,7,2
5571,3,40,8,2026-01-14 23:49:00,2026-01-15 01:14:00,169,4,1
5572,3,23,17,2026-03-25 01:54:00,2026-03-25 02:31:00,356,15,1
5573,10,30,18,2026-04-11 14:55:00,2026-04-11 16:11:00,270,18,3
5574,1,39,13,2026-06-09 17:03:00,2026-06-09 20:27:00,80,3,3
5575,9,12,14,2026-01-20 15:25:00,2026-01-20 18:50:00,297,17,3
5576,5,41,5,2026-05-20 05:58:00,2026-05-20 08:32:00,64,0,2
5577,3,4,8,2026-05-31 10:22:00,2026-05-31 12:56:00,429,3,3
5578,9,12,8,2026-01-03 15:52:00,2026-01-03 19:29:00,159,8,1
5579,3,4,17,2026-01-02 02:14:00,2026-01-02 03:40:00,400,20,2
5580,1,47,6,2026-05-04 12:17:00,2026-05-04 14:14:00,64,1,2
5581,3,14,17,2026-05-11 07:56:00,2026-05-11 08:57:00,451,33,3
5582,3,14,19,2026-06-03 16:03:00,2026-06-03 16:34:00,180,3,2
5583,8,21,20,2026-02-25 06:40:00,2026-02-25 09:10:00,376,25,1
5584,3,34,20,2026-04-13 16:11:00,2026-04-13 18:31:00,359,23,1
5585,10,20,20,2026-03-01 06:24:00,2026-03-01 07:10:00,374,11,1
5586,8,48,17,2026-05-26 14:49:00,2026-05-26 16:53:00,61,2,2
5587,2,11,12,2026-02-27 08:09:00,2026-02-27 10:23:00,312,14,2
5588,3,4,10,2026-02-22 18:17:00,2026-02-22 21:50:00,350,18,1
5589,4,29,9,2026-03-01 12:27:00,2026-03-01 13:44:00,59,3,2
5590,1,28,13,2026-02-25 07:36:00,2026-02-25 08:43:00,371,0,1
5591,2,11,5,2026-01-24 13:51:00,2026-01-24 14:56:00,170,7,1
5592,3,23,12,2026-06-08 09:35:00,2026-06-08 10:46:00,410,16,2
5593,1,42,15,2026-02-04 06:06:00,2026-02-04 08:38:00,135,7,2
5594,9,12,10,2026-03-31 01:05:00,2026-03-31 03:26:00,439,8,2
5595,10,20,8,2026-01-26 05:43:00,2026-01-26 07:24:00,379,8,2
5596,2,18,18,2026-04-03 11:26:00,2026-04-03 12:11:00,155,1,2
5597,2,18,1,2026-03-01 20:33:00,2026-03-01 21:18:00,389,15,2
5598,3,49,7,2026-04-22 11:32:00,2026-04-22 13:50:00,445,12,3
5599,8,26,17,2026-01-28 19:58:00,2026-01-28 21:35:00,122,8,2
5600,4,25,12,2026-03-21 21:41:00,2026-03-22 00:51:00,212,5,1
5601,4,44,16,2026-03-18 11:19:00,2026-03-18 13:14:00,335,5,3
5602,9,45,8,2026-01-18 13:50:00,2026-01-18 17:33:00,341,25,2
5603,3,40,18,2026-06-25 18:18:00,2026-06-25 21:19:00,443,4,2
5604,3,3,13,2026-01-24 00:34:00,2026-01-24 04:17:00,203,15,3
5605,3,40,10,2026-03-23 06:50:00,2026-03-23 10:26:00,228,13,2
5606,2,36,20,2026-04-28 08:00:00,2026-04-28 10:52:00,358,5,1
5607,8,26,20,2026-02-01 12:02:00,2026-02-01 14:13:00,472,31,1
5608,3,23,5,2026-01-20 00:15:00,2026-01-20 01:59:00,349,22,2
5609,5,43,15,2026-03-03 15:35:00,2026-03-03 18:06:00,306,9,3
5610,5,13,15,2026-06-24 16:28:00,2026-06-24 17:36:00,103,0,1
5611,3,4,14,2026-03-07 09:39:00,2026-03-07 10:10:00,357,4,2
5612,9,45,3,2026-06-03 17:54:00,2026-06-03 21:46:00,106,4,1
5613,10,20,12,2026-05-12 17:51:00,2026-05-12 21:38:00,182,6,1
5614,1,39,16,2026-03-17 23:44:00,2026-03-18 03:39:00,291,6,2
5615,4,44,9,2026-05-17 00:10:00,2026-05-17 01:52:00,278,0,2
5616,3,34,7,2026-04-13 04:31:00,2026-04-13 06:57:00,396,17,1
5617,10,30,16,2026-01-17 23:34:00,2026-01-18 02:37:00,119,7,1
5618,1,42,6,2026-03-03 22:22:00,2026-03-03 23:00:00,95,6,2
5619,2,11,15,2026-06-03 18:37:00,2026-06-03 20:28:00,113,2,3
5620,9,2,7,2026-04-24 12:45:00,2026-04-24 15:04:00,100,6,3
5621,6,7,5,2026-01-15 17:35:00,2026-01-15 19:52:00,134,0,2
5622,3,4,1,2026-01-16 09:20:00,2026-01-16 12:53:00,55,3,2
5623,9,12,19,2026-01-21 03:58:00,2026-01-21 06:19:00,59,3,3
5624,8,15,5,2026-02-15 20:45:00,2026-02-16 00:27:00,479,10,2
5625,9,12,11,2026-03-29 10:19:00,2026-03-29 11:57:00,380,6,2
5626,8,48,20,2026-01-05 04:17:00,2026-01-05 07:15:00,331,26,1
5627,2,18,5,2026-05-07 00:46:00,2026-05-07 02:30:00,430,1,1
5628,3,46,17,2026-04-06 03:11:00,2026-04-06 04:04:00,388,6,2
5629,4,29,20,2026-01-28 23:44:00,2026-01-29 01:55:00,167,4,1
5630,2,16,20,2026-03-31 02:15:00,2026-03-31 03:00:00,320,20,1
5631,9,17,6,2026-05-22 13:51:00,2026-05-22 15:54:00,202,7,1
5632,2,16,16,2026-06-18 01:30:00,2026-06-18 02:04:00,102,7,1
5633,3,23,18,2026-02-14 22:19:00,2026-02-15 00:29:00,429,16,2
5634,10,30,3,2026-01-16 01:35:00,2026-01-16 03:01:00,444,20,1
5635,2,36,10,2026-04-20 19:29:00,2026-04-20 22:42:00,138,4,1
5636,9,45,17,2026-06-19 03:38:00,2026-06-19 06:53:00,345,7,3
5637,1,28,14,2026-04-17 08:00:00,2026-04-17 11:59:00,91,4,3
5638,5,43,20,2026-02-11 14:55:00,2026-02-11 15:38:00,474,7,1
5639,9,12,17,2026-03-09 17:47:00,2026-03-09 21:04:00,135,8,2
5640,4,27,10,2026-03-09 02:10:00,2026-03-09 05:37:00,86,2,1
5641,5,41,9,2026-06-08 12:24:00,2026-06-08 13:39:00,176,11,2
5642,9,2,14,2026-02-02 02:16:00,2026-02-02 05:29:00,443,20,2
5643,9,2,6,2026-03-13 06:18:00,2026-03-13 08:44:00,87,3,1
5644,4,29,7,2026-04-11 11:09:00,2026-04-11 14:46:00,79,0,1
5645,3,46,12,2026-02-20 20:27:00,2026-02-20 22:06:00,462,35,3
5646,3,4,19,2026-06-02 23:40:00,2026-06-03 00:51:00,306,18,3
5647,1,28,11,2026-01-07 16:01:00,2026-01-07 19:46:00,86,5,2
5648,2,36,3,2026-02-12 11:23:00,2026-02-12 13:37:00,488,14,1
5649,3,14,8,2026-01-14 07:04:00,2026-01-14 07:52:00,314,15,3
5650,3,4,4,2026-03-12 08:47:00,2026-03-12 09:33:00,123,0,2
5651,8,15,6,2026-03-25 00:48:00,2026-03-25 04:38:00,397,31,2
5652,5,38,7,2026-05-11 18:46:00,2026-05-11 20:51:00,343,2,1
5653,3,40,16,2026-01-11 03:18:00,2026-01-11 05:03:00,257,11,3
5654,3,40,14,2026-04-20 20:13:00,2026-04-20 20:49:00,148,7,2
5655,3,40,12,2026-05-24 09:27:00,2026-05-24 11:15:00,485,38,2
5656,1,8,4,2026-03-04 09:45:00,2026-03-04 11:17:00,450,9,1
5657,8,48,15,2026-01-04 19:03:00,2026-01-04 22:23:00,445,33,2
5658,4,35,6,2026-04-15 00:41:00,2026-04-15 03:43:00,235,17,3
5659,8,26,20,2026-06-04 04:57:00,2026-06-04 06:47:00,463,31,3
5660,9,17,9,2026-05-28 20:38:00,2026-05-28 22:45:00,93,5,3
5661,8,15,8,2026-03-05 16:08:00,2026-03-05 18:17:00,145,2,2
5662,9,17,1,2026-04-24 03:08:00,2026-04-24 06:28:00,211,2,1
5663,2,5,6,2026-05-20 22:03:00,2026-05-21 01:51:00,330,22,2
5664,3,49,11,2026-06-29 21:15:00,2026-06-29 23:44:00,485,36,3
5665,1,31,4,2026-02-07 13:55:00,2026-02-07 15:04:00,125,2,3
5666,5,43,15,2026-05-03 04:59:00,2026-05-03 06:00:00,481,10,1
5667,6,7,5,2026-02-03 04:47:00,2026-02-03 08:27:00,287,4,2
5668,8,10,19,2026-04-24 20:38:00,2026-04-24 22:53:00,152,7,3
5669,7,9,6,2026-04-15 08:44:00,2026-04-15 09:58:00,274,17,3
5670,9,2,14,2026-04-23 20:30:00,2026-04-23 22:50:00,392,7,2
5671,5,41,2,2026-02-27 22:07:00,2026-02-28 01:42:00,179,7,2
5672,2,5,9,2026-01-05 04:21:00,2026-01-05 07:18:00,209,6,3
5673,8,26,7,2026-05-03 23:54:00,2026-05-04 00:44:00,115,3,1
5674,3,34,9,2026-06-10 21:56:00,2026-06-11 01:22:00,436,24,3
5675,3,46,6,2026-02-06 09:24:00,2026-02-06 11:49:00,436,25,3
5676,9,45,13,2026-03-09 11:23:00,2026-03-09 14:23:00,494,33,1
5677,8,15,10,2026-05-05 04:58:00,2026-05-05 07:15:00,110,3,3
5678,10,30,15,2026-04-01 12:54:00,2026-04-01 14:24:00,195,7,2
5679,2,11,3,2026-02-25 01:40:00,2026-02-25 02:29:00,216,1,1
5680,3,34,9,2026-02-24 18:11:00,2026-02-24 20:18:00,380,17,2
5681,1,39,8,2026-02-23 10:40:00,2026-02-23 12:42:00,464,6,3
5682,8,10,14,2026-02-21 13:20:00,2026-02-21 15:11:00,250,14,3
5683,3,14,11,2026-03-30 20:41:00,2026-03-30 22:30:00,158,7,2
5684,4,44,4,2026-03-08 02:41:00,2026-03-08 03:35:00,218,12,1
5685,5,43,16,2026-04-18 23:46:00,2026-04-19 01:03:00,60,1,1
5686,3,34,12,2026-05-14 22:47:00,2026-05-15 02:21:00,228,13,2
5687,3,49,18,2026-02-20 18:11:00,2026-02-20 20:53:00,163,10,1
5688,10,30,6,2026-03-06 11:32:00,2026-03-06 14:39:00,323,17,3
5689,3,34,10,2026-03-16 01:07:00,2026-03-16 04:10:00,184,11,2
5690,4,32,11,2026-03-29 18:57:00,2026-03-29 20:30:00,268,20,2
5691,4,27,19,2026-01-20 03:29:00,2026-01-20 04:41:00,409,18,1
5692,2,22,19,2026-06-10 22:26:00,2026-06-11 02:24:00,415,0,2
5693,2,16,14,2026-03-02 09:12:00,2026-03-02 12:58:00,474,34,2
5694,5,38,19,2026-01-22 05:45:00,2026-01-22 09:40:00,336,15,3
5695,8,21,10,2026-06-25 21:15:00,2026-06-25 22:57:00,354,16,3
5696,4,35,3,2026-04-04 09:51:00,2026-04-04 12:13:00,406,29,2
5697,10,30,18,2026-03-09 22:29:00,2026-03-09 23:20:00,128,0,1
5698,8,26,20,2026-03-16 21:07:00,2026-03-17 01:07:00,309,7,1
5699,7,37,3,2026-06-23 20:39:00,2026-06-24 00:13:00,420,15,2
5700,4,29,6,2026-06-22 01:35:00,2026-06-22 05:25:00,174,10,2
5701,4,27,19,2026-04-03 02:09:00,2026-04-03 02:48:00,384,7,2
5702,3,14,13,2026-01-13 05:39:00,2026-01-13 08:09:00,475,32,2
5703,2,22,3,2026-03-23 08:15:00,2026-03-23 10:59:00,404,19,1
5704,3,40,11,2026-02-05 13:28:00,2026-02-05 16:54:00,489,3,2
5705,4,33,12,2026-01-17 18:09:00,2026-01-17 20:26:00,255,3,2
5706,9,12,5,2026-05-06 16:16:00,2026-05-06 17:39:00,215,16,3
5707,4,35,15,2026-04-25 12:51:00,2026-04-25 15:45:00,218,13,2
5708,8,26,15,2026-01-24 08:35:00,2026-01-24 11:52:00,484,9,2
5709,6,1,6,2026-04-22 21:44:00,2026-04-22 23:44:00,423,25,1
5710,9,12,9,2026-03-29 04:03:00,2026-03-29 06:43:00,53,1,1
5711,7,37,7,2026-06-26 10:45:00,2026-06-26 14:08:00,304,5,1
5712,9,17,17,2026-04-22 10:17:00,2026-04-22 12:11:00,427,25,2
5713,1,47,1,2026-06-18 14:53:00,2026-06-18 15:57:00,434,28,1
5714,3,34,12,2026-05-05 09:06:00,2026-05-05 12:46:00,281,14,2
5715,3,4,20,2026-05-04 05:15:00,2026-05-04 07:12:00,316,4,3
5716,6,6,11,2026-02-13 08:41:00,2026-02-13 12:15:00,318,9,3
5717,2,18,14,2026-06-17 15:23:00,2026-06-17 17:49:00,400,5,2
5718,8,15,12,2026-02-24 11:41:00,2026-02-24 13:21:00,263,3,2
5719,8,15,20,2026-05-08 18:33:00,2026-05-08 19:32:00,83,6,1
5720,4,27,13,2026-01-20 07:10:00,2026-01-20 08:44:00,211,2,1
5721,4,27,15,2026-04-13 13:58:00,2026-04-13 16:34:00,490,23,2
5722,7,9,8,2026-05-23 08:10:00,2026-05-23 09:04:00,76,4,2
5723,9,50,19,2026-05-24 18:10:00,2026-05-24 19:19:00,396,17,3
5724,2,22,5,2026-01-24 02:41:00,2026-01-24 05:27:00,385,22,1
5725,4,25,13,2026-04-11 20:11:00,2026-04-11 23:06:00,335,13,1
5726,4,29,16,2026-01-06 19:31:00,2026-01-06 21:28:00,330,20,3
5727,7,19,14,2026-02-21 17:52:00,2026-02-21 18:48:00,327,0,3
5728,6,1,3,2026-04-17 17:37:00,2026-04-17 18:22:00,368,21,1
5729,2,16,11,2026-01-11 03:51:00,2026-01-11 06:25:00,446,7,3
5730,1,47,1,2026-04-05 08:50:00,2026-04-05 10:15:00,255,3,3
5731,4,32,17,2026-05-24 12:58:00,2026-05-24 15:45:00,418,22,2
5732,2,18,10,2026-06-23 21:19:00,2026-06-24 00:24:00,447,10,1
5733,9,50,19,2026-01-07 13:33:00,2026-01-07 16:33:00,267,12,1
5734,6,6,14,2026-06-16 03:42:00,2026-06-16 07:40:00,455,31,1
5735,8,21,19,2026-04-20 14:32:00,2026-04-20 17:23:00,328,12,1
5736,10,30,8,2026-02-25 09:22:00,2026-02-25 12:36:00,438,14,3
5737,5,41,2,2026-05-17 16:12:00,2026-05-17 18:04:00,461,14,1
5738,9,17,19,2026-04-13 09:03:00,2026-04-13 09:35:00,153,5,1
5739,4,25,12,2026-01-07 06:52:00,2026-01-07 10:06:00,163,7,3
5740,2,22,15,2026-03-30 23:24:00,2026-03-31 01:55:00,496,16,2
5741,3,40,9,2026-06-04 04:55:00,2026-06-04 08:23:00,110,5,2
5742,1,8,18,2026-03-13 22:18:00,2026-03-13 23:29:00,252,12,3
5743,5,38,7,2026-03-14 21:16:00,2026-03-15 01:02:00,57,0,2
5744,3,3,17,2026-04-07 02:11:00,2026-04-07 02:51:00,249,11,2
5745,4,44,10,2026-03-06 16:18:00,2026-03-06 18:13:00,168,9,3
5746,1,28,20,2026-01-03 07:16:00,2026-01-03 10:23:00,262,7,1
5747,1,8,16,2026-05-04 18:16:00,2026-05-04 21:48:00,275,4,3
5748,10,20,8,2026-03-18 07:00:00,2026-03-18 08:30:00,449,32,3
5749,4,27,16,2026-02-06 15:00:00,2026-02-06 17:45:00,133,10,2
5750,6,7,17,2026-05-25 18:32:00,2026-05-25 20:44:00,203,15,1
5751,7,37,9,2026-05-09 11:44:00,2026-05-09 12:47:00,330,8,2
5752,10,30,11,2026-02-19 07:11:00,2026-02-19 08:10:00,314,1,3
5753,4,44,18,2026-04-07 22:02:00,2026-04-07 22:41:00,89,4,2
5754,4,27,7,2026-02-15 07:59:00,2026-02-15 09:59:00,268,9,2
5755,9,12,4,2026-03-06 02:19:00,2026-03-06 05:55:00,382,23,1
5756,1,39,5,2026-04-13 04:39:00,2026-04-13 07:23:00,322,7,1
5757,2,18,13,2026-03-28 05:32:00,2026-03-28 06:40:00,464,4,3
5758,2,11,15,2026-01-20 04:49:00,2026-01-20 08:21:00,316,9,1
5759,8,15,17,2026-02-17 23:08:00,2026-02-18 02:55:00,127,0,3
5760,2,16,2,2026-05-10 21:29:00,2026-05-10 22:54:00,271,17,3
5761,3,49,18,2026-03-20 23:23:00,2026-03-21 00:02:00,452,1,3
5762,1,47,19,2026-01-30 13:30:00,2026-01-30 14:47:00,453,15,2
5763,4,44,5,2026-01-12 17:36:00,2026-01-12 20:43:00,287,4,3
5764,8,26,11,2026-03-28 01:25:00,2026-03-28 02:10:00,130,1,3
5765,4,44,3,2026-01-12 11:48:00,2026-01-12 13:04:00,61,0,2
5766,4,33,7,2026-05-21 04:56:00,2026-05-21 05:43:00,472,12,2
5767,9,17,17,2026-01-11 15:28:00,2026-01-11 16:41:00,68,3,2
5768,7,19,6,2026-06-20 01:27:00,2026-06-20 02:17:00,349,2,2
5769,4,44,13,2026-05-16 06:43:00,2026-05-16 09:06:00,417,17,3
5770,8,15,19,2026-03-02 14:25:00,2026-03-02 18:17:00,196,5,2
5771,1,8,1,2026-06-18 00:25:00,2026-06-18 01:11:00,195,2,3
5772,1,31,2,2026-05-05 19:45:00,2026-05-05 23:32:00,213,11,2
5773,4,25,7,2026-01-24 19:00:00,2026-01-24 20:48:00,216,13,2
5774,4,35,13,2026-05-01 17:07:00,2026-05-01 18:02:00,157,7,3
5775,10,24,5,2026-06-13 17:02:00,2026-06-13 18:14:00,315,12,2
5776,8,15,19,2026-05-06 04:00:00,2026-05-06 07:48:00,195,3,1
5777,6,6,9,2026-03-19 06:44:00,2026-03-19 08:35:00,439,5,3
5778,1,42,15,2026-03-23 07:00:00,2026-03-23 08:16:00,193,15,2
5779,3,23,3,2026-03-16 13:16:00,2026-03-16 14:03:00,417,31,1
5780,4,25,10,2026-04-24 07:59:00,2026-04-24 10:23:00,302,20,3
5781,10,20,12,2026-03-01 00:48:00,2026-03-01 03:54:00,363,25,1
5782,9,45,8,2026-02-06 22:01:00,2026-02-07 00:05:00,456,6,3
5783,5,43,7,2026-06-24 15:09:00,2026-06-24 18:46:00,454,31,3
5784,7,37,11,2026-03-01 22:38:00,2026-03-01 23:23:00,146,3,3
5785,2,18,17,2026-06-09 21:18:00,2026-06-10 00:56:00,71,1,2
5786,1,28,13,2026-04-15 21:55:00,2026-04-15 23:06:00,374,24,1
5787,4,32,6,2026-03-13 14:58:00,2026-03-13 18:36:00,149,8,2
5788,2,5,7,2026-04-19 20:15:00,2026-04-19 23:07:00,329,17,3
5789,4,27,12,2026-03-26 07:46:00,2026-03-26 10:12:00,324,13,3
5790,3,4,15,2026-03-26 23:38:00,2026-03-27 00:50:00,159,12,3
5791,9,17,9,2026-05-13 21:16:00,2026-05-13 23:19:00,306,4,3
5792,2,36,17,2026-06-27 03:41:00,2026-06-27 06:16:00,265,4,3
5793,9,17,12,2026-06-05 09:41:00,2026-06-05 10:39:00,283,22,3
5794,4,25,5,2026-02-19 18:04:00,2026-02-19 20:08:00,377,29,1
5795,2,18,2,2026-02-24 20:24:00,2026-02-24 21:51:00,168,12,1
5796,4,25,5,2026-04-28 16:47:00,2026-04-28 20:00:00,312,16,3
5797,1,42,3,2026-03-15 01:01:00,2026-03-15 01:31:00,218,9,2
5798,5,41,1,2026-03-28 01:05:00,2026-03-28 04:34:00,409,18,3
5799,9,12,13,2026-03-16 16:36:00,2026-03-16 19:05:00,175,8,1
5800,3,40,17,2026-01-29 12:39:00,2026-01-29 13:28:00,53,2,2
5801,3,34,5,2026-05-05 16:52:00,2026-05-05 17:30:00,361,14,1
5802,1,28,4,2026-03-19 05:54:00,2026-03-19 08:16:00,176,6,1
5803,1,47,20,2026-06-09 07:36:00,2026-06-09 09:28:00,221,11,2
5804,2,16,17,2026-06-05 13:38:00,2026-06-05 14:54:00,434,5,2
5805,8,15,20,2026-05-15 04:39:00,2026-05-15 06:12:00,164,5,1
5806,4,35,9,2026-01-11 00:10:00,2026-01-11 02:21:00,457,12,1
5807,4,25,8,2026-06-08 23:22:00,2026-06-09 02:04:00,471,14,3
5808,1,31,13,2026-03-04 21:11:00,2026-03-04 23:43:00,96,2,1
5809,10,20,18,2026-01-05 12:09:00,2026-01-05 15:02:00,237,9,3
5810,5,38,18,2026-02-21 15:59:00,2026-02-21 16:45:00,125,3,2
5811,10,24,18,2026-04-23 17:12:00,2026-04-23 19:53:00,460,14,2
5812,9,50,16,2026-02-25 23:31:00,2026-02-26 02:51:00,433,12,1
5813,6,6,13,2026-03-17 21:41:00,2026-03-18 01:31:00,93,5,2
5814,2,36,9,2026-03-01 01:12:00,2026-03-01 04:57:00,227,11,2
5815,9,50,20,2026-04-18 20:59:00,2026-04-18 23:57:00,278,10,2
5816,6,1,7,2026-03-10 14:01:00,2026-03-10 14:49:00,105,1,3
5817,1,31,1,2026-02-03 07:14:00,2026-02-03 11:07:00,258,0,1
5818,9,50,3,2026-03-15 01:39:00,2026-03-15 05:18:00,208,8,3
5819,1,8,15,2026-03-19 11:11:00,2026-03-19 13:47:00,254,16,3
5820,1,39,3,2026-02-24 16:23:00,2026-02-24 19:50:00,419,3,2
5821,1,31,19,2026-03-29 07:31:00,2026-03-29 11:27:00,487,0,2
5822,10,30,3,2026-06-02 20:53:00,2026-06-02 23:43:00,272,6,2
5823,5,38,3,2026-05-28 06:02:00,2026-05-28 08:10:00,245,10,3
5824,3,14,3,2026-05-09 06:17:00,2026-05-09 09:32:00,447,23,1
5825,3,40,20,2026-01-06 16:14:00,2026-01-06 18:48:00,325,13,1
5826,6,6,9,2026-02-06 16:32:00,2026-02-06 17:53:00,432,18,1
5827,2,36,10,2026-03-31 10:23:00,2026-03-31 11:15:00,113,6,2
5828,8,26,5,2026-06-29 21:32:00,2026-06-30 01:21:00,304,2,2
5829,2,16,5,2026-06-12 06:23:00,2026-06-12 08:20:00,217,15,2
5830,2,36,3,2026-06-26 13:03:00,2026-06-26 16:54:00,268,14,2
5831,6,7,9,2026-01-25 07:37:00,2026-01-25 11:17:00,214,16,3
5832,3,49,10,2026-01-25 08:05:00,2026-01-25 09:02:00,332,7,1
5833,4,32,13,2026-03-09 10:46:00,2026-03-09 14:09:00,413,16,1
5834,3,23,20,2026-06-27 21:36:00,2026-06-27 22:11:00,84,0,1
5835,3,14,5,2026-01-20 09:58:00,2026-01-20 13:02:00,162,7,1
5836,9,2,12,2026-02-23 04:33:00,2026-02-23 07:54:00,366,14,3
5837,3,34,3,2026-06-20 02:43:00,2026-06-20 04:55:00,392,20,2
5838,4,29,9,2026-03-03 05:41:00,2026-03-03 08:08:00,290,15,1
5839,5,38,15,2026-03-28 14:54:00,2026-03-28 18:52:00,78,1,3
5840,2,18,20,2026-03-17 23:05:00,2026-03-18 02:53:00,403,6,2
5841,1,28,5,2026-02-24 10:06:00,2026-02-24 13:50:00,92,3,2
5842,9,12,20,2026-01-07 09:24:00,2026-01-07 10:14:00,62,2,1
5843,2,18,10,2026-01-12 23:12:00,2026-01-13 02:34:00,100,0,1
5844,1,39,20,2026-06-11 18:13:00,2026-06-11 19:09:00,497,20,1
5845,8,26,11,2026-04-22 21:18:00,2026-04-23 00:42:00,426,8,3
5846,4,32,12,2026-01-07 16:17:00,2026-01-07 19:53:00,241,6,2
5847,2,5,3,2026-05-11 22:12:00,2026-05-12 01:23:00,382,21,1
5848,3,4,4,2026-05-07 20:52:00,2026-05-07 22:41:00,111,2,1
5849,1,47,9,2026-03-31 04:15:00,2026-03-31 07:19:00,343,19,1
5850,5,41,1,2026-02-08 00:28:00,2026-02-08 02:13:00,221,10,1
5851,9,50,19,2026-03-06 04:24:00,2026-03-06 07:19:00,492,29,3
5852,1,47,2,2026-05-14 03:58:00,2026-05-14 07:54:00,464,22,2
5853,3,3,6,2026-03-09 02:11:00,2026-03-09 06:03:00,468,14,2
5854,5,41,6,2026-05-24 16:57:00,2026-05-24 20:11:00,51,1,2
5855,3,40,2,2026-03-25 21:09:00,2026-03-26 01:00:00,50,0,2
5856,1,47,17,2026-05-28 08:39:00,2026-05-28 12:32:00,202,16,3
5857,1,39,6,2026-05-29 09:45:00,2026-05-29 10:30:00,482,20,3
5858,5,38,4,2026-03-16 00:24:00,2026-03-16 03:53:00,203,14,3
5859,3,23,13,2026-06-25 07:18:00,2026-06-25 09:11:00,249,9,1
5860,9,17,18,2026-03-25 11:02:00,2026-03-25 14:50:00,115,1,1
5861,6,1,9,2026-04-11 19:11:00,2026-04-11 22:43:00,341,25,2
5862,2,5,13,2026-03-16 19:51:00,2026-03-16 22:25:00,367,13,2
5863,6,6,7,2026-02-08 21:12:00,2026-02-08 22:54:00,325,20,3
5864,1,47,17,2026-06-12 23:31:00,2026-06-13 02:51:00,372,23,1
5865,3,49,11,2026-03-12 00:47:00,2026-03-12 03:48:00,215,5,1
5866,6,6,6,2026-06-28 11:16:00,2026-06-28 14:22:00,381,26,1
5867,1,42,8,2026-03-31 09:12:00,2026-03-31 12:32:00,451,10,2
5868,2,16,11,2026-06-07 15:30:00,2026-06-07 18:31:00,293,17,2
5869,5,38,1,2026-04-03 18:29:00,2026-04-03 19:06:00,272,3,3
5870,1,39,20,2026-01-27 18:57:00,2026-01-27 20:17:00,108,8,1
5871,6,6,2,2026-03-31 15:41:00,2026-03-31 19:14:00,119,7,3
5872,9,12,20,2026-03-15 12:26:00,2026-03-15 16:07:00,474,18,3
5873,4,25,5,2026-01-05 07:54:00,2026-01-05 08:34:00,217,4,2
5874,4,27,13,2026-06-12 02:12:00,2026-06-12 03:21:00,490,9,1
5875,8,21,20,2026-01-05 08:40:00,2026-01-05 11:58:00,333,18,1
5876,4,27,2,2026-04-22 22:30:00,2026-04-23 02:16:00,405,21,1
5877,9,12,2,2026-03-25 06:24:00,2026-03-25 08:12:00,236,11,3
5878,2,11,4,2026-03-18 04:58:00,2026-03-18 07:56:00,494,1,1
5879,6,1,7,2026-03-06 09:27:00,2026-03-06 12:49:00,182,8,2
5880,7,37,10,2026-05-04 21:48:00,2026-05-05 01:44:00,484,30,1
5881,9,17,2,2026-05-26 00:40:00,2026-05-26 02:18:00,109,5,1
5882,1,28,14,2026-05-27 08:55:00,2026-05-27 12:54:00,173,6,1
5883,4,32,17,2026-03-17 01:00:00,2026-03-17 03:33:00,190,13,1
5884,2,36,15,2026-04-12 06:16:00,2026-04-12 07:14:00,496,26,1
5885,3,3,17,2026-01-26 19:25:00,2026-01-26 22:28:00,238,2,3
5886,5,43,3,2026-01-20 23:54:00,2026-01-21 00:40:00,348,27,1
5887,4,27,9,2026-04-08 19:53:00,2026-04-08 22:11:00,110,8,3
5888,4,35,6,2026-06-19 01:20:00,2026-06-19 02:32:00,259,14,2
5889,3,34,14,2026-02-27 19:11:00,2026-02-27 23:08:00,379,6,1
5890,8,21,13,2026-02-27 13:10:00,2026-02-27 16:39:00,124,6,1
5891,2,11,17,2026-05-30 16:44:00,2026-05-30 17:15:00,142,9,2
5892,1,8,2,2026-02-02 01:37:00,2026-02-02 02:55:00,296,7,2
5893,3,3,9,2026-03-09 12:03:00,2026-03-09 14:12:00,404,11,2
5894,2,22,10,2026-01-11 02:35:00,2026-01-11 04:14:00,345,25,3
5895,3,46,12,2026-04-12 16:17:00,2026-04-12 19:41:00,456,25,2
5896,9,45,7,2026-06-17 04:03:00,2026-06-17 07:18:00,96,1,1
5897,3,49,15,2026-02-25 15:24:00,2026-02-25 18:35:00,221,15,3
5898,3,14,5,2026-02-24 18:32:00,2026-02-24 19:17:00,115,4,3
5899,2,16,7,2026-06-16 13:06:00,2026-06-16 14:02:00,350,6,1
5900,8,26,15,2026-05-03 00:10:00,2026-05-03 02:27:00,489,4,3
5901,7,9,19,2026-01-23 22:05:00,2026-01-23 23:36:00,253,5,1
5902,3,14,8,2026-04-22 02:40:00,2026-04-22 04:51:00,499,11,2
5903,3,4,9,2026-03-14 14:02:00,2026-03-14 14:43:00,451,6,1
5904,1,39,3,2026-04-17 20:45:00,2026-04-17 22:25:00,239,5,3
5905,1,31,1,2026-01-14 15:54:00,2026-01-14 19:17:00,200,7,1
5906,4,35,7,2026-01-06 00:00:00,2026-01-06 02:07:00,66,4,1
5907,8,10,14,2026-02-24 08:54:00,2026-02-24 11:53:00,70,2,1
5908,7,19,6,2026-03-29 05:05:00,2026-03-29 08:13:00,423,23,2
5909,4,35,2,2026-02-25 18:35:00,2026-02-25 21:19:00,429,1,1
5910,9,50,19,2026-01-06 06:56:00,2026-01-06 07:38:00,446,10,3
5911,9,12,15,2026-06-18 17:06:00,2026-06-18 20:10:00,450,16,3
5912,8,15,12,2026-05-23 12:22:00,2026-05-23 14:49:00,82,0,3
5913,1,42,12,2026-06-07 03:22:00,2026-06-07 04:27:00,439,34,3
5914,3,46,13,2026-03-31 10:35:00,2026-03-31 14:14:00,354,18,2
5915,1,28,3,2026-02-15 20:31:00,2026-02-15 23:05:00,112,8,1
5916,4,27,15,2026-04-29 19:09:00,2026-04-29 19:55:00,387,9,3
5917,3,34,7,2026-03-18 00:29:00,2026-03-18 01:48:00,372,21,2
5918,9,12,17,2026-03-31 09:51:00,2026-03-31 13:12:00,302,3,1
5919,1,47,12,2026-04-03 10:54:00,2026-04-03 13:45:00,322,9,3
5920,5,43,18,2026-04-10 17:10:00,2026-04-10 17:52:00,470,8,3
5921,10,24,6,2026-01-11 14:37:00,2026-01-11 16:49:00,283,9,2
5922,9,17,7,2026-01-08 03:30:00,2026-01-08 04:57:00,169,7,3
5923,2,11,17,2026-04-21 01:56:00,2026-04-21 03:11:00,243,8,3
5924,7,19,10,2026-06-11 12:35:00,2026-06-11 16:23:00,446,30,3
5925,2,11,5,2026-05-23 21:27:00,2026-05-23 22:14:00,147,0,3
5926,6,6,3,2026-04-19 16:42:00,2026-04-19 18:58:00,162,3,3
5927,2,18,3,2026-04-20 00:00:00,2026-04-20 02:42:00,498,10,2
5928,10,24,18,2026-02-23 18:21:00,2026-02-23 19:04:00,411,10,1
5929,8,10,20,2026-03-30 15:40:00,2026-03-30 16:39:00,338,5,3
5930,1,47,10,2026-06-19 19:03:00,2026-06-19 20:50:00,152,3,2
5931,8,15,8,2026-06-29 22:37:00,2026-06-29 23:48:00,351,24,2
5932,6,6,17,2026-01-08 14:53:00,2026-01-08 16:29:00,248,4,1
5933,5,13,19,2026-05-14 20:23:00,2026-05-15 00:21:00,234,12,1
5934,7,9,3,2026-02-24 07:07:00,2026-02-24 10:38:00,201,8,3
5935,8,26,17,2026-02-06 03:18:00,2026-02-06 04:53:00,206,10,3
5936,4,25,20,2026-01-12 04:02:00,2026-01-12 06:03:00,489,15,3
5937,9,12,10,2026-06-20 07:31:00,2026-06-20 11:19:00,375,25,1
5938,8,10,1,2026-04-21 09:26:00,2026-04-21 12:56:00,465,12,1
5939,2,22,10,2026-02-14 08:37:00,2026-02-14 10:12:00,260,10,1
5940,4,44,18,2026-06-10 21:02:00,2026-06-10 23:39:00,460,1,3
5941,9,2,14,2026-04-04 06:40:00,2026-04-04 08:41:00,151,8,2
5942,9,2,16,2026-03-01 23:22:00,2026-03-02 02:51:00,309,19,2
5943,9,45,13,2026-03-25 22:38:00,2026-03-26 00:22:00,112,5,3
5944,1,39,6,2026-05-24 21:09:00,2026-05-24 23:29:00,433,17,3
5945,5,43,13,2026-04-17 09:55:00,2026-04-17 12:19:00,179,13,3
5946,4,27,10,2026-03-10 02:10:00,2026-03-10 06:00:00,214,9,1
5947,7,37,14,2026-03-28 19:02:00,2026-03-28 20:32:00,367,7,2
5948,2,11,14,2026-05-27 07:43:00,2026-05-27 11:32:00,367,15,3
5949,3,14,17,2026-02-04 08:21:00,2026-02-04 10:55:00,444,2,3
5950,9,50,12,2026-02-15 13:49:00,2026-02-15 15:06:00,242,12,3
5951,6,6,5,2026-01-13 14:00:00,2026-01-13 15:56:00,189,8,2
5952,9,45,13,2026-02-28 09:13:00,2026-02-28 10:38:00,350,5,2
5953,2,22,14,2026-04-23 15:04:00,2026-04-23 17:33:00,308,20,2
5954,9,12,11,2026-01-16 02:48:00,2026-01-16 05:26:00,279,13,1
5955,1,39,18,2026-04-11 01:08:00,2026-04-11 03:35:00,261,8,3
5956,1,8,3,2026-02-02 19:03:00,2026-02-02 22:47:00,312,14,3
5957,9,45,1,2026-03-23 04:13:00,2026-03-23 08:10:00,247,5,1
5958,2,18,18,2026-01-28 21:52:00,2026-01-29 01:06:00,222,4,2
5959,2,18,16,2026-04-09 04:43:00,2026-04-09 08:23:00,391,20,3
5960,9,45,20,2026-04-27 00:06:00,2026-04-27 00:39:00,406,13,2
5961,9,50,10,2026-04-11 06:38:00,2026-04-11 07:29:00,151,2,2
5962,8,26,11,2026-02-05 10:43:00,2026-02-05 11:23:00,229,6,3
5963,10,30,11,2026-05-03 01:52:00,2026-05-03 05:12:00,180,9,3
5964,7,19,17,2026-01-22 17:03:00,2026-01-22 18:22:00,378,14,3
5965,3,3,18,2026-05-16 23:23:00,2026-05-17 03:13:00,221,16,2
5966,1,28,7,2026-04-09 03:48:00,2026-04-09 07:36:00,325,25,2
5967,7,19,13,2026-02-07 15:52:00,2026-02-07 19:12:00,282,19,3
5968,4,44,2,2026-02-26 22:49:00,2026-02-26 23:23:00,391,23,1
5969,5,43,18,2026-05-20 16:13:00,2026-05-20 18:03:00,373,5,1
5970,1,42,15,2026-06-19 19:36:00,2026-06-19 22:29:00,201,13,2
5971,6,6,2,2026-04-01 11:44:00,2026-04-01 14:47:00,426,6,3
5972,10,24,13,2026-04-26 06:13:00,2026-04-26 08:57:00,240,17,2
5973,6,1,14,2026-01-14 05:22:00,2026-01-14 07:10:00,157,11,3
5974,2,22,19,2026-01-19 07:30:00,2026-01-19 09:30:00,283,21,1
5975,6,6,13,2026-06-11 21:32:00,2026-06-12 01:17:00,418,18,1
5976,6,7,12,2026-04-28 04:35:00,2026-04-28 08:04:00,343,4,2
5977,3,4,9,2026-06-06 10:32:00,2026-06-06 11:39:00,378,27,2
5978,3,3,3,2026-05-29 01:51:00,2026-05-29 05:01:00,116,7,3
5979,2,22,19,2026-04-05 17:43:00,2026-04-05 18:37:00,235,6,2
5980,4,32,10,2026-06-26 12:32:00,2026-06-26 16:07:00,147,7,1
5981,2,22,1,2026-06-27 04:35:00,2026-06-27 06:02:00,335,18,2
5982,3,3,16,2026-03-15 20:28:00,2026-03-15 22:09:00,466,8,3
5983,4,35,16,2026-05-28 12:30:00,2026-05-28 13:51:00,130,2,2
5984,6,7,5,2026-05-03 22:08:00,2026-05-03 22:38:00,302,6,2
5985,2,18,4,2026-06-22 05:48:00,2026-06-22 09:26:00,463,20,1
5986,3,40,16,2026-06-13 18:38:00,2026-06-13 20:41:00,243,10,1
5987,4,32,13,2026-02-01 21:56:00,2026-02-02 01:33:00,104,3,3
5988,6,6,15,2026-04-21 16:23:00,2026-04-21 19:39:00,240,8,1
5989,2,36,1,2026-03-06 23:57:00,2026-03-07 01:09:00,447,17,1
5990,1,47,7,2026-03-03 20:15:00,2026-03-03 23:56:00,243,11,3
5991,3,4,5,2026-05-21 15:50:00,2026-05-21 17:53:00,294,4,2
5992,10,24,10,2026-01-01 07:50:00,2026-01-01 08:31:00,56,2,3
5993,4,29,12,2026-05-06 23:09:00,2026-05-07 01:01:00,439,1,1
5994,9,50,1,2026-02-26 19:12:00,2026-02-26 22:29:00,440,7,1
5995,6,1,8,2026-05-16 11:39:00,2026-05-16 14:11:00,197,0,2
5996,1,31,16,2026-05-01 06:24:00,2026-05-01 08:47:00,74,2,1
5997,2,11,12,2026-04-18 20:43:00,2026-04-19 00:01:00,265,13,2
5998,7,19,5,2026-01-21 04:10:00,2026-01-21 05:42:00,347,8,2
5999,8,15,8,2026-06-22 23:47:00,2026-06-23 00:50:00,70,1,3
6000,3,40,8,2026-01-18 06:03:00,2026-01-18 10:01:00,497,34,2
6001,5,41,17,2026-06-26 04:54:00,2026-06-26 06:31:00,338,15,3
6002,1,42,19,2026-02-22 07:28:00,2026-02-22 08:17:00,302,1,1
6003,3,46,15,2026-05-04 06:05:00,2026-05-04 09:00:00,208,2,1
6004,1,39,7,2026-06-01 08:50:00,2026-06-01 11:12:00,68,4,3
6005,3,49,2,2026-01-30 17:30:00,2026-01-30 21:17:00,498,9,3
6006,3,49,17,2026-01-19 18:35:00,2026-01-19 19:40:00,379,16,1
6007,8,10,18,2026-02-06 00:02:00,2026-02-06 02:29:00,221,9,2
6008,4,27,4,2026-02-24 21:38:00,2026-02-25 00:19:00,377,3,1
6009,8,15,13,2026-02-06 16:54:00,2026-02-06 19:52:00,239,13,1
6010,4,35,12,2026-01-02 19:25:00,2026-01-02 21:01:00,103,6,2
6011,7,37,1,2026-02-21 04:07:00,2026-02-21 07:01:00,174,3,1
6012,2,11,8,2026-04-01 18:07:00,2026-04-01 19:58:00,376,1,1
6013,4,35,7,2026-01-08 15:22:00,2026-01-08 17:22:00,432,25,3
6014,3,46,14,2026-02-03 07:51:00,2026-02-03 08:23:00,356,21,3
6015,1,28,15,2026-06-21 05:19:00,2026-06-21 08:49:00,167,6,1
6016,5,38,17,2026-01-16 14:36:00,2026-01-16 16:59:00,140,4,1
6017,1,47,11,2026-06-08 14:20:00,2026-06-08 15:20:00,118,4,3
6018,5,13,20,2026-02-23 04:19:00,2026-02-23 07:44:00,278,18,1
6019,4,29,17,2026-01-02 03:42:00,2026-01-02 06:27:00,164,12,1
6020,1,42,13,2026-05-12 03:46:00,2026-05-12 04:40:00,399,6,1
6021,9,45,6,2026-01-29 19:22:00,2026-01-29 20:49:00,159,7,1
6022,8,48,1,2026-03-14 17:41:00,2026-03-14 19:00:00,112,1,3
6023,8,10,8,2026-05-07 18:21:00,2026-05-07 20:12:00,472,15,1
6024,3,3,11,2026-06-13 03:05:00,2026-06-13 07:04:00,441,21,3
6025,2,16,15,2026-05-20 03:43:00,2026-05-20 04:16:00,168,11,3
6026,5,13,11,2026-05-05 14:46:00,2026-05-05 18:12:00,481,23,1
6027,3,40,20,2026-06-17 14:42:00,2026-06-17 17:53:00,128,4,2
6028,4,33,13,2026-06-26 04:48:00,2026-06-26 08:34:00,477,32,3
6029,2,36,8,2026-01-11 11:23:00,2026-01-11 13:47:00,221,10,1
6030,5,43,16,2026-03-09 07:21:00,2026-03-09 10:16:00,494,25,2
6031,7,37,15,2026-01-07 02:07:00,2026-01-07 05:48:00,124,8,1
6032,4,35,19,2026-04-09 02:38:00,2026-04-09 03:23:00,208,4,2
6033,9,12,20,2026-02-17 16:56:00,2026-02-17 20:49:00,198,9,2
6034,5,41,17,2026-04-22 05:05:00,2026-04-22 08:47:00,226,11,1
6035,4,33,18,2026-01-26 19:33:00,2026-01-26 22:28:00,470,37,3
6036,8,26,10,2026-02-04 14:55:00,2026-02-04 17:53:00,124,6,3
6037,1,42,11,2026-05-19 17:13:00,2026-05-19 21:10:00,57,0,1
6038,4,35,8,2026-06-11 12:31:00,2026-06-11 13:43:00,177,13,3
6039,3,23,19,2026-02-06 17:52:00,2026-02-06 19:23:00,484,25,2
6040,10,20,9,2026-03-15 13:06:00,2026-03-15 16:29:00,397,11,1
6041,3,4,4,2026-04-05 16:29:00,2026-04-05 18:37:00,379,0,3
6042,9,45,7,2026-04-18 21:08:00,2026-04-19 00:54:00,58,0,2
6043,5,43,15,2026-05-19 18:20:00,2026-05-19 19:20:00,109,5,3
6044,8,21,3,2026-05-19 03:22:00,2026-05-19 05:07:00,225,4,2
6045,8,10,9,2026-05-03 02:32:00,2026-05-03 06:11:00,393,25,2
6046,9,2,2,2026-01-01 04:26:00,2026-01-01 07:02:00,94,2,2
6047,5,13,3,2026-05-04 16:27:00,2026-05-04 20:22:00,468,25,3
6048,7,9,10,2026-01-04 19:12:00,2026-01-04 22:39:00,440,24,2
6049,2,16,13,2026-04-24 15:28:00,2026-04-24 16:06:00,314,12,3
6050,2,16,16,2026-01-19 09:28:00,2026-01-19 11:29:00,124,5,1
6051,4,44,6,2026-01-06 17:23:00,2026-01-06 21:05:00,112,1,2
6052,5,38,7,2026-03-01 10:28:00,2026-03-01 14:07:00,297,0,3
6053,9,17,2,2026-01-05 16:32:00,2026-01-05 17:22:00,146,7,3
6054,7,19,1,2026-03-30 22:39:00,2026-03-31 00:16:00,329,23,3
6055,4,35,10,2026-05-15 02:23:00,2026-05-15 05:58:00,105,1,1
6056,4,25,12,2026-03-03 13:53:00,2026-03-03 15:54:00,188,0,2
6057,8,21,10,2026-01-02 17:38:00,2026-01-02 19:02:00,102,5,3
6058,1,42,11,2026-06-15 14:02:00,2026-06-15 15:08:00,439,7,1
6059,4,33,5,2026-02-18 00:41:00,2026-02-18 03:13:00,247,1,1
6060,8,21,15,2026-01-25 07:10:00,2026-01-25 10:38:00,94,4,1
6061,4,25,18,2026-03-27 04:54:00,2026-03-27 07:25:00,306,20,3
6062,5,43,5,2026-03-07 13:07:00,2026-03-07 15:36:00,349,14,2
6063,7,37,11,2026-06-24 01:45:00,2026-06-24 04:09:00,383,21,1
6064,2,5,6,2026-04-13 13:51:00,2026-04-13 14:43:00,485,16,1
6065,8,21,14,2026-03-15 19:18:00,2026-03-15 21:54:00,293,2,2
6066,4,35,10,2026-04-13 23:47:00,2026-04-14 02:43:00,380,19,2
6067,7,19,17,2026-01-21 10:49:00,2026-01-21 11:21:00,166,0,2
6068,4,33,8,2026-02-26 17:12:00,2026-02-26 19:17:00,228,12,1
6069,10,24,4,2026-05-07 13:42:00,2026-05-07 16:29:00,326,24,1
6070,2,11,11,2026-05-17 14:50:00,2026-05-17 15:34:00,327,7,3
6071,3,23,18,2026-03-24 09:55:00,2026-03-24 11:48:00,449,25,2
6072,9,50,15,2026-06-02 08:18:00,2026-06-02 09:07:00,72,5,1
6073,6,1,12,2026-03-31 04:04:00,2026-03-31 06:30:00,115,7,1
6074,7,37,11,2026-05-16 18:41:00,2026-05-16 21:22:00,463,18,2
6075,3,4,3,2026-01-07 08:22:00,2026-01-07 12:04:00,186,1,1
6076,4,33,6,2026-03-07 15:28:00,2026-03-07 18:10:00,160,12,2
6077,2,5,19,2026-06-28 08:16:00,2026-06-28 12:15:00,222,17,1
6078,3,23,13,2026-06-23 20:41:00,2026-06-23 23:10:00,334,12,3
6079,1,42,20,2026-04-02 21:20:00,2026-04-03 01:05:00,395,23,1
6080,8,48,16,2026-05-01 18:57:00,2026-05-01 22:08:00,98,4,3
6081,3,4,7,2026-01-10 14:38:00,2026-01-10 17:09:00,366,15,1
6082,3,14,14,2026-03-06 01:15:00,2026-03-06 05:09:00,95,6,2
6083,1,31,16,2026-04-07 14:37:00,2026-04-07 15:54:00,293,8,1
6084,4,44,13,2026-06-12 05:07:00,2026-06-12 06:46:00,393,26,1
6085,5,43,6,2026-04-12 17:46:00,2026-04-12 18:56:00,106,4,3
6086,3,46,19,2026-05-30 19:26:00,2026-05-30 20:24:00,125,1,3
6087,6,7,6,2026-02-28 09:08:00,2026-02-28 12:48:00,426,2,1
6088,3,40,12,2026-04-06 01:32:00,2026-04-06 04:49:00,88,0,3
6089,10,30,16,2026-03-15 16:05:00,2026-03-15 19:38:00,204,6,2
6090,8,48,1,2026-03-03 19:27:00,2026-03-03 22:06:00,94,2,1
6091,4,25,19,2026-05-03 08:47:00,2026-05-03 11:31:00,405,27,3
6092,6,1,17,2026-05-31 10:50:00,2026-05-31 14:22:00,420,25,1
6093,5,38,2,2026-04-20 22:59:00,2026-04-21 01:37:00,137,6,2
6094,2,5,14,2026-06-17 07:27:00,2026-06-17 08:10:00,132,4,3
6095,2,18,2,2026-02-20 08:18:00,2026-02-20 09:39:00,264,12,2
6096,4,25,4,2026-01-02 14:17:00,2026-01-02 14:54:00,355,4,3
6097,3,23,10,2026-01-06 06:13:00,2026-01-06 06:58:00,179,7,1
6098,4,33,18,2026-02-20 03:16:00,2026-02-20 06:54:00,236,9,1
6099,4,29,8,2026-01-16 02:24:00,2026-01-16 03:24:00,84,6,2
6100,3,40,4,2026-01-19 00:39:00,2026-01-19 01:56:00,125,8,2
6101,7,19,13,2026-05-31 09:51:00,2026-05-31 11:37:00,356,17,3
6102,4,33,2,2026-03-03 23:22:00,2026-03-03 23:53:00,195,6,3
6103,5,43,4,2026-03-10 06:08:00,2026-03-10 08:24:00,191,6,3
6104,3,4,20,2026-02-08 20:33:00,2026-02-08 23:47:00,66,1,1
6105,3,4,20,2026-06-06 08:11:00,2026-06-06 09:36:00,389,1,1
6106,1,42,15,2026-04-22 12:04:00,2026-04-22 13:05:00,462,9,1
6107,1,8,4,2026-06-01 05:35:00,2026-06-01 07:05:00,99,3,2
6108,6,7,1,2026-03-11 13:05:00,2026-03-11 16:03:00,202,10,2
6109,5,13,18,2026-04-13 08:58:00,2026-04-13 12:29:00,318,19,3
6110,7,19,16,2026-05-26 02:17:00,2026-05-26 03:55:00,343,20,2
6111,5,43,12,2026-06-18 14:08:00,2026-06-18 15:38:00,243,0,3
6112,3,34,19,2026-06-28 15:19:00,2026-06-28 18:01:00,213,3,1
6113,2,36,6,2026-05-09 07:44:00,2026-05-09 09:15:00,326,9,3
6114,9,17,12,2026-03-25 01:41:00,2026-03-25 03:06:00,378,27,1
6115,4,32,9,2026-02-20 04:47:00,2026-02-20 08:13:00,67,2,3
6116,4,35,18,2026-05-19 18:05:00,2026-05-19 20:28:00,378,17,2
6117,5,41,7,2026-02-14 07:19:00,2026-02-14 09:39:00,493,2,2
6118,6,7,7,2026-06-22 12:49:00,2026-06-22 16:30:00,164,1,2
6119,4,35,3,2026-05-10 19:55:00,2026-05-10 21:03:00,97,4,1
6120,3,14,5,2026-02-20 22:31:00,2026-02-21 01:01:00,93,7,3
6121,5,13,20,2026-03-11 01:15:00,2026-03-11 02:12:00,333,25,2
6122,8,10,9,2026-05-14 22:12:00,2026-05-15 00:51:00,202,0,1
6123,5,41,1,2026-02-11 21:37:00,2026-02-12 00:41:00,313,13,2
6124,3,34,20,2026-05-02 18:28:00,2026-05-02 22:02:00,390,11,1
6125,3,3,15,2026-05-26 04:25:00,2026-05-26 07:19:00,431,13,2
6126,9,50,11,2026-05-01 07:40:00,2026-05-01 08:27:00,353,26,3
6127,8,26,17,2026-06-26 05:16:00,2026-06-26 08:55:00,354,3,2
6128,2,22,19,2026-01-23 22:09:00,2026-01-24 02:02:00,126,2,3
6129,2,5,8,2026-02-20 00:10:00,2026-02-20 02:14:00,379,3,3
6130,6,1,8,2026-03-12 23:48:00,2026-03-13 03:39:00,277,17,2
6131,2,5,8,2026-05-25 08:59:00,2026-05-25 12:13:00,414,27,1
6132,10,30,6,2026-01-22 11:07:00,2026-01-22 14:11:00,299,15,1
6133,3,14,14,2026-03-18 19:41:00,2026-03-18 21:14:00,117,4,2
6134,5,43,3,2026-02-18 12:36:00,2026-02-18 16:01:00,202,14,2
6135,9,12,7,2026-05-17 09:23:00,2026-05-17 13:17:00,61,0,2
6136,5,13,16,2026-02-10 10:06:00,2026-02-10 11:04:00,360,24,1
6137,7,37,14,2026-01-11 06:46:00,2026-01-11 07:26:00,96,5,2
6138,8,48,2,2026-06-08 18:21:00,2026-06-08 19:12:00,346,17,1
6139,1,8,9,2026-06-25 04:37:00,2026-06-25 05:18:00,164,12,2
6140,8,21,15,2026-01-29 20:23:00,2026-01-29 23:52:00,305,10,3
6141,10,20,3,2026-02-26 15:00:00,2026-02-26 17:52:00,54,3,1
6142,3,40,1,2026-01-06 18:14:00,2026-01-06 21:17:00,237,5,1
6143,4,33,7,2026-04-09 12:37:00,2026-04-09 15:05:00,459,19,1
6144,6,7,16,2026-05-21 19:24:00,2026-05-21 21:21:00,414,33,2
6145,2,22,3,2026-05-05 02:20:00,2026-05-05 06:09:00,316,9,1
6146,8,48,6,2026-01-14 08:31:00,2026-01-14 12:10:00,431,2,3
6147,5,41,4,2026-04-26 15:55:00,2026-04-26 16:42:00,432,25,2
6148,9,12,1,2026-05-06 16:18:00,2026-05-06 18:25:00,121,8,2
6149,2,11,1,2026-02-20 06:09:00,2026-02-20 07:26:00,155,0,1
6150,4,33,4,2026-04-04 00:11:00,2026-04-04 02:02:00,233,13,3
6151,3,46,10,2026-06-07 12:45:00,2026-06-07 15:36:00,190,9,1
6152,6,7,2,2026-02-08 21:33:00,2026-02-09 00:30:00,197,7,2
6153,3,3,9,2026-03-04 08:29:00,2026-03-04 12:02:00,246,0,1
6154,3,49,17,2026-04-24 23:24:00,2026-04-25 01:21:00,215,14,1
6155,1,28,13,2026-04-05 02:30:00,2026-04-05 05:40:00,62,3,1
6156,1,31,2,2026-03-04 00:47:00,2026-03-04 03:11:00,462,15,3
6157,2,16,6,2026-05-15 06:19:00,2026-05-15 08:29:00,373,12,1
6158,1,31,6,2026-04-17 17:01:00,2026-04-17 20:31:00,487,12,3
6159,6,7,11,2026-05-02 18:16:00,2026-05-02 20:45:00,268,0,1
6160,3,40,11,2026-01-10 07:49:00,2026-01-10 11:44:00,306,16,1
6161,9,45,8,2026-01-18 13:59:00,2026-01-18 15:30:00,162,6,1
6162,1,42,6,2026-05-22 04:24:00,2026-05-22 05:00:00,210,1,3
6163,1,42,15,2026-06-07 09:36:00,2026-06-07 12:16:00,471,33,2
6164,2,16,12,2026-01-26 00:04:00,2026-01-26 01:49:00,306,13,1
6165,5,43,9,2026-01-05 15:38:00,2026-01-05 18:01:00,203,13,3
6166,4,29,9,2026-01-31 23:46:00,2026-02-01 03:12:00,472,11,2
6167,8,21,7,2026-05-24 04:13:00,2026-05-24 06:26:00,439,18,1
6168,6,1,7,2026-03-26 02:33:00,2026-03-26 04:49:00,229,8,2
6169,5,13,11,2026-03-19 23:22:00,2026-03-20 01:19:00,194,10,1
6170,2,16,14,2026-05-07 08:01:00,2026-05-07 08:55:00,75,3,2
6171,4,25,14,2026-05-23 11:09:00,2026-05-23 14:24:00,407,16,1
6172,9,12,14,2026-04-11 07:05:00,2026-04-11 10:16:00,267,16,2
6173,4,44,13,2026-05-16 17:36:00,2026-05-16 20:46:00,495,6,2
6174,6,1,9,2026-04-15 07:26:00,2026-04-15 11:02:00,183,1,3
6175,3,3,8,2026-04-12 05:42:00,2026-04-12 06:51:00,109,1,2
6176,8,48,7,2026-06-27 21:01:00,2026-06-27 23:54:00,461,19,3
6177,3,14,8,2026-06-23 14:19:00,2026-06-23 15:16:00,272,3,1
6178,3,3,4,2026-03-17 08:07:00,2026-03-17 11:47:00,198,8,1
6179,1,42,1,2026-06-21 16:15:00,2026-06-21 18:22:00,190,8,2
6180,3,3,18,2026-01-22 07:06:00,2026-01-22 07:46:00,479,10,2
6181,4,27,2,2026-01-15 16:17:00,2026-01-15 18:05:00,213,11,3
6182,9,2,19,2026-03-07 00:42:00,2026-03-07 01:54:00,111,8,1
6183,9,50,12,2026-04-05 17:42:00,2026-04-05 20:52:00,198,1,1
6184,3,4,1,2026-01-05 14:53:00,2026-01-05 18:16:00,413,17,3
6185,3,40,4,2026-06-12 19:45:00,2026-06-12 23:36:00,225,17,3
6186,2,22,20,2026-06-08 16:28:00,2026-06-08 18:02:00,438,18,1
6187,4,33,1,2026-05-12 00:39:00,2026-05-12 04:19:00,67,4,3
6188,1,31,17,2026-05-16 17:34:00,2026-05-16 18:13:00,430,29,1
6189,2,22,16,2026-03-25 18:46:00,2026-03-25 22:36:00,482,21,2
6190,4,35,8,2026-03-08 06:02:00,2026-03-08 08:08:00,78,1,1
6191,7,9,11,2026-01-03 11:38:00,2026-01-03 14:56:00,241,6,1
6192,5,38,18,2026-04-26 08:16:00,2026-04-26 09:19:00,175,1,1
6193,6,1,3,2026-04-18 14:14:00,2026-04-18 17:41:00,285,21,2
6194,6,1,8,2026-04-12 15:05:00,2026-04-12 18:19:00,193,14,1
6195,6,7,6,2026-03-02 22:19:00,2026-03-03 02:05:00,441,10,2
6196,4,29,4,2026-04-12 05:46:00,2026-04-12 09:13:00,184,7,3
6197,4,32,12,2026-02-09 00:07:00,2026-02-09 04:00:00,348,10,2
6198,5,43,15,2026-03-28 09:29:00,2026-03-28 10:14:00,162,1,2
6199,5,38,6,2026-03-07 07:30:00,2026-03-07 10:31:00,58,0,2
6200,7,19,11,2026-02-23 09:14:00,2026-02-23 11:20:00,268,16,2
6201,7,9,13,2026-05-30 22:46:00,2026-05-31 02:31:00,234,14,2
6202,3,14,17,2026-01-15 17:36:00,2026-01-15 18:20:00,493,0,3
6203,6,6,14,2026-04-03 11:33:00,2026-04-03 12:58:00,77,1,3
6204,2,11,4,2026-05-28 17:10:00,2026-05-28 19:33:00,497,15,2
6205,2,36,10,2026-02-15 03:12:00,2026-02-15 05:05:00,91,5,1
6206,1,8,13,2026-04-08 18:47:00,2026-04-08 19:23:00,158,0,3
6207,3,14,16,2026-03-01 04:53:00,2026-03-01 05:26:00,352,25,2
6208,8,21,5,2026-05-10 22:01:00,2026-05-10 23:19:00,338,18,3
6209,2,11,16,2026-06-01 01:44:00,2026-06-01 04:27:00,87,5,2
6210,8,26,18,2026-04-13 00:53:00,2026-04-13 04:47:00,203,6,1
6211,1,31,12,2026-05-07 11:37:00,2026-05-07 13:35:00,154,5,3
6212,2,36,14,2026-01-08 21:10:00,2026-01-08 23:01:00,93,6,1
6213,1,42,3,2026-04-09 20:24:00,2026-04-09 23:00:00,52,3,2
6214,6,6,11,2026-03-01 06:57:00,2026-03-01 09:40:00,493,10,3
6215,2,16,18,2026-05-20 15:54:00,2026-05-20 16:25:00,467,9,2
6216,1,31,9,2026-05-30 13:53:00,2026-05-30 15:22:00,315,5,2
6217,8,26,14,2026-05-18 05:55:00,2026-05-18 07:14:00,399,3,3
6218,7,9,18,2026-06-25 15:53:00,2026-06-25 16:59:00,401,7,1
6219,4,29,14,2026-04-01 12:05:00,2026-04-01 13:53:00,413,27,3
6220,4,25,18,2026-04-11 00:57:00,2026-04-11 02:53:00,62,2,3
6221,7,37,20,2026-02-10 04:02:00,2026-02-10 06:49:00,155,1,3
6222,3,14,8,2026-01-18 14:46:00,2026-01-18 17:03:00,247,4,3
6223,9,17,12,2026-01-19 17:13:00,2026-01-19 19:14:00,271,1,3
6224,10,30,19,2026-06-03 05:16:00,2026-06-03 08:00:00,232,1,1
6225,4,29,13,2026-06-29 12:45:00,2026-06-29 15:56:00,78,3,1
6226,9,45,7,2026-04-19 05:59:00,2026-04-19 09:00:00,103,0,2
6227,4,44,3,2026-04-17 07:35:00,2026-04-17 10:39:00,489,10,1
6228,1,28,1,2026-06-22 03:42:00,2026-06-22 05:42:00,453,34,3
6229,10,30,13,2026-01-18 04:30:00,2026-01-18 06:44:00,426,19,3
6230,9,50,10,2026-06-20 21:54:00,2026-06-20 22:50:00,297,14,1
6231,8,10,13,2026-01-24 21:13:00,2026-01-24 22:58:00,286,22,1
6232,3,4,3,2026-05-19 02:54:00,2026-05-19 03:30:00,382,1,3
6233,2,16,11,2026-02-15 21:27:00,2026-02-15 23:14:00,124,8,3
6234,4,32,16,2026-06-20 19:01:00,2026-06-20 22:39:00,467,12,1
6235,4,25,18,2026-06-17 11:25:00,2026-06-17 12:15:00,197,14,1
6236,3,49,8,2026-01-15 01:08:00,2026-01-15 02:57:00,437,25,2
6237,10,30,16,2026-05-10 07:09:00,2026-05-10 10:20:00,329,0,2
6238,4,29,7,2026-06-23 19:57:00,2026-06-23 22:10:00,408,25,3
6239,7,9,5,2026-06-19 05:14:00,2026-06-19 06:13:00,486,18,2
6240,4,32,11,2026-01-28 19:24:00,2026-01-28 21:41:00,485,28,3
6241,1,28,17,2026-02-01 01:30:00,2026-02-01 04:38:00,135,10,3
6242,3,4,5,2026-05-12 18:49:00,2026-05-12 19:58:00,229,4,1
6243,2,22,14,2026-03-10 06:31:00,2026-03-10 10:11:00,231,15,2
6244,3,40,1,2026-04-29 19:31:00,2026-04-29 23:30:00,247,12,1
6245,2,18,1,2026-02-23 16:53:00,2026-02-23 17:50:00,283,7,3
6246,7,19,1,2026-04-19 08:19:00,2026-04-19 09:16:00,426,14,1
6247,4,27,6,2026-04-11 01:01:00,2026-04-11 04:50:00,379,0,1
6248,3,40,18,2026-05-09 21:38:00,2026-05-09 22:43:00,93,5,3
6249,10,30,13,2026-03-12 12:12:00,2026-03-12 14:24:00,111,7,1
6250,7,9,11,2026-05-23 13:17:00,2026-05-23 16:51:00,55,3,2
6251,1,8,13,2026-06-28 02:23:00,2026-06-28 06:11:00,112,0,2
6252,3,46,10,2026-05-05 07:17:00,2026-05-05 10:51:00,388,4,1
6253,4,25,10,2026-04-08 05:49:00,2026-04-08 09:40:00,208,4,1
6254,1,8,2,2026-03-07 15:27:00,2026-03-07 17:43:00,263,4,2
6255,5,43,8,2026-05-09 07:23:00,2026-05-09 07:58:00,203,11,1
6256,4,27,18,2026-01-11 11:26:00,2026-01-11 14:27:00,170,10,3
6257,1,8,6,2026-05-11 02:52:00,2026-05-11 03:48:00,493,32,2
6258,5,43,9,2026-03-01 19:19:00,2026-03-01 22:13:00,198,13,2
6259,5,41,2,2026-06-22 17:41:00,2026-06-22 18:27:00,328,17,2
6260,3,49,3,2026-03-23 04:34:00,2026-03-23 08:02:00,97,7,2
6261,3,14,1,2026-04-01 18:02:00,2026-04-01 21:14:00,196,8,3
6262,9,12,4,2026-05-19 01:44:00,2026-05-19 02:56:00,495,11,1
6263,1,47,6,2026-03-09 19:15:00,2026-03-09 22:35:00,78,4,2
6264,4,44,12,2026-02-11 00:49:00,2026-02-11 02:28:00,89,5,2
6265,4,29,15,2026-04-07 19:24:00,2026-04-07 23:06:00,255,8,3
6266,3,40,7,2026-05-22 19:53:00,2026-05-22 22:49:00,445,2,3
6267,2,11,8,2026-01-22 02:17:00,2026-01-22 04:32:00,495,23,2
6268,4,29,7,2026-04-29 11:59:00,2026-04-29 15:49:00,434,5,3
6269,8,10,15,2026-04-09 00:29:00,2026-04-09 03:34:00,284,7,1
6270,4,27,11,2026-06-21 10:05:00,2026-06-21 11:12:00,408,3,3
6271,7,9,4,2026-06-22 05:19:00,2026-06-22 07:52:00,264,18,2
6272,3,49,1,2026-01-14 09:08:00,2026-01-14 11:29:00,212,16,1
6273,5,38,7,2026-01-03 20:33:00,2026-01-03 23:33:00,419,5,1
6274,1,42,2,2026-03-13 13:40:00,2026-03-13 16:02:00,412,20,3
6275,9,50,13,2026-04-01 00:40:00,2026-04-01 03:14:00,158,5,2
6276,5,43,4,2026-04-10 08:06:00,2026-04-10 08:58:00,50,2,2
6277,1,8,16,2026-05-08 12:28:00,2026-05-08 15:58:00,435,14,2
6278,1,8,11,2026-05-16 16:18:00,2026-05-16 18:48:00,357,9,2
6279,8,10,15,2026-01-25 20:37:00,2026-01-26 00:16:00,322,16,3
6280,4,25,6,2026-05-19 23:19:00,2026-05-20 03:19:00,269,14,3
6281,6,7,16,2026-05-16 01:24:00,2026-05-16 04:51:00,299,5,2
6282,9,50,10,2026-04-14 22:34:00,2026-04-15 01:01:00,139,0,2
6283,10,30,20,2026-02-06 12:21:00,2026-02-06 13:31:00,294,5,3
6284,4,29,10,2026-05-25 10:07:00,2026-05-25 10:47:00,379,3,2
6285,9,50,1,2026-03-03 18:51:00,2026-03-03 19:38:00,162,4,3
6286,1,39,4,2026-04-15 03:45:00,2026-04-15 04:43:00,476,24,1
6287,1,31,15,2026-04-07 11:27:00,2026-04-07 12:01:00,162,5,3
6288,9,45,15,2026-04-08 12:36:00,2026-04-08 13:50:00,324,24,1
6289,5,13,2,2026-03-28 20:47:00,2026-03-29 00:20:00,450,11,2
6290,6,6,9,2026-03-20 02:29:00,2026-03-20 05:54:00,393,28,3
6291,1,8,5,2026-01-20 02:25:00,2026-01-20 05:47:00,86,2,2
6292,8,21,12,2026-02-18 20:01:00,2026-02-18 22:13:00,389,18,2
6293,3,3,3,2026-04-27 19:34:00,2026-04-27 23:23:00,265,3,3
6294,4,29,5,2026-05-21 18:27:00,2026-05-21 21:52:00,67,1,2
6295,5,13,9,2026-03-25 16:39:00,2026-03-25 19:49:00,428,25,2
6296,8,21,14,2026-05-14 09:18:00,2026-05-14 10:17:00,313,10,2
6297,3,4,20,2026-03-25 09:42:00,2026-03-25 13:32:00,164,12,3
6298,2,16,1,2026-01-08 06:30:00,2026-01-08 07:01:00,104,4,2
6299,5,38,15,2026-04-11 07:45:00,2026-04-11 10:42:00,485,11,2
6300,10,20,5,2026-05-30 13:34:00,2026-05-30 17:09:00,389,6,1
6301,1,31,11,2026-02-23 07:56:00,2026-02-23 11:47:00,141,8,2
6302,5,13,17,2026-04-06 17:54:00,2026-04-06 19:21:00,284,8,1
6303,3,34,19,2026-01-04 23:27:00,2026-01-05 00:48:00,191,6,1
6304,3,34,18,2026-01-16 17:54:00,2026-01-16 19:07:00,266,8,2
6305,2,11,8,2026-03-17 00:03:00,2026-03-17 03:28:00,323,24,3
6306,9,45,15,2026-05-31 03:45:00,2026-05-31 04:45:00,367,27,2
6307,9,17,4,2026-05-16 17:30:00,2026-05-16 18:01:00,382,8,1
6308,2,36,17,2026-05-07 17:34:00,2026-05-07 20:23:00,331,1,3
6309,9,50,8,2026-06-15 23:26:00,2026-06-16 01:55:00,404,16,2
6310,6,6,16,2026-04-14 19:16:00,2026-04-14 22:56:00,58,1,3
6311,2,16,2,2026-04-29 06:22:00,2026-04-29 08:49:00,435,17,1
6312,4,35,10,2026-04-04 10:17:00,2026-04-04 12:01:00,365,27,1
6313,4,35,19,2026-03-19 17:44:00,2026-03-19 20:21:00,148,7,3
6314,7,37,1,2026-06-19 15:01:00,2026-06-19 18:29:00,259,10,1
6315,4,44,8,2026-03-15 08:27:00,2026-03-15 12:24:00,194,11,2
6316,3,46,7,2026-03-18 06:51:00,2026-03-18 07:56:00,317,7,1
6317,5,41,17,2026-02-12 00:34:00,2026-02-12 02:02:00,279,17,1
6318,9,50,5,2026-02-11 20:35:00,2026-02-11 23:09:00,192,5,1
6319,1,28,20,2026-05-22 17:41:00,2026-05-22 18:25:00,113,3,1
6320,5,43,9,2026-02-22 01:28:00,2026-02-22 03:54:00,428,18,1
6321,4,25,11,2026-06-03 16:15:00,2026-06-03 18:20:00,439,11,2
6322,2,16,19,2026-05-07 00:45:00,2026-05-07 01:51:00,275,8,2
6323,6,1,15,2026-06-21 15:52:00,2026-06-21 19:48:00,381,22,2
6324,5,38,15,2026-03-09 21:04:00,2026-03-09 21:49:00,167,8,2
6325,4,32,11,2026-06-16 10:39:00,2026-06-16 13:32:00,363,11,3
6326,3,3,13,2026-03-05 07:02:00,2026-03-05 09:48:00,496,20,1
6327,3,23,3,2026-06-15 10:56:00,2026-06-15 12:58:00,131,2,1
6328,9,2,18,2026-04-09 05:04:00,2026-04-09 08:16:00,246,6,3
6329,3,23,4,2026-04-02 21:51:00,2026-04-03 01:51:00,173,13,1
6330,4,35,12,2026-03-13 22:41:00,2026-03-14 00:35:00,167,10,1
6331,7,9,20,2026-05-26 04:21:00,2026-05-26 06:40:00,95,0,1
6332,4,35,20,2026-01-28 17:30:00,2026-01-28 20:35:00,325,25,3
6333,8,10,2,2026-06-13 04:27:00,2026-06-13 07:33:00,497,5,2
6334,4,32,12,2026-03-12 11:20:00,2026-03-12 13:00:00,358,22,1
6335,4,27,2,2026-05-16 00:13:00,2026-05-16 03:40:00,248,3,3
6336,5,38,17,2026-06-13 04:55:00,2026-06-13 08:13:00,374,9,2
6337,2,22,5,2026-03-24 23:48:00,2026-03-25 00:38:00,467,18,1
6338,3,34,9,2026-02-27 06:19:00,2026-02-27 09:42:00,320,8,3
6339,3,40,9,2026-05-19 08:43:00,2026-05-19 09:53:00,227,14,2
6340,3,49,5,2026-05-07 13:00:00,2026-05-07 14:53:00,290,20,2
6341,1,47,9,2026-06-10 08:37:00,2026-06-10 09:27:00,400,10,3
6342,8,26,18,2026-05-07 05:41:00,2026-05-07 09:11:00,227,5,3
6343,9,2,20,2026-03-05 16:59:00,2026-03-05 20:29:00,57,0,2
6344,2,16,3,2026-01-11 14:35:00,2026-01-11 16:38:00,319,1,1
6345,10,20,14,2026-06-22 11:29:00,2026-06-22 13:13:00,371,5,1
6346,5,13,7,2026-06-27 04:28:00,2026-06-27 07:43:00,219,7,3
6347,3,46,10,2026-03-08 21:42:00,2026-03-09 00:03:00,341,14,1
6348,7,9,7,2026-04-15 13:41:00,2026-04-15 16:00:00,143,6,2
6349,2,5,20,2026-04-22 02:18:00,2026-04-22 03:31:00,311,17,1
6350,3,49,3,2026-04-11 08:29:00,2026-04-11 10:59:00,229,1,2
6351,1,47,15,2026-05-17 17:59:00,2026-05-17 18:49:00,491,30,2
6352,2,18,20,2026-01-07 16:34:00,2026-01-07 17:30:00,272,16,3
6353,2,36,12,2026-05-02 05:49:00,2026-05-02 07:56:00,68,0,2
6354,7,19,18,2026-04-06 08:56:00,2026-04-06 10:00:00,155,4,1
6355,2,36,6,2026-05-13 15:33:00,2026-05-13 18:54:00,257,2,3
6356,7,9,9,2026-04-02 07:37:00,2026-04-02 09:50:00,284,15,2
6357,3,14,17,2026-06-16 13:02:00,2026-06-16 16:12:00,360,26,2
6358,4,27,20,2026-02-21 21:21:00,2026-02-21 22:24:00,255,9,2
6359,4,25,15,2026-03-16 12:22:00,2026-03-16 14:39:00,83,3,3
6360,1,42,17,2026-03-24 17:13:00,2026-03-24 21:01:00,217,16,1
6361,7,37,10,2026-01-02 08:29:00,2026-01-02 11:25:00,206,9,3
6362,10,24,14,2026-06-21 12:33:00,2026-06-21 14:03:00,432,14,3
6363,4,32,12,2026-04-12 01:03:00,2026-04-12 03:01:00,486,24,2
6364,3,14,5,2026-02-09 11:55:00,2026-02-09 15:01:00,425,30,2
6365,4,32,20,2026-03-18 07:05:00,2026-03-18 10:01:00,392,16,3
6366,9,12,17,2026-01-13 00:20:00,2026-01-13 02:33:00,261,9,3
6367,10,30,9,2026-04-11 22:33:00,2026-04-11 23:35:00,374,19,2
6368,7,19,17,2026-02-25 03:08:00,2026-02-25 03:54:00,108,1,2
6369,3,49,15,2026-02-25 16:51:00,2026-02-25 18:33:00,444,28,2
6370,1,8,12,2026-05-24 16:19:00,2026-05-24 19:15:00,308,15,1
6371,4,29,7,2026-04-13 14:19:00,2026-04-13 17:49:00,105,5,1
6372,10,30,11,2026-05-29 14:32:00,2026-05-29 16:09:00,438,34,1
6373,2,22,2,2026-05-11 04:08:00,2026-05-11 06:20:00,212,13,2
6374,4,44,11,2026-04-02 18:05:00,2026-04-02 20:45:00,299,8,3
6375,6,6,9,2026-06-28 21:35:00,2026-06-29 01:25:00,164,11,3
6376,7,19,17,2026-05-28 23:22:00,2026-05-28 23:55:00,410,11,1
6377,7,37,9,2026-02-27 17:53:00,2026-02-27 20:09:00,248,18,1
6378,3,34,2,2026-04-10 14:08:00,2026-04-10 15:40:00,455,33,1
6379,5,38,19,2026-02-01 22:18:00,2026-02-01 23:21:00,80,1,1
6380,10,20,7,2026-01-02 12:11:00,2026-01-02 14:35:00,317,18,3
6381,1,28,13,2026-03-16 21:59:00,2026-03-16 23:56:00,449,29,3
6382,4,32,11,2026-05-31 21:43:00,2026-05-31 23:29:00,168,5,3
6383,9,45,19,2026-05-07 23:24:00,2026-05-08 00:04:00,56,1,3
6384,8,21,10,2026-06-19 14:06:00,2026-06-19 14:49:00,417,7,3
6385,8,10,6,2026-05-24 22:49:00,2026-05-24 23:42:00,203,10,2
6386,3,4,5,2026-03-08 19:22:00,2026-03-08 21:35:00,271,9,2
6387,6,7,18,2026-04-12 05:55:00,2026-04-12 06:41:00,432,9,1
6388,2,11,18,2026-01-25 00:26:00,2026-01-25 01:26:00,189,12,1
6389,10,24,1,2026-03-02 15:36:00,2026-03-02 16:06:00,97,5,3
6390,9,45,12,2026-06-15 09:19:00,2026-06-15 09:55:00,345,19,1
6391,2,36,14,2026-04-27 17:56:00,2026-04-27 20:32:00,76,1,2
6392,3,4,14,2026-06-24 18:00:00,2026-06-24 21:24:00,118,8,3
6393,8,15,19,2026-04-24 18:59:00,2026-04-24 19:57:00,145,1,3
6394,4,35,12,2026-05-09 18:45:00,2026-05-09 21:54:00,415,27,1
6395,3,46,16,2026-03-05 17:10:00,2026-03-05 19:14:00,190,4,2
6396,9,50,18,2026-01-01 10:02:00,2026-01-01 12:48:00,207,10,2
6397,2,11,5,2026-02-10 01:46:00,2026-02-10 02:33:00,274,21,1
6398,1,8,2,2026-05-16 03:57:00,2026-05-16 06:10:00,108,6,1
6399,10,24,12,2026-06-17 20:04:00,2026-06-17 20:50:00,200,2,1
6400,10,30,11,2026-05-31 10:07:00,2026-05-31 12:33:00,395,10,2
6401,9,50,3,2026-01-07 17:17:00,2026-01-07 21:02:00,80,2,2
6402,1,28,2,2026-01-07 21:49:00,2026-01-07 23:24:00,292,19,2
6403,8,21,12,2026-01-26 10:59:00,2026-01-26 12:47:00,416,26,3
6404,1,31,5,2026-01-13 20:50:00,2026-01-13 21:20:00,174,6,1
6405,2,22,11,2026-02-15 06:46:00,2026-02-15 08:40:00,60,1,1
6406,4,33,17,2026-04-12 13:01:00,2026-04-12 15:06:00,300,5,1
6407,1,42,17,2026-02-12 12:14:00,2026-02-12 16:11:00,241,17,2
6408,10,30,6,2026-02-05 00:57:00,2026-02-05 02:41:00,122,4,3
6409,5,13,12,2026-06-14 12:54:00,2026-06-14 14:56:00,428,25,3
6410,4,32,17,2026-01-09 15:11:00,2026-01-09 17:13:00,281,14,3
6411,8,26,13,2026-02-18 00:32:00,2026-02-18 03:34:00,197,14,2
6412,1,42,3,2026-03-01 05:37:00,2026-03-01 06:39:00,95,0,2
6413,9,12,2,2026-05-27 11:16:00,2026-05-27 13:15:00,404,8,1
6414,4,33,15,2026-03-21 15:00:00,2026-03-21 17:28:00,120,2,2
6415,1,42,6,2026-03-26 01:22:00,2026-03-26 03:48:00,59,1,3
6416,10,24,9,2026-01-01 07:22:00,2026-01-01 08:38:00,473,12,1
6417,2,16,3,2026-01-10 23:40:00,2026-01-11 01:51:00,479,10,2
6418,1,39,7,2026-06-03 23:31:00,2026-06-04 02:11:00,237,15,3
6419,1,42,10,2026-06-20 07:06:00,2026-06-20 08:41:00,476,0,3
6420,1,31,1,2026-02-03 03:56:00,2026-02-03 04:46:00,344,2,1
6421,4,27,18,2026-05-23 20:00:00,2026-05-23 21:13:00,344,0,2
6422,5,13,7,2026-05-14 02:58:00,2026-05-14 03:34:00,375,18,1
6423,3,49,5,2026-01-29 01:35:00,2026-01-29 04:36:00,58,3,2
6424,2,5,20,2026-03-15 10:03:00,2026-03-15 12:36:00,409,27,2
6425,2,22,7,2026-04-27 08:38:00,2026-04-27 10:21:00,387,13,1
6426,3,46,12,2026-04-10 21:58:00,2026-04-11 01:44:00,314,8,3
6427,3,3,5,2026-04-11 17:38:00,2026-04-11 18:13:00,159,7,2
6428,1,28,12,2026-03-08 19:04:00,2026-03-08 22:09:00,136,8,3
6429,5,43,15,2026-05-10 15:34:00,2026-05-10 18:47:00,461,28,3
6430,5,43,18,2026-02-09 19:43:00,2026-02-09 20:40:00,455,33,2
6431,3,14,15,2026-02-18 10:54:00,2026-02-18 14:51:00,393,11,2
6432,1,39,17,2026-01-26 16:57:00,2026-01-26 17:49:00,370,7,2
6433,2,11,11,2026-02-26 02:41:00,2026-02-26 06:10:00,364,19,3
6434,10,30,19,2026-05-13 18:16:00,2026-05-13 18:59:00,424,1,1
6435,4,44,18,2026-02-21 05:56:00,2026-02-21 06:55:00,246,0,1
6436,8,26,2,2026-02-04 07:41:00,2026-02-04 10:30:00,381,24,1
6437,3,23,8,2026-06-18 03:06:00,2026-06-18 06:26:00,133,9,2
6438,2,36,14,2026-04-19 08:09:00,2026-04-19 10:00:00,182,11,1
6439,3,23,17,2026-02-28 05:38:00,2026-02-28 06:22:00,76,5,2
6440,1,8,5,2026-06-27 20:19:00,2026-06-27 21:02:00,171,3,2
6441,3,46,6,2026-05-07 21:35:00,2026-05-08 00:23:00,377,6,1
6442,9,12,9,2026-04-12 10:06:00,2026-04-12 13:13:00,486,17,3
6443,6,6,9,2026-01-25 09:28:00,2026-01-25 10:31:00,106,1,3
6444,8,26,17,2026-03-09 09:17:00,2026-03-09 12:18:00,344,20,3
6445,8,48,14,2026-01-09 15:46:00,2026-01-09 18:47:00,111,8,3
6446,2,16,20,2026-05-22 03:09:00,2026-05-22 06:04:00,216,12,3
6447,9,45,9,2026-05-03 00:45:00,2026-05-03 01:57:00,454,26,2
6448,6,1,7,2026-06-18 12:51:00,2026-06-18 16:22:00,337,16,2
6449,2,22,16,2026-04-07 05:26:00,2026-04-07 05:57:00,335,5,3
6450,1,47,12,2026-01-19 20:49:00,2026-01-20 00:42:00,227,15,1
6451,1,39,9,2026-05-25 13:25:00,2026-05-25 16:00:00,391,7,3
6452,4,29,5,2026-01-01 08:19:00,2026-01-01 09:59:00,411,5,2
6453,2,18,19,2026-02-28 19:38:00,2026-02-28 21:33:00,375,1,3
6454,4,33,13,2026-04-10 13:33:00,2026-04-10 16:43:00,419,1,2
6455,4,32,20,2026-02-12 12:02:00,2026-02-12 14:11:00,170,12,2
6456,1,39,5,2026-02-09 15:35:00,2026-02-09 17:06:00,178,12,2
6457,6,7,18,2026-04-15 11:18:00,2026-04-15 13:10:00,364,4,2
6458,4,44,17,2026-04-18 21:16:00,2026-04-18 23:23:00,362,12,2
6459,4,27,10,2026-02-02 21:55:00,2026-02-02 23:54:00,348,17,2
6460,1,42,7,2026-05-29 09:03:00,2026-05-29 12:50:00,383,17,2
6461,3,3,19,2026-01-17 08:30:00,2026-01-17 11:35:00,472,15,3
6462,7,19,2,2026-03-14 12:29:00,2026-03-14 15:48:00,83,0,2
6463,8,10,15,2026-04-12 00:15:00,2026-04-12 01:26:00,453,13,2
6464,6,6,16,2026-03-31 04:59:00,2026-03-31 06:14:00,263,18,2
6465,2,11,13,2026-05-26 15:08:00,2026-05-26 17:18:00,260,4,2
6466,8,21,17,2026-06-06 12:44:00,2026-06-06 15:20:00,248,6,2
6467,1,8,9,2026-05-15 13:14:00,2026-05-15 16:43:00,336,13,3
6468,3,23,14,2026-01-18 16:57:00,2026-01-18 17:51:00,367,26,1
6469,1,42,2,2026-05-03 04:16:00,2026-05-03 06:37:00,111,4,2
6470,1,8,8,2026-04-11 07:16:00,2026-04-11 09:58:00,82,2,2
6471,5,41,9,2026-06-28 20:16:00,2026-06-28 20:53:00,218,9,1
6472,7,19,2,2026-05-06 17:27:00,2026-05-06 20:18:00,404,0,1
6473,9,12,6,2026-05-04 12:53:00,2026-05-04 15:18:00,235,0,2
6474,8,10,7,2026-02-18 11:08:00,2026-02-18 15:05:00,419,15,1
6475,4,32,8,2026-01-17 19:13:00,2026-01-17 22:41:00,499,2,1
6476,3,40,15,2026-02-15 00:10:00,2026-02-15 02:06:00,499,28,3
6477,4,29,12,2026-05-24 14:21:00,2026-05-24 15:08:00,427,22,2
6478,1,47,20,2026-02-10 23:40:00,2026-02-11 01:15:00,94,7,2
6479,5,41,6,2026-01-30 06:32:00,2026-01-30 08:07:00,287,14,1
6480,4,27,14,2026-01-27 21:40:00,2026-01-27 22:27:00,418,31,1
6481,4,35,10,2026-04-17 00:22:00,2026-04-17 00:57:00,446,20,1
6482,5,43,14,2026-03-06 03:53:00,2026-03-06 06:11:00,468,14,3
6483,4,32,10,2026-06-12 14:52:00,2026-06-12 17:39:00,127,4,1
6484,4,29,16,2026-05-25 02:00:00,2026-05-25 04:07:00,236,9,3
6485,1,47,5,2026-04-01 16:04:00,2026-04-01 18:55:00,407,10,2
6486,3,23,19,2026-01-28 08:35:00,2026-01-28 09:15:00,249,3,3
6487,8,15,10,2026-01-10 20:17:00,2026-01-10 21:19:00,154,4,2
6488,3,34,16,2026-05-12 03:49:00,2026-05-12 04:33:00,494,13,3
6489,9,17,8,2026-05-05 20:42:00,2026-05-06 00:37:00,158,3,3
6490,1,47,7,2026-05-06 18:24:00,2026-05-06 19:32:00,266,15,2
6491,4,29,3,2026-03-10 10:02:00,2026-03-10 13:40:00,154,8,1
6492,2,18,11,2026-01-06 12:11:00,2026-01-06 15:30:00,461,26,3
6493,4,35,12,2026-06-10 18:32:00,2026-06-10 20:04:00,252,17,3
6494,2,36,7,2026-03-21 06:13:00,2026-03-21 10:07:00,475,2,2
6495,3,23,18,2026-02-15 19:34:00,2026-02-15 22:58:00,363,13,2
6496,3,14,15,2026-04-14 04:01:00,2026-04-14 07:51:00,217,13,1
6497,3,34,20,2026-02-27 14:01:00,2026-02-27 15:51:00,52,1,1
6498,9,45,11,2026-06-13 16:22:00,2026-06-13 18:43:00,103,5,2
6499,5,43,4,2026-01-15 10:56:00,2026-01-15 13:08:00,181,3,3
6500,4,44,16,2026-06-08 14:48:00,2026-06-08 17:09:00,494,15,3
6501,10,20,17,2026-06-10 19:25:00,2026-06-10 20:15:00,361,1,2
6502,7,37,4,2026-03-25 21:19:00,2026-03-25 21:50:00,349,8,3
6503,3,4,18,2026-04-25 15:13:00,2026-04-25 17:23:00,56,2,1
6504,5,13,1,2026-05-14 00:33:00,2026-05-14 02:39:00,423,21,2
6505,6,1,3,2026-05-21 11:27:00,2026-05-21 14:07:00,408,21,3
6506,8,21,10,2026-05-27 00:34:00,2026-05-27 03:50:00,326,2,2
6507,9,12,12,2026-03-18 11:36:00,2026-03-18 14:54:00,273,13,3
6508,5,43,2,2026-05-22 07:10:00,2026-05-22 08:17:00,469,4,2
6509,10,30,11,2026-06-01 03:03:00,2026-06-01 03:44:00,137,6,1
6510,4,29,18,2026-06-20 08:06:00,2026-06-20 11:35:00,106,6,2
6511,5,43,3,2026-02-05 15:47:00,2026-02-05 17:47:00,188,5,2
6512,1,39,19,2026-05-08 09:07:00,2026-05-08 10:04:00,219,10,2
6513,3,49,11,2026-05-06 13:01:00,2026-05-06 14:54:00,199,3,3
6514,4,27,7,2026-06-01 12:29:00,2026-06-01 14:13:00,392,10,2
6515,8,21,14,2026-03-16 19:43:00,2026-03-16 20:20:00,402,10,2
6516,3,4,8,2026-01-26 16:29:00,2026-01-26 18:29:00,346,2,2
6517,2,5,10,2026-01-28 22:36:00,2026-01-29 00:01:00,442,15,2
6518,2,11,10,2026-05-23 13:24:00,2026-05-23 15:35:00,251,3,2
6519,2,22,20,2026-06-02 09:03:00,2026-06-02 09:55:00,396,7,2
6520,8,10,19,2026-02-21 18:53:00,2026-02-21 20:05:00,314,19,2
6521,8,48,5,2026-04-05 09:03:00,2026-04-05 11:57:00,146,3,3
6522,3,23,1,2026-05-09 18:53:00,2026-05-09 22:43:00,466,4,2
6523,7,19,2,2026-03-04 23:13:00,2026-03-05 02:00:00,160,0,2
6524,3,3,20,2026-04-27 13:50:00,2026-04-27 15:42:00,487,34,3
6525,1,8,6,2026-01-03 06:25:00,2026-01-03 10:06:00,340,16,3
6526,8,15,20,2026-05-29 17:07:00,2026-05-29 19:25:00,234,2,3
6527,6,7,2,2026-02-04 02:32:00,2026-02-04 03:13:00,79,0,3
6528,10,20,9,2026-01-17 18:49:00,2026-01-17 20:55:00,405,24,2
6529,3,34,16,2026-01-25 02:14:00,2026-01-25 04:50:00,486,24,1
6530,4,27,4,2026-05-23 20:39:00,2026-05-23 21:36:00,305,19,3
6531,3,49,1,2026-03-19 15:39:00,2026-03-19 18:22:00,233,7,1
6532,10,20,17,2026-06-18 12:08:00,2026-06-18 12:59:00,473,1,1
6533,2,18,3,2026-02-19 18:43:00,2026-02-19 20:23:00,236,8,3
6534,1,8,6,2026-01-29 12:09:00,2026-01-29 15:39:00,280,14,3
6535,5,43,20,2026-06-01 08:12:00,2026-06-01 11:10:00,306,3,1
6536,4,27,13,2026-02-06 15:41:00,2026-02-06 16:44:00,458,15,1
6537,3,40,9,2026-01-07 14:58:00,2026-01-07 16:51:00,372,9,1
6538,4,44,19,2026-05-20 21:04:00,2026-05-21 00:13:00,228,2,3
6539,6,1,12,2026-05-03 06:00:00,2026-05-03 09:53:00,358,6,1
6540,2,16,13,2026-02-14 11:03:00,2026-02-14 12:08:00,353,3,1
6541,6,6,2,2026-02-16 12:57:00,2026-02-16 14:18:00,445,27,2
6542,3,4,6,2026-02-01 01:38:00,2026-02-01 03:14:00,353,16,3
6543,8,15,6,2026-04-10 18:29:00,2026-04-10 20:44:00,172,12,1
6544,9,50,16,2026-05-05 20:56:00,2026-05-05 22:21:00,165,3,2
6545,8,21,14,2026-02-21 01:31:00,2026-02-21 03:09:00,273,8,1
6546,8,10,10,2026-05-10 10:39:00,2026-05-10 13:29:00,376,27,2
6547,2,11,6,2026-02-06 09:31:00,2026-02-06 12:30:00,181,11,3
6548,3,34,10,2026-02-17 17:34:00,2026-02-17 20:12:00,412,20,2
6549,9,2,10,2026-05-24 05:59:00,2026-05-24 08:11:00,52,1,2
6550,2,36,15,2026-02-12 06:23:00,2026-02-12 08:17:00,375,17,2
6551,9,50,1,2026-03-13 07:41:00,2026-03-13 09:41:00,486,34,2
6552,3,34,7,2026-02-19 05:03:00,2026-02-19 08:02:00,296,14,1
6553,1,42,6,2026-05-10 14:32:00,2026-05-10 17:07:00,432,12,2
6554,3,34,16,2026-02-26 18:28:00,2026-02-26 20:27:00,329,18,2
6555,2,5,3,2026-01-20 07:54:00,2026-01-20 09:20:00,280,5,3
6556,9,50,17,2026-04-21 06:56:00,2026-04-21 07:56:00,235,10,1
6557,3,14,16,2026-02-11 00:41:00,2026-02-11 02:19:00,369,20,2
6558,8,10,10,2026-05-30 19:17:00,2026-05-30 21:17:00,334,7,1
6559,3,40,19,2026-04-16 17:05:00,2026-04-16 20:59:00,123,2,1
6560,4,35,11,2026-02-02 21:33:00,2026-02-03 01:02:00,139,2,2
6561,8,15,13,2026-01-08 14:40:00,2026-01-08 18:17:00,360,19,3
6562,8,10,19,2026-06-03 10:02:00,2026-06-03 13:29:00,109,7,3
6563,10,30,5,2026-01-22 08:47:00,2026-01-22 10:13:00,206,11,2
6564,7,19,1,2026-05-18 13:05:00,2026-05-18 13:41:00,143,7,2
6565,5,13,2,2026-01-18 13:21:00,2026-01-18 16:51:00,367,21,3
6566,2,22,16,2026-06-11 04:32:00,2026-06-11 05:50:00,285,3,3
6567,8,48,16,2026-01-12 04:01:00,2026-01-12 07:16:00,282,5,1
6568,4,44,1,2026-06-17 10:27:00,2026-06-17 12:17:00,431,28,3
6569,2,16,8,2026-04-28 11:56:00,2026-04-28 15:10:00,496,0,1
6570,5,43,20,2026-02-23 17:42:00,2026-02-23 20:26:00,68,5,1
6571,3,23,19,2026-02-24 03:47:00,2026-02-24 05:20:00,461,7,2
6572,5,43,5,2026-06-14 09:25:00,2026-06-14 12:45:00,156,12,1
6573,3,23,11,2026-06-10 17:14:00,2026-06-10 20:07:00,142,7,3
6574,8,10,10,2026-06-13 20:39:00,2026-06-14 00:04:00,112,2,1
6575,3,3,5,2026-04-26 22:13:00,2026-04-27 00:30:00,100,7,3
6576,5,41,5,2026-06-08 05:49:00,2026-06-08 07:42:00,262,4,2
6577,7,9,20,2026-02-14 22:51:00,2026-02-15 01:35:00,382,21,2
6578,4,44,5,2026-04-18 21:27:00,2026-04-19 00:21:00,270,8,1
6579,9,2,17,2026-06-03 20:28:00,2026-06-03 21:36:00,301,14,3
6580,3,23,1,2026-02-12 11:44:00,2026-02-12 15:18:00,236,13,1
6581,2,16,7,2026-01-10 01:23:00,2026-01-10 03:57:00,212,11,3
6582,5,38,19,2026-02-18 00:58:00,2026-02-18 04:14:00,308,19,2
6583,4,27,12,2026-01-26 06:51:00,2026-01-26 09:41:00,263,2,3
6584,3,34,7,2026-05-12 00:15:00,2026-05-12 02:19:00,163,4,3
6585,4,25,14,2026-04-19 07:29:00,2026-04-19 11:25:00,323,20,1
6586,1,8,3,2026-03-02 03:47:00,2026-03-02 04:41:00,310,3,2
6587,9,50,8,2026-01-19 14:45:00,2026-01-19 17:32:00,264,19,3
6588,8,48,17,2026-04-22 02:40:00,2026-04-22 03:12:00,138,8,3
6589,3,34,19,2026-04-29 18:26:00,2026-04-29 19:46:00,370,21,2
6590,7,19,10,2026-06-18 07:52:00,2026-06-18 10:21:00,370,22,3
6591,3,4,1,2026-04-09 09:13:00,2026-04-09 10:27:00,190,2,1
6592,3,23,17,2026-02-13 14:21:00,2026-02-13 17:05:00,239,17,2
6593,5,43,15,2026-01-09 08:42:00,2026-01-09 10:53:00,463,7,3
6594,4,29,17,2026-03-16 08:15:00,2026-03-16 11:42:00,167,13,3
6595,1,42,5,2026-04-04 14:18:00,2026-04-04 15:49:00,467,26,1
6596,8,21,18,2026-02-06 11:04:00,2026-02-06 14:00:00,386,10,3
6597,4,25,14,2026-01-23 15:27:00,2026-01-23 15:57:00,253,0,3
6598,4,32,20,2026-04-08 06:36:00,2026-04-08 07:33:00,134,3,1
6599,9,45,13,2026-03-20 08:47:00,2026-03-20 09:58:00,494,12,3
6600,9,45,18,2026-02-09 17:27:00,2026-02-09 20:50:00,259,5,1
6601,4,27,7,2026-04-15 22:27:00,2026-04-16 00:57:00,340,17,3
6602,9,17,12,2026-05-07 17:46:00,2026-05-07 18:20:00,483,28,2
6603,3,14,1,2026-01-23 00:06:00,2026-01-23 02:31:00,256,4,3
6604,9,17,14,2026-03-10 00:50:00,2026-03-10 02:19:00,392,12,1
6605,3,34,14,2026-06-12 03:20:00,2026-06-12 03:54:00,201,0,1
6606,3,46,19,2026-06-21 04:11:00,2026-06-21 08:10:00,366,13,2
6607,4,29,17,2026-05-14 21:16:00,2026-05-15 01:00:00,65,3,1
6608,4,32,4,2026-04-24 02:01:00,2026-04-24 05:04:00,161,5,1
6609,8,10,3,2026-03-14 13:11:00,2026-03-14 15:46:00,480,32,1
6610,6,7,1,2026-03-16 07:05:00,2026-03-16 07:49:00,283,10,1
6611,2,18,8,2026-01-14 07:48:00,2026-01-14 10:33:00,125,7,1
6612,1,39,11,2026-05-20 05:42:00,2026-05-20 08:36:00,462,1,3
6613,9,45,11,2026-02-25 08:37:00,2026-02-25 09:16:00,357,18,3
6614,1,42,12,2026-05-20 04:44:00,2026-05-20 05:28:00,180,14,2
6615,1,39,10,2026-05-11 20:00:00,2026-05-11 22:50:00,280,21,3
6616,9,12,5,2026-03-30 21:38:00,2026-03-31 00:58:00,476,25,3
6617,4,33,12,2026-05-09 16:16:00,2026-05-09 16:56:00,390,0,1
6618,4,25,9,2026-05-14 11:30:00,2026-05-14 14:12:00,465,35,1
6619,2,18,20,2026-06-12 17:37:00,2026-06-12 20:00:00,107,7,1
6620,10,20,11,2026-01-29 14:44:00,2026-01-29 17:23:00,370,28,1
6621,6,6,17,2026-02-10 21:41:00,2026-02-10 23:18:00,135,5,1
6622,4,29,18,2026-04-22 04:36:00,2026-04-22 07:20:00,78,0,1
6623,2,5,4,2026-01-06 20:27:00,2026-01-06 23:50:00,462,0,2
6624,9,17,1,2026-01-29 23:40:00,2026-01-30 01:28:00,197,1,1
6625,2,16,7,2026-02-10 10:25:00,2026-02-10 12:47:00,114,6,2
6626,2,16,16,2026-05-10 02:43:00,2026-05-10 03:40:00,292,21,1
6627,4,44,12,2026-01-25 16:34:00,2026-01-25 17:14:00,309,23,3
6628,1,31,10,2026-02-01 06:12:00,2026-02-01 08:57:00,278,12,2
6629,4,33,1,2026-04-02 16:17:00,2026-04-02 18:34:00,111,4,2
6630,4,35,11,2026-03-11 10:57:00,2026-03-11 14:51:00,78,0,3
6631,8,26,16,2026-02-18 00:05:00,2026-02-18 01:17:00,412,17,1
6632,7,9,4,2026-05-21 12:21:00,2026-05-21 13:49:00,235,4,3
6633,9,2,15,2026-04-29 22:48:00,2026-04-30 00:44:00,260,6,2
6634,10,24,11,2026-03-19 14:22:00,2026-03-19 15:04:00,325,24,2
6635,4,44,11,2026-02-18 01:23:00,2026-02-18 05:17:00,66,4,1
6636,8,48,18,2026-03-04 21:21:00,2026-03-05 00:11:00,118,5,1
6637,3,3,15,2026-03-03 05:47:00,2026-03-03 08:09:00,290,3,2
6638,9,45,17,2026-03-13 18:25:00,2026-03-13 22:13:00,366,21,1
6639,8,15,18,2026-01-04 23:29:00,2026-01-05 03:07:00,53,3,1
6640,4,27,2,2026-01-26 15:41:00,2026-01-26 16:45:00,212,2,1
6641,3,3,14,2026-03-17 01:05:00,2026-03-17 03:45:00,453,15,1
6642,7,19,13,2026-06-20 08:43:00,2026-06-20 11:36:00,81,4,1
6643,1,31,20,2026-05-18 15:18:00,2026-05-18 16:01:00,123,0,2
6644,3,34,2,2026-06-26 05:15:00,2026-06-26 07:13:00,421,28,3
6645,1,28,16,2026-06-14 20:34:00,2026-06-14 22:34:00,210,5,3
6646,1,47,4,2026-05-26 09:33:00,2026-05-26 10:04:00,200,14,1
6647,8,10,11,2026-02-27 17:35:00,2026-02-27 19:08:00,395,18,2
6648,1,42,12,2026-06-15 13:14:00,2026-06-15 15:21:00,159,3,2
6649,2,11,5,2026-06-19 11:09:00,2026-06-19 13:33:00,363,10,3
6650,6,6,11,2026-06-26 15:06:00,2026-06-26 15:55:00,83,0,2
6651,7,37,6,2026-01-20 13:36:00,2026-01-20 16:22:00,142,8,2
6652,6,1,15,2026-06-04 16:10:00,2026-06-04 19:11:00,427,25,2
6653,3,4,2,2026-05-02 17:44:00,2026-05-02 18:29:00,57,1,3
6654,10,20,7,2026-03-06 07:40:00,2026-03-06 09:46:00,184,0,1
6655,3,40,13,2026-01-16 01:26:00,2026-01-16 02:45:00,159,10,1
6656,10,30,4,2026-02-05 10:28:00,2026-02-05 13:02:00,346,11,3
6657,4,33,10,2026-04-11 12:01:00,2026-04-11 12:31:00,355,27,2
6658,3,3,2,2026-05-11 14:36:00,2026-05-11 16:49:00,94,3,1
6659,5,43,12,2026-02-09 23:13:00,2026-02-10 01:32:00,132,2,2
6660,8,21,7,2026-03-13 19:32:00,2026-03-13 20:33:00,199,2,2
6661,1,42,16,2026-05-08 09:19:00,2026-05-08 09:57:00,190,0,2
6662,4,32,4,2026-04-20 01:32:00,2026-04-20 03:42:00,142,4,2
6663,2,18,17,2026-06-06 12:58:00,2026-06-06 13:31:00,411,16,3
6664,1,31,16,2026-03-12 09:16:00,2026-03-12 10:18:00,434,1,1
6665,9,45,19,2026-06-14 06:20:00,2026-06-14 07:45:00,86,3,2
6666,1,42,5,2026-04-06 15:48:00,2026-04-06 16:29:00,374,20,3
6667,3,40,8,2026-04-04 21:01:00,2026-04-05 00:47:00,461,1,3
6668,4,44,4,2026-04-24 22:34:00,2026-04-24 23:26:00,226,14,1
6669,4,33,15,2026-05-25 02:58:00,2026-05-25 04:38:00,210,10,1
6670,10,30,20,2026-04-17 19:02:00,2026-04-17 21:10:00,247,16,3
6671,7,19,14,2026-04-19 05:39:00,2026-04-19 07:16:00,433,16,3
6672,4,35,2,2026-06-05 15:13:00,2026-06-05 16:31:00,358,10,1
6673,8,48,6,2026-06-28 17:22:00,2026-06-28 19:24:00,196,8,2
6674,6,1,12,2026-04-02 19:15:00,2026-04-02 20:22:00,223,12,2
6675,4,27,9,2026-05-03 10:51:00,2026-05-03 14:06:00,181,3,2
6676,4,44,10,2026-01-25 06:54:00,2026-01-25 10:16:00,108,1,2
6677,3,46,9,2026-03-09 16:26:00,2026-03-09 18:10:00,314,20,1
6678,3,23,10,2026-02-01 20:03:00,2026-02-01 21:06:00,66,0,1
6679,9,50,15,2026-01-11 19:55:00,2026-01-11 21:32:00,59,1,2
6680,8,15,1,2026-01-01 23:48:00,2026-01-02 03:05:00,355,11,3
6681,4,44,3,2026-01-21 14:55:00,2026-01-21 15:53:00,454,12,1
6682,3,34,10,2026-06-24 21:27:00,2026-06-25 01:23:00,199,10,1
6683,7,9,4,2026-01-13 04:36:00,2026-01-13 05:37:00,365,9,2
6684,2,36,7,2026-01-24 13:28:00,2026-01-24 15:24:00,304,8,1
6685,1,47,13,2026-01-17 03:03:00,2026-01-17 06:15:00,229,12,2
6686,9,50,11,2026-04-02 00:41:00,2026-04-02 02:40:00,293,21,3
6687,4,33,11,2026-05-06 10:25:00,2026-05-06 13:25:00,382,26,1
6688,10,24,17,2026-06-03 15:35:00,2026-06-03 16:52:00,427,2,2
6689,4,32,7,2026-04-17 02:31:00,2026-04-17 06:09:00,188,5,2
6690,4,27,7,2026-06-14 13:47:00,2026-06-14 16:44:00,368,3,3
6691,2,18,12,2026-04-01 00:52:00,2026-04-01 02:40:00,213,5,2
6692,2,11,9,2026-05-19 12:49:00,2026-05-19 14:54:00,428,8,2
6693,4,44,8,2026-05-15 08:21:00,2026-05-15 10:47:00,347,24,3
6694,4,32,7,2026-02-26 07:37:00,2026-02-26 09:55:00,224,6,2
6695,4,27,18,2026-01-15 15:49:00,2026-01-15 19:18:00,215,2,2
6696,10,20,14,2026-06-06 13:20:00,2026-06-06 16:25:00,199,11,2
6697,1,39,20,2026-05-26 21:29:00,2026-05-27 00:45:00,86,6,2
6698,4,25,4,2026-01-01 20:46:00,2026-01-01 23:58:00,475,12,1
6699,6,1,18,2026-03-25 09:26:00,2026-03-25 11:01:00,409,28,1
6700,8,15,3,2026-05-21 10:06:00,2026-05-21 12:28:00,223,5,1
6701,6,6,18,2026-03-02 15:03:00,2026-03-02 15:38:00,369,13,1
6702,4,32,9,2026-04-24 22:52:00,2026-04-25 01:40:00,461,31,2
6703,2,11,15,2026-05-08 02:43:00,2026-05-08 05:36:00,461,1,2
6704,2,16,11,2026-03-24 19:36:00,2026-03-24 21:59:00,443,15,2
6705,10,20,14,2026-03-20 06:56:00,2026-03-20 07:52:00,287,6,2
6706,1,42,10,2026-03-01 14:24:00,2026-03-01 17:58:00,144,10,2
6707,1,8,15,2026-02-22 04:19:00,2026-02-22 06:11:00,281,15,1
6708,6,1,2,2026-06-09 19:50:00,2026-06-09 22:18:00,171,0,3
6709,7,19,6,2026-05-29 02:42:00,2026-05-29 03:50:00,228,12,1
6710,1,28,2,2026-05-30 05:43:00,2026-05-30 07:05:00,492,35,2
6711,3,46,2,2026-02-19 22:07:00,2026-02-20 00:37:00,400,24,2
6712,3,3,2,2026-06-07 07:29:00,2026-06-07 11:26:00,370,26,2
6713,5,43,10,2026-03-06 04:31:00,2026-03-06 05:52:00,340,26,3
6714,9,45,19,2026-04-07 14:03:00,2026-04-07 16:41:00,114,3,3
6715,5,13,13,2026-06-23 10:04:00,2026-06-23 12:00:00,348,25,2
6716,7,37,3,2026-01-29 03:05:00,2026-01-29 03:37:00,268,15,1
6717,6,7,3,2026-03-31 02:49:00,2026-03-31 03:19:00,276,6,2
6718,6,1,18,2026-01-08 19:12:00,2026-01-08 20:57:00,453,16,2
6719,8,15,16,2026-05-01 08:07:00,2026-05-01 10:39:00,306,10,1
6720,1,8,17,2026-04-10 12:13:00,2026-04-10 16:03:00,386,23,2
6721,3,49,20,2026-03-01 11:12:00,2026-03-01 12:00:00,281,20,2
6722,9,50,20,2026-05-07 02:39:00,2026-05-07 06:29:00,258,19,2
6723,2,18,9,2026-04-05 18:07:00,2026-04-05 21:40:00,216,15,2
6724,4,27,8,2026-04-19 13:43:00,2026-04-19 17:27:00,233,15,1
6725,8,10,13,2026-03-17 00:18:00,2026-03-17 02:11:00,320,2,1
6726,10,20,18,2026-01-15 23:10:00,2026-01-16 01:31:00,399,18,3
6727,7,9,15,2026-03-19 03:40:00,2026-03-19 05:29:00,239,12,3
6728,1,28,19,2026-05-03 16:59:00,2026-05-03 18:20:00,264,5,3
6729,8,26,17,2026-04-27 10:19:00,2026-04-27 11:16:00,228,7,2
6730,8,21,9,2026-05-23 08:24:00,2026-05-23 12:15:00,168,1,3
6731,1,42,19,2026-05-07 15:01:00,2026-05-07 18:28:00,257,11,2
6732,1,42,3,2026-05-27 05:22:00,2026-05-27 07:05:00,140,3,3
6733,1,47,12,2026-02-12 18:42:00,2026-02-12 20:47:00,340,14,1
6734,3,3,2,2026-02-04 08:53:00,2026-02-04 12:22:00,465,3,1
6735,6,7,20,2026-04-25 03:20:00,2026-04-25 05:06:00,244,2,2
6736,2,36,13,2026-06-23 18:00:00,2026-06-23 21:26:00,170,3,2
6737,4,27,6,2026-02-15 22:50:00,2026-02-16 01:26:00,450,26,3
6738,2,22,6,2026-03-04 08:06:00,2026-03-04 09:35:00,181,6,1
6739,3,49,6,2026-05-27 12:44:00,2026-05-27 16:35:00,74,3,1
6740,1,28,10,2026-05-22 12:46:00,2026-05-22 14:06:00,86,1,2
6741,8,26,13,2026-06-27 02:44:00,2026-06-27 06:33:00,82,4,2
6742,7,37,1,2026-01-14 23:43:00,2026-01-15 01:58:00,160,10,3
6743,5,41,17,2026-04-26 16:12:00,2026-04-26 20:07:00,184,9,1
6744,3,49,3,2026-06-26 21:53:00,2026-06-27 01:05:00,321,13,3
6745,1,47,12,2026-03-08 16:18:00,2026-03-08 20:12:00,402,29,2
6746,2,18,19,2026-04-09 02:30:00,2026-04-09 04:56:00,236,16,1
6747,1,47,13,2026-03-18 10:36:00,2026-03-18 11:36:00,62,1,2
6748,4,35,8,2026-03-31 12:16:00,2026-03-31 15:09:00,79,1,2
6749,10,20,4,2026-01-19 07:52:00,2026-01-19 11:10:00,72,4,2
6750,8,10,14,2026-04-11 19:35:00,2026-04-11 22:17:00,69,3,3
6751,4,27,3,2026-06-10 09:29:00,2026-06-10 12:53:00,410,25,2
6752,5,43,1,2026-04-21 21:15:00,2026-04-21 22:28:00,221,12,2
6753,1,28,10,2026-06-07 10:52:00,2026-06-07 14:18:00,111,7,3
6754,6,7,17,2026-04-21 15:34:00,2026-04-21 19:08:00,351,11,1
6755,6,6,18,2026-06-11 21:07:00,2026-06-11 23:30:00,66,2,2
6756,7,37,3,2026-05-29 03:48:00,2026-05-29 06:12:00,149,0,3
6757,5,43,5,2026-04-11 19:27:00,2026-04-11 20:25:00,402,1,1
6758,10,20,12,2026-01-08 01:45:00,2026-01-08 02:43:00,467,19,1
6759,8,15,16,2026-06-03 20:04:00,2026-06-03 21:39:00,301,1,2
6760,10,30,13,2026-05-11 01:55:00,2026-05-11 05:18:00,451,20,2
6761,1,47,17,2026-03-19 14:13:00,2026-03-19 17:41:00,490,33,3
6762,6,6,18,2026-06-08 20:37:00,2026-06-08 22:53:00,441,3,2
6763,5,13,16,2026-06-01 04:11:00,2026-06-01 07:00:00,120,7,1
6764,3,3,15,2026-04-08 05:01:00,2026-04-08 08:52:00,348,18,3
6765,5,41,17,2026-02-07 14:09:00,2026-02-07 16:25:00,334,20,3
6766,1,28,9,2026-01-13 02:20:00,2026-01-13 03:56:00,331,23,1
6767,1,8,7,2026-04-05 06:01:00,2026-04-05 07:35:00,106,6,1
6768,7,19,18,2026-05-04 20:09:00,2026-05-04 21:30:00,363,24,1
6769,9,45,13,2026-05-30 23:16:00,2026-05-30 23:54:00,132,1,3
6770,7,37,15,2026-02-13 04:25:00,2026-02-13 05:50:00,256,11,3
6771,4,25,3,2026-03-10 12:37:00,2026-03-10 14:18:00,107,6,1
6772,2,5,1,2026-01-07 10:47:00,2026-01-07 12:06:00,220,1,3
6773,7,19,18,2026-06-05 06:26:00,2026-06-05 09:06:00,87,5,2
6774,1,31,10,2026-05-13 22:36:00,2026-05-13 23:26:00,481,26,2
6775,7,9,19,2026-03-04 00:43:00,2026-03-04 03:51:00,232,9,2
6776,5,38,19,2026-05-30 01:06:00,2026-05-30 03:23:00,262,16,2
6777,3,40,2,2026-02-10 17:24:00,2026-02-10 19:09:00,320,20,2
6778,3,23,3,2026-01-22 03:41:00,2026-01-22 05:21:00,388,4,3
6779,3,49,9,2026-02-21 01:01:00,2026-02-21 04:02:00,286,14,2
6780,7,9,17,2026-05-13 09:30:00,2026-05-13 11:24:00,235,0,2
6781,1,39,16,2026-05-13 02:28:00,2026-05-13 04:59:00,248,3,3
6782,9,50,7,2026-01-03 09:26:00,2026-01-03 12:07:00,488,36,3
6783,2,11,2,2026-05-25 18:44:00,2026-05-25 21:07:00,264,15,2
6784,6,7,3,2026-03-31 17:44:00,2026-03-31 19:54:00,64,1,2
6785,6,6,2,2026-06-17 07:00:00,2026-06-17 10:24:00,369,20,3
6786,3,4,6,2026-02-08 19:37:00,2026-02-08 23:35:00,286,13,1
6787,4,44,5,2026-06-24 20:52:00,2026-06-25 00:42:00,422,2,3
6788,3,14,16,2026-05-23 20:32:00,2026-05-23 23:18:00,204,2,3
6789,1,8,12,2026-02-26 15:03:00,2026-02-26 17:32:00,79,3,1
6790,8,15,3,2026-03-08 03:34:00,2026-03-08 04:33:00,457,22,3
6791,3,34,4,2026-04-30 04:13:00,2026-04-30 05:53:00,393,9,2
6792,4,33,15,2026-03-05 09:31:00,2026-03-05 11:14:00,396,0,1
6793,7,9,11,2026-04-09 10:13:00,2026-04-09 13:59:00,381,22,1
6794,1,31,9,2026-06-15 15:44:00,2026-06-15 19:01:00,436,12,3
6795,2,36,11,2026-06-28 05:11:00,2026-06-28 06:33:00,325,24,1
6796,3,34,14,2026-05-04 19:27:00,2026-05-04 20:45:00,493,9,2
6797,4,35,15,2026-04-19 12:54:00,2026-04-19 16:01:00,307,0,2
6798,10,24,7,2026-03-10 07:06:00,2026-03-10 09:33:00,359,19,3
6799,4,32,3,2026-05-09 05:59:00,2026-05-09 09:14:00,401,23,3
6800,6,6,7,2026-01-13 22:15:00,2026-01-14 00:31:00,367,23,1
6801,3,46,8,2026-03-01 01:21:00,2026-03-01 03:59:00,334,16,2
6802,4,35,11,2026-02-28 06:36:00,2026-02-28 07:36:00,401,7,1
6803,8,48,20,2026-02-06 05:47:00,2026-02-06 07:13:00,378,6,1
6804,8,10,20,2026-06-29 16:11:00,2026-06-29 17:50:00,450,5,3
6805,8,21,9,2026-04-15 01:23:00,2026-04-15 03:29:00,62,4,1
6806,1,42,7,2026-05-13 12:20:00,2026-05-13 13:24:00,261,6,2
6807,8,10,12,2026-02-23 11:10:00,2026-02-23 15:05:00,278,10,3
6808,3,3,6,2026-06-23 22:46:00,2026-06-24 02:00:00,186,5,2
6809,3,3,16,2026-04-09 00:53:00,2026-04-09 02:04:00,466,20,2
6810,9,2,5,2026-04-23 10:39:00,2026-04-23 13:19:00,108,3,3
6811,1,42,6,2026-03-17 07:08:00,2026-03-17 07:50:00,433,8,3
6812,8,21,9,2026-02-06 10:36:00,2026-02-06 14:26:00,263,20,1
6813,10,24,6,2026-06-15 20:07:00,2026-06-15 21:02:00,404,4,2
6814,2,11,20,2026-05-30 01:06:00,2026-05-30 04:09:00,77,5,2
6815,8,15,8,2026-03-26 04:07:00,2026-03-26 06:39:00,113,3,3
6816,2,36,18,2026-05-27 17:22:00,2026-05-27 18:16:00,74,2,3
6817,9,2,9,2026-06-13 14:23:00,2026-06-13 17:47:00,200,7,1
6818,9,12,17,2026-05-16 16:37:00,2026-05-16 17:10:00,248,16,1
6819,8,48,17,2026-03-31 02:55:00,2026-03-31 05:26:00,288,19,1
6820,1,8,10,2026-04-28 21:45:00,2026-04-28 22:32:00,402,31,2
6821,10,20,20,2026-05-02 21:19:00,2026-05-02 22:41:00,302,17,1
6822,10,24,3,2026-05-12 06:09:00,2026-05-12 09:11:00,460,16,1
6823,2,22,11,2026-05-06 15:57:00,2026-05-06 18:03:00,397,31,1
6824,4,33,7,2026-03-24 03:00:00,2026-03-24 04:25:00,119,6,2
6825,6,6,19,2026-04-02 14:22:00,2026-04-02 14:57:00,128,2,2
6826,1,28,3,2026-04-19 10:38:00,2026-04-19 11:39:00,310,5,3
6827,3,3,11,2026-04-09 17:08:00,2026-04-09 19:26:00,411,23,3
6828,7,9,20,2026-01-06 10:12:00,2026-01-06 14:05:00,224,17,3
6829,4,35,9,2026-01-14 09:50:00,2026-01-14 12:49:00,275,0,1
6830,6,7,10,2026-04-25 07:07:00,2026-04-25 07:40:00,112,6,2
6831,4,33,8,2026-05-02 18:41:00,2026-05-02 20:56:00,229,0,2
6832,1,31,7,2026-01-26 17:50:00,2026-01-26 20:49:00,170,4,3
6833,5,43,20,2026-06-23 01:38:00,2026-06-23 05:14:00,330,25,2
6834,1,39,4,2026-03-02 18:19:00,2026-03-02 21:43:00,265,3,1
6835,9,45,19,2026-01-12 04:07:00,2026-01-12 08:05:00,372,5,2
6836,9,2,9,2026-04-23 05:29:00,2026-04-23 07:56:00,160,10,3
6837,4,33,14,2026-02-18 06:45:00,2026-02-18 07:37:00,199,2,3
6838,4,29,7,2026-01-12 11:23:00,2026-01-12 14:23:00,425,33,3
6839,8,10,4,2026-05-10 00:25:00,2026-05-10 03:25:00,124,4,1
6840,2,11,14,2026-03-18 13:32:00,2026-03-18 15:56:00,66,3,3
6841,3,23,4,2026-01-28 18:34:00,2026-01-28 19:09:00,343,8,3
6842,8,10,11,2026-06-19 01:36:00,2026-06-19 04:17:00,163,5,2
6843,4,35,7,2026-02-21 20:38:00,2026-02-21 22:42:00,176,4,2
6844,2,16,18,2026-05-26 23:02:00,2026-05-27 02:19:00,459,23,3
6845,1,8,6,2026-01-22 19:26:00,2026-01-22 22:48:00,496,34,1
6846,8,26,2,2026-05-29 06:53:00,2026-05-29 07:58:00,214,6,1
6847,8,21,3,2026-01-01 17:01:00,2026-01-01 21:00:00,348,19,2
6848,7,19,20,2026-03-01 10:05:00,2026-03-01 11:16:00,193,4,1
6849,1,8,9,2026-05-28 05:32:00,2026-05-28 08:27:00,261,14,1
6850,9,50,14,2026-04-29 11:51:00,2026-04-29 13:09:00,214,16,2
6851,1,8,19,2026-03-02 21:39:00,2026-03-03 00:16:00,426,24,3
6852,8,10,19,2026-05-31 16:17:00,2026-05-31 17:43:00,220,3,1
6853,4,25,13,2026-03-05 18:58:00,2026-03-05 19:47:00,349,6,1
6854,3,34,7,2026-01-06 04:37:00,2026-01-06 07:01:00,252,3,1
6855,7,37,5,2026-03-21 10:37:00,2026-03-21 12:49:00,259,19,1
6856,2,36,7,2026-06-19 00:14:00,2026-06-19 01:22:00,180,1,2
6857,1,28,13,2026-01-04 22:05:00,2026-01-05 00:15:00,429,20,2
6858,8,10,15,2026-05-03 11:53:00,2026-05-03 15:21:00,283,5,1
6859,6,1,12,2026-03-04 00:48:00,2026-03-04 02:06:00,345,16,2
6860,3,46,6,2026-05-17 21:13:00,2026-05-17 23:24:00,333,24,2
6861,7,37,8,2026-05-14 22:31:00,2026-05-15 02:07:00,138,3,1
6862,7,37,19,2026-06-14 17:28:00,2026-06-14 19:24:00,393,2,1
6863,9,50,11,2026-01-19 20:32:00,2026-01-19 22:03:00,290,4,1
6864,2,11,5,2026-04-29 02:44:00,2026-04-29 03:44:00,82,5,2
6865,1,28,9,2026-02-17 03:39:00,2026-02-17 06:45:00,123,3,3
6866,3,23,16,2026-05-30 08:44:00,2026-05-30 12:33:00,60,2,3
6867,2,18,16,2026-05-28 12:16:00,2026-05-28 15:37:00,211,10,3
6868,1,31,5,2026-02-28 21:47:00,2026-03-01 00:58:00,387,28,2
6869,3,40,18,2026-02-16 21:43:00,2026-02-16 22:33:00,73,3,3
6870,2,36,14,2026-03-03 07:32:00,2026-03-03 08:12:00,394,13,3
6871,3,49,4,2026-05-19 12:35:00,2026-05-19 15:30:00,183,9,2
6872,5,43,8,2026-04-03 06:28:00,2026-04-03 08:39:00,498,7,1
6873,4,33,5,2026-01-10 15:44:00,2026-01-10 18:08:00,270,5,3
6874,9,17,2,2026-03-04 00:54:00,2026-03-04 03:47:00,218,2,1
6875,4,44,7,2026-01-29 17:47:00,2026-01-29 20:03:00,95,1,2
6876,3,34,19,2026-03-16 18:50:00,2026-03-16 22:40:00,457,17,2
6877,2,11,4,2026-02-02 00:06:00,2026-02-02 03:11:00,149,2,2
6878,9,50,17,2026-03-24 23:26:00,2026-03-25 02:26:00,349,5,1
6879,8,15,16,2026-03-15 21:44:00,2026-03-15 23:56:00,234,7,2
6880,4,29,10,2026-05-23 11:54:00,2026-05-23 12:52:00,199,8,1
6881,4,35,6,2026-04-10 06:26:00,2026-04-10 08:04:00,50,1,3
6882,7,19,13,2026-01-12 13:29:00,2026-01-12 17:23:00,397,27,2
6883,8,48,15,2026-05-27 16:27:00,2026-05-27 20:27:00,109,6,3
6884,3,34,3,2026-02-01 02:41:00,2026-02-01 05:57:00,258,3,1
6885,4,35,3,2026-02-03 06:28:00,2026-02-03 08:26:00,92,5,3
6886,3,34,8,2026-02-13 02:47:00,2026-02-13 03:18:00,112,5,1
6887,10,24,16,2026-05-19 07:13:00,2026-05-19 09:45:00,465,5,3
6888,9,50,2,2026-05-13 20:08:00,2026-05-13 22:40:00,294,5,1
6889,3,40,18,2026-02-15 11:06:00,2026-02-15 14:18:00,260,7,2
6890,1,39,14,2026-03-04 16:19:00,2026-03-04 17:06:00,242,1,1
6891,8,21,1,2026-03-13 21:36:00,2026-03-13 23:45:00,81,0,1
6892,2,18,18,2026-04-06 13:42:00,2026-04-06 14:46:00,62,3,1
6893,5,41,5,2026-05-24 19:22:00,2026-05-24 21:06:00,119,7,1
6894,7,9,14,2026-03-10 21:38:00,2026-03-10 22:15:00,194,8,2
6895,5,38,4,2026-02-21 00:33:00,2026-02-21 01:51:00,284,17,1
6896,5,41,1,2026-06-12 01:08:00,2026-06-12 04:17:00,453,17,2
6897,2,11,13,2026-03-07 06:09:00,2026-03-07 07:06:00,110,5,2
6898,9,17,16,2026-04-15 06:01:00,2026-04-15 08:01:00,206,14,2
6899,2,5,14,2026-01-26 15:08:00,2026-01-26 16:14:00,490,24,1
6900,10,30,6,2026-01-17 07:12:00,2026-01-17 10:56:00,68,2,3
6901,8,48,6,2026-05-05 03:02:00,2026-05-05 06:02:00,91,0,3
6902,9,12,2,2026-05-23 13:07:00,2026-05-23 13:51:00,317,12,1
6903,1,31,4,2026-04-17 23:47:00,2026-04-18 01:33:00,323,1,3
6904,3,40,9,2026-02-16 10:04:00,2026-02-16 11:31:00,357,26,2
6905,5,13,19,2026-03-10 01:15:00,2026-03-10 01:56:00,84,0,1
6906,10,30,2,2026-04-06 22:55:00,2026-04-07 02:20:00,357,23,2
6907,9,12,14,2026-04-30 00:56:00,2026-04-30 03:00:00,180,10,2
6908,2,36,3,2026-05-19 06:02:00,2026-05-19 09:39:00,449,9,2
6909,2,36,1,2026-02-04 06:38:00,2026-02-04 08:40:00,140,1,1
6910,4,32,20,2026-02-16 05:45:00,2026-02-16 06:22:00,391,6,1
6911,3,23,3,2026-05-06 16:46:00,2026-05-06 17:16:00,305,21,2
6912,4,27,11,2026-05-10 02:27:00,2026-05-10 04:44:00,118,7,2
6913,1,28,14,2026-02-01 14:21:00,2026-02-01 15:00:00,261,6,2
6914,1,8,1,2026-03-19 23:16:00,2026-03-20 01:41:00,77,0,3
6915,3,34,14,2026-05-30 19:43:00,2026-05-30 20:17:00,232,1,1
6916,4,25,13,2026-04-21 08:56:00,2026-04-21 10:56:00,344,11,1
6917,3,49,3,2026-04-20 11:00:00,2026-04-20 12:00:00,328,17,2
6918,1,47,11,2026-02-28 05:06:00,2026-02-28 07:53:00,495,9,2
6919,4,44,7,2026-04-17 11:48:00,2026-04-17 12:24:00,201,15,3
6920,1,31,8,2026-05-19 07:18:00,2026-05-19 08:19:00,222,12,2
6921,3,4,18,2026-01-25 21:26:00,2026-01-25 22:35:00,423,1,2
6922,8,48,20,2026-06-29 19:56:00,2026-06-29 22:28:00,434,4,3
6923,5,43,14,2026-03-25 15:16:00,2026-03-25 16:38:00,249,14,1
6924,4,29,5,2026-03-09 02:20:00,2026-03-09 02:53:00,334,26,1
6925,1,39,17,2026-06-14 19:37:00,2026-06-14 21:35:00,253,15,2
6926,3,49,6,2026-06-20 05:23:00,2026-06-20 07:29:00,444,27,1
6927,3,46,13,2026-04-06 06:42:00,2026-04-06 09:50:00,80,3,1
6928,7,37,6,2026-05-20 09:09:00,2026-05-20 10:55:00,269,10,1
6929,5,43,19,2026-06-03 08:36:00,2026-06-03 11:32:00,53,0,3
6930,8,48,13,2026-04-11 04:06:00,2026-04-11 04:42:00,219,14,1
6931,5,38,11,2026-03-25 15:18:00,2026-03-25 16:51:00,154,11,2
6932,6,7,3,2026-06-25 03:03:00,2026-06-25 06:43:00,60,0,1
6933,8,48,11,2026-03-17 12:33:00,2026-03-17 15:44:00,223,14,2
6934,9,17,4,2026-05-16 11:41:00,2026-05-16 13:24:00,414,3,2
6935,1,42,18,2026-05-11 13:33:00,2026-05-11 14:20:00,217,1,3
6936,10,30,16,2026-05-30 19:04:00,2026-05-30 19:53:00,466,2,1
6937,9,2,18,2026-06-10 06:28:00,2026-06-10 07:29:00,269,17,2
6938,10,20,19,2026-03-11 21:49:00,2026-03-12 00:21:00,324,2,3
6939,4,33,4,2026-06-03 09:19:00,2026-06-03 10:44:00,464,9,3
6940,8,48,11,2026-02-07 09:06:00,2026-02-07 12:36:00,105,7,1
6941,7,9,19,2026-03-24 06:26:00,2026-03-24 07:01:00,364,22,2
6942,9,50,17,2026-01-30 19:29:00,2026-01-30 22:27:00,140,1,2
6943,3,23,6,2026-05-15 05:34:00,2026-05-15 06:25:00,266,7,3
6944,3,14,8,2026-04-17 10:43:00,2026-04-17 13:39:00,167,6,1
6945,9,50,9,2026-05-01 18:31:00,2026-05-01 21:09:00,120,4,3
6946,2,18,2,2026-04-13 20:06:00,2026-04-13 23:43:00,418,13,1
6947,3,49,4,2026-04-19 21:05:00,2026-04-20 01:03:00,91,0,3
6948,9,2,16,2026-01-29 19:03:00,2026-01-29 22:46:00,422,29,2
6949,9,12,14,2026-01-11 01:03:00,2026-01-11 01:44:00,189,1,3
6950,1,47,15,2026-06-27 22:45:00,2026-06-28 01:43:00,470,13,1
6951,6,1,13,2026-04-27 07:58:00,2026-04-27 10:28:00,412,2,2
6952,2,22,18,2026-01-16 23:33:00,2026-01-17 00:29:00,338,23,1
6953,9,12,5,2026-02-06 10:27:00,2026-02-06 12:36:00,319,13,1
6954,5,13,12,2026-06-17 05:15:00,2026-06-17 07:02:00,77,1,3
6955,6,1,13,2026-05-07 21:52:00,2026-05-07 23:07:00,260,11,1
6956,1,47,14,2026-03-27 19:31:00,2026-03-27 21:39:00,389,17,2
6957,1,47,9,2026-05-27 06:30:00,2026-05-27 10:21:00,120,5,2
6958,1,31,2,2026-05-27 16:13:00,2026-05-27 18:03:00,97,5,3
6959,4,29,14,2026-03-13 20:20:00,2026-03-14 00:16:00,420,18,2
6960,6,6,8,2026-05-14 03:53:00,2026-05-14 06:54:00,163,5,3
6961,10,20,17,2026-06-18 12:43:00,2026-06-18 14:13:00,54,1,2
6962,5,43,1,2026-02-02 11:11:00,2026-02-02 13:05:00,81,0,2
6963,7,19,3,2026-06-24 05:00:00,2026-06-24 05:39:00,335,8,3
6964,1,47,10,2026-01-25 20:47:00,2026-01-26 00:08:00,233,4,3
6965,6,1,17,2026-01-16 06:03:00,2026-01-16 10:00:00,378,13,2
6966,5,41,7,2026-04-22 12:59:00,2026-04-22 16:30:00,215,9,2
6967,6,6,16,2026-06-10 13:15:00,2026-06-10 15:58:00,136,9,2
6968,4,44,6,2026-03-23 07:39:00,2026-03-23 08:59:00,98,3,1
6969,1,8,9,2026-06-13 05:26:00,2026-06-13 09:05:00,282,12,3
6970,1,28,4,2026-01-05 03:25:00,2026-01-05 04:47:00,264,21,1
6971,3,23,7,2026-01-10 03:38:00,2026-01-10 04:09:00,463,24,2
6972,4,29,6,2026-06-12 07:31:00,2026-06-12 08:59:00,461,19,3
6973,10,20,6,2026-04-21 03:54:00,2026-04-21 05:54:00,149,10,3
6974,2,18,1,2026-03-15 06:50:00,2026-03-15 10:47:00,422,27,3
6975,6,7,17,2026-04-25 21:09:00,2026-04-26 00:23:00,492,2,3
6976,9,45,8,2026-04-19 18:08:00,2026-04-19 20:25:00,407,0,3
6977,4,25,14,2026-06-09 22:30:00,2026-06-10 00:38:00,143,6,1
6978,2,11,9,2026-02-11 08:25:00,2026-02-11 10:41:00,266,5,2
6979,10,24,7,2026-05-27 19:03:00,2026-05-27 19:42:00,276,17,2
6980,6,7,1,2026-01-22 09:29:00,2026-01-22 10:48:00,252,18,1
6981,7,19,16,2026-05-27 11:50:00,2026-05-27 15:02:00,392,7,3
6982,4,29,12,2026-06-16 16:00:00,2026-06-16 17:11:00,373,9,1
6983,3,49,15,2026-05-03 03:57:00,2026-05-03 04:48:00,258,10,3
6984,9,2,16,2026-02-19 21:24:00,2026-02-19 23:32:00,322,9,2
6985,4,25,19,2026-05-17 14:51:00,2026-05-17 18:02:00,363,17,2
6986,2,36,4,2026-03-02 06:36:00,2026-03-02 08:45:00,220,1,1
6987,6,7,8,2026-05-28 10:29:00,2026-05-28 14:17:00,62,3,3
6988,5,43,11,2026-04-25 16:37:00,2026-04-25 17:16:00,286,10,2
6989,3,14,6,2026-02-01 21:41:00,2026-02-01 23:53:00,105,0,2
6990,4,25,11,2026-01-09 02:36:00,2026-01-09 05:41:00,413,28,1
6991,4,29,3,2026-06-18 04:38:00,2026-06-18 05:59:00,386,17,3
6992,4,25,4,2026-03-15 08:22:00,2026-03-15 09:34:00,262,10,2
6993,5,41,14,2026-04-09 18:09:00,2026-04-09 18:57:00,147,5,2
6994,8,26,4,2026-01-16 17:14:00,2026-01-16 20:54:00,151,3,2
6995,2,36,9,2026-03-12 23:03:00,2026-03-12 23:41:00,441,14,2
6996,8,26,4,2026-03-17 12:06:00,2026-03-17 13:44:00,227,10,3
6997,3,40,10,2026-01-24 23:22:00,2026-01-25 02:07:00,121,8,3
6998,9,2,1,2026-05-28 05:07:00,2026-05-28 06:37:00,280,13,2
6999,2,11,3,2026-06-29 01:34:00,2026-06-29 05:19:00,423,8,2
7000,10,30,12,2026-03-04 18:18:00,2026-03-04 20:20:00,58,2,1
7001,3,40,2,2026-06-29 23:08:00,2026-06-30 01:49:00,354,0,3
7002,6,7,5,2026-02-12 17:30:00,2026-02-12 21:03:00,69,3,2
7003,3,14,20,2026-05-14 14:09:00,2026-05-14 15:05:00,113,0,1
7004,4,25,10,2026-02-19 19:40:00,2026-02-19 23:39:00,211,1,3
7005,4,29,11,2026-06-24 23:31:00,2026-06-25 01:43:00,329,6,1
7006,8,10,19,2026-03-22 18:41:00,2026-03-22 22:10:00,297,22,3
7007,8,10,9,2026-04-19 05:37:00,2026-04-19 06:31:00,249,19,2
7008,6,7,17,2026-02-01 05:42:00,2026-02-01 08:25:00,90,0,2
7009,4,27,18,2026-02-12 03:54:00,2026-02-12 05:25:00,223,0,3
7010,2,36,13,2026-04-09 20:26:00,2026-04-09 20:57:00,430,20,1
7011,9,50,5,2026-02-03 18:13:00,2026-02-03 20:45:00,258,16,2
7012,4,35,11,2026-05-30 01:56:00,2026-05-30 05:33:00,210,4,3
7013,8,15,13,2026-03-01 13:08:00,2026-03-01 15:51:00,395,27,1
7014,7,9,16,2026-06-06 17:19:00,2026-06-06 21:11:00,170,12,3
7015,5,38,6,2026-04-15 11:15:00,2026-04-15 13:57:00,250,6,3
7016,1,8,10,2026-06-09 08:13:00,2026-06-09 11:40:00,320,0,2
7017,8,15,9,2026-03-16 09:51:00,2026-03-16 10:51:00,175,1,3
7018,4,25,12,2026-04-04 03:26:00,2026-04-04 05:07:00,428,32,2
7019,4,29,20,2026-01-21 21:26:00,2026-01-21 23:51:00,91,0,2
7020,9,50,5,2026-02-27 03:57:00,2026-02-27 06:46:00,257,19,3
7021,4,32,19,2026-05-24 01:55:00,2026-05-24 05:05:00,213,2,3
7022,1,31,1,2026-01-06 13:24:00,2026-01-06 14:13:00,113,6,3
7023,3,46,10,2026-01-19 17:52:00,2026-01-19 19:59:00,126,4,3
7024,9,2,20,2026-06-28 00:29:00,2026-06-28 03:49:00,326,13,1
7025,6,1,20,2026-03-17 13:40:00,2026-03-17 17:36:00,416,16,3
7026,1,31,7,2026-04-29 00:03:00,2026-04-29 04:03:00,352,16,1
7027,7,19,18,2026-05-27 23:21:00,2026-05-28 01:29:00,343,12,1
7028,6,1,14,2026-03-14 11:15:00,2026-03-14 14:40:00,290,15,3
7029,8,21,10,2026-01-06 23:51:00,2026-01-07 01:09:00,191,5,1
7030,4,32,20,2026-01-31 08:53:00,2026-01-31 10:24:00,437,11,1
7031,1,31,19,2026-01-17 12:43:00,2026-01-17 16:18:00,138,7,1
7032,7,19,4,2026-04-09 09:06:00,2026-04-09 11:01:00,149,4,2
7033,9,2,15,2026-05-23 13:19:00,2026-05-23 15:23:00,85,2,3
7034,5,13,8,2026-06-06 02:05:00,2026-06-06 04:01:00,302,21,1
7035,2,5,16,2026-02-08 23:56:00,2026-02-09 03:53:00,86,3,2
7036,1,39,17,2026-05-21 16:38:00,2026-05-21 20:27:00,432,15,3
7037,1,42,14,2026-04-21 15:11:00,2026-04-21 19:03:00,57,1,1
7038,6,1,9,2026-06-18 13:51:00,2026-06-18 15:22:00,463,36,1
7039,4,32,9,2026-02-15 22:59:00,2026-02-16 01:17:00,400,28,1
7040,2,18,8,2026-01-18 20:07:00,2026-01-18 22:25:00,350,0,2
7041,1,47,10,2026-05-06 07:46:00,2026-05-06 09:41:00,482,5,3
7042,5,38,1,2026-03-20 07:39:00,2026-03-20 10:22:00,262,10,3
7043,4,32,17,2026-02-22 04:57:00,2026-02-22 08:48:00,472,4,1
7044,3,3,9,2026-01-16 15:10:00,2026-01-16 17:56:00,450,30,3
7045,1,47,16,2026-05-06 12:36:00,2026-05-06 15:02:00,103,4,1
7046,10,30,4,2026-05-01 18:15:00,2026-05-01 22:09:00,105,3,2
7047,1,39,1,2026-06-29 23:32:00,2026-06-30 01:21:00,349,25,2
7048,7,19,17,2026-01-11 04:34:00,2026-01-11 05:51:00,53,3,2
7049,2,36,4,2026-05-07 01:58:00,2026-05-07 05:38:00,179,9,1
7050,8,15,6,2026-01-19 16:31:00,2026-01-19 19:19:00,306,16,3
7051,2,5,8,2026-03-10 22:23:00,2026-03-11 02:09:00,355,21,2
7052,8,15,14,2026-06-20 15:24:00,2026-06-20 16:47:00,430,26,2
7053,8,48,9,2026-02-07 23:03:00,2026-02-07 23:40:00,449,27,3
7054,2,5,11,2026-01-12 18:29:00,2026-01-12 22:14:00,219,15,2
7055,1,28,7,2026-06-07 22:29:00,2026-06-08 00:29:00,309,4,2
7056,6,1,19,2026-03-10 07:47:00,2026-03-10 08:26:00,400,24,1
7057,1,47,11,2026-03-06 04:50:00,2026-03-06 08:29:00,390,27,1
7058,3,3,1,2026-05-07 09:02:00,2026-05-07 12:49:00,322,13,3
7059,7,9,1,2026-01-10 17:00:00,2026-01-10 20:37:00,205,0,1
7060,5,41,4,2026-05-08 10:02:00,2026-05-08 12:33:00,291,1,1
7061,10,30,6,2026-01-14 23:17:00,2026-01-15 02:01:00,313,0,3
7062,9,17,7,2026-02-20 02:25:00,2026-02-20 05:17:00,132,3,3
7063,10,20,3,2026-06-14 20:45:00,2026-06-14 21:48:00,64,0,2
7064,3,34,16,2026-02-15 17:12:00,2026-02-15 18:03:00,91,3,2
7065,8,15,8,2026-02-06 20:02:00,2026-02-06 23:17:00,262,12,1
7066,9,50,2,2026-06-19 12:17:00,2026-06-19 14:14:00,246,5,1
7067,8,26,13,2026-05-06 07:41:00,2026-05-06 09:09:00,106,3,2
7068,3,3,11,2026-06-05 00:42:00,2026-06-05 04:28:00,118,9,3
7069,3,14,4,2026-02-23 07:48:00,2026-02-23 08:51:00,246,12,1
7070,1,39,19,2026-03-26 17:36:00,2026-03-26 19:42:00,276,0,1
7071,3,49,19,2026-04-15 08:06:00,2026-04-15 10:27:00,148,5,3
7072,3,40,8,2026-06-24 17:10:00,2026-06-24 18:23:00,309,0,1
7073,8,15,1,2026-05-21 10:09:00,2026-05-21 11:41:00,427,18,1
7074,4,25,16,2026-04-30 10:49:00,2026-04-30 11:36:00,176,2,3
7075,2,36,19,2026-01-24 00:30:00,2026-01-24 01:24:00,198,15,1
7076,1,47,14,2026-05-27 11:19:00,2026-05-27 13:01:00,329,23,3
7077,8,48,12,2026-04-25 17:05:00,2026-04-25 18:28:00,125,6,1
7078,7,37,20,2026-04-08 10:01:00,2026-04-08 11:16:00,97,2,2
7079,3,49,18,2026-01-27 00:28:00,2026-01-27 02:24:00,279,18,1
7080,6,1,18,2026-06-07 11:10:00,2026-06-07 12:21:00,140,10,1
7081,1,28,7,2026-01-25 00:15:00,2026-01-25 04:01:00,499,36,3
7082,8,10,17,2026-03-01 18:11:00,2026-03-01 19:28:00,153,1,2
7083,8,26,13,2026-02-11 01:40:00,2026-02-11 04:43:00,311,0,2
7084,2,18,12,2026-01-28 13:43:00,2026-01-28 15:02:00,217,11,1
7085,10,24,14,2026-02-19 02:57:00,2026-02-19 03:59:00,97,0,2
7086,8,15,20,2026-02-05 18:57:00,2026-02-05 21:00:00,197,14,1
7087,3,3,8,2026-01-30 03:20:00,2026-01-30 06:45:00,206,10,1
7088,10,24,6,2026-02-01 04:28:00,2026-02-01 08:11:00,384,0,3
7089,9,17,18,2026-05-04 08:29:00,2026-05-04 10:45:00,103,3,2
7090,1,8,19,2026-04-07 04:26:00,2026-04-07 07:17:00,297,19,1
7091,1,8,17,2026-05-29 08:44:00,2026-05-29 11:36:00,246,6,2
7092,3,40,19,2026-01-02 02:12:00,2026-01-02 03:50:00,473,11,1
7093,4,32,5,2026-03-30 04:10:00,2026-03-30 05:14:00,209,10,2
7094,4,33,4,2026-04-16 22:03:00,2026-04-17 00:57:00,108,7,3
7095,4,32,7,2026-05-23 13:14:00,2026-05-23 16:31:00,55,2,1
7096,2,22,4,2026-06-22 11:50:00,2026-06-22 12:30:00,311,8,2
7097,2,36,19,2026-05-14 23:06:00,2026-05-15 00:32:00,290,7,3
7098,10,24,11,2026-01-30 01:45:00,2026-01-30 02:42:00,182,9,3
7099,1,28,11,2026-04-06 17:10:00,2026-04-06 17:54:00,331,16,2
7100,10,30,10,2026-02-03 05:18:00,2026-02-03 08:02:00,136,8,1
7101,2,36,11,2026-03-09 22:10:00,2026-03-10 01:28:00,260,11,1
7102,2,18,15,2026-03-24 02:45:00,2026-03-24 06:03:00,251,0,3
7103,8,10,16,2026-02-16 07:43:00,2026-02-16 08:25:00,282,4,2
7104,8,21,9,2026-01-11 06:51:00,2026-01-11 08:14:00,176,4,1
7105,4,25,16,2026-03-21 10:31:00,2026-03-21 12:07:00,306,12,3
7106,2,22,15,2026-02-02 05:53:00,2026-02-02 07:14:00,144,6,2
7107,7,19,1,2026-01-19 19:29:00,2026-01-19 20:05:00,386,24,3
7108,2,18,1,2026-05-12 12:22:00,2026-05-12 13:38:00,88,0,2
7109,10,24,2,2026-04-07 22:03:00,2026-04-08 01:16:00,362,25,2
7110,3,14,11,2026-04-28 19:34:00,2026-04-28 20:14:00,135,4,1
7111,2,22,6,2026-04-06 15:49:00,2026-04-06 17:17:00,269,0,2
7112,2,5,5,2026-05-15 07:36:00,2026-05-15 08:23:00,454,23,3
7113,10,20,18,2026-04-12 06:41:00,2026-04-12 07:28:00,97,4,1
7114,5,38,15,2026-05-24 21:05:00,2026-05-24 23:03:00,391,1,2
7115,3,40,6,2026-03-17 21:26:00,2026-03-18 00:11:00,207,2,2
7116,9,45,9,2026-03-28 05:41:00,2026-03-28 09:31:00,143,1,1
7117,4,33,12,2026-02-15 10:03:00,2026-02-15 12:06:00,389,30,1
7118,7,9,2,2026-05-27 18:34:00,2026-05-27 22:14:00,274,20,3
7119,9,12,8,2026-06-25 18:28:00,2026-06-25 20:03:00,362,13,2
7120,4,32,10,2026-05-21 08:21:00,2026-05-21 10:41:00,151,3,3
7121,5,13,13,2026-04-21 11:07:00,2026-04-21 13:22:00,422,1,1
7122,5,41,12,2026-01-17 20:58:00,2026-01-17 22:00:00,58,3,1
7123,6,1,11,2026-06-01 12:10:00,2026-06-01 15:51:00,325,19,2
7124,6,7,11,2026-05-03 09:24:00,2026-05-03 10:34:00,427,22,1
7125,9,17,18,2026-05-12 16:35:00,2026-05-12 19:36:00,86,3,3
7126,7,19,2,2026-04-29 18:11:00,2026-04-29 19:28:00,474,13,2
7127,9,50,17,2026-03-04 12:55:00,2026-03-04 14:04:00,475,5,2
7128,3,46,10,2026-06-02 19:23:00,2026-06-02 22:17:00,443,3,3
7129,4,35,17,2026-06-22 15:21:00,2026-06-22 18:46:00,212,4,1
7130,5,41,9,2026-03-31 14:52:00,2026-03-31 18:28:00,177,7,3
7131,5,43,17,2026-05-08 18:35:00,2026-05-08 20:46:00,293,16,3
7132,8,26,3,2026-01-30 08:33:00,2026-01-30 09:55:00,334,9,3
7133,2,5,10,2026-02-13 16:30:00,2026-02-13 18:52:00,253,14,3
7134,1,42,18,2026-01-19 03:34:00,2026-01-19 07:15:00,390,27,3
7135,10,24,5,2026-02-10 23:05:00,2026-02-11 00:44:00,279,9,1
7136,9,2,8,2026-03-17 12:26:00,2026-03-17 16:10:00,390,12,1
7137,3,14,20,2026-03-09 22:03:00,2026-03-09 23:58:00,438,28,3
7138,9,45,5,2026-05-22 19:01:00,2026-05-22 19:39:00,262,5,2
7139,4,29,18,2026-02-09 13:13:00,2026-02-09 16:44:00,79,5,2
7140,5,38,20,2026-03-24 18:19:00,2026-03-24 21:51:00,234,2,2
7141,8,21,5,2026-01-27 12:39:00,2026-01-27 16:34:00,196,12,1
7142,2,36,17,2026-05-12 16:14:00,2026-05-12 17:00:00,150,1,1
7143,2,36,3,2026-01-30 13:39:00,2026-01-30 16:10:00,423,10,3
7144,7,9,17,2026-06-10 18:03:00,2026-06-10 19:40:00,412,20,3
7145,9,50,1,2026-05-11 19:39:00,2026-05-11 23:39:00,85,4,2
7146,1,47,10,2026-05-14 06:37:00,2026-05-14 07:11:00,336,13,2
7147,4,35,11,2026-06-20 21:31:00,2026-06-21 00:00:00,80,3,3
7148,8,26,1,2026-03-12 11:37:00,2026-03-12 13:55:00,241,15,1
7149,8,10,7,2026-02-17 13:32:00,2026-02-17 17:15:00,469,16,3
7150,2,22,6,2026-01-04 08:11:00,2026-01-04 12:03:00,233,2,2
7151,4,33,3,2026-04-17 11:10:00,2026-04-17 13:34:00,208,6,2
7152,1,42,1,2026-05-02 08:47:00,2026-05-02 11:37:00,279,4,2
7153,7,19,10,2026-01-27 00:44:00,2026-01-27 03:03:00,406,9,3
7154,10,20,5,2026-05-04 15:47:00,2026-05-04 18:42:00,152,3,3
7155,3,46,7,2026-05-26 15:26:00,2026-05-26 17:25:00,421,4,1
7156,3,40,1,2026-02-05 22:40:00,2026-02-06 02:02:00,251,18,3
7157,7,37,9,2026-04-09 02:53:00,2026-04-09 06:44:00,458,24,1
7158,5,13,5,2026-03-05 22:44:00,2026-03-05 23:39:00,103,3,2
7159,8,15,1,2026-01-20 01:04:00,2026-01-20 03:17:00,238,10,1
7160,9,45,13,2026-01-08 22:52:00,2026-01-09 01:05:00,191,3,2
7161,7,37,6,2026-03-31 18:33:00,2026-03-31 22:27:00,163,10,1
7162,1,8,19,2026-02-06 17:37:00,2026-02-06 20:31:00,197,7,1
7163,1,42,19,2026-06-29 10:13:00,2026-06-29 13:10:00,210,1,2
7164,5,13,6,2026-06-17 12:32:00,2026-06-17 15:27:00,438,33,1
7165,3,49,9,2026-01-15 18:46:00,2026-01-15 19:17:00,69,0,2
7166,3,49,8,2026-06-08 23:55:00,2026-06-09 02:53:00,468,17,2
7167,1,31,17,2026-06-14 06:12:00,2026-06-14 08:40:00,263,15,3
7168,9,2,2,2026-02-19 18:53:00,2026-02-19 19:48:00,370,11,3
7169,6,1,3,2026-06-22 11:12:00,2026-06-22 14:26:00,87,4,3
7170,2,5,4,2026-06-07 21:30:00,2026-06-07 22:54:00,351,21,1
7171,5,13,6,2026-02-27 03:39:00,2026-02-27 04:39:00,127,0,1
7172,1,39,6,2026-06-19 09:41:00,2026-06-19 11:22:00,454,12,2
7173,3,3,4,2026-02-04 03:13:00,2026-02-04 03:56:00,271,7,2
7174,4,29,18,2026-03-01 01:02:00,2026-03-01 02:31:00,156,1,3
7175,4,44,1,2026-01-25 08:09:00,2026-01-25 10:45:00,460,27,3
7176,4,33,16,2026-01-15 03:39:00,2026-01-15 04:19:00,293,8,1
7177,7,9,13,2026-06-09 13:30:00,2026-06-09 15:29:00,188,11,1
7178,4,44,11,2026-03-01 05:52:00,2026-03-01 09:30:00,298,16,3
7179,4,35,19,2026-01-07 12:53:00,2026-01-07 15:02:00,162,12,2
7180,9,17,20,2026-02-25 14:58:00,2026-02-25 17:53:00,400,11,3
7181,9,12,5,2026-02-07 05:20:00,2026-02-07 06:50:00,223,5,1
7182,6,7,15,2026-06-07 06:29:00,2026-06-07 08:13:00,263,4,3
7183,9,45,4,2026-01-14 14:58:00,2026-01-14 17:11:00,439,26,1
7184,2,16,12,2026-06-09 16:40:00,2026-06-09 18:11:00,169,7,3
7185,2,18,9,2026-02-22 03:21:00,2026-02-22 05:02:00,279,18,1
7186,9,50,4,2026-01-22 12:49:00,2026-01-22 14:29:00,139,5,3
7187,8,21,18,2026-05-08 03:22:00,2026-05-08 06:21:00,138,5,2
7188,7,9,5,2026-03-30 09:33:00,2026-03-30 13:13:00,271,17,3
7189,2,36,19,2026-02-09 06:16:00,2026-02-09 07:54:00,346,21,2
7190,5,13,1,2026-03-26 05:46:00,2026-03-26 08:17:00,202,9,2
7191,10,20,6,2026-05-16 08:01:00,2026-05-16 09:45:00,255,4,1
7192,1,28,9,2026-01-17 07:51:00,2026-01-17 11:14:00,151,1,2
7193,3,23,18,2026-01-05 20:48:00,2026-01-05 23:34:00,308,15,1
7194,2,16,20,2026-04-08 04:54:00,2026-04-08 07:19:00,145,3,2
7195,9,2,6,2026-01-28 12:11:00,2026-01-28 15:02:00,158,2,1
7196,3,14,14,2026-02-19 13:38:00,2026-02-19 14:55:00,144,6,3
7197,2,11,9,2026-04-12 09:27:00,2026-04-12 12:39:00,463,23,1
7198,1,31,5,2026-02-07 05:02:00,2026-02-07 07:36:00,391,13,3
7199,1,39,4,2026-04-28 12:54:00,2026-04-28 15:30:00,436,10,2
7200,6,7,12,2026-02-06 22:14:00,2026-02-07 00:37:00,353,13,3
7201,10,20,3,2026-02-25 19:44:00,2026-02-25 20:14:00,118,5,1
7202,3,49,17,2026-02-03 00:26:00,2026-02-03 01:32:00,240,6,1
7203,10,20,19,2026-02-09 06:50:00,2026-02-09 08:27:00,53,1,1
7204,2,18,15,2026-03-21 22:06:00,2026-03-21 23:27:00,282,7,3
7205,1,42,10,2026-05-21 21:40:00,2026-05-22 00:20:00,361,25,3
7206,8,26,11,2026-06-22 00:32:00,2026-06-22 02:57:00,353,19,3
7207,9,17,8,2026-03-17 17:19:00,2026-03-17 20:41:00,413,1,1
7208,8,48,9,2026-04-12 18:35:00,2026-04-12 19:28:00,468,10,3
7209,7,19,18,2026-06-24 21:56:00,2026-06-25 01:41:00,155,4,3
7210,4,33,17,2026-05-09 22:01:00,2026-05-09 23:07:00,455,34,3
7211,1,31,10,2026-01-24 18:02:00,2026-01-24 18:41:00,311,23,1
7212,6,1,3,2026-04-21 21:55:00,2026-04-21 22:46:00,408,30,1
7213,3,4,3,2026-05-05 05:25:00,2026-05-05 09:14:00,80,2,1
7214,3,46,9,2026-06-29 04:14:00,2026-06-29 06:47:00,362,12,1
7215,9,12,12,2026-04-29 04:30:00,2026-04-29 05:51:00,446,21,2
7216,4,33,17,2026-03-18 23:18:00,2026-03-18 23:59:00,374,10,2
7217,5,41,1,2026-03-01 04:55:00,2026-03-01 05:31:00,199,0,2
7218,4,27,18,2026-05-24 10:34:00,2026-05-24 14:34:00,79,4,3
7219,3,46,18,2026-03-12 06:06:00,2026-03-12 07:49:00,349,13,3
7220,3,49,4,2026-04-02 17:38:00,2026-04-02 20:46:00,132,6,1
7221,5,43,16,2026-03-20 04:42:00,2026-03-20 08:16:00,436,32,1
7222,9,45,20,2026-01-07 07:11:00,2026-01-07 10:28:00,343,12,2
7223,4,35,14,2026-03-15 02:33:00,2026-03-15 05:41:00,401,8,1
7224,5,13,13,2026-03-03 12:47:00,2026-03-03 13:24:00,397,16,2
7225,4,33,15,2026-03-19 15:38:00,2026-03-19 18:11:00,438,14,3
7226,9,50,2,2026-04-01 17:27:00,2026-04-01 18:37:00,263,3,2
7227,5,13,17,2026-03-23 17:11:00,2026-03-23 18:08:00,333,19,3
7228,6,6,2,2026-05-25 13:27:00,2026-05-25 16:04:00,227,2,2
7229,2,22,2,2026-05-12 18:15:00,2026-05-12 21:31:00,435,16,3
7230,4,29,17,2026-03-17 21:26:00,2026-03-17 23:31:00,59,2,3
7231,5,41,4,2026-06-20 21:23:00,2026-06-21 00:29:00,414,20,1
7232,8,48,19,2026-01-04 17:58:00,2026-01-04 21:02:00,174,8,3
7233,6,7,18,2026-06-09 04:43:00,2026-06-09 05:17:00,382,28,3
7234,1,28,8,2026-06-23 07:10:00,2026-06-23 08:27:00,81,4,1
7235,7,37,4,2026-06-20 00:53:00,2026-06-20 01:25:00,360,18,3
7236,3,46,16,2026-06-02 04:59:00,2026-06-02 06:32:00,271,16,1
7237,2,22,14,2026-06-05 12:22:00,2026-06-05 15:50:00,242,2,2
7238,4,33,6,2026-05-13 22:19:00,2026-05-14 00:37:00,454,14,1
7239,5,38,13,2026-01-17 19:10:00,2026-01-17 22:13:00,82,0,2
7240,4,32,1,2026-06-12 00:22:00,2026-06-12 03:33:00,110,1,1
7241,2,16,6,2026-03-08 20:29:00,2026-03-08 21:55:00,109,3,3
7242,10,30,15,2026-05-24 20:08:00,2026-05-24 23:42:00,370,2,1
7243,10,30,19,2026-06-05 19:42:00,2026-06-05 22:49:00,55,0,3
7244,3,23,16,2026-05-10 13:09:00,2026-05-10 14:01:00,413,9,2
7245,8,10,13,2026-06-13 18:45:00,2026-06-13 20:03:00,86,0,3
7246,3,46,20,2026-01-12 09:13:00,2026-01-12 10:44:00,228,0,3
7247,4,25,17,2026-05-22 20:48:00,2026-05-22 21:37:00,311,24,2
7248,8,21,19,2026-02-28 21:49:00,2026-03-01 00:28:00,452,8,1
7249,2,16,17,2026-02-03 18:11:00,2026-02-03 21:42:00,479,36,1
7250,7,19,14,2026-01-09 09:38:00,2026-01-09 13:38:00,456,26,1
7251,4,27,9,2026-03-21 23:50:00,2026-03-22 02:38:00,266,6,1
7252,8,10,15,2026-02-28 10:14:00,2026-02-28 11:41:00,165,0,2
7253,3,40,3,2026-04-29 11:05:00,2026-04-29 14:00:00,422,17,3
7254,2,22,14,2026-05-08 07:21:00,2026-05-08 07:59:00,461,12,2
7255,2,16,11,2026-05-01 12:47:00,2026-05-01 14:31:00,62,0,1
7256,10,24,19,2026-05-12 00:05:00,2026-05-12 01:31:00,143,9,1
7257,3,49,2,2026-06-17 05:08:00,2026-06-17 08:37:00,278,14,1
7258,2,36,5,2026-01-09 04:05:00,2026-01-09 05:11:00,163,7,1
7259,10,24,2,2026-06-26 02:29:00,2026-06-26 04:02:00,332,9,3
7260,8,15,12,2026-05-25 09:52:00,2026-05-25 12:26:00,183,7,2
7261,7,37,12,2026-02-10 14:59:00,2026-02-10 17:21:00,121,7,2
7262,6,6,13,2026-05-21 02:49:00,2026-05-21 04:24:00,240,16,2
7263,8,48,8,2026-02-09 04:01:00,2026-02-09 05:01:00,420,10,3
7264,1,31,17,2026-02-15 17:05:00,2026-02-15 20:24:00,237,8,2
7265,5,38,12,2026-04-16 10:57:00,2026-04-16 13:50:00,393,27,1
7266,6,1,15,2026-04-23 15:41:00,2026-04-23 16:54:00,373,18,1
7267,2,18,17,2026-04-12 07:14:00,2026-04-12 09:30:00,301,5,2
7268,10,30,12,2026-05-15 16:00:00,2026-05-15 18:53:00,384,20,1
7269,4,29,13,2026-05-31 05:46:00,2026-05-31 08:06:00,54,0,3
7270,4,32,14,2026-04-09 21:47:00,2026-04-09 22:30:00,135,8,1
7271,4,27,18,2026-02-04 03:13:00,2026-02-04 04:25:00,338,26,2
7272,9,17,13,2026-06-08 13:23:00,2026-06-08 15:13:00,345,8,1
7273,5,38,10,2026-01-16 17:27:00,2026-01-16 20:22:00,140,3,3
7274,3,34,17,2026-04-17 03:32:00,2026-04-17 04:53:00,431,3,1
7275,10,30,7,2026-06-08 23:53:00,2026-06-09 03:51:00,76,3,3
7276,9,2,2,2026-03-09 23:19:00,2026-03-10 02:45:00,241,1,3
7277,2,18,2,2026-04-08 20:04:00,2026-04-08 23:06:00,280,11,3
7278,10,24,2,2026-06-19 14:17:00,2026-06-19 14:53:00,261,19,1
7279,1,42,5,2026-04-13 01:38:00,2026-04-13 03:28:00,200,13,2
7280,5,38,5,2026-05-02 20:36:00,2026-05-02 23:30:00,167,6,3
7281,7,9,15,2026-04-09 10:03:00,2026-04-09 12:04:00,295,6,1
7282,2,22,18,2026-04-04 19:29:00,2026-04-04 20:55:00,269,8,1
7283,4,29,8,2026-01-04 23:14:00,2026-01-05 01:23:00,401,15,3
7284,9,50,8,2026-02-22 19:14:00,2026-02-22 21:30:00,329,11,2
7285,1,39,16,2026-03-20 07:43:00,2026-03-20 09:07:00,359,24,3
7286,2,36,13,2026-02-12 07:12:00,2026-02-12 10:55:00,229,14,1
7287,2,22,6,2026-04-11 03:05:00,2026-04-11 05:44:00,94,0,3
7288,5,13,3,2026-06-01 22:31:00,2026-06-02 00:10:00,256,15,3
7289,1,42,19,2026-05-12 02:26:00,2026-05-12 04:52:00,418,23,1
7290,3,34,1,2026-06-18 16:22:00,2026-06-18 17:52:00,429,21,1
7291,10,24,9,2026-01-19 00:50:00,2026-01-19 03:26:00,439,26,3
7292,3,14,5,2026-03-21 06:32:00,2026-03-21 09:56:00,375,9,3
7293,9,2,3,2026-02-11 18:34:00,2026-02-11 21:17:00,190,9,1
7294,3,3,10,2026-01-15 18:46:00,2026-01-15 20:49:00,212,1,1
7295,10,30,7,2026-06-16 22:13:00,2026-06-17 02:01:00,176,5,2
7296,8,21,19,2026-06-14 11:50:00,2026-06-14 12:48:00,344,6,2
7297,1,39,18,2026-06-11 23:03:00,2026-06-12 00:32:00,257,9,1
7298,2,11,1,2026-05-17 22:41:00,2026-05-18 02:16:00,193,4,1
7299,6,1,16,2026-01-06 07:17:00,2026-01-06 08:04:00,111,2,2
7300,3,23,4,2026-02-23 00:33:00,2026-02-23 01:19:00,374,7,2
7301,3,4,6,2026-03-09 20:24:00,2026-03-09 23:05:00,398,22,2
7302,8,21,6,2026-02-10 06:01:00,2026-02-10 07:10:00,78,2,1
7303,8,15,17,2026-02-12 05:10:00,2026-02-12 08:43:00,120,6,2
7304,2,16,7,2026-06-21 03:43:00,2026-06-21 05:39:00,318,20,1
7305,2,11,10,2026-04-21 08:15:00,2026-04-21 10:55:00,225,10,3
7306,8,26,8,2026-06-12 22:09:00,2026-06-13 00:23:00,135,2,3
7307,10,30,16,2026-06-07 18:10:00,2026-06-07 20:40:00,454,21,3
7308,2,11,3,2026-02-17 08:04:00,2026-02-17 10:55:00,416,10,2
7309,10,20,4,2026-03-25 23:26:00,2026-03-26 00:24:00,321,17,2
7310,7,19,11,2026-02-21 11:07:00,2026-02-21 12:48:00,185,6,3
7311,3,49,18,2026-05-14 11:16:00,2026-05-14 14:34:00,309,8,2
7312,9,45,13,2026-06-18 22:40:00,2026-06-19 01:46:00,78,4,2
7313,3,49,12,2026-01-18 14:03:00,2026-01-18 14:37:00,453,13,2
7314,2,36,12,2026-02-14 07:11:00,2026-02-14 07:50:00,444,28,1
7315,4,32,20,2026-04-29 14:25:00,2026-04-29 18:22:00,210,11,2
7316,7,37,17,2026-01-30 20:54:00,2026-01-31 00:05:00,474,27,3
7317,4,33,20,2026-05-04 06:09:00,2026-05-04 06:50:00,275,3,3
7318,10,20,2,2026-04-29 07:12:00,2026-04-29 08:39:00,137,4,2
7319,2,18,18,2026-04-03 23:50:00,2026-04-04 02:55:00,54,0,1
7320,2,36,12,2026-04-21 00:30:00,2026-04-21 01:42:00,320,21,1
7321,1,8,1,2026-05-21 12:33:00,2026-05-21 14:43:00,255,0,2
7322,3,34,3,2026-02-07 08:33:00,2026-02-07 10:32:00,186,6,3
7323,9,12,2,2026-05-28 20:56:00,2026-05-29 00:55:00,65,1,2
7324,1,31,19,2026-03-31 12:18:00,2026-03-31 15:02:00,115,3,3
7325,4,29,6,2026-02-08 18:23:00,2026-02-08 21:07:00,233,2,2
7326,5,38,4,2026-03-02 23:16:00,2026-03-03 00:41:00,85,5,2
7327,4,44,6,2026-01-17 10:35:00,2026-01-17 12:09:00,117,8,2
7328,5,43,10,2026-03-02 17:53:00,2026-03-02 21:49:00,474,24,3
7329,1,39,6,2026-05-28 06:35:00,2026-05-28 09:07:00,401,9,1
7330,4,27,1,2026-05-28 21:12:00,2026-05-28 22:55:00,75,3,1
7331,7,19,13,2026-06-14 19:18:00,2026-06-14 20:47:00,184,7,1
7332,3,3,18,2026-04-21 03:44:00,2026-04-21 04:38:00,481,26,3
7333,9,12,16,2026-03-19 10:18:00,2026-03-19 13:25:00,211,12,1
7334,6,7,2,2026-02-17 19:37:00,2026-02-17 20:37:00,213,16,3
7335,9,45,13,2026-04-19 08:01:00,2026-04-19 11:44:00,214,10,1
7336,3,23,7,2026-02-18 08:05:00,2026-02-18 11:43:00,315,20,1
7337,9,50,10,2026-03-06 18:28:00,2026-03-06 21:42:00,57,1,1
7338,4,27,10,2026-04-21 13:24:00,2026-04-21 15:29:00,292,9,3
7339,9,17,12,2026-06-22 11:54:00,2026-06-22 14:58:00,379,10,2
7340,4,35,10,2026-05-01 15:28:00,2026-05-01 16:32:00,166,1,1
7341,3,34,15,2026-02-25 18:24:00,2026-02-25 21:58:00,84,3,3
7342,2,18,10,2026-03-25 19:15:00,2026-03-25 22:57:00,398,11,1
7343,2,5,11,2026-01-15 20:07:00,2026-01-15 23:30:00,191,6,1
7344,8,26,9,2026-05-28 22:00:00,2026-05-28 23:16:00,366,5,2
7345,4,35,11,2026-03-27 21:11:00,2026-03-28 01:10:00,142,1,3
7346,7,9,8,2026-06-05 02:28:00,2026-06-05 04:41:00,192,10,1
7347,4,32,17,2026-03-23 06:24:00,2026-03-23 08:17:00,144,1,1
7348,9,50,19,2026-04-30 23:00:00,2026-05-01 02:35:00,225,0,2
7349,2,18,3,2026-04-14 06:27:00,2026-04-14 07:00:00,389,19,1
7350,10,20,5,2026-02-27 18:39:00,2026-02-27 20:55:00,312,14,1
7351,6,6,11,2026-01-20 23:46:00,2026-01-21 00:27:00,177,7,2
7352,6,6,12,2026-01-09 09:10:00,2026-01-09 09:41:00,59,0,1
7353,1,28,8,2026-01-24 21:12:00,2026-01-24 22:50:00,91,2,1
7354,4,27,12,2026-03-14 00:37:00,2026-03-14 02:46:00,92,0,3
7355,7,37,16,2026-03-09 20:15:00,2026-03-09 21:30:00,390,23,2
7356,7,37,15,2026-06-27 01:45:00,2026-06-27 05:17:00,207,3,3
7357,2,22,4,2026-02-01 09:24:00,2026-02-01 11:25:00,402,26,3
7358,10,20,18,2026-01-18 08:12:00,2026-01-18 10:56:00,316,15,1
7359,2,11,11,2026-01-04 16:05:00,2026-01-04 19:24:00,342,3,1
7360,3,23,4,2026-01-02 03:57:00,2026-01-02 07:53:00,490,5,3
7361,2,11,2,2026-06-09 00:13:00,2026-06-09 03:51:00,108,1,1
7362,1,28,17,2026-04-15 13:59:00,2026-04-15 16:37:00,165,11,1
7363,7,9,9,2026-02-14 18:13:00,2026-02-14 19:47:00,447,10,2
7364,8,15,4,2026-04-03 15:17:00,2026-04-03 16:55:00,312,11,1
7365,7,9,1,2026-06-25 20:00:00,2026-06-25 20:39:00,248,0,1
7366,1,28,13,2026-03-30 22:33:00,2026-03-30 23:38:00,439,29,2
7367,8,10,5,2026-01-01 22:52:00,2026-01-02 01:40:00,359,9,3
7368,4,32,8,2026-04-03 20:57:00,2026-04-03 23:03:00,130,3,2
7369,9,50,11,2026-01-28 04:33:00,2026-01-28 06:05:00,68,2,2
7370,1,42,15,2026-02-04 18:05:00,2026-02-04 20:44:00,458,24,2
7371,9,17,14,2026-06-26 05:13:00,2026-06-26 08:41:00,310,13,2
7372,9,17,7,2026-06-27 05:14:00,2026-06-27 07:58:00,317,12,1
7373,3,46,8,2026-03-08 09:32:00,2026-03-08 12:49:00,357,22,1
7374,3,4,18,2026-04-27 03:50:00,2026-04-27 05:33:00,371,16,1
7375,9,17,3,2026-01-16 12:34:00,2026-01-16 14:03:00,263,3,3
7376,4,32,14,2026-04-18 07:09:00,2026-04-18 10:43:00,200,14,2
7377,4,29,3,2026-01-14 02:51:00,2026-01-14 04:09:00,312,9,2
7378,8,21,6,2026-03-24 12:04:00,2026-03-24 15:19:00,119,6,1
7379,3,40,16,2026-06-21 16:21:00,2026-06-21 19:38:00,348,22,3
7380,9,17,15,2026-04-22 22:52:00,2026-04-23 01:11:00,63,0,1
7381,3,23,15,2026-05-23 13:00:00,2026-05-23 14:20:00,289,5,2
7382,4,32,16,2026-02-22 14:39:00,2026-02-22 16:59:00,313,16,1
7383,1,47,8,2026-02-07 10:32:00,2026-02-07 12:15:00,288,3,2
7384,10,24,11,2026-05-21 06:14:00,2026-05-21 07:58:00,332,14,1
7385,1,39,20,2026-02-09 08:14:00,2026-02-09 10:01:00,220,15,2
7386,3,46,19,2026-04-29 11:17:00,2026-04-29 12:08:00,144,7,1
7387,2,11,16,2026-06-13 17:28:00,2026-06-13 20:50:00,203,6,3
7388,4,33,5,2026-02-26 11:28:00,2026-02-26 12:11:00,496,38,1
7389,7,19,20,2026-05-20 09:04:00,2026-05-20 09:43:00,100,6,3
7390,8,10,18,2026-05-01 22:15:00,2026-05-01 23:56:00,197,2,1
7391,3,14,9,2026-01-20 14:59:00,2026-01-20 18:14:00,175,3,3
7392,6,7,4,2026-03-27 19:57:00,2026-03-27 21:58:00,370,0,1
7393,4,25,2,2026-05-18 11:37:00,2026-05-18 15:15:00,153,4,3
7394,4,25,3,2026-03-31 05:41:00,2026-03-31 07:27:00,368,15,3
7395,4,33,8,2026-05-23 21:56:00,2026-05-24 01:28:00,329,17,3
7396,3,46,14,2026-02-28 12:06:00,2026-02-28 13:23:00,241,4,1
7397,3,46,13,2026-06-01 19:31:00,2026-06-01 22:51:00,438,5,3
7398,1,28,1,2026-06-29 10:17:00,2026-06-29 10:47:00,493,21,2
7399,7,19,6,2026-04-24 20:47:00,2026-04-25 00:29:00,339,11,1
7400,1,39,19,2026-03-02 09:14:00,2026-03-02 09:52:00,65,2,2
7401,3,4,12,2026-06-21 01:07:00,2026-06-21 04:37:00,156,2,2
7402,8,10,3,2026-06-04 20:33:00,2026-06-04 23:10:00,150,8,1
7403,7,37,19,2026-01-21 01:48:00,2026-01-21 05:09:00,204,10,2
7404,2,36,4,2026-06-05 12:05:00,2026-06-05 13:34:00,174,1,3
7405,1,42,13,2026-03-18 05:29:00,2026-03-18 07:49:00,341,17,1
7406,1,39,11,2026-04-25 13:37:00,2026-04-25 17:35:00,300,4,1
7407,6,1,13,2026-05-14 05:51:00,2026-05-14 07:47:00,126,4,2
7408,3,49,10,2026-03-22 01:35:00,2026-03-22 04:50:00,278,18,1
7409,4,33,6,2026-06-26 14:45:00,2026-06-26 17:03:00,188,12,2
7410,3,40,18,2026-03-04 00:16:00,2026-03-04 03:59:00,282,14,1
7411,4,27,10,2026-02-05 04:29:00,2026-02-05 05:25:00,348,23,1
7412,5,43,5,2026-04-24 08:23:00,2026-04-24 10:40:00,208,14,3
7413,8,10,5,2026-06-12 10:42:00,2026-06-12 11:28:00,386,6,3
7414,8,10,20,2026-04-24 17:43:00,2026-04-24 20:38:00,164,9,3
7415,3,46,6,2026-06-24 02:13:00,2026-06-24 05:01:00,137,8,2
7416,4,44,11,2026-02-18 18:37:00,2026-02-18 20:51:00,296,11,2
7417,8,26,4,2026-03-29 10:23:00,2026-03-29 14:22:00,201,2,3
7418,10,24,9,2026-02-27 00:56:00,2026-02-27 02:53:00,341,5,1
7419,3,23,5,2026-06-17 22:10:00,2026-06-18 01:10:00,408,27,2
7420,9,17,4,2026-01-14 02:30:00,2026-01-14 03:19:00,389,0,3
7421,4,29,18,2026-04-22 19:59:00,2026-04-22 21:26:00,355,3,1
7422,1,42,12,2026-01-06 16:20:00,2026-01-06 19:45:00,478,29,1
7423,4,33,19,2026-06-06 19:37:00,2026-06-06 22:46:00,413,6,3
7424,7,19,2,2026-01-16 13:38:00,2026-01-16 14:30:00,146,10,1
7425,7,19,20,2026-04-27 07:58:00,2026-04-27 09:24:00,256,5,1
7426,5,41,13,2026-02-13 13:26:00,2026-02-13 14:36:00,189,7,2
7427,2,18,9,2026-05-05 22:44:00,2026-05-06 00:58:00,131,9,2
7428,8,26,11,2026-06-03 01:12:00,2026-06-03 04:07:00,380,25,2
7429,9,45,10,2026-02-11 23:28:00,2026-02-12 00:38:00,73,2,3
7430,4,27,18,2026-03-16 13:17:00,2026-03-16 15:50:00,210,15,3
7431,8,26,18,2026-01-28 04:51:00,2026-01-28 06:49:00,489,35,2
7432,1,8,1,2026-05-09 03:48:00,2026-05-09 06:57:00,293,16,2
7433,3,3,4,2026-03-16 14:38:00,2026-03-16 15:29:00,365,24,1
7434,8,10,19,2026-03-17 08:42:00,2026-03-17 11:45:00,442,20,2
7435,3,34,17,2026-02-21 01:56:00,2026-02-21 03:22:00,93,6,2
7436,5,41,10,2026-03-10 10:45:00,2026-03-10 13:31:00,93,3,2
7437,2,22,11,2026-04-04 01:46:00,2026-04-04 02:40:00,282,14,2
7438,8,48,12,2026-04-11 08:12:00,2026-04-11 10:01:00,160,12,3
7439,1,28,5,2026-03-26 03:46:00,2026-03-26 06:12:00,62,2,2
7440,8,10,11,2026-01-09 08:42:00,2026-01-09 11:50:00,460,30,3
7441,1,31,14,2026-05-07 01:52:00,2026-05-07 02:59:00,498,11,1
7442,4,33,4,2026-06-07 20:53:00,2026-06-07 23:47:00,154,6,1
7443,3,14,16,2026-03-29 02:11:00,2026-03-29 02:43:00,214,7,3
7444,2,16,7,2026-05-10 09:09:00,2026-05-10 12:27:00,497,4,3
7445,9,17,9,2026-06-19 00:10:00,2026-06-19 02:42:00,485,5,1
7446,1,39,12,2026-06-08 03:27:00,2026-06-08 04:03:00,139,1,1
7447,8,10,16,2026-06-09 10:28:00,2026-06-09 14:02:00,400,9,3
7448,2,18,10,2026-05-22 08:31:00,2026-05-22 10:07:00,181,7,1
7449,3,34,10,2026-04-01 20:53:00,2026-04-01 22:00:00,101,0,2
7450,1,42,2,2026-03-24 20:59:00,2026-03-24 23:26:00,61,1,2
7451,5,41,5,2026-01-24 21:24:00,2026-01-24 23:13:00,293,16,3
7452,5,41,12,2026-06-19 21:03:00,2026-06-19 23:26:00,393,5,1
7453,3,49,19,2026-02-18 10:40:00,2026-02-18 12:24:00,255,10,2
7454,8,15,20,2026-04-19 05:30:00,2026-04-19 07:51:00,340,2,2
7455,3,40,6,2026-05-27 02:18:00,2026-05-27 04:06:00,370,15,1
7456,2,22,11,2026-06-07 12:27:00,2026-06-07 12:59:00,406,18,3
7457,1,28,14,2026-01-18 07:06:00,2026-01-18 09:07:00,276,20,1
7458,8,10,19,2026-03-22 00:27:00,2026-03-22 03:49:00,216,6,1
7459,9,17,11,2026-03-14 22:55:00,2026-03-15 01:47:00,398,12,3
7460,4,29,15,2026-05-30 11:13:00,2026-05-30 13:27:00,390,19,3
7461,9,17,7,2026-06-19 10:20:00,2026-06-19 13:58:00,233,1,2
7462,9,2,20,2026-06-18 07:58:00,2026-06-18 09:26:00,129,0,1
7463,3,40,15,2026-05-19 07:39:00,2026-05-19 09:43:00,195,15,1
7464,10,30,16,2026-01-14 00:24:00,2026-01-14 01:01:00,468,22,1
7465,3,23,8,2026-04-06 04:31:00,2026-04-06 07:41:00,215,5,2
7466,10,24,14,2026-02-13 20:01:00,2026-02-13 23:09:00,494,39,2
7467,5,43,19,2026-06-28 05:58:00,2026-06-28 06:49:00,134,10,2
7468,4,25,4,2026-04-29 18:38:00,2026-04-29 19:09:00,277,4,3
7469,3,4,8,2026-01-18 09:16:00,2026-01-18 10:23:00,123,1,2
7470,8,48,10,2026-01-02 10:18:00,2026-01-02 13:12:00,350,11,3
7471,2,16,16,2026-05-22 20:27:00,2026-05-22 22:16:00,363,28,3
7472,4,44,12,2026-03-02 02:46:00,2026-03-02 04:58:00,420,32,3
7473,8,26,14,2026-04-12 02:07:00,2026-04-12 03:45:00,381,4,2
7474,1,47,10,2026-04-04 01:21:00,2026-04-04 03:12:00,141,7,3
7475,3,49,9,2026-03-15 09:42:00,2026-03-15 11:47:00,389,1,1
7476,4,27,6,2026-03-06 10:36:00,2026-03-06 12:51:00,265,17,3
7477,6,7,12,2026-05-14 07:42:00,2026-05-14 11:22:00,203,7,1
7478,4,35,8,2026-04-04 09:27:00,2026-04-04 12:20:00,285,5,1
7479,9,50,12,2026-02-16 12:53:00,2026-02-16 13:50:00,138,7,2
7480,6,1,9,2026-06-13 06:16:00,2026-06-13 08:04:00,481,34,2
7481,8,15,5,2026-05-31 07:32:00,2026-05-31 09:11:00,319,1,1
7482,9,45,9,2026-02-11 05:13:00,2026-02-11 05:44:00,458,18,1
7483,6,6,8,2026-05-10 16:32:00,2026-05-10 20:30:00,200,3,2
7484,1,39,1,2026-01-21 06:01:00,2026-01-21 07:51:00,465,3,3
7485,6,1,18,2026-05-14 10:03:00,2026-05-14 11:24:00,103,5,3
7486,1,47,8,2026-04-30 03:47:00,2026-04-30 07:36:00,194,2,1
7487,3,46,7,2026-03-11 14:12:00,2026-03-11 16:27:00,265,12,3
7488,6,6,13,2026-01-21 05:36:00,2026-01-21 08:53:00,440,9,1
7489,7,37,15,2026-02-26 22:58:00,2026-02-27 00:50:00,219,11,2
7490,1,47,2,2026-03-09 14:33:00,2026-03-09 17:23:00,60,2,1
7491,7,9,15,2026-06-03 09:44:00,2026-06-03 12:23:00,76,3,3
7492,5,41,4,2026-03-31 05:46:00,2026-03-31 07:07:00,489,28,2
7493,4,29,19,2026-04-11 01:45:00,2026-04-11 03:36:00,329,14,2
7494,2,22,12,2026-06-23 11:25:00,2026-06-23 12:30:00,339,13,1
7495,8,15,11,2026-02-25 20:51:00,2026-02-25 23:24:00,120,3,3
7496,6,1,1,2026-04-20 03:36:00,2026-04-20 05:47:00,75,1,3
7497,5,41,5,2026-05-07 17:35:00,2026-05-07 19:07:00,322,21,3
7498,1,47,14,2026-02-14 07:03:00,2026-02-14 07:44:00,303,1,3
7499,3,49,2,2026-03-23 15:28:00,2026-03-23 18:18:00,242,16,2
7500,2,36,15,2026-06-25 05:31:00,2026-06-25 07:03:00,232,2,1
7501,3,40,9,2026-05-20 00:00:00,2026-05-20 03:57:00,494,10,2
7502,2,22,10,2026-03-22 01:33:00,2026-03-22 04:26:00,163,8,3
7503,9,17,4,2026-01-15 19:35:00,2026-01-15 20:52:00,300,17,2
7504,10,24,10,2026-01-25 08:32:00,2026-01-25 11:20:00,165,9,3
7505,10,30,12,2026-04-21 18:46:00,2026-04-21 20:34:00,102,7,2
7506,2,16,12,2026-06-22 01:24:00,2026-06-22 03:34:00,127,3,1
7507,8,26,17,2026-01-17 20:50:00,2026-01-18 00:31:00,132,0,3
7508,8,26,11,2026-06-12 00:49:00,2026-06-12 03:48:00,156,10,1
7509,3,49,8,2026-04-15 17:20:00,2026-04-15 19:36:00,166,1,3
7510,1,28,18,2026-01-10 01:39:00,2026-01-10 03:10:00,177,14,2
7511,1,42,10,2026-05-22 05:18:00,2026-05-22 06:23:00,55,1,3
7512,6,7,8,2026-04-29 10:02:00,2026-04-29 11:34:00,396,16,2
7513,1,28,3,2026-02-19 22:21:00,2026-02-20 01:55:00,229,5,2
7514,2,18,6,2026-02-26 21:21:00,2026-02-27 00:17:00,167,3,3
7515,9,45,9,2026-06-23 08:49:00,2026-06-23 09:38:00,188,6,2
7516,2,36,3,2026-04-22 09:43:00,2026-04-22 13:29:00,187,11,3
7517,4,29,13,2026-02-23 07:21:00,2026-02-23 09:22:00,446,24,1
7518,4,33,2,2026-05-07 05:27:00,2026-05-07 08:30:00,323,8,1
7519,4,35,17,2026-01-09 17:05:00,2026-01-09 18:33:00,180,3,3
7520,5,41,11,2026-02-24 09:34:00,2026-02-24 10:41:00,393,24,3
7521,3,14,9,2026-04-23 15:55:00,2026-04-23 17:44:00,52,0,2
7522,1,47,17,2026-06-08 11:45:00,2026-06-08 13:07:00,110,3,2
7523,4,33,13,2026-01-27 23:23:00,2026-01-28 01:14:00,455,32,1
7524,8,26,19,2026-02-22 14:16:00,2026-02-22 15:36:00,377,1,1
7525,4,27,12,2026-05-25 04:55:00,2026-05-25 08:42:00,353,27,2
7526,2,36,17,2026-03-10 00:37:00,2026-03-10 03:27:00,327,6,3
7527,2,5,9,2026-04-21 11:32:00,2026-04-21 14:32:00,163,2,3
7528,8,48,18,2026-03-07 02:17:00,2026-03-07 04:10:00,385,25,3
7529,8,48,15,2026-06-25 22:35:00,2026-06-25 23:43:00,236,1,1
7530,6,1,3,2026-02-18 04:51:00,2026-02-18 08:13:00,188,4,2
7531,10,20,8,2026-03-14 15:26:00,2026-03-14 16:55:00,199,14,3
7532,9,12,14,2026-06-25 02:08:00,2026-06-25 04:48:00,214,9,1
7533,10,30,14,2026-01-19 21:01:00,2026-01-20 00:29:00,87,1,1
7534,4,32,3,2026-06-28 22:31:00,2026-06-29 01:59:00,209,12,2
7535,3,34,10,2026-04-19 22:11:00,2026-04-19 23:37:00,185,5,1
7536,2,18,9,2026-03-04 17:46:00,2026-03-04 21:44:00,56,2,2
7537,3,14,7,2026-01-14 07:20:00,2026-01-14 11:20:00,478,13,3
7538,8,15,6,2026-02-12 00:13:00,2026-02-12 01:03:00,336,12,1
7539,10,20,4,2026-01-09 01:17:00,2026-01-09 02:23:00,158,10,3
7540,4,25,12,2026-01-28 00:16:00,2026-01-28 04:07:00,149,8,2
7541,5,13,16,2026-01-02 10:15:00,2026-01-02 13:10:00,229,6,1
7542,4,25,18,2026-03-30 23:54:00,2026-03-31 01:29:00,394,9,1
7543,9,50,1,2026-06-23 22:28:00,2026-06-23 23:37:00,414,13,3
7544,10,30,10,2026-01-23 19:27:00,2026-01-23 22:43:00,137,7,3
7545,5,38,3,2026-04-09 04:16:00,2026-04-09 07:46:00,402,30,1
7546,9,45,18,2026-01-06 20:05:00,2026-01-06 22:57:00,125,5,1
7547,1,47,10,2026-01-11 02:07:00,2026-01-11 03:12:00,254,17,1
7548,5,38,1,2026-05-27 10:38:00,2026-05-27 11:53:00,427,2,1
7549,5,38,5,2026-04-22 18:08:00,2026-04-22 19:14:00,54,2,2
7550,3,34,7,2026-02-19 01:23:00,2026-02-19 03:32:00,314,0,1
7551,9,12,10,2026-03-06 01:23:00,2026-03-06 04:59:00,408,18,3
7552,5,13,9,2026-04-16 18:45:00,2026-04-16 22:43:00,463,8,3
7553,2,5,16,2026-06-20 19:45:00,2026-06-20 21:55:00,255,18,1
7554,7,9,13,2026-05-06 09:45:00,2026-05-06 12:10:00,481,24,3
7555,3,40,12,2026-02-04 21:52:00,2026-02-05 00:08:00,54,3,2
7556,3,14,9,2026-04-11 09:22:00,2026-04-11 11:28:00,443,15,2
7557,1,8,4,2026-03-20 01:32:00,2026-03-20 05:04:00,301,3,2
7558,2,18,9,2026-02-10 08:17:00,2026-02-10 10:38:00,103,2,2
7559,5,13,4,2026-04-09 10:45:00,2026-04-09 13:29:00,50,1,1
7560,7,9,9,2026-02-16 23:20:00,2026-02-17 01:37:00,463,7,3
7561,10,20,11,2026-02-17 11:17:00,2026-02-17 14:56:00,256,2,3
7562,5,38,8,2026-03-02 19:59:00,2026-03-02 23:28:00,495,26,3
7563,5,13,12,2026-06-28 03:13:00,2026-06-28 04:57:00,257,0,3
7564,2,18,9,2026-04-26 08:48:00,2026-04-26 12:15:00,362,19,3
7565,1,47,4,2026-02-15 13:34:00,2026-02-15 16:01:00,363,24,2
7566,4,29,11,2026-04-17 02:28:00,2026-04-17 03:04:00,220,7,2
7567,5,38,17,2026-03-13 09:04:00,2026-03-13 12:42:00,370,17,3
7568,5,13,14,2026-02-19 23:29:00,2026-02-20 02:27:00,216,14,3
7569,10,24,5,2026-01-06 06:25:00,2026-01-06 08:14:00,63,3,2
7570,4,35,6,2026-02-28 11:56:00,2026-02-28 14:08:00,370,4,1
7571,4,33,17,2026-02-25 17:31:00,2026-02-25 20:14:00,399,25,3
7572,3,3,9,2026-04-22 10:45:00,2026-04-22 12:32:00,436,11,2
7573,7,19,5,2026-04-22 16:46:00,2026-04-22 17:17:00,139,7,2
7574,9,17,7,2026-03-26 02:26:00,2026-03-26 04:36:00,330,18,1
7575,1,31,6,2026-02-15 10:06:00,2026-02-15 12:29:00,290,2,1
7576,9,2,16,2026-03-20 21:27:00,2026-03-20 23:12:00,276,11,2
7577,3,4,7,2026-05-11 16:03:00,2026-05-11 18:49:00,345,27,1
7578,4,25,20,2026-04-10 06:49:00,2026-04-10 08:32:00,126,1,2
7579,1,47,19,2026-06-15 10:23:00,2026-06-15 11:25:00,191,8,3
7580,2,18,19,2026-05-27 09:25:00,2026-05-27 11:33:00,108,6,1
7581,8,15,5,2026-01-15 03:30:00,2026-01-15 06:36:00,211,9,3
7582,8,26,9,2026-02-13 03:03:00,2026-02-13 06:43:00,68,1,1
7583,4,35,4,2026-01-23 06:19:00,2026-01-23 10:12:00,352,13,3
7584,9,2,18,2026-04-05 16:02:00,2026-04-05 19:42:00,171,5,1
7585,3,49,5,2026-01-09 11:19:00,2026-01-09 12:03:00,149,4,3
7586,9,17,13,2026-03-30 02:44:00,2026-03-30 03:41:00,265,14,3
7587,1,42,4,2026-05-30 13:35:00,2026-05-30 15:08:00,182,8,2
7588,9,2,10,2026-02-28 05:28:00,2026-02-28 06:45:00,177,10,3
7589,2,18,4,2026-05-12 05:05:00,2026-05-12 07:04:00,88,4,2
7590,9,2,17,2026-03-29 11:50:00,2026-03-29 13:43:00,475,36,3
7591,6,7,10,2026-05-03 18:37:00,2026-05-03 22:26:00,332,6,3
7592,3,46,18,2026-01-05 22:57:00,2026-01-06 00:08:00,337,5,2
7593,4,27,9,2026-05-19 06:07:00,2026-05-19 07:12:00,390,5,1
7594,6,6,13,2026-01-18 14:34:00,2026-01-18 15:21:00,450,9,3
7595,8,26,12,2026-01-05 02:01:00,2026-01-05 04:59:00,240,3,3
7596,10,24,13,2026-06-06 14:50:00,2026-06-06 18:07:00,383,11,1
7597,4,32,14,2026-03-26 15:44:00,2026-03-26 18:49:00,110,2,2
7598,6,1,2,2026-02-24 10:17:00,2026-02-24 12:15:00,445,1,2
7599,5,38,1,2026-05-30 00:55:00,2026-05-30 03:21:00,59,4,3
7600,8,26,1,2026-04-02 03:43:00,2026-04-02 04:19:00,373,19,2
7601,2,11,11,2026-04-15 06:01:00,2026-04-15 07:36:00,372,4,1
7602,4,44,17,2026-02-26 20:24:00,2026-02-26 22:41:00,143,9,2
7603,1,42,8,2026-02-18 00:25:00,2026-02-18 03:33:00,411,29,1
7604,10,30,6,2026-04-01 19:31:00,2026-04-01 21:35:00,367,8,3
7605,2,22,15,2026-04-07 09:52:00,2026-04-07 11:29:00,482,7,3
7606,2,5,13,2026-03-14 20:27:00,2026-03-14 21:35:00,386,4,3
7607,9,17,9,2026-06-09 20:49:00,2026-06-09 21:36:00,220,8,2
7608,6,1,4,2026-04-29 17:37:00,2026-04-29 21:02:00,306,7,3
7609,3,14,17,2026-04-24 03:55:00,2026-04-24 06:04:00,64,3,3
7610,8,15,14,2026-02-09 07:10:00,2026-02-09 09:43:00,313,4,2
7611,1,42,4,2026-06-05 07:36:00,2026-06-05 08:35:00,64,3,1
7612,5,38,17,2026-01-11 16:00:00,2026-01-11 16:34:00,327,2,3
7613,8,10,8,2026-04-21 15:15:00,2026-04-21 15:54:00,354,2,2
7614,8,10,16,2026-05-12 21:56:00,2026-05-12 22:49:00,479,32,3
7615,3,46,4,2026-01-04 02:05:00,2026-01-04 04:16:00,117,6,1
7616,9,2,7,2026-02-26 06:13:00,2026-02-26 07:14:00,388,11,3
7617,3,14,18,2026-02-17 15:19:00,2026-02-17 18:54:00,288,4,2
7618,5,43,6,2026-06-18 23:15:00,2026-06-19 02:25:00,443,15,1
7619,8,48,4,2026-04-19 14:40:00,2026-04-19 16:41:00,407,2,2
7620,4,35,18,2026-05-14 04:36:00,2026-05-14 06:36:00,468,10,1
7621,1,39,3,2026-02-23 03:35:00,2026-02-23 07:10:00,185,6,2
7622,3,4,1,2026-06-06 14:39:00,2026-06-06 15:30:00,281,5,2
7623,2,5,16,2026-06-28 00:11:00,2026-06-28 01:45:00,317,13,2
7624,7,37,6,2026-02-16 18:42:00,2026-02-16 19:17:00,192,8,1
7625,3,23,15,2026-06-14 15:09:00,2026-06-14 18:57:00,465,27,3
7626,1,8,15,2026-01-06 17:49:00,2026-01-06 20:37:00,108,3,3
7627,6,1,9,2026-04-05 01:01:00,2026-04-05 03:26:00,221,8,3
7628,4,29,2,2026-06-26 17:41:00,2026-06-26 19:43:00,472,37,3
7629,1,42,4,2026-04-01 16:44:00,2026-04-01 19:55:00,198,5,2
7630,4,29,9,2026-05-17 00:42:00,2026-05-17 02:12:00,436,20,2
7631,4,27,2,2026-03-21 09:24:00,2026-03-21 13:12:00,286,4,1
7632,3,3,2,2026-06-12 10:47:00,2026-06-12 12:50:00,272,15,1
7633,10,24,8,2026-02-15 08:38:00,2026-02-15 12:06:00,102,4,1
7634,1,47,14,2026-04-10 09:18:00,2026-04-10 11:09:00,208,9,2
7635,8,15,3,2026-06-17 04:43:00,2026-06-17 05:51:00,296,5,3
7636,3,14,7,2026-06-29 05:13:00,2026-06-29 07:13:00,373,27,1
7637,6,6,14,2026-05-15 04:02:00,2026-05-15 06:55:00,463,23,2
7638,4,27,13,2026-05-13 16:30:00,2026-05-13 20:12:00,148,10,2
7639,1,39,17,2026-04-22 13:02:00,2026-04-22 13:50:00,459,8,2
7640,5,13,17,2026-05-08 16:50:00,2026-05-08 19:57:00,208,11,2
7641,5,41,13,2026-01-11 04:45:00,2026-01-11 07:39:00,82,2,3
7642,9,50,8,2026-03-05 01:30:00,2026-03-05 02:22:00,169,12,2
7643,3,34,4,2026-03-19 13:22:00,2026-03-19 14:34:00,244,10,3
7644,8,26,9,2026-03-26 12:12:00,2026-03-26 15:11:00,298,14,1
7645,10,20,6,2026-04-19 03:47:00,2026-04-19 04:19:00,392,0,2
7646,3,3,14,2026-06-07 21:07:00,2026-06-07 23:19:00,325,8,1
7647,5,41,13,2026-03-14 14:19:00,2026-03-14 15:35:00,423,33,3
7648,5,38,3,2026-01-25 01:53:00,2026-01-25 05:48:00,415,11,1
7649,4,29,2,2026-03-03 11:12:00,2026-03-03 14:59:00,318,19,2
7650,8,10,19,2026-01-27 08:58:00,2026-01-27 12:46:00,211,1,2
7651,9,12,4,2026-02-25 21:05:00,2026-02-25 23:11:00,311,1,1
7652,10,20,12,2026-05-11 12:12:00,2026-05-11 14:27:00,491,6,3
7653,1,8,18,2026-03-21 22:40:00,2026-03-22 02:37:00,213,10,3
7654,8,26,13,2026-01-28 07:15:00,2026-01-28 08:55:00,369,0,3
7655,1,47,3,2026-04-01 10:15:00,2026-04-01 12:16:00,111,2,2
7656,2,16,17,2026-04-29 21:50:00,2026-04-30 01:37:00,216,7,1
7657,10,20,11,2026-01-04 06:57:00,2026-01-04 07:33:00,466,20,2
7658,2,36,20,2026-04-05 09:37:00,2026-04-05 12:55:00,406,15,1
7659,3,23,20,2026-05-11 13:12:00,2026-05-11 14:59:00,94,6,1
7660,3,3,10,2026-02-20 14:12:00,2026-02-20 17:02:00,385,23,3
7661,2,5,16,2026-03-07 21:02:00,2026-03-08 00:58:00,187,9,2
7662,3,14,13,2026-01-29 16:47:00,2026-01-29 18:31:00,51,2,2
7663,1,8,8,2026-05-20 00:25:00,2026-05-20 00:59:00,463,32,2
7664,3,34,9,2026-03-26 14:15:00,2026-03-26 15:15:00,170,9,1
7665,3,46,9,2026-04-14 22:43:00,2026-04-15 00:38:00,375,0,1
7666,8,15,2,2026-02-10 09:28:00,2026-02-10 12:46:00,307,1,1
7667,9,45,17,2026-03-27 08:45:00,2026-03-27 09:16:00,252,12,2
7668,3,40,16,2026-04-18 10:06:00,2026-04-18 13:25:00,72,0,3
7669,8,10,3,2026-01-12 04:17:00,2026-01-12 06:09:00,386,15,3
7670,2,22,16,2026-06-06 06:03:00,2026-06-06 08:24:00,241,19,2
7671,9,17,1,2026-03-06 09:19:00,2026-03-06 10:26:00,112,8,1
7672,5,38,15,2026-03-28 02:10:00,2026-03-28 03:34:00,402,29,2
7673,1,28,7,2026-04-30 03:43:00,2026-04-30 06:54:00,57,2,1
7674,4,35,3,2026-01-04 11:16:00,2026-01-04 14:39:00,240,3,2
7675,10,20,1,2026-03-23 03:22:00,2026-03-23 04:32:00,123,0,1
7676,9,45,17,2026-03-11 11:16:00,2026-03-11 13:01:00,322,12,2
7677,9,17,13,2026-01-18 04:15:00,2026-01-18 07:48:00,425,8,1
7678,2,16,13,2026-06-10 12:34:00,2026-06-10 14:48:00,67,3,3
7679,4,27,14,2026-02-02 14:02:00,2026-02-02 15:34:00,245,15,1
7680,1,47,20,2026-06-22 12:44:00,2026-06-22 13:57:00,337,13,1
7681,5,13,10,2026-06-22 15:02:00,2026-06-22 18:04:00,394,2,2
7682,5,43,6,2026-01-12 15:02:00,2026-01-12 16:29:00,211,5,3
7683,5,13,15,2026-03-18 11:20:00,2026-03-18 14:02:00,370,10,2
7684,4,44,5,2026-04-14 13:52:00,2026-04-14 15:15:00,437,7,2
7685,4,25,3,2026-04-07 11:01:00,2026-04-07 11:40:00,137,5,2
7686,4,32,9,2026-05-03 12:08:00,2026-05-03 14:33:00,265,18,2
7687,3,4,18,2026-05-11 01:31:00,2026-05-11 04:37:00,394,28,2
7688,5,13,16,2026-05-02 20:11:00,2026-05-02 23:21:00,180,10,3
7689,9,50,17,2026-04-25 11:06:00,2026-04-25 12:38:00,322,7,1
7690,3,14,2,2026-06-24 04:57:00,2026-06-24 05:43:00,246,6,3
7691,1,31,2,2026-01-04 00:08:00,2026-01-04 02:30:00,261,13,3
7692,2,5,8,2026-01-26 20:54:00,2026-01-26 22:50:00,375,5,3
7693,3,3,16,2026-01-05 01:25:00,2026-01-05 03:42:00,363,8,1
7694,4,33,20,2026-05-23 07:19:00,2026-05-23 09:20:00,316,8,3
7695,9,2,2,2026-06-12 22:21:00,2026-06-12 22:52:00,458,16,3
7696,8,21,18,2026-05-06 08:28:00,2026-05-06 09:56:00,78,3,2
7697,1,31,9,2026-05-13 05:23:00,2026-05-13 05:56:00,130,6,2
7698,4,32,11,2026-05-11 19:54:00,2026-05-11 22:43:00,99,5,2
7699,4,35,6,2026-03-05 01:54:00,2026-03-05 05:07:00,368,20,3
7700,8,26,10,2026-05-01 17:24:00,2026-05-01 20:13:00,140,3,2
7701,4,27,18,2026-03-19 00:00:00,2026-03-19 01:55:00,272,11,1
7702,7,19,8,2026-01-03 23:09:00,2026-01-04 00:33:00,439,3,3
7703,5,43,13,2026-04-18 22:51:00,2026-04-18 23:36:00,253,3,2
7704,1,42,1,2026-04-21 00:02:00,2026-04-21 02:53:00,331,7,3
7705,7,37,3,2026-04-27 02:58:00,2026-04-27 05:47:00,63,2,3
7706,9,12,18,2026-03-21 07:19:00,2026-03-21 09:28:00,279,1,2
7707,5,13,18,2026-06-05 01:02:00,2026-06-05 04:47:00,412,20,2
7708,2,18,8,2026-05-30 17:16:00,2026-05-30 19:44:00,230,9,1
7709,9,12,12,2026-05-23 01:20:00,2026-05-23 04:23:00,345,6,2
7710,3,49,11,2026-05-12 01:32:00,2026-05-12 02:06:00,157,7,3
7711,3,14,10,2026-03-17 23:10:00,2026-03-18 02:49:00,188,1,1
7712,3,46,11,2026-02-14 09:16:00,2026-02-14 11:22:00,115,8,2
7713,4,25,2,2026-05-24 21:37:00,2026-05-25 00:59:00,346,16,1
7714,2,11,6,2026-06-22 17:58:00,2026-06-22 18:52:00,337,4,1
7715,1,31,9,2026-06-24 04:43:00,2026-06-24 07:25:00,331,21,1
7716,2,16,4,2026-03-30 23:01:00,2026-03-30 23:41:00,245,8,3
7717,3,4,11,2026-02-28 15:59:00,2026-02-28 17:35:00,482,12,1
7718,3,4,12,2026-03-26 21:23:00,2026-03-27 00:14:00,471,16,1
7719,5,38,17,2026-04-12 18:52:00,2026-04-12 20:45:00,359,14,1
7720,1,39,5,2026-06-27 05:42:00,2026-06-27 09:32:00,409,32,3
7721,10,30,6,2026-04-13 04:49:00,2026-04-13 06:46:00,106,3,3
7722,7,19,4,2026-01-13 22:05:00,2026-01-14 00:48:00,311,11,2
7723,4,35,7,2026-02-26 00:08:00,2026-02-26 01:30:00,469,3,2
7724,2,11,18,2026-06-02 01:58:00,2026-06-02 05:00:00,103,3,3
7725,4,25,1,2026-05-01 06:32:00,2026-05-01 09:20:00,71,4,3
7726,4,27,5,2026-06-15 12:54:00,2026-06-15 14:23:00,122,3,3
7727,4,35,17,2026-06-13 16:45:00,2026-06-13 18:37:00,208,4,1
7728,1,8,13,2026-03-13 16:46:00,2026-03-13 19:23:00,378,6,3
7729,4,32,12,2026-05-14 22:31:00,2026-05-15 01:59:00,400,9,2
7730,1,28,3,2026-06-03 00:52:00,2026-06-03 02:20:00,155,10,3
7731,3,3,17,2026-01-18 15:26:00,2026-01-18 16:21:00,90,2,3
7732,1,28,4,2026-05-19 18:59:00,2026-05-19 20:49:00,500,10,2
7733,1,31,20,2026-06-16 12:39:00,2026-06-16 15:47:00,352,14,2
7734,2,18,1,2026-02-20 03:15:00,2026-02-20 04:30:00,407,0,3
7735,2,5,4,2026-05-15 04:36:00,2026-05-15 07:02:00,130,6,2
7736,10,20,12,2026-01-06 08:54:00,2026-01-06 09:26:00,241,8,2
7737,3,46,7,2026-01-05 22:13:00,2026-01-06 01:07:00,243,6,3
7738,7,9,13,2026-03-30 04:52:00,2026-03-30 07:34:00,464,4,1
7739,5,43,12,2026-03-22 06:46:00,2026-03-22 07:24:00,323,5,1
7740,1,42,1,2026-01-10 02:35:00,2026-01-10 04:46:00,288,7,2
7741,4,32,11,2026-02-26 19:54:00,2026-02-26 20:36:00,315,7,3
7742,7,9,16,2026-06-14 09:04:00,2026-06-14 11:29:00,420,23,3
7743,6,6,13,2026-05-11 21:18:00,2026-05-12 00:07:00,315,23,3
7744,4,27,1,2026-02-20 23:29:00,2026-02-21 02:33:00,248,9,2
7745,3,3,14,2026-01-05 03:30:00,2026-01-05 07:05:00,366,9,1
7746,2,22,9,2026-02-07 01:46:00,2026-02-07 04:50:00,361,17,1
7747,1,39,7,2026-03-19 12:41:00,2026-03-19 14:59:00,209,8,3
7748,2,5,10,2026-02-28 09:04:00,2026-02-28 11:38:00,293,18,3
7749,8,15,13,2026-03-20 09:23:00,2026-03-20 11:28:00,210,12,1
7750,4,29,20,2026-02-07 15:06:00,2026-02-07 15:36:00,349,25,2
7751,3,34,16,2026-02-28 14:55:00,2026-02-28 17:46:00,155,3,2
7752,1,42,2,2026-01-20 00:07:00,2026-01-20 01:07:00,431,30,3
7753,3,34,11,2026-04-16 19:16:00,2026-04-16 20:39:00,80,3,3
7754,9,50,13,2026-04-22 00:38:00,2026-04-22 03:40:00,474,26,1
7755,4,25,10,2026-01-28 21:06:00,2026-01-28 23:43:00,152,5,2
7756,2,22,2,2026-02-16 18:11:00,2026-02-16 19:19:00,239,4,3
7757,5,38,18,2026-04-16 12:21:00,2026-04-16 16:13:00,420,25,3
7758,1,28,4,2026-05-24 01:15:00,2026-05-24 04:49:00,80,5,1
7759,8,26,1,2026-01-12 02:06:00,2026-01-12 02:52:00,115,2,1
7760,4,44,16,2026-03-26 01:22:00,2026-03-26 02:31:00,266,0,2
7761,1,39,11,2026-03-18 09:09:00,2026-03-18 09:50:00,385,15,3
7762,4,44,19,2026-03-17 06:09:00,2026-03-17 08:47:00,325,8,2
7763,1,28,10,2026-03-24 10:18:00,2026-03-24 13:30:00,256,9,3
7764,2,5,12,2026-01-26 09:46:00,2026-01-26 11:20:00,465,16,1
7765,4,32,7,2026-04-11 07:42:00,2026-04-11 08:33:00,206,11,1
7766,4,35,4,2026-02-04 19:35:00,2026-02-04 22:53:00,380,30,3
7767,8,15,14,2026-04-09 15:58:00,2026-04-09 19:46:00,220,10,3
7768,1,8,17,2026-05-06 15:05:00,2026-05-06 18:33:00,53,2,1
7769,2,16,3,2026-03-12 23:41:00,2026-03-13 02:56:00,387,1,3
7770,1,28,10,2026-01-03 22:27:00,2026-01-04 01:07:00,235,11,1
7771,4,33,18,2026-05-29 08:26:00,2026-05-29 11:39:00,111,3,2
7772,5,43,1,2026-03-16 04:08:00,2026-03-16 06:08:00,133,9,1
7773,10,20,17,2026-03-11 04:08:00,2026-03-11 06:41:00,66,5,2
7774,9,50,2,2026-03-07 05:16:00,2026-03-07 06:38:00,58,2,1
7775,2,18,17,2026-06-01 18:42:00,2026-06-01 21:30:00,476,32,1
7776,9,12,1,2026-02-27 02:51:00,2026-02-27 03:25:00,79,0,3
7777,1,39,18,2026-06-08 09:24:00,2026-06-08 11:49:00,391,20,1
7778,9,17,7,2026-06-14 21:20:00,2026-06-15 01:15:00,124,0,3
7779,7,19,11,2026-05-28 11:03:00,2026-05-28 12:16:00,141,0,1
7780,1,28,5,2026-03-12 17:08:00,2026-03-12 21:07:00,351,10,1
7781,4,33,5,2026-05-22 21:06:00,2026-05-22 23:48:00,494,29,1
7782,5,41,1,2026-06-15 07:26:00,2026-06-15 11:04:00,155,3,3
7783,1,28,4,2026-01-18 23:00:00,2026-01-18 23:56:00,452,29,3
7784,8,26,17,2026-01-31 07:07:00,2026-01-31 09:31:00,50,0,3
7785,10,20,2,2026-06-27 21:12:00,2026-06-27 22:36:00,487,15,2
7786,7,37,18,2026-03-17 19:58:00,2026-03-17 23:28:00,218,0,2
7787,10,24,3,2026-06-10 22:38:00,2026-06-11 01:41:00,175,11,2
7788,4,33,8,2026-01-11 19:56:00,2026-01-11 22:12:00,303,16,3
7789,1,31,7,2026-02-23 00:39:00,2026-02-23 03:39:00,184,4,1
7790,9,2,18,2026-03-28 03:43:00,2026-03-28 07:28:00,368,4,2
7791,9,12,13,2026-01-13 10:44:00,2026-01-13 11:18:00,330,9,2
7792,4,44,7,2026-04-23 15:28:00,2026-04-23 18:50:00,301,13,2
7793,4,32,20,2026-06-23 23:41:00,2026-06-24 02:39:00,381,1,2
7794,1,42,12,2026-06-12 18:16:00,2026-06-12 20:42:00,361,25,3
7795,1,8,2,2026-03-15 22:56:00,2026-03-16 01:19:00,199,5,2
7796,7,37,16,2026-02-01 15:03:00,2026-02-01 18:18:00,364,18,2
7797,2,22,19,2026-04-12 17:32:00,2026-04-12 20:08:00,69,1,2
7798,1,42,12,2026-03-03 00:11:00,2026-03-03 03:42:00,151,2,3
7799,6,6,4,2026-05-26 07:40:00,2026-05-26 09:04:00,56,2,3
7800,7,19,8,2026-03-02 23:08:00,2026-03-03 02:53:00,489,27,1
7801,10,20,1,2026-06-19 18:10:00,2026-06-19 18:41:00,209,11,3
7802,10,20,9,2026-01-03 01:40:00,2026-01-03 03:30:00,54,0,2
7803,2,11,13,2026-04-30 04:24:00,2026-04-30 05:08:00,353,26,1
7804,4,35,13,2026-03-10 01:32:00,2026-03-10 04:21:00,52,2,1
7805,4,44,18,2026-02-27 01:09:00,2026-02-27 01:49:00,383,0,3
7806,5,43,3,2026-01-09 17:24:00,2026-01-09 19:39:00,199,11,1
7807,9,17,6,2026-06-13 07:42:00,2026-06-13 11:40:00,440,8,1
7808,5,41,3,2026-01-23 03:29:00,2026-01-23 05:41:00,456,24,1
7809,4,35,14,2026-03-26 10:22:00,2026-03-26 12:23:00,462,13,2
7810,1,31,6,2026-05-18 21:01:00,2026-05-18 22:47:00,57,0,3
7811,7,37,6,2026-01-16 17:54:00,2026-01-16 19:06:00,474,21,3
7812,4,25,3,2026-05-20 16:32:00,2026-05-20 18:29:00,284,7,1
7813,2,16,19,2026-02-16 12:56:00,2026-02-16 16:39:00,263,2,2
7814,8,15,5,2026-01-20 05:13:00,2026-01-20 07:52:00,310,24,2
7815,3,49,15,2026-03-04 02:14:00,2026-03-04 03:34:00,199,4,2
7816,4,33,11,2026-02-21 12:25:00,2026-02-21 15:29:00,438,34,3
7817,5,43,18,2026-06-21 19:28:00,2026-06-21 21:38:00,294,10,2
7818,9,12,12,2026-06-06 20:49:00,2026-06-06 21:37:00,232,14,2
7819,9,17,12,2026-03-28 23:17:00,2026-03-29 00:08:00,479,9,2
7820,8,26,19,2026-06-07 14:22:00,2026-06-07 18:00:00,115,8,2
7821,2,22,14,2026-03-22 01:03:00,2026-03-22 03:17:00,385,17,3
7822,1,47,20,2026-03-31 00:49:00,2026-03-31 03:09:00,356,0,1
7823,9,12,20,2026-04-14 03:31:00,2026-04-14 04:42:00,115,7,3
7824,3,14,20,2026-06-16 02:44:00,2026-06-16 06:06:00,176,10,1
7825,1,31,5,2026-06-24 01:27:00,2026-06-24 02:39:00,341,12,1
7826,4,32,4,2026-03-31 10:12:00,2026-03-31 11:06:00,136,6,1
7827,3,3,9,2026-06-26 19:44:00,2026-06-26 21:24:00,169,2,2
7828,1,31,3,2026-06-25 07:52:00,2026-06-25 11:06:00,84,6,1
7829,3,23,17,2026-05-30 00:04:00,2026-05-30 02:56:00,265,0,2
7830,2,5,15,2026-04-29 13:25:00,2026-04-29 16:29:00,490,22,3
7831,6,6,15,2026-03-01 09:04:00,2026-03-01 10:19:00,406,7,2
7832,4,32,4,2026-02-04 19:28:00,2026-02-04 23:23:00,377,5,2
7833,8,10,6,2026-05-11 15:42:00,2026-05-11 19:33:00,179,8,1
7834,8,21,2,2026-03-14 01:53:00,2026-03-14 03:59:00,201,0,1
7835,9,50,19,2026-03-09 08:20:00,2026-03-09 12:05:00,166,0,1
7836,3,4,18,2026-06-03 21:57:00,2026-06-04 01:43:00,217,11,1
7837,2,22,6,2026-03-11 15:23:00,2026-03-11 16:52:00,70,1,1
7838,7,19,14,2026-02-14 23:09:00,2026-02-15 00:27:00,289,11,2
7839,6,1,5,2026-06-21 14:30:00,2026-06-21 17:48:00,324,17,3
7840,7,9,10,2026-01-24 23:10:00,2026-01-25 02:36:00,496,27,3
7841,4,35,19,2026-05-12 03:26:00,2026-05-12 06:08:00,54,3,2
7842,1,31,1,2026-02-25 09:22:00,2026-02-25 10:39:00,396,3,2
7843,5,43,4,2026-05-24 02:12:00,2026-05-24 04:25:00,152,3,3
7844,9,50,3,2026-06-14 02:26:00,2026-06-14 04:13:00,144,9,1
7845,7,19,19,2026-01-15 02:50:00,2026-01-15 03:26:00,213,9,2
7846,8,26,9,2026-01-12 18:36:00,2026-01-12 21:14:00,210,6,1
7847,6,1,4,2026-02-26 12:47:00,2026-02-26 16:15:00,95,3,3
7848,6,6,18,2026-05-14 22:01:00,2026-05-14 23:02:00,371,8,2
7849,9,2,11,2026-03-01 10:12:00,2026-03-01 11:56:00,283,7,1
7850,8,48,13,2026-05-31 12:52:00,2026-05-31 14:08:00,423,18,1
7851,4,25,1,2026-06-07 08:46:00,2026-06-07 09:43:00,180,13,1
7852,10,24,12,2026-06-06 22:50:00,2026-06-07 02:23:00,410,1,2
7853,9,45,9,2026-01-14 23:06:00,2026-01-15 00:36:00,347,26,2
7854,9,12,15,2026-01-11 10:46:00,2026-01-11 12:21:00,235,13,1
7855,4,35,17,2026-05-21 04:22:00,2026-05-21 06:19:00,498,13,2
7856,5,41,6,2026-03-08 20:06:00,2026-03-08 21:16:00,312,22,1
7857,9,45,8,2026-01-11 05:47:00,2026-01-11 09:02:00,487,17,2
7858,8,21,18,2026-02-19 04:11:00,2026-02-19 06:23:00,293,11,3
7859,1,47,18,2026-04-08 06:32:00,2026-04-08 09:48:00,71,5,2
7860,1,39,1,2026-01-03 11:51:00,2026-01-03 13:49:00,127,6,1
7861,1,28,6,2026-03-22 14:17:00,2026-03-22 17:42:00,477,2,3
7862,4,29,10,2026-03-17 09:49:00,2026-03-17 12:43:00,352,4,2
7863,5,41,5,2026-01-15 11:36:00,2026-01-15 14:27:00,93,0,2
7864,4,44,13,2026-05-15 09:06:00,2026-05-15 11:27:00,361,1,2
7865,5,38,15,2026-04-07 01:16:00,2026-04-07 03:51:00,394,10,3
7866,7,9,17,2026-04-09 14:03:00,2026-04-09 17:05:00,436,4,1
7867,5,38,2,2026-06-01 11:52:00,2026-06-01 15:38:00,97,4,2
7868,4,35,5,2026-04-20 16:39:00,2026-04-20 17:50:00,139,2,2
7869,5,13,4,2026-04-07 15:05:00,2026-04-07 15:50:00,477,8,3
7870,4,35,20,2026-01-30 09:50:00,2026-01-30 13:35:00,288,5,1
7871,3,46,13,2026-01-24 03:13:00,2026-01-24 04:08:00,203,9,3
7872,2,5,14,2026-03-13 16:54:00,2026-03-13 18:24:00,385,15,3
7873,10,24,2,2026-03-17 11:22:00,2026-03-17 14:56:00,399,17,2
7874,1,47,4,2026-01-17 07:27:00,2026-01-17 10:10:00,312,2,2
7875,2,16,1,2026-03-22 23:25:00,2026-03-23 00:11:00,430,26,2
7876,3,34,18,2026-02-11 16:17:00,2026-02-11 18:01:00,335,25,2
7877,6,1,1,2026-05-12 01:44:00,2026-05-12 05:11:00,388,4,3
7878,6,7,5,2026-06-14 01:17:00,2026-06-14 02:12:00,173,6,3
7879,6,7,20,2026-01-28 03:15:00,2026-01-28 03:48:00,70,1,2
7880,8,10,17,2026-06-07 16:21:00,2026-06-07 18:43:00,281,15,1
7881,2,16,11,2026-05-12 00:06:00,2026-05-12 00:58:00,189,1,2
7882,6,7,6,2026-03-04 01:47:00,2026-03-04 03:16:00,107,6,3
7883,6,6,2,2026-05-08 21:10:00,2026-05-08 22:40:00,77,0,2
7884,4,35,7,2026-06-15 17:55:00,2026-06-15 19:41:00,114,5,3
7885,5,13,8,2026-03-21 13:20:00,2026-03-21 14:41:00,262,18,3
7886,9,45,15,2026-04-16 08:40:00,2026-04-16 12:26:00,490,6,3
7887,4,44,19,2026-02-11 12:49:00,2026-02-11 16:40:00,173,1,2
7888,5,38,8,2026-05-29 16:55:00,2026-05-29 18:10:00,140,2,3
7889,2,16,8,2026-02-04 22:29:00,2026-02-05 01:18:00,297,9,2
7890,7,9,4,2026-01-26 21:55:00,2026-01-26 22:58:00,293,19,1
7891,10,24,4,2026-06-14 10:05:00,2026-06-14 11:47:00,247,11,3
7892,8,26,2,2026-01-24 06:12:00,2026-01-24 09:36:00,272,7,3
7893,1,42,15,2026-04-20 00:45:00,2026-04-20 02:47:00,320,1,1
7894,3,34,11,2026-06-17 18:49:00,2026-06-17 20:28:00,88,1,3
7895,8,15,13,2026-03-27 04:11:00,2026-03-27 05:05:00,159,8,1
7896,3,3,5,2026-05-19 17:57:00,2026-05-19 20:10:00,356,10,2
7897,10,20,10,2026-03-16 02:38:00,2026-03-16 05:03:00,263,13,3
7898,8,48,8,2026-01-24 21:56:00,2026-01-24 23:17:00,403,31,3
7899,4,44,3,2026-06-21 03:00:00,2026-06-21 05:19:00,284,9,3
7900,5,13,19,2026-02-19 13:36:00,2026-02-19 14:26:00,297,23,3
7901,9,12,4,2026-03-03 19:02:00,2026-03-03 21:25:00,209,7,1
7902,7,37,18,2026-02-23 05:03:00,2026-02-23 08:38:00,312,22,2
7903,6,1,8,2026-04-05 09:40:00,2026-04-05 13:27:00,67,5,1
7904,5,38,13,2026-04-12 09:35:00,2026-04-12 12:55:00,385,26,1
7905,8,48,4,2026-03-31 10:24:00,2026-03-31 12:19:00,266,12,1
7906,4,29,1,2026-05-02 15:05:00,2026-05-02 18:35:00,66,0,3
7907,4,27,14,2026-04-14 01:16:00,2026-04-14 03:43:00,87,3,1
7908,8,48,17,2026-02-12 22:16:00,2026-02-13 02:11:00,170,4,2
7909,8,48,20,2026-06-26 18:24:00,2026-06-26 21:21:00,489,29,2
7910,8,15,14,2026-01-15 06:52:00,2026-01-15 09:03:00,449,29,3
7911,7,9,6,2026-03-22 04:01:00,2026-03-22 05:52:00,129,1,3
7912,4,44,9,2026-04-28 03:30:00,2026-04-28 07:08:00,334,4,1
7913,4,29,14,2026-04-05 14:53:00,2026-04-05 16:10:00,186,3,1
7914,1,47,9,2026-02-03 12:56:00,2026-02-03 15:56:00,240,5,2
7915,3,4,18,2026-01-18 09:43:00,2026-01-18 11:20:00,310,14,1
7916,10,20,17,2026-06-04 04:43:00,2026-06-04 06:10:00,112,8,2
7917,2,36,1,2026-03-22 06:42:00,2026-03-22 07:23:00,436,26,2
7918,2,36,17,2026-02-05 01:46:00,2026-02-05 04:45:00,464,23,3
7919,2,11,9,2026-01-02 06:06:00,2026-01-02 08:33:00,482,14,2
7920,8,48,5,2026-03-29 13:42:00,2026-03-29 15:11:00,348,7,1
7921,4,33,1,2026-05-09 13:59:00,2026-05-09 16:07:00,130,2,2
7922,2,22,16,2026-01-09 07:36:00,2026-01-09 11:07:00,60,1,2
7923,2,11,5,2026-03-04 22:21:00,2026-03-05 01:09:00,240,1,1
7924,7,19,13,2026-03-13 03:28:00,2026-03-13 07:10:00,316,7,3
7925,2,16,17,2026-05-08 18:29:00,2026-05-08 19:15:00,137,3,2
7926,4,27,8,2026-05-14 14:10:00,2026-05-14 16:36:00,202,15,3
7927,4,35,13,2026-01-26 03:44:00,2026-01-26 05:09:00,283,17,3
7928,2,36,20,2026-04-08 11:02:00,2026-04-08 13:26:00,451,14,1
7929,2,18,11,2026-01-25 12:37:00,2026-01-25 16:04:00,488,3,3
7930,9,17,17,2026-03-18 14:07:00,2026-03-18 15:53:00,313,8,2
7931,3,4,18,2026-02-12 10:04:00,2026-02-12 14:01:00,384,28,3
7932,9,45,12,2026-06-13 21:14:00,2026-06-13 23:50:00,105,1,3
7933,6,6,5,2026-06-01 13:33:00,2026-06-01 17:23:00,302,1,2
7934,1,28,7,2026-02-22 10:13:00,2026-02-22 12:17:00,99,3,2
7935,1,47,20,2026-02-19 03:00:00,2026-02-19 04:00:00,68,0,2
7936,10,24,13,2026-03-08 20:32:00,2026-03-09 00:29:00,118,3,3
7937,3,34,1,2026-04-16 12:06:00,2026-04-16 13:51:00,100,3,1
7938,2,11,13,2026-02-13 20:27:00,2026-02-13 21:11:00,414,13,2
7939,2,5,18,2026-05-21 17:29:00,2026-05-21 18:55:00,89,3,3
7940,3,40,12,2026-01-20 15:43:00,2026-01-20 17:26:00,475,6,1
7941,4,27,5,2026-05-12 23:43:00,2026-05-13 00:50:00,125,0,2
7942,5,43,17,2026-01-14 03:44:00,2026-01-14 04:27:00,313,12,1
7943,2,18,1,2026-03-01 06:03:00,2026-03-01 09:11:00,256,1,1
7944,4,44,15,2026-01-17 02:06:00,2026-01-17 02:51:00,221,12,2
7945,9,2,3,2026-03-17 10:32:00,2026-03-17 13:22:00,185,5,2
7946,10,30,2,2026-02-26 17:05:00,2026-02-26 19:00:00,490,26,2
7947,1,28,17,2026-02-06 20:31:00,2026-02-06 22:24:00,50,3,1
7948,4,29,19,2026-04-29 05:50:00,2026-04-29 07:53:00,403,11,2
7949,1,8,1,2026-03-29 09:38:00,2026-03-29 11:52:00,254,10,2
7950,10,24,1,2026-05-10 00:45:00,2026-05-10 01:24:00,357,9,2
7951,5,43,19,2026-03-29 07:57:00,2026-03-29 10:23:00,458,27,2
7952,4,25,16,2026-03-08 13:35:00,2026-03-08 15:35:00,167,0,1
7953,5,41,1,2026-01-12 18:55:00,2026-01-12 22:09:00,407,27,2
7954,1,39,2,2026-06-02 20:31:00,2026-06-02 21:10:00,140,10,2
7955,6,7,18,2026-06-29 08:54:00,2026-06-29 09:28:00,399,31,3
7956,8,21,15,2026-02-08 06:49:00,2026-02-08 08:54:00,461,17,1
7957,2,22,3,2026-06-23 12:34:00,2026-06-23 13:58:00,447,22,1
7958,3,34,1,2026-01-31 14:49:00,2026-01-31 15:57:00,414,12,2
7959,10,20,8,2026-05-28 11:37:00,2026-05-28 14:51:00,387,7,1
7960,7,19,11,2026-01-11 22:59:00,2026-01-12 00:12:00,356,7,2
7961,4,27,17,2026-04-25 15:54:00,2026-04-25 16:33:00,62,2,3
7962,5,13,19,2026-01-23 16:55:00,2026-01-23 19:59:00,325,12,1
7963,1,42,19,2026-01-30 07:57:00,2026-01-30 09:22:00,363,19,1
7964,6,1,17,2026-02-09 09:10:00,2026-02-09 12:15:00,308,22,2
7965,2,16,6,2026-03-15 11:57:00,2026-03-15 15:00:00,326,17,3
7966,8,10,1,2026-04-17 16:04:00,2026-04-17 19:43:00,463,13,3
7967,6,7,19,2026-04-28 20:34:00,2026-04-29 00:19:00,429,3,3
7968,4,29,9,2026-03-13 10:03:00,2026-03-13 12:31:00,484,22,1
7969,6,1,20,2026-02-22 01:24:00,2026-02-22 05:18:00,64,2,2
7970,5,13,7,2026-04-01 13:49:00,2026-04-01 17:38:00,91,6,2
7971,2,11,18,2026-04-19 10:58:00,2026-04-19 11:56:00,429,32,2
7972,4,33,17,2026-03-31 16:29:00,2026-03-31 18:26:00,263,1,2
7973,7,37,5,2026-06-18 23:42:00,2026-06-19 03:39:00,313,16,1
7974,3,23,14,2026-04-29 20:08:00,2026-04-29 21:38:00,330,16,3
7975,1,8,8,2026-01-05 08:04:00,2026-01-05 09:45:00,58,0,2
7976,4,44,13,2026-04-26 03:46:00,2026-04-26 05:57:00,330,12,1
7977,8,48,12,2026-02-09 14:08:00,2026-02-09 16:41:00,424,5,2
7978,1,31,20,2026-05-06 17:08:00,2026-05-06 21:02:00,124,0,3
7979,5,43,7,2026-06-03 06:22:00,2026-06-03 08:30:00,327,0,2
7980,8,26,6,2026-01-20 05:14:00,2026-01-20 08:05:00,339,18,3
7981,7,19,8,2026-06-29 16:45:00,2026-06-29 17:17:00,306,16,1
7982,8,26,15,2026-01-25 14:29:00,2026-01-25 18:27:00,473,26,3
7983,9,2,14,2026-06-15 17:36:00,2026-06-15 21:12:00,422,21,3
7984,3,14,15,2026-03-22 17:57:00,2026-03-22 19:59:00,341,21,2
7985,2,16,11,2026-05-04 06:35:00,2026-05-04 09:36:00,192,8,2
7986,6,7,14,2026-04-04 04:37:00,2026-04-04 05:43:00,392,12,3
7987,4,29,19,2026-05-26 02:10:00,2026-05-26 04:07:00,190,11,1
7988,9,45,7,2026-06-05 06:11:00,2026-06-05 07:40:00,400,0,3
7989,3,40,20,2026-05-29 03:00:00,2026-05-29 05:31:00,158,1,2
7990,2,22,12,2026-04-21 01:26:00,2026-04-21 02:24:00,106,6,1
7991,3,49,13,2026-04-01 11:30:00,2026-04-01 14:01:00,449,35,1
7992,7,9,16,2026-06-25 09:03:00,2026-06-25 10:24:00,142,7,1
7993,5,13,11,2026-06-24 17:12:00,2026-06-24 20:32:00,153,6,2
7994,4,44,12,2026-04-20 20:29:00,2026-04-20 23:36:00,228,0,2
7995,3,34,12,2026-01-27 21:40:00,2026-01-28 00:30:00,139,3,2
7996,7,37,20,2026-02-19 18:55:00,2026-02-19 22:21:00,114,6,3
7997,7,37,1,2026-04-23 08:16:00,2026-04-23 08:57:00,138,1,1
7998,10,30,15,2026-03-08 04:54:00,2026-03-08 08:38:00,102,6,3
7999,6,1,13,2026-01-28 14:33:00,2026-01-28 15:59:00,278,11,3
8000,3,40,18,2026-05-03 14:34:00,2026-05-03 18:26:00,95,0,2
8001,2,22,2,2026-04-11 13:47:00,2026-04-11 15:57:00,166,1,1
8002,8,26,10,2026-01-21 13:41:00,2026-01-21 14:43:00,437,19,2
8003,3,23,11,2026-06-25 05:44:00,2026-06-25 08:40:00,352,6,1
8004,9,50,1,2026-03-20 04:01:00,2026-03-20 06:14:00,332,2,3
8005,5,38,1,2026-01-01 13:59:00,2026-01-01 17:44:00,482,32,2
8006,3,40,16,2026-05-08 05:12:00,2026-05-08 07:48:00,471,9,1
8007,9,17,9,2026-06-28 23:18:00,2026-06-29 02:49:00,309,12,2
8008,2,5,16,2026-06-29 00:47:00,2026-06-29 03:53:00,270,19,3
8009,1,39,12,2026-06-26 23:25:00,2026-06-27 00:32:00,398,2,3
8010,7,37,1,2026-01-04 08:38:00,2026-01-04 11:30:00,323,16,2
8011,3,3,20,2026-01-08 18:23:00,2026-01-08 21:12:00,196,15,2
8012,5,38,5,2026-04-04 17:34:00,2026-04-04 18:33:00,285,16,2
8013,3,23,15,2026-04-14 10:14:00,2026-04-14 12:47:00,233,15,3
8014,8,10,17,2026-01-07 07:35:00,2026-01-07 11:28:00,477,1,2
8015,10,20,17,2026-05-15 05:05:00,2026-05-15 07:49:00,381,25,1
8016,1,28,8,2026-05-10 19:58:00,2026-05-10 22:52:00,451,27,3
8017,9,45,11,2026-06-26 03:06:00,2026-06-26 04:19:00,434,1,2
8018,4,33,11,2026-01-26 09:19:00,2026-01-26 12:39:00,58,3,3
8019,7,37,6,2026-04-07 09:23:00,2026-04-07 10:37:00,387,10,2
8020,6,7,2,2026-05-23 14:48:00,2026-05-23 15:23:00,486,36,1
8021,1,31,19,2026-06-21 05:46:00,2026-06-21 08:27:00,367,23,1
8022,4,35,20,2026-04-10 00:57:00,2026-04-10 01:46:00,66,0,2
8023,2,18,1,2026-02-20 23:37:00,2026-02-21 01:38:00,274,14,1
8024,6,1,19,2026-04-04 01:31:00,2026-04-04 03:37:00,284,1,3
8025,6,1,15,2026-05-18 15:54:00,2026-05-18 16:46:00,80,6,1
8026,6,1,18,2026-04-19 07:06:00,2026-04-19 08:44:00,420,2,2
8027,3,49,19,2026-05-15 01:43:00,2026-05-15 04:35:00,464,26,2
8028,2,5,7,2026-04-21 01:40:00,2026-04-21 02:13:00,351,4,1
8029,1,31,8,2026-01-12 04:06:00,2026-01-12 05:00:00,283,22,1
8030,3,3,16,2026-04-16 07:35:00,2026-04-16 09:28:00,128,9,1
8031,9,50,16,2026-06-28 20:50:00,2026-06-28 23:01:00,61,4,2
8032,8,15,6,2026-05-07 22:02:00,2026-05-08 00:48:00,372,29,3
8033,2,22,10,2026-02-21 08:09:00,2026-02-21 12:07:00,173,1,2
8034,6,6,2,2026-05-24 09:46:00,2026-05-24 13:22:00,460,10,2
8035,9,12,18,2026-04-04 08:54:00,2026-04-04 10:25:00,112,2,3
8036,2,18,10,2026-03-08 08:46:00,2026-03-08 09:29:00,103,4,2
8037,8,15,14,2026-03-13 00:25:00,2026-03-13 01:21:00,141,8,3
8038,10,30,1,2026-01-05 20:20:00,2026-01-05 20:59:00,285,8,2
8039,5,43,17,2026-03-13 17:44:00,2026-03-13 18:50:00,268,11,1
8040,3,46,14,2026-06-15 09:38:00,2026-06-15 10:13:00,244,0,3
8041,4,27,1,2026-04-14 20:24:00,2026-04-14 23:48:00,166,6,1
8042,4,35,19,2026-04-13 23:16:00,2026-04-14 02:32:00,140,6,1
8043,3,14,2,2026-02-03 21:50:00,2026-02-03 22:30:00,141,3,3
8044,8,21,6,2026-02-08 19:17:00,2026-02-08 23:01:00,237,0,3
8045,9,17,9,2026-05-14 21:35:00,2026-05-15 01:01:00,87,0,3
8046,9,2,12,2026-02-28 05:03:00,2026-02-28 06:51:00,164,2,3
8047,5,38,10,2026-01-08 12:05:00,2026-01-08 15:48:00,375,12,3
8048,5,43,6,2026-06-07 14:32:00,2026-06-07 15:36:00,108,7,3
8049,1,42,12,2026-01-29 08:17:00,2026-01-29 12:02:00,374,23,1
8050,10,20,6,2026-06-12 08:52:00,2026-06-12 10:07:00,441,3,1
8051,4,35,3,2026-01-27 13:44:00,2026-01-27 17:16:00,273,15,2
8052,8,26,15,2026-04-06 08:44:00,2026-04-06 10:26:00,119,9,2
8053,4,32,2,2026-06-12 19:34:00,2026-06-12 22:12:00,410,3,3
8054,7,37,18,2026-02-20 10:26:00,2026-02-20 13:05:00,337,21,1
8055,5,38,17,2026-06-01 12:35:00,2026-06-01 16:10:00,249,10,3
8056,10,24,13,2026-02-09 13:32:00,2026-02-09 14:34:00,496,19,2
8057,4,25,18,2026-03-26 10:24:00,2026-03-26 12:56:00,175,0,3
8058,1,42,20,2026-05-21 01:55:00,2026-05-21 03:51:00,153,10,1
8059,10,24,20,2026-05-27 02:52:00,2026-05-27 06:28:00,217,8,1
8060,3,34,12,2026-04-17 21:44:00,2026-04-18 00:32:00,75,2,3
8061,2,22,19,2026-02-12 12:43:00,2026-02-12 16:36:00,420,4,1
8062,8,48,11,2026-05-17 09:47:00,2026-05-17 11:36:00,73,4,3
8063,2,11,6,2026-04-18 07:50:00,2026-04-18 09:59:00,450,35,3
8064,10,24,5,2026-01-26 17:23:00,2026-01-26 19:35:00,411,30,2
8065,1,47,19,2026-04-16 12:21:00,2026-04-16 14:23:00,166,3,2
8066,9,12,6,2026-01-12 02:54:00,2026-01-12 03:59:00,325,21,2
8067,4,27,6,2026-03-06 05:45:00,2026-03-06 07:06:00,434,20,1
8068,3,23,11,2026-01-11 07:16:00,2026-01-11 08:20:00,70,3,1
8069,9,50,7,2026-01-01 23:45:00,2026-01-02 00:58:00,435,8,3
8070,1,28,19,2026-03-14 10:19:00,2026-03-14 11:40:00,203,15,2
8071,9,12,1,2026-06-20 01:12:00,2026-06-20 03:32:00,73,4,3
8072,2,11,11,2026-04-12 02:24:00,2026-04-12 03:38:00,380,26,1
8073,2,36,7,2026-02-03 10:09:00,2026-02-03 12:04:00,488,11,1
8074,3,46,1,2026-04-19 07:48:00,2026-04-19 09:30:00,340,4,1
8075,6,1,19,2026-01-24 16:04:00,2026-01-24 16:51:00,288,2,1
8076,2,22,3,2026-06-25 13:15:00,2026-06-25 14:20:00,437,6,3
8077,3,3,1,2026-06-09 04:21:00,2026-06-09 06:44:00,364,21,1
8078,3,4,1,2026-01-27 13:46:00,2026-01-27 15:54:00,199,13,1
8079,6,7,8,2026-06-04 02:23:00,2026-06-04 05:22:00,294,12,1
8080,2,22,18,2026-05-20 16:59:00,2026-05-20 19:14:00,460,35,3
8081,1,31,12,2026-03-21 00:01:00,2026-03-21 03:45:00,190,12,3
8082,6,6,6,2026-02-25 07:57:00,2026-02-25 09:44:00,338,15,1
8083,9,45,7,2026-03-14 13:42:00,2026-03-14 14:27:00,353,16,2
8084,4,44,2,2026-01-04 06:19:00,2026-01-04 07:49:00,380,17,2
8085,3,3,15,2026-03-07 20:40:00,2026-03-07 22:35:00,167,8,3
8086,3,4,16,2026-05-28 06:26:00,2026-05-28 08:35:00,441,8,3
8087,2,36,1,2026-02-11 15:19:00,2026-02-11 18:00:00,231,14,2
8088,3,3,16,2026-05-15 08:11:00,2026-05-15 11:21:00,156,5,3
8089,3,3,15,2026-06-26 05:50:00,2026-06-26 06:57:00,176,3,1
8090,8,21,18,2026-04-12 08:40:00,2026-04-12 10:51:00,299,8,2
8091,2,22,6,2026-06-08 18:13:00,2026-06-08 22:04:00,65,2,1
8092,2,36,9,2026-06-01 07:26:00,2026-06-01 10:49:00,436,4,2
8093,10,20,11,2026-05-27 01:05:00,2026-05-27 03:07:00,221,3,2
8094,4,44,10,2026-05-20 04:10:00,2026-05-20 07:47:00,183,7,3
8095,4,25,2,2026-03-06 06:35:00,2026-03-06 10:28:00,404,9,3
8096,3,14,2,2026-05-30 03:23:00,2026-05-30 07:01:00,170,2,2
8097,2,22,8,2026-01-05 17:32:00,2026-01-05 18:38:00,286,8,3
8098,9,50,18,2026-02-28 10:45:00,2026-02-28 13:29:00,146,0,2
8099,1,31,5,2026-02-27 10:55:00,2026-02-27 14:12:00,279,12,3
8100,5,43,1,2026-05-14 13:05:00,2026-05-14 15:07:00,105,3,2
8101,8,26,18,2026-01-12 19:33:00,2026-01-12 23:08:00,182,14,3
8102,5,43,8,2026-04-14 12:18:00,2026-04-14 16:02:00,379,8,3
8103,5,43,13,2026-05-25 07:34:00,2026-05-25 09:34:00,77,4,3
8104,5,13,16,2026-04-29 14:57:00,2026-04-29 16:08:00,204,0,2
8105,4,25,17,2026-05-09 21:12:00,2026-05-10 00:29:00,493,20,1
8106,7,37,20,2026-02-22 19:38:00,2026-02-22 21:05:00,422,19,1
8107,1,47,18,2026-04-17 02:50:00,2026-04-17 04:27:00,156,2,2
8108,3,14,7,2026-04-07 04:20:00,2026-04-07 08:04:00,482,27,1
8109,7,19,1,2026-01-15 10:16:00,2026-01-15 13:40:00,83,4,1
8110,9,2,5,2026-04-28 18:00:00,2026-04-28 19:14:00,58,3,3
8111,2,5,19,2026-01-22 13:15:00,2026-01-22 17:11:00,311,4,2
8112,4,35,5,2026-03-11 10:58:00,2026-03-11 14:23:00,152,6,2
8113,3,40,4,2026-03-30 08:49:00,2026-03-30 11:47:00,61,2,3
8114,5,41,2,2026-01-08 04:44:00,2026-01-08 05:21:00,241,18,3
8115,2,11,15,2026-06-12 07:17:00,2026-06-12 07:58:00,343,20,1
8116,3,14,10,2026-03-06 18:15:00,2026-03-06 21:42:00,465,34,1
8117,4,32,2,2026-01-08 13:16:00,2026-01-08 15:39:00,369,21,3
8118,8,48,10,2026-04-08 13:05:00,2026-04-08 14:50:00,72,1,1
8119,2,11,18,2026-05-31 02:18:00,2026-05-31 05:52:00,120,7,3
8120,1,31,5,2026-05-16 21:22:00,2026-05-17 00:52:00,350,13,1
8121,5,43,18,2026-05-14 14:52:00,2026-05-14 16:57:00,367,27,2
8122,9,17,2,2026-02-06 02:21:00,2026-02-06 05:33:00,283,8,3
8123,4,33,14,2026-05-18 08:56:00,2026-05-18 12:09:00,412,3,3
8124,1,31,15,2026-02-25 01:22:00,2026-02-25 05:14:00,278,6,3
8125,1,42,3,2026-05-27 10:53:00,2026-05-27 12:49:00,466,17,2
8126,6,1,12,2026-01-27 18:14:00,2026-01-27 19:06:00,98,0,1
8127,7,9,17,2026-01-05 06:39:00,2026-01-05 08:15:00,329,10,3
8128,4,29,19,2026-03-24 15:50:00,2026-03-24 19:45:00,133,5,2
8129,6,1,12,2026-01-30 07:10:00,2026-01-30 08:56:00,98,5,2
8130,2,16,6,2026-02-18 16:29:00,2026-02-18 17:52:00,391,23,3
8131,8,26,2,2026-02-14 11:40:00,2026-02-14 13:38:00,486,19,3
8132,2,5,4,2026-06-14 18:40:00,2026-06-14 21:10:00,415,13,1
8133,4,32,4,2026-05-16 19:44:00,2026-05-16 23:36:00,73,2,2
8134,5,43,5,2026-05-11 04:33:00,2026-05-11 05:23:00,89,4,3
8135,9,45,19,2026-02-20 15:15:00,2026-02-20 17:17:00,441,3,2
8136,8,48,14,2026-01-25 07:36:00,2026-01-25 09:29:00,464,24,1
8137,4,27,7,2026-03-12 00:03:00,2026-03-12 02:52:00,206,7,1
8138,4,33,14,2026-02-24 07:46:00,2026-02-24 10:10:00,153,4,2
8139,2,16,16,2026-04-30 12:40:00,2026-04-30 15:38:00,100,5,3
8140,5,41,18,2026-04-24 14:56:00,2026-04-24 18:26:00,316,14,2
8141,7,9,20,2026-05-04 07:57:00,2026-05-04 11:49:00,223,7,1
8142,3,40,2,2026-01-31 01:38:00,2026-01-31 05:17:00,183,14,3
8143,8,10,15,2026-03-16 06:40:00,2026-03-16 10:17:00,336,9,3
8144,2,18,1,2026-03-18 22:13:00,2026-03-19 01:07:00,396,8,1
8145,7,19,12,2026-01-12 11:52:00,2026-01-12 12:58:00,115,6,1
8146,4,44,2,2026-05-18 15:58:00,2026-05-18 18:09:00,212,11,3
8147,10,30,8,2026-03-24 13:21:00,2026-03-24 15:50:00,284,18,3
8148,3,34,3,2026-06-18 03:46:00,2026-06-18 06:11:00,373,8,2
8149,2,18,18,2026-05-06 05:49:00,2026-05-06 07:47:00,261,4,2
8150,4,32,10,2026-05-16 13:52:00,2026-05-16 14:47:00,373,10,3
8151,1,31,17,2026-03-23 18:23:00,2026-03-23 21:03:00,393,3,3
8152,7,9,10,2026-01-08 16:22:00,2026-01-08 18:46:00,370,29,1
8153,1,42,1,2026-02-13 08:37:00,2026-02-13 10:38:00,76,4,3
8154,3,14,4,2026-01-08 02:47:00,2026-01-08 03:34:00,496,2,2
8155,3,14,6,2026-05-19 06:07:00,2026-05-19 08:16:00,289,10,1
8156,8,26,10,2026-05-15 18:08:00,2026-05-15 19:44:00,286,21,2
8157,2,18,5,2026-02-22 08:08:00,2026-02-22 10:58:00,141,4,1
8158,9,17,10,2026-03-03 02:08:00,2026-03-03 05:32:00,441,12,1
8159,4,27,10,2026-01-28 06:25:00,2026-01-28 08:17:00,498,25,1
8160,9,2,19,2026-04-04 23:27:00,2026-04-05 00:52:00,444,35,3
8161,3,14,13,2026-01-10 10:47:00,2026-01-10 12:00:00,52,0,2
8162,3,34,1,2026-01-04 23:34:00,2026-01-05 01:40:00,130,9,2
8163,8,48,20,2026-04-03 18:29:00,2026-04-03 22:14:00,431,14,2
8164,4,29,2,2026-01-10 19:52:00,2026-01-10 21:50:00,482,7,1
8165,8,15,7,2026-02-28 05:09:00,2026-02-28 08:43:00,338,26,3
8166,9,17,20,2026-04-12 15:36:00,2026-04-12 19:22:00,90,4,1
8167,6,6,1,2026-06-09 11:12:00,2026-06-09 14:47:00,71,0,3
8168,2,11,15,2026-05-19 19:00:00,2026-05-19 19:55:00,230,5,3
8169,6,7,10,2026-01-27 02:35:00,2026-01-27 05:40:00,55,2,2
8170,4,29,3,2026-03-26 00:22:00,2026-03-26 04:13:00,357,18,1
8171,1,47,15,2026-06-03 21:01:00,2026-06-03 22:41:00,311,4,3
8172,7,19,2,2026-05-08 16:02:00,2026-05-08 19:33:00,100,2,3
8173,9,2,16,2026-03-12 01:58:00,2026-03-12 03:28:00,227,1,1
8174,8,48,13,2026-01-16 09:05:00,2026-01-16 10:24:00,203,4,2
8175,3,34,4,2026-04-25 14:47:00,2026-04-25 16:53:00,480,30,3
8176,2,5,1,2026-04-10 00:04:00,2026-04-10 02:22:00,61,0,1
8177,4,25,10,2026-05-20 09:00:00,2026-05-20 10:45:00,479,24,2
8178,8,48,15,2026-04-06 11:28:00,2026-04-06 14:16:00,213,16,3
8179,3,49,11,2026-02-14 16:12:00,2026-02-14 18:20:00,218,3,2
8180,10,20,6,2026-03-02 15:16:00,2026-03-02 17:18:00,163,1,2
8181,4,35,1,2026-05-19 00:03:00,2026-05-19 02:36:00,129,4,3
8182,3,49,14,2026-05-25 04:27:00,2026-05-25 06:24:00,484,33,2
8183,3,46,12,2026-06-15 01:41:00,2026-06-15 02:38:00,159,12,3
8184,9,50,2,2026-02-26 13:20:00,2026-02-26 14:46:00,136,8,1
8185,2,36,8,2026-01-29 23:37:00,2026-01-30 02:01:00,196,10,2
8186,8,26,17,2026-01-05 01:56:00,2026-01-05 04:12:00,73,5,3
8187,8,10,5,2026-05-20 04:02:00,2026-05-20 06:23:00,435,1,2
8188,8,15,14,2026-03-15 17:37:00,2026-03-15 21:02:00,130,3,3
8189,8,48,11,2026-04-20 21:35:00,2026-04-20 22:15:00,371,14,3
8190,5,38,14,2026-06-03 10:44:00,2026-06-03 12:01:00,203,12,1
8191,4,33,14,2026-02-08 21:00:00,2026-02-08 23:48:00,199,14,2
8192,9,12,13,2026-06-11 12:38:00,2026-06-11 14:03:00,147,0,3
8193,9,12,8,2026-01-08 03:34:00,2026-01-08 07:07:00,143,1,2
8194,1,28,6,2026-01-11 11:50:00,2026-01-11 13:52:00,233,6,2
8195,2,16,5,2026-03-23 03:06:00,2026-03-23 06:42:00,484,0,1
8196,6,6,11,2026-02-21 10:14:00,2026-02-21 11:34:00,236,18,1
8197,10,30,3,2026-03-31 04:16:00,2026-03-31 05:48:00,131,9,2
8198,2,11,5,2026-06-06 09:44:00,2026-06-06 10:28:00,225,9,2
8199,4,35,16,2026-06-04 19:39:00,2026-06-04 21:40:00,365,16,1
8200,6,6,16,2026-02-23 17:22:00,2026-02-23 18:37:00,265,14,3
8201,3,49,15,2026-05-04 22:48:00,2026-05-05 02:48:00,372,20,2
8202,10,24,12,2026-06-28 03:55:00,2026-06-28 04:38:00,147,9,3
8203,4,35,5,2026-06-08 05:58:00,2026-06-08 07:39:00,252,0,3
8204,9,2,1,2026-06-16 17:24:00,2026-06-16 21:16:00,276,8,1
8205,5,38,4,2026-03-05 12:19:00,2026-03-05 14:01:00,478,5,2
8206,4,29,6,2026-03-01 00:15:00,2026-03-01 04:03:00,311,7,1
8207,4,33,1,2026-03-07 11:48:00,2026-03-07 15:26:00,146,11,1
8208,8,15,13,2026-03-18 14:47:00,2026-03-18 17:08:00,434,20,3
8209,3,23,16,2026-01-25 16:16:00,2026-01-25 18:09:00,194,10,1
8210,6,7,4,2026-02-16 11:28:00,2026-02-16 15:00:00,251,0,1
8211,10,20,11,2026-01-13 04:57:00,2026-01-13 07:39:00,442,1,3
8212,8,15,20,2026-03-04 05:29:00,2026-03-04 06:50:00,123,0,3
8213,8,48,20,2026-02-22 06:11:00,2026-02-22 09:41:00,253,0,2
8214,3,23,3,2026-04-10 20:14:00,2026-04-10 21:04:00,294,18,3
8215,10,30,13,2026-02-13 16:09:00,2026-02-13 17:14:00,199,6,3
8216,4,25,16,2026-04-30 02:31:00,2026-04-30 03:26:00,74,3,3
8217,3,4,19,2026-06-24 16:19:00,2026-06-24 19:18:00,420,6,2
8218,9,50,5,2026-03-20 11:36:00,2026-03-20 14:24:00,490,16,1
8219,3,23,8,2026-03-03 00:09:00,2026-03-03 02:46:00,362,13,1
8220,2,22,7,2026-04-22 02:27:00,2026-04-22 05:17:00,417,30,2
8221,3,23,12,2026-05-17 14:35:00,2026-05-17 16:43:00,476,22,1
8222,6,7,10,2026-01-06 03:11:00,2026-01-06 05:40:00,326,10,1
8223,7,9,18,2026-06-01 14:48:00,2026-06-01 16:36:00,144,10,3
8224,8,15,18,2026-03-06 23:41:00,2026-03-07 02:42:00,277,0,1
8225,7,37,7,2026-06-05 21:28:00,2026-06-06 00:15:00,224,2,2
8226,2,22,4,2026-02-09 00:28:00,2026-02-09 04:15:00,354,4,2
8227,6,1,4,2026-02-05 09:30:00,2026-02-05 10:18:00,237,3,1
8228,5,13,15,2026-01-13 22:17:00,2026-01-13 23:25:00,190,3,3
8229,8,48,2,2026-03-22 22:43:00,2026-03-23 00:34:00,430,14,3
8230,4,25,13,2026-02-12 20:32:00,2026-02-12 22:19:00,50,1,1
8231,7,19,11,2026-05-22 18:43:00,2026-05-22 19:19:00,192,15,3
8232,2,18,19,2026-01-09 20:37:00,2026-01-09 22:31:00,176,4,3
8233,6,7,8,2026-04-24 13:33:00,2026-04-24 14:50:00,404,5,3
8234,8,10,16,2026-01-05 19:29:00,2026-01-05 21:51:00,249,3,1
8235,5,43,8,2026-03-24 12:01:00,2026-03-24 13:10:00,340,26,3
8236,9,2,19,2026-06-29 12:34:00,2026-06-29 13:52:00,370,13,1
8237,3,40,13,2026-04-15 12:38:00,2026-04-15 15:25:00,233,16,2
8238,6,1,17,2026-03-14 19:51:00,2026-03-14 22:06:00,385,21,2
8239,1,31,18,2026-04-14 08:08:00,2026-04-14 10:47:00,343,23,2
8240,2,36,4,2026-02-16 15:42:00,2026-02-16 19:33:00,181,2,3
8241,2,36,11,2026-03-13 05:26:00,2026-03-13 08:02:00,131,5,3
8242,3,14,9,2026-03-22 03:31:00,2026-03-22 07:20:00,107,3,3
8243,9,2,16,2026-02-22 06:28:00,2026-02-22 08:23:00,379,13,3
8244,7,37,8,2026-02-13 04:40:00,2026-02-13 07:10:00,53,1,3
8245,5,38,17,2026-05-22 19:07:00,2026-05-22 21:48:00,316,22,3
8246,2,5,3,2026-02-08 03:27:00,2026-02-08 06:12:00,182,5,3
8247,9,12,1,2026-06-23 19:46:00,2026-06-23 23:42:00,255,6,3
8248,1,8,14,2026-03-06 14:53:00,2026-03-06 18:34:00,184,3,3
8249,6,1,13,2026-06-21 05:36:00,2026-06-21 09:19:00,484,20,3
8250,4,33,8,2026-02-16 13:34:00,2026-02-16 17:07:00,401,18,3
8251,5,38,8,2026-05-22 22:15:00,2026-05-23 01:38:00,490,2,3
8252,4,27,12,2026-03-08 20:46:00,2026-03-08 23:24:00,394,7,3
8253,9,45,16,2026-03-05 07:06:00,2026-03-05 09:40:00,385,16,3
8254,2,16,15,2026-03-08 17:16:00,2026-03-08 17:57:00,383,26,3
8255,7,9,6,2026-06-28 02:38:00,2026-06-28 05:08:00,215,6,2
8256,2,11,16,2026-02-20 04:18:00,2026-02-20 07:11:00,125,6,1
8257,7,37,1,2026-04-09 16:22:00,2026-04-09 19:23:00,76,4,3
8258,2,5,9,2026-02-22 07:59:00,2026-02-22 09:10:00,280,0,3
8259,8,10,2,2026-02-21 19:24:00,2026-02-21 20:34:00,59,0,1
8260,3,34,13,2026-05-11 02:37:00,2026-05-11 03:45:00,130,5,3
8261,10,20,20,2026-02-16 03:25:00,2026-02-16 07:17:00,427,16,1
8262,3,40,14,2026-01-13 23:05:00,2026-01-14 01:25:00,76,1,3
8263,9,2,5,2026-06-02 06:34:00,2026-06-02 10:12:00,161,4,3
8264,4,27,2,2026-06-28 15:22:00,2026-06-28 18:17:00,487,30,2
8265,1,47,18,2026-05-02 12:50:00,2026-05-02 15:46:00,115,3,1
8266,6,6,2,2026-01-06 11:15:00,2026-01-06 13:07:00,186,8,1
8267,3,23,4,2026-05-21 05:19:00,2026-05-21 06:26:00,158,10,1
8268,4,27,8,2026-03-07 02:35:00,2026-03-07 05:41:00,261,1,2
8269,9,12,16,2026-02-25 14:15:00,2026-02-25 17:19:00,209,16,1
8270,7,19,17,2026-03-12 22:24:00,2026-03-12 23:27:00,82,4,3
8271,7,37,18,2026-05-20 00:35:00,2026-05-20 02:48:00,306,15,2
8272,8,15,14,2026-06-28 15:24:00,2026-06-28 17:05:00,280,20,2
8273,6,1,3,2026-05-27 06:44:00,2026-05-27 08:11:00,484,35,3
8274,3,14,19,2026-01-25 00:26:00,2026-01-25 03:54:00,366,14,2
8275,3,40,13,2026-04-14 22:48:00,2026-04-15 02:27:00,380,7,2
8276,8,10,20,2026-01-20 02:37:00,2026-01-20 03:55:00,500,5,3
8277,4,44,16,2026-06-08 15:40:00,2026-06-08 19:05:00,246,12,1
8278,3,34,1,2026-06-09 13:06:00,2026-06-09 15:32:00,280,5,1
8279,9,2,8,2026-03-24 11:02:00,2026-03-24 14:26:00,328,10,2
8280,3,46,15,2026-01-16 01:50:00,2026-01-16 05:35:00,184,11,1
8281,2,22,3,2026-03-05 01:39:00,2026-03-05 04:19:00,101,5,1
8282,8,21,4,2026-02-26 08:38:00,2026-02-26 10:38:00,478,3,3
8283,2,16,7,2026-02-07 23:41:00,2026-02-08 03:31:00,144,11,1
8284,2,36,18,2026-02-10 04:29:00,2026-02-10 06:03:00,174,4,2
8285,5,38,13,2026-02-22 09:51:00,2026-02-22 11:56:00,395,14,3
8286,8,21,16,2026-02-09 04:48:00,2026-02-09 07:55:00,162,1,2
8287,1,47,5,2026-01-20 03:09:00,2026-01-20 06:35:00,215,7,2
8288,7,37,11,2026-03-28 05:10:00,2026-03-28 06:37:00,445,19,3
8289,9,2,20,2026-06-18 06:41:00,2026-06-18 07:18:00,217,1,2
8290,8,21,2,2026-01-14 03:26:00,2026-01-14 05:04:00,271,18,1
8291,1,39,6,2026-01-08 23:28:00,2026-01-09 01:22:00,134,10,3
8292,3,40,17,2026-03-19 14:58:00,2026-03-19 16:45:00,430,18,3
8293,4,29,9,2026-01-27 13:17:00,2026-01-27 17:12:00,166,4,2
8294,10,30,19,2026-01-21 03:55:00,2026-01-21 05:44:00,303,1,1
8295,4,35,15,2026-04-18 09:01:00,2026-04-18 11:05:00,388,7,2
8296,8,10,7,2026-05-05 00:15:00,2026-05-05 03:06:00,92,4,1
8297,1,8,1,2026-02-03 04:47:00,2026-02-03 06:57:00,214,5,1
8298,4,25,7,2026-01-30 11:01:00,2026-01-30 12:55:00,381,0,1
8299,8,48,9,2026-01-05 11:03:00,2026-01-05 11:38:00,400,2,2
8300,4,32,16,2026-06-06 23:20:00,2026-06-07 00:21:00,415,24,2
8301,6,1,15,2026-01-11 12:35:00,2026-01-11 15:52:00,174,2,3
8302,4,44,1,2026-03-29 01:43:00,2026-03-29 03:51:00,393,23,1
8303,2,36,14,2026-03-20 06:25:00,2026-03-20 08:47:00,488,19,1
8304,5,38,1,2026-04-06 03:21:00,2026-04-06 04:57:00,60,0,2
8305,3,34,19,2026-02-24 18:50:00,2026-02-24 22:18:00,214,5,3
8306,4,25,2,2026-02-09 10:47:00,2026-02-09 11:21:00,382,2,1
8307,4,27,17,2026-03-22 04:39:00,2026-03-22 07:23:00,282,5,1
8308,10,30,5,2026-05-30 13:21:00,2026-05-30 14:04:00,98,2,3
8309,3,3,15,2026-06-23 07:36:00,2026-06-23 09:02:00,275,12,2
8310,7,37,15,2026-05-28 15:00:00,2026-05-28 19:00:00,161,7,1
8311,4,35,13,2026-02-04 09:47:00,2026-02-04 13:28:00,53,1,3
8312,3,3,5,2026-06-05 15:06:00,2026-06-05 18:01:00,79,4,2
8313,7,37,3,2026-01-30 07:40:00,2026-01-30 11:27:00,250,3,3
8314,5,43,20,2026-04-19 22:18:00,2026-04-20 01:19:00,383,1,2
8315,7,9,3,2026-02-15 15:15:00,2026-02-15 18:54:00,372,11,3
8316,9,45,10,2026-01-05 04:20:00,2026-01-05 05:00:00,310,16,3
8317,1,47,20,2026-04-28 23:08:00,2026-04-29 01:26:00,382,9,3
8318,9,12,2,2026-01-13 13:05:00,2026-01-13 14:13:00,351,9,2
8319,1,42,15,2026-06-10 02:28:00,2026-06-10 05:38:00,423,14,1
8320,8,15,20,2026-01-09 05:53:00,2026-01-09 09:28:00,287,2,2
8321,7,37,13,2026-03-02 20:51:00,2026-03-03 00:41:00,120,3,3
8322,8,21,9,2026-06-09 17:59:00,2026-06-09 21:01:00,317,0,3
8323,5,43,17,2026-05-20 16:34:00,2026-05-20 17:24:00,214,0,1
8324,3,4,11,2026-05-02 16:09:00,2026-05-02 18:14:00,283,13,3
8325,1,39,20,2026-03-27 06:45:00,2026-03-27 08:24:00,428,27,1
8326,2,16,5,2026-05-27 01:07:00,2026-05-27 02:19:00,124,5,1
8327,3,14,9,2026-03-05 10:05:00,2026-03-05 13:54:00,75,0,2
8328,2,11,2,2026-05-30 16:23:00,2026-05-30 18:41:00,445,20,1
8329,7,19,10,2026-05-21 02:02:00,2026-05-21 03:19:00,445,32,3
8330,3,14,14,2026-02-11 06:45:00,2026-02-11 08:30:00,282,15,2
8331,6,7,10,2026-04-13 01:43:00,2026-04-13 05:05:00,102,2,2
8332,4,44,11,2026-02-22 08:33:00,2026-02-22 11:23:00,328,9,3
8333,2,18,2,2026-02-11 12:01:00,2026-02-11 12:48:00,461,29,2
8334,2,5,7,2026-03-22 16:05:00,2026-03-22 19:40:00,139,7,2
8335,9,12,20,2026-01-01 03:05:00,2026-01-01 05:48:00,56,0,2
8336,3,3,11,2026-01-08 10:13:00,2026-01-08 13:13:00,87,4,3
8337,8,21,5,2026-06-21 01:36:00,2026-06-21 04:15:00,134,8,2
8338,2,36,5,2026-01-29 16:35:00,2026-01-29 20:05:00,431,14,3
8339,5,43,6,2026-04-25 15:03:00,2026-04-25 16:55:00,346,21,2
8340,3,49,9,2026-02-26 12:02:00,2026-02-26 16:02:00,200,15,2
8341,5,41,2,2026-03-23 09:51:00,2026-03-23 11:04:00,73,2,1
8342,4,44,5,2026-04-17 20:09:00,2026-04-17 21:40:00,454,12,3
8343,8,26,8,2026-06-25 15:34:00,2026-06-25 17:51:00,51,2,2
8344,1,28,11,2026-06-29 16:15:00,2026-06-29 17:56:00,499,29,2
8345,4,35,6,2026-01-07 03:23:00,2026-01-07 06:56:00,319,2,3
8346,9,2,4,2026-05-23 03:03:00,2026-05-23 05:02:00,127,7,3
8347,9,12,9,2026-05-10 14:00:00,2026-05-10 15:37:00,136,5,3
8348,2,16,20,2026-03-14 04:23:00,2026-03-14 06:10:00,425,8,2
8349,2,36,3,2026-03-09 00:25:00,2026-03-09 03:44:00,65,3,2
8350,4,25,11,2026-06-15 10:40:00,2026-06-15 13:58:00,243,2,2
8351,3,49,12,2026-01-15 20:20:00,2026-01-15 21:53:00,174,7,3
8352,4,35,6,2026-03-09 12:36:00,2026-03-09 15:50:00,405,8,2
8353,5,41,15,2026-05-01 23:29:00,2026-05-02 02:27:00,302,12,1
8354,9,12,17,2026-05-26 13:07:00,2026-05-26 14:32:00,219,17,1
8355,5,43,14,2026-05-24 04:50:00,2026-05-24 07:45:00,65,2,1
8356,5,38,8,2026-03-04 02:11:00,2026-03-04 05:51:00,469,12,1
8357,4,32,1,2026-04-20 14:05:00,2026-04-20 15:34:00,346,27,3
8358,10,20,1,2026-04-24 00:52:00,2026-04-24 04:23:00,445,31,2
8359,3,4,19,2026-04-16 22:51:00,2026-04-17 01:59:00,162,5,3
8360,4,29,5,2026-04-03 18:20:00,2026-04-03 21:08:00,85,4,2
8361,3,4,17,2026-04-16 16:02:00,2026-04-16 17:41:00,399,1,3
8362,2,5,15,2026-06-13 04:13:00,2026-06-13 05:09:00,384,5,1
8363,2,16,7,2026-01-09 07:41:00,2026-01-09 11:31:00,180,1,1
8364,5,13,12,2026-05-15 06:07:00,2026-05-15 08:11:00,305,0,3
8365,10,24,7,2026-06-28 05:52:00,2026-06-28 06:34:00,65,1,2
8366,6,7,10,2026-02-05 12:35:00,2026-02-05 16:34:00,362,18,3
8367,3,34,1,2026-04-05 08:38:00,2026-04-05 11:40:00,288,0,3
8368,4,35,20,2026-01-27 12:39:00,2026-01-27 16:37:00,353,24,1
8369,1,31,7,2026-06-23 02:05:00,2026-06-23 05:18:00,417,28,1
8370,2,5,20,2026-04-30 02:13:00,2026-04-30 05:09:00,494,30,1
8371,9,50,3,2026-02-20 09:04:00,2026-02-20 11:55:00,478,16,2
8372,1,39,16,2026-05-09 20:18:00,2026-05-09 23:51:00,445,26,2
8373,8,21,11,2026-05-19 00:15:00,2026-05-19 01:37:00,74,3,2
8374,3,34,17,2026-04-05 09:46:00,2026-04-05 11:01:00,355,5,1
8375,5,43,16,2026-01-07 03:46:00,2026-01-07 04:37:00,282,3,3
8376,4,25,6,2026-06-29 09:17:00,2026-06-29 11:20:00,257,4,3
8377,4,32,3,2026-05-18 09:02:00,2026-05-18 10:16:00,192,3,1
8378,1,39,17,2026-02-24 09:15:00,2026-02-24 12:41:00,337,19,3
8379,3,14,18,2026-04-22 09:29:00,2026-04-22 11:59:00,261,10,2
8380,3,49,11,2026-03-19 09:12:00,2026-03-19 12:29:00,392,11,1
8381,4,44,15,2026-02-01 14:34:00,2026-02-01 17:45:00,310,21,1
8382,2,22,18,2026-03-23 12:12:00,2026-03-23 13:54:00,379,16,1
8383,3,34,6,2026-01-02 14:13:00,2026-01-02 17:03:00,217,15,3
8384,7,37,8,2026-06-27 05:14:00,2026-06-27 07:18:00,387,13,1
8385,4,27,16,2026-01-07 06:19:00,2026-01-07 07:07:00,234,5,3
8386,5,13,18,2026-03-18 02:48:00,2026-03-18 03:37:00,398,4,2
8387,9,45,14,2026-02-24 00:18:00,2026-02-24 03:55:00,452,3,1
8388,8,48,7,2026-06-16 09:46:00,2026-06-16 11:26:00,479,12,3
8389,3,49,4,2026-05-29 12:39:00,2026-05-29 16:10:00,111,6,3
8390,9,50,14,2026-06-28 22:35:00,2026-06-29 00:51:00,193,2,3
8391,3,14,5,2026-04-14 19:01:00,2026-04-14 19:40:00,450,4,1
8392,6,6,16,2026-02-23 20:55:00,2026-02-23 22:28:00,201,13,1
8393,2,11,19,2026-04-30 16:28:00,2026-04-30 19:33:00,297,9,3
8394,9,17,4,2026-03-11 02:31:00,2026-03-11 03:48:00,288,7,3
8395,4,35,10,2026-02-08 14:09:00,2026-02-08 15:31:00,457,0,3
8396,3,49,9,2026-02-15 09:17:00,2026-02-15 12:45:00,411,16,2
8397,6,7,18,2026-01-01 16:41:00,2026-01-01 18:50:00,476,2,1
8398,2,16,7,2026-05-25 23:36:00,2026-05-26 01:52:00,446,18,1
8399,1,8,10,2026-05-30 07:44:00,2026-05-30 10:19:00,285,9,1
8400,8,48,12,2026-02-16 07:19:00,2026-02-16 10:59:00,233,14,1
8401,9,2,7,2026-01-06 05:35:00,2026-01-06 06:40:00,82,5,3
8402,2,11,16,2026-01-03 06:15:00,2026-01-03 07:56:00,345,21,3
8403,1,28,17,2026-01-06 10:09:00,2026-01-06 13:23:00,347,6,2
8404,6,6,12,2026-02-11 06:53:00,2026-02-11 09:27:00,90,1,2
8405,3,4,9,2026-04-06 13:08:00,2026-04-06 15:14:00,145,1,1
8406,4,27,14,2026-03-17 10:33:00,2026-03-17 13:07:00,366,3,2
8407,9,12,9,2026-04-08 18:05:00,2026-04-08 21:14:00,292,15,3
8408,8,15,6,2026-02-09 18:14:00,2026-02-09 20:52:00,151,3,3
8409,4,33,12,2026-01-23 16:48:00,2026-01-23 20:48:00,122,9,1
8410,3,4,10,2026-05-22 04:59:00,2026-05-22 06:47:00,194,7,1
8411,10,24,16,2026-05-10 02:16:00,2026-05-10 05:41:00,62,0,1
8412,8,15,7,2026-06-12 22:07:00,2026-06-13 01:27:00,150,4,1
8413,8,10,8,2026-02-01 23:46:00,2026-02-02 03:15:00,271,21,1
8414,4,29,7,2026-02-19 09:00:00,2026-02-19 12:24:00,331,20,1
8415,9,50,8,2026-02-24 11:04:00,2026-02-24 13:21:00,241,10,2
8416,8,10,2,2026-03-22 08:01:00,2026-03-22 10:08:00,380,10,3
8417,4,29,16,2026-06-08 06:52:00,2026-06-08 09:53:00,307,5,2
8418,10,30,10,2026-01-08 21:22:00,2026-01-09 00:31:00,71,4,2
8419,9,45,9,2026-03-17 03:34:00,2026-03-17 05:24:00,180,1,2
8420,3,14,20,2026-01-30 04:00:00,2026-01-30 05:41:00,195,0,1
8421,8,26,16,2026-05-05 00:26:00,2026-05-05 03:46:00,437,21,2
8422,8,48,8,2026-03-20 02:55:00,2026-03-20 03:54:00,431,3,3
8423,4,29,13,2026-04-27 23:44:00,2026-04-28 03:01:00,297,11,1
8424,4,25,20,2026-06-19 12:36:00,2026-06-19 13:32:00,289,8,1
8425,7,9,2,2026-05-12 05:46:00,2026-05-12 08:02:00,89,4,3
8426,5,38,6,2026-02-18 01:56:00,2026-02-18 05:17:00,250,7,2
8427,4,35,6,2026-03-16 20:33:00,2026-03-16 22:42:00,164,1,1
8428,8,21,2,2026-02-05 00:01:00,2026-02-05 02:47:00,346,17,2
8429,1,8,4,2026-03-30 20:59:00,2026-03-31 00:44:00,111,1,2
8430,4,27,14,2026-03-06 13:02:00,2026-03-06 16:19:00,123,0,3
8431,1,31,18,2026-02-01 13:18:00,2026-02-01 16:33:00,165,0,3
8432,4,27,6,2026-03-26 08:29:00,2026-03-26 09:33:00,123,3,2
8433,1,28,1,2026-03-26 16:19:00,2026-03-26 17:49:00,139,1,3
8434,4,32,11,2026-06-25 20:12:00,2026-06-25 21:29:00,449,27,3
8435,5,41,10,2026-02-24 18:26:00,2026-02-24 19:00:00,266,6,3
8436,4,44,19,2026-02-16 15:24:00,2026-02-16 18:17:00,152,3,1
8437,10,20,8,2026-06-16 20:15:00,2026-06-17 00:06:00,379,5,2
8438,2,5,3,2026-01-22 00:19:00,2026-01-22 00:53:00,393,26,1
8439,1,47,16,2026-01-10 12:01:00,2026-01-10 14:38:00,213,3,3
8440,6,7,13,2026-06-04 13:17:00,2026-06-04 13:48:00,379,8,2
8441,3,14,8,2026-05-15 10:23:00,2026-05-15 13:31:00,52,1,1
8442,8,10,17,2026-02-09 22:06:00,2026-02-10 00:48:00,83,2,1
8443,10,20,16,2026-06-09 14:43:00,2026-06-09 18:01:00,384,16,1
8444,4,35,15,2026-06-16 14:38:00,2026-06-16 17:17:00,359,3,3
8445,4,27,3,2026-04-15 05:42:00,2026-04-15 07:04:00,429,11,1
8446,10,30,4,2026-03-21 06:39:00,2026-03-21 10:09:00,120,4,1
8447,3,4,7,2026-05-09 13:54:00,2026-05-09 16:47:00,146,10,3
8448,8,26,17,2026-05-28 18:16:00,2026-05-28 21:50:00,442,9,1
8449,2,36,3,2026-04-11 19:18:00,2026-04-11 20:15:00,405,25,2
8450,7,37,17,2026-03-24 01:46:00,2026-03-24 05:23:00,484,4,3
8451,1,39,2,2026-03-09 16:19:00,2026-03-09 18:58:00,187,3,2
8452,5,38,7,2026-06-26 23:30:00,2026-06-27 01:26:00,174,1,2
8453,6,6,12,2026-02-22 03:08:00,2026-02-22 06:21:00,228,1,1
8454,3,23,15,2026-02-27 23:54:00,2026-02-28 02:42:00,238,16,3
8455,9,2,13,2026-01-25 15:10:00,2026-01-25 18:05:00,463,20,3
8456,9,17,11,2026-06-03 17:30:00,2026-06-03 18:18:00,389,25,3
8457,8,21,9,2026-04-25 03:59:00,2026-04-25 04:44:00,312,13,1
8458,8,15,6,2026-05-14 17:23:00,2026-05-14 20:40:00,157,4,2
8459,10,30,9,2026-03-12 20:41:00,2026-03-12 21:22:00,74,4,3
8460,1,28,18,2026-03-29 11:38:00,2026-03-29 12:50:00,392,9,2
8461,2,5,9,2026-01-10 21:52:00,2026-01-11 00:12:00,124,3,3
8462,3,34,14,2026-05-16 02:48:00,2026-05-16 04:43:00,243,18,2
8463,6,6,3,2026-03-19 03:31:00,2026-03-19 05:43:00,188,13,2
8464,6,1,7,2026-03-03 07:52:00,2026-03-03 09:54:00,294,12,2
8465,2,22,18,2026-01-03 03:58:00,2026-01-03 06:39:00,491,19,2
8466,8,15,18,2026-04-30 15:55:00,2026-04-30 18:59:00,306,5,3
8467,2,16,9,2026-02-25 20:01:00,2026-02-25 20:57:00,264,9,2
8468,3,23,4,2026-02-01 01:46:00,2026-02-01 03:07:00,356,13,3
8469,5,43,3,2026-02-11 13:13:00,2026-02-11 16:03:00,198,10,2
8470,1,42,16,2026-06-23 17:40:00,2026-06-23 19:55:00,418,10,2
8471,1,39,8,2026-02-16 05:01:00,2026-02-16 07:05:00,323,16,3
8472,5,13,1,2026-04-04 23:03:00,2026-04-05 01:20:00,175,5,3
8473,8,10,15,2026-04-08 05:42:00,2026-04-08 07:43:00,213,13,2
8474,3,40,3,2026-01-08 22:37:00,2026-01-08 23:53:00,347,2,3
8475,2,22,1,2026-02-21 13:56:00,2026-02-21 16:38:00,462,17,3
8476,8,26,2,2026-01-27 17:26:00,2026-01-27 18:52:00,62,2,2
8477,10,24,3,2026-03-04 00:11:00,2026-03-04 02:45:00,487,13,1
8478,10,20,11,2026-04-16 12:49:00,2026-04-16 15:39:00,154,1,1
8479,7,19,14,2026-05-25 06:33:00,2026-05-25 08:56:00,221,5,1
8480,8,10,14,2026-06-18 02:02:00,2026-06-18 04:51:00,350,11,2
8481,9,17,3,2026-02-04 22:49:00,2026-02-05 00:32:00,412,12,3
8482,2,11,12,2026-06-14 05:29:00,2026-06-14 09:18:00,409,13,3
8483,2,36,11,2026-02-19 13:55:00,2026-02-19 15:18:00,460,34,1
8484,6,7,10,2026-02-13 17:04:00,2026-02-13 19:23:00,192,5,3
8485,2,36,9,2026-02-22 14:05:00,2026-02-22 16:48:00,417,28,3
8486,1,8,1,2026-01-09 06:39:00,2026-01-09 09:17:00,68,2,1
8487,3,46,13,2026-05-15 19:01:00,2026-05-15 23:00:00,419,9,2
8488,3,46,16,2026-01-07 01:43:00,2026-01-07 03:53:00,325,19,1
8489,2,5,15,2026-04-04 07:41:00,2026-04-04 09:07:00,439,22,3
8490,5,41,9,2026-01-28 17:40:00,2026-01-28 19:54:00,72,2,3
8491,8,48,16,2026-01-03 05:41:00,2026-01-03 09:28:00,150,7,2
8492,5,41,14,2026-03-09 00:37:00,2026-03-09 03:47:00,400,31,3
8493,3,23,8,2026-01-15 12:35:00,2026-01-15 14:02:00,301,13,1
8494,9,50,15,2026-02-11 07:48:00,2026-02-11 08:29:00,95,4,2
8495,2,36,19,2026-04-17 21:20:00,2026-04-17 22:56:00,265,5,2
8496,9,45,12,2026-03-14 17:02:00,2026-03-14 20:54:00,186,5,3
8497,1,42,15,2026-03-15 14:43:00,2026-03-15 17:17:00,301,10,1
8498,5,38,18,2026-02-12 20:58:00,2026-02-13 00:43:00,156,1,3
8499,3,23,4,2026-03-21 12:19:00,2026-03-21 13:19:00,84,6,2
8500,3,3,8,2026-04-29 05:26:00,2026-04-29 09:18:00,108,1,3
8501,1,42,20,2026-01-04 20:52:00,2026-01-04 23:22:00,188,5,2
8502,1,39,11,2026-06-20 14:54:00,2026-06-20 17:29:00,284,15,1
8503,8,48,7,2026-03-09 08:07:00,2026-03-09 11:54:00,403,18,3
8504,6,7,8,2026-02-05 06:57:00,2026-02-05 08:52:00,143,0,2
8505,2,22,8,2026-03-30 08:03:00,2026-03-30 10:31:00,410,29,3
8506,10,30,17,2026-01-09 22:14:00,2026-01-10 02:00:00,280,19,3
8507,2,5,6,2026-01-12 07:26:00,2026-01-12 09:06:00,162,1,2
8508,4,32,16,2026-06-20 17:07:00,2026-06-20 19:57:00,155,4,3
8509,3,46,3,2026-06-23 08:30:00,2026-06-23 09:55:00,428,4,3
8510,2,11,14,2026-01-09 22:07:00,2026-01-10 00:42:00,306,21,1
8511,9,45,5,2026-03-31 05:26:00,2026-03-31 07:14:00,113,1,1
8512,9,45,17,2026-04-23 12:28:00,2026-04-23 12:58:00,158,11,1
8513,4,33,6,2026-02-15 20:13:00,2026-02-15 22:04:00,185,12,2
8514,5,38,17,2026-03-29 10:09:00,2026-03-29 10:41:00,241,6,3
8515,8,21,7,2026-04-19 17:57:00,2026-04-19 18:59:00,290,15,3
8516,3,46,18,2026-03-24 22:03:00,2026-03-25 01:44:00,267,1,2
8517,2,22,14,2026-03-31 16:01:00,2026-03-31 19:29:00,314,19,1
8518,7,19,9,2026-03-28 15:29:00,2026-03-28 16:57:00,281,5,3
8519,2,18,4,2026-01-18 14:57:00,2026-01-18 18:39:00,259,19,2
8520,7,37,13,2026-02-06 04:58:00,2026-02-06 06:52:00,233,2,1
8521,1,47,7,2026-02-01 00:40:00,2026-02-01 03:38:00,99,7,2
8522,9,45,20,2026-04-19 02:04:00,2026-04-19 04:03:00,222,11,1
8523,3,3,3,2026-04-25 10:43:00,2026-04-25 13:26:00,497,26,2
8524,1,28,3,2026-01-20 07:30:00,2026-01-20 11:15:00,425,10,2
8525,2,5,17,2026-04-01 02:03:00,2026-04-01 03:14:00,118,1,3
8526,5,13,17,2026-02-15 06:06:00,2026-02-15 07:49:00,418,30,1
8527,9,2,7,2026-05-06 20:28:00,2026-05-06 21:59:00,226,13,3
8528,10,20,3,2026-06-14 12:02:00,2026-06-14 14:45:00,356,15,1
8529,5,13,17,2026-01-15 12:42:00,2026-01-15 15:43:00,285,8,2
8530,9,17,10,2026-02-18 04:28:00,2026-02-18 05:09:00,474,25,1
8531,6,1,4,2026-03-31 00:24:00,2026-03-31 02:22:00,250,15,1
8532,1,47,5,2026-06-29 02:44:00,2026-06-29 03:37:00,342,13,3
8533,3,46,6,2026-03-24 14:33:00,2026-03-24 16:51:00,301,20,3
8534,9,12,20,2026-02-16 05:46:00,2026-02-16 06:54:00,178,5,1
8535,8,15,20,2026-06-10 15:38:00,2026-06-10 16:46:00,138,7,2
8536,6,1,7,2026-02-20 18:24:00,2026-02-20 21:42:00,130,10,3
8537,8,21,9,2026-01-10 01:42:00,2026-01-10 02:29:00,223,7,2
8538,4,25,2,2026-06-22 01:41:00,2026-06-22 04:33:00,230,11,2
8539,4,27,4,2026-04-09 10:24:00,2026-04-09 14:07:00,186,5,1
8540,3,3,8,2026-04-24 19:51:00,2026-04-24 22:48:00,432,12,1
8541,5,43,8,2026-06-02 21:20:00,2026-06-02 22:38:00,470,3,1
8542,5,41,7,2026-03-01 04:13:00,2026-03-01 06:39:00,68,3,3
8543,10,24,5,2026-01-05 21:23:00,2026-01-05 22:23:00,153,2,1
8544,5,13,16,2026-06-23 07:58:00,2026-06-23 11:44:00,332,16,2
8545,1,47,19,2026-03-09 07:39:00,2026-03-09 08:24:00,160,5,3
8546,5,13,19,2026-05-21 19:18:00,2026-05-21 20:11:00,250,1,2
8547,7,19,5,2026-05-04 08:04:00,2026-05-04 10:30:00,284,20,1
8548,9,12,6,2026-03-07 20:30:00,2026-03-07 21:59:00,438,0,1
8549,9,45,17,2026-01-15 05:22:00,2026-01-15 09:20:00,403,5,1
8550,5,41,9,2026-02-11 21:10:00,2026-02-12 01:04:00,262,19,2
8551,2,36,9,2026-01-31 10:17:00,2026-01-31 14:05:00,348,23,1
8552,3,3,8,2026-01-10 15:58:00,2026-01-10 19:04:00,388,21,3
8553,3,14,12,2026-04-12 19:19:00,2026-04-12 22:04:00,291,2,2
8554,1,39,14,2026-02-26 03:32:00,2026-02-26 04:22:00,132,4,2
8555,8,10,9,2026-03-23 17:34:00,2026-03-23 19:58:00,237,17,3
8556,7,19,20,2026-03-26 14:55:00,2026-03-26 15:36:00,286,19,1
8557,5,38,18,2026-06-14 11:38:00,2026-06-14 14:37:00,278,13,3
8558,3,23,20,2026-05-29 08:58:00,2026-05-29 12:18:00,113,3,2
8559,3,23,12,2026-02-12 16:11:00,2026-02-12 19:18:00,148,3,1
8560,2,36,20,2026-02-12 02:42:00,2026-02-12 05:30:00,391,25,3
8561,9,50,7,2026-04-05 01:53:00,2026-04-05 03:50:00,428,11,1
8562,4,27,3,2026-05-03 05:04:00,2026-05-03 07:17:00,288,12,1
8563,9,17,11,2026-06-07 09:54:00,2026-06-07 13:20:00,272,0,3
8564,1,31,17,2026-06-11 12:39:00,2026-06-11 13:15:00,68,5,1
8565,1,31,2,2026-01-21 00:24:00,2026-01-21 01:53:00,292,13,1
8566,8,26,13,2026-04-25 09:28:00,2026-04-25 13:26:00,248,2,1
8567,4,29,7,2026-03-12 21:09:00,2026-03-12 23:52:00,486,32,2
8568,1,42,18,2026-05-30 06:34:00,2026-05-30 08:35:00,312,3,1
8569,5,43,13,2026-01-11 17:43:00,2026-01-11 20:14:00,476,32,3
8570,5,41,2,2026-05-11 20:40:00,2026-05-11 21:17:00,228,16,1
8571,10,20,3,2026-06-09 01:31:00,2026-06-09 03:45:00,240,12,1
8572,4,25,2,2026-03-25 10:24:00,2026-03-25 13:30:00,492,30,2
8573,10,24,7,2026-05-10 19:17:00,2026-05-10 21:51:00,156,1,3
8574,4,35,7,2026-02-25 23:31:00,2026-02-26 02:45:00,323,25,2
8575,2,5,1,2026-01-16 03:45:00,2026-01-16 04:50:00,73,5,1
8576,3,3,5,2026-03-17 04:29:00,2026-03-17 05:12:00,74,1,3
8577,2,36,18,2026-01-07 14:53:00,2026-01-07 16:38:00,244,12,2
8578,6,1,7,2026-01-02 15:34:00,2026-01-02 16:04:00,479,8,3
8579,4,29,14,2026-03-21 21:04:00,2026-03-21 22:04:00,73,2,2
8580,1,28,7,2026-05-21 20:07:00,2026-05-21 22:31:00,122,0,3
8581,1,47,14,2026-05-26 05:26:00,2026-05-26 08:53:00,499,14,3
8582,4,35,16,2026-04-19 20:41:00,2026-04-20 00:37:00,200,15,1
8583,3,40,16,2026-06-29 02:33:00,2026-06-29 04:08:00,61,1,3
8584,7,19,17,2026-06-05 16:33:00,2026-06-05 17:12:00,261,10,2
8585,8,21,14,2026-06-06 04:22:00,2026-06-06 08:16:00,128,6,1
8586,7,9,17,2026-05-13 04:11:00,2026-05-13 06:53:00,472,18,1
8587,1,31,1,2026-02-19 19:22:00,2026-02-19 22:31:00,228,6,2
8588,1,8,13,2026-03-14 14:24:00,2026-03-14 15:38:00,406,5,1
8589,4,32,11,2026-05-23 03:22:00,2026-05-23 05:09:00,317,16,1
8590,7,19,10,2026-05-09 15:23:00,2026-05-09 16:02:00,408,24,2
8591,8,48,10,2026-04-08 18:23:00,2026-04-08 19:09:00,130,5,1
8592,5,43,20,2026-02-07 17:56:00,2026-02-07 20:46:00,402,28,1
8593,3,4,9,2026-05-03 15:49:00,2026-05-03 17:46:00,384,30,1
8594,3,40,18,2026-03-03 10:45:00,2026-03-03 13:31:00,321,9,2
8595,10,24,3,2026-01-23 20:05:00,2026-01-23 21:40:00,418,18,1
8596,1,8,17,2026-02-04 15:21:00,2026-02-04 15:58:00,442,26,2
8597,4,29,10,2026-03-02 10:45:00,2026-03-02 12:52:00,93,5,3
8598,3,3,14,2026-06-09 19:55:00,2026-06-09 20:50:00,376,27,1
8599,4,44,3,2026-03-27 21:01:00,2026-03-27 23:12:00,82,3,1
8600,1,42,5,2026-01-05 06:37:00,2026-01-05 08:48:00,463,13,2
8601,5,13,7,2026-05-10 00:11:00,2026-05-10 03:25:00,110,8,3
8602,1,8,12,2026-05-29 16:50:00,2026-05-29 18:54:00,452,32,1
8603,5,43,4,2026-02-10 18:57:00,2026-02-10 22:11:00,355,6,2
8604,3,40,20,2026-05-16 19:11:00,2026-05-16 22:08:00,208,11,2
8605,10,20,16,2026-03-29 17:32:00,2026-03-29 20:31:00,104,7,3
8606,3,40,8,2026-02-11 21:24:00,2026-02-12 00:45:00,307,23,1
8607,1,42,7,2026-06-16 04:22:00,2026-06-16 07:37:00,436,15,2
8608,1,8,12,2026-02-17 06:01:00,2026-02-17 06:49:00,498,26,2
8609,2,18,19,2026-06-04 03:23:00,2026-06-04 06:13:00,226,3,1
8610,10,30,19,2026-02-24 23:51:00,2026-02-25 01:59:00,325,21,2
8611,4,25,1,2026-05-16 16:41:00,2026-05-16 20:17:00,246,9,3
8612,2,18,12,2026-06-05 14:53:00,2026-06-05 16:53:00,403,28,2
8613,2,11,15,2026-05-28 12:57:00,2026-05-28 16:51:00,451,9,1
8614,9,50,17,2026-02-12 21:45:00,2026-02-12 22:24:00,318,4,1
8615,5,41,19,2026-04-04 02:57:00,2026-04-04 03:50:00,295,7,3
8616,4,25,6,2026-01-15 04:57:00,2026-01-15 06:32:00,446,35,2
8617,8,21,3,2026-04-11 19:41:00,2026-04-11 23:16:00,162,5,3
8618,5,43,1,2026-04-29 02:20:00,2026-04-29 03:32:00,337,1,1
8619,4,25,16,2026-01-16 18:40:00,2026-01-16 19:37:00,237,5,1
8620,10,24,10,2026-02-02 02:17:00,2026-02-02 03:42:00,220,0,2
8621,6,1,17,2026-02-28 13:40:00,2026-02-28 14:37:00,50,2,3
8622,4,29,17,2026-01-15 14:30:00,2026-01-15 17:53:00,488,23,3
8623,10,30,5,2026-02-22 22:29:00,2026-02-23 01:50:00,268,4,1
8624,2,5,19,2026-02-12 08:40:00,2026-02-12 11:49:00,160,7,2
8625,2,11,17,2026-03-03 00:02:00,2026-03-03 03:42:00,342,11,2
8626,1,47,14,2026-01-12 02:55:00,2026-01-12 04:32:00,347,20,2
8627,3,3,7,2026-03-10 06:25:00,2026-03-10 06:59:00,332,3,2
8628,8,21,4,2026-06-11 15:21:00,2026-06-11 16:24:00,245,2,2
8629,5,38,18,2026-05-20 11:34:00,2026-05-20 12:58:00,263,17,2
8630,3,23,3,2026-02-04 15:01:00,2026-02-04 17:26:00,59,1,1
8631,1,31,12,2026-04-17 09:11:00,2026-04-17 10:33:00,253,14,3
8632,9,45,7,2026-02-22 16:13:00,2026-02-22 18:20:00,120,7,1
8633,5,13,6,2026-05-05 16:54:00,2026-05-05 20:50:00,105,1,1
8634,8,21,1,2026-02-21 23:18:00,2026-02-22 01:02:00,257,1,3
8635,9,2,8,2026-06-08 20:39:00,2026-06-09 00:17:00,116,5,2
8636,3,46,10,2026-06-17 02:50:00,2026-06-17 05:37:00,197,8,1
8637,1,8,12,2026-04-25 01:38:00,2026-04-25 04:55:00,83,4,3
8638,3,4,7,2026-05-10 22:38:00,2026-05-10 23:53:00,383,18,1
8639,4,32,12,2026-04-21 18:12:00,2026-04-21 20:13:00,296,22,1
8640,4,25,4,2026-02-01 14:46:00,2026-02-01 16:40:00,263,16,2
8641,2,16,17,2026-06-28 07:05:00,2026-06-28 08:45:00,230,5,3
8642,8,10,20,2026-03-30 11:25:00,2026-03-30 12:04:00,291,20,3
8643,1,28,16,2026-06-16 14:43:00,2026-06-16 16:35:00,220,8,3
8644,5,38,2,2026-04-21 03:04:00,2026-04-21 06:22:00,86,5,1
8645,8,10,13,2026-06-15 03:53:00,2026-06-15 06:14:00,245,11,2
8646,2,22,18,2026-05-16 11:18:00,2026-05-16 13:38:00,358,23,2
8647,5,43,20,2026-03-22 10:47:00,2026-03-22 11:42:00,231,14,2
8648,2,18,16,2026-06-28 18:38:00,2026-06-28 20:37:00,406,3,2
8649,9,50,4,2026-05-27 03:37:00,2026-05-27 04:09:00,354,6,1
8650,9,2,7,2026-05-18 12:18:00,2026-05-18 13:35:00,260,13,2
8651,4,33,9,2026-01-21 16:23:00,2026-01-21 17:40:00,261,16,3
8652,8,26,6,2026-05-07 19:52:00,2026-05-07 20:48:00,353,2,3
8653,3,23,10,2026-06-03 19:26:00,2026-06-03 22:24:00,381,10,1
8654,3,34,4,2026-06-09 11:43:00,2026-06-09 14:01:00,107,6,1
8655,5,43,11,2026-06-15 00:58:00,2026-06-15 04:06:00,345,13,1
8656,5,41,9,2026-02-22 01:41:00,2026-02-22 05:04:00,489,21,2
8657,9,12,5,2026-03-07 15:58:00,2026-03-07 18:25:00,143,3,2
8658,3,14,3,2026-05-05 13:19:00,2026-05-05 14:38:00,100,3,1
8659,6,6,13,2026-03-24 19:06:00,2026-03-24 21:36:00,453,24,3
8660,2,11,12,2026-01-13 07:50:00,2026-01-13 09:02:00,498,25,1
8661,9,50,19,2026-03-28 16:24:00,2026-03-28 18:44:00,348,27,2
8662,10,20,8,2026-01-30 06:26:00,2026-01-30 08:23:00,491,1,2
8663,9,2,13,2026-01-08 06:17:00,2026-01-08 08:58:00,331,17,3
8664,3,23,8,2026-06-11 11:39:00,2026-06-11 14:12:00,271,15,3
8665,9,45,12,2026-06-02 12:52:00,2026-06-02 16:15:00,196,0,1
8666,10,30,17,2026-03-07 13:15:00,2026-03-07 14:49:00,64,0,1
8667,8,26,2,2026-03-19 17:16:00,2026-03-19 20:22:00,189,5,1
8668,1,39,2,2026-02-18 07:29:00,2026-02-18 10:42:00,492,23,2
8669,1,47,10,2026-06-05 10:37:00,2026-06-05 12:48:00,243,4,1
8670,2,36,8,2026-01-03 01:15:00,2026-01-03 02:18:00,242,0,2
8671,3,23,4,2026-05-28 14:30:00,2026-05-28 18:28:00,129,3,1
8672,6,1,9,2026-03-28 17:15:00,2026-03-28 21:05:00,150,5,3
8673,6,7,14,2026-03-15 09:09:00,2026-03-15 12:57:00,298,4,3
8674,7,9,19,2026-06-18 15:23:00,2026-06-18 18:27:00,50,0,1
8675,2,36,12,2026-01-30 11:02:00,2026-01-30 13:42:00,325,12,3
8676,2,18,15,2026-03-13 05:05:00,2026-03-13 06:31:00,413,14,3
8677,1,47,15,2026-06-08 01:56:00,2026-06-08 05:27:00,312,19,1
8678,5,38,20,2026-02-17 18:19:00,2026-02-17 19:10:00,262,10,2
8679,3,3,7,2026-04-24 22:43:00,2026-04-25 02:43:00,409,30,1
8680,8,10,3,2026-02-12 15:46:00,2026-02-12 18:05:00,294,6,2
8681,7,19,19,2026-06-14 06:41:00,2026-06-14 09:59:00,363,9,2
8682,3,14,16,2026-02-19 22:45:00,2026-02-19 23:51:00,135,5,1
8683,10,20,19,2026-03-20 21:15:00,2026-03-20 22:26:00,451,24,3
8684,10,30,14,2026-01-27 12:21:00,2026-01-27 14:59:00,225,13,3
8685,4,44,13,2026-02-13 08:53:00,2026-02-13 10:50:00,143,11,1
8686,2,36,9,2026-05-30 00:04:00,2026-05-30 03:32:00,311,15,3
8687,4,33,9,2026-04-14 04:53:00,2026-04-14 05:24:00,433,18,3
8688,7,37,7,2026-05-20 00:35:00,2026-05-20 01:57:00,185,9,3
8689,4,44,19,2026-02-16 19:15:00,2026-02-16 22:27:00,464,9,1
8690,2,5,17,2026-03-26 20:34:00,2026-03-26 21:55:00,389,19,2
8691,4,25,10,2026-02-21 20:19:00,2026-02-22 00:15:00,462,3,2
8692,6,6,20,2026-04-01 03:44:00,2026-04-01 06:02:00,134,0,1
8693,1,31,11,2026-01-15 04:43:00,2026-01-15 05:59:00,493,7,3
8694,1,47,13,2026-06-21 09:16:00,2026-06-21 11:21:00,66,2,3
8695,7,19,16,2026-05-29 12:22:00,2026-05-29 16:09:00,461,17,1
8696,4,33,10,2026-01-02 11:50:00,2026-01-02 13:33:00,222,12,3
8697,2,18,7,2026-03-31 16:23:00,2026-03-31 18:51:00,498,29,2
8698,9,50,11,2026-03-14 19:32:00,2026-03-14 21:31:00,54,1,2
8699,3,46,1,2026-06-24 16:26:00,2026-06-24 17:21:00,443,30,1
8700,10,24,5,2026-01-30 20:57:00,2026-01-30 22:11:00,459,16,1
8701,9,50,8,2026-03-24 03:12:00,2026-03-24 04:08:00,374,10,2
8702,8,10,14,2026-05-06 00:30:00,2026-05-06 03:52:00,207,5,1
8703,10,24,5,2026-01-30 18:21:00,2026-01-30 20:56:00,197,11,1
8704,8,48,8,2026-03-03 04:32:00,2026-03-03 05:02:00,448,26,2
8705,2,5,7,2026-03-27 22:28:00,2026-03-27 23:23:00,440,7,2
8706,4,44,7,2026-02-21 16:40:00,2026-02-21 19:42:00,340,25,2
8707,4,44,15,2026-05-07 05:53:00,2026-05-07 07:15:00,444,35,2
8708,6,1,10,2026-06-02 18:51:00,2026-06-02 22:29:00,387,1,2
8709,4,25,18,2026-03-13 23:18:00,2026-03-14 01:31:00,387,1,3
8710,8,48,2,2026-05-13 02:00:00,2026-05-13 05:12:00,213,6,2
8711,3,40,11,2026-03-02 12:30:00,2026-03-02 15:24:00,89,4,3
8712,4,44,13,2026-06-17 15:58:00,2026-06-17 16:53:00,198,12,3
8713,9,17,3,2026-02-09 06:35:00,2026-02-09 08:25:00,102,0,1
8714,9,12,6,2026-06-28 09:53:00,2026-06-28 11:04:00,343,24,1
8715,4,27,10,2026-04-01 00:03:00,2026-04-01 01:20:00,436,1,2
8716,6,7,9,2026-04-03 02:10:00,2026-04-03 05:40:00,274,15,1
8717,10,30,16,2026-03-20 15:56:00,2026-03-20 19:08:00,265,19,2
8718,3,3,13,2026-03-23 05:26:00,2026-03-23 06:07:00,289,1,2
8719,6,7,6,2026-04-23 00:02:00,2026-04-23 02:29:00,479,3,2
8720,3,34,9,2026-04-24 00:22:00,2026-04-24 04:07:00,300,13,1
8721,4,35,3,2026-04-10 03:20:00,2026-04-10 04:57:00,156,6,1
8722,3,46,4,2026-03-03 16:03:00,2026-03-03 16:44:00,490,32,1
8723,6,6,2,2026-03-10 02:59:00,2026-03-10 05:44:00,138,5,2
8724,2,11,2,2026-04-04 12:40:00,2026-04-04 16:06:00,404,17,1
8725,9,2,8,2026-03-17 19:20:00,2026-03-17 20:59:00,209,4,1
8726,1,8,3,2026-03-04 19:18:00,2026-03-04 19:58:00,63,4,2
8727,1,47,9,2026-03-05 21:41:00,2026-03-05 23:25:00,168,4,2
8728,1,8,19,2026-05-20 13:18:00,2026-05-20 14:12:00,371,27,1
8729,8,15,8,2026-06-16 17:43:00,2026-06-16 19:57:00,305,3,1
8730,4,27,12,2026-05-16 01:54:00,2026-05-16 05:39:00,403,22,2
8731,4,27,3,2026-02-18 14:31:00,2026-02-18 15:28:00,268,8,2
8732,3,4,2,2026-05-29 01:50:00,2026-05-29 02:59:00,328,25,3
8733,2,11,3,2026-01-09 16:16:00,2026-01-09 19:34:00,421,4,2
8734,5,13,20,2026-02-16 02:25:00,2026-02-16 04:27:00,378,8,2
8735,1,42,1,2026-06-03 11:09:00,2026-06-03 14:13:00,95,3,1
8736,7,37,14,2026-02-10 19:39:00,2026-02-10 23:03:00,407,27,1
8737,4,33,1,2026-03-02 21:57:00,2026-03-03 00:28:00,381,8,2
8738,9,45,13,2026-03-16 18:21:00,2026-03-16 18:53:00,326,10,3
8739,4,27,17,2026-05-11 08:10:00,2026-05-11 11:16:00,96,3,3
8740,3,3,12,2026-02-12 23:11:00,2026-02-13 00:38:00,278,1,1
8741,2,36,5,2026-01-15 10:44:00,2026-01-15 11:52:00,231,15,1
8742,9,17,3,2026-06-01 07:09:00,2026-06-01 07:48:00,155,0,2
8743,5,41,8,2026-02-03 08:25:00,2026-02-03 11:09:00,174,10,1
8744,8,26,13,2026-02-27 19:42:00,2026-02-27 23:33:00,110,8,3
8745,1,8,16,2026-02-13 09:22:00,2026-02-13 11:51:00,316,2,1
8746,9,17,10,2026-04-27 21:33:00,2026-04-27 22:52:00,449,15,3
8747,5,38,17,2026-01-25 03:02:00,2026-01-25 06:30:00,159,12,1
8748,7,37,2,2026-05-25 08:47:00,2026-05-25 11:32:00,105,1,2
8749,9,45,15,2026-01-13 12:28:00,2026-01-13 14:41:00,276,21,2
8750,4,27,3,2026-03-27 09:42:00,2026-03-27 12:00:00,458,11,1
8751,2,22,2,2026-01-11 08:36:00,2026-01-11 10:41:00,137,9,3
8752,1,28,19,2026-05-19 05:05:00,2026-05-19 07:52:00,433,1,2
8753,3,49,20,2026-05-18 04:36:00,2026-05-18 07:36:00,365,0,2
8754,9,17,13,2026-06-15 22:03:00,2026-06-15 23:27:00,249,16,1
8755,1,42,16,2026-01-30 18:15:00,2026-01-30 20:05:00,316,10,2
8756,7,19,2,2026-01-05 02:30:00,2026-01-05 05:38:00,373,24,2
8757,1,28,15,2026-05-16 22:28:00,2026-05-17 01:20:00,355,9,1
8758,2,16,15,2026-05-11 23:43:00,2026-05-12 03:16:00,217,8,1
8759,5,38,17,2026-02-01 07:52:00,2026-02-01 09:38:00,441,25,2
8760,9,45,10,2026-06-03 04:41:00,2026-06-03 08:21:00,417,8,2
8761,9,2,4,2026-05-08 20:30:00,2026-05-08 22:04:00,260,18,1
8762,3,49,14,2026-04-03 11:07:00,2026-04-03 12:00:00,228,7,3
8763,9,50,10,2026-05-25 02:26:00,2026-05-25 04:25:00,392,11,3
8764,10,24,10,2026-06-28 00:25:00,2026-06-28 01:40:00,53,1,2
8765,4,35,5,2026-01-24 10:22:00,2026-01-24 13:09:00,385,13,3
8766,1,47,13,2026-01-25 15:33:00,2026-01-25 17:11:00,365,4,3
8767,6,6,13,2026-02-02 13:08:00,2026-02-02 13:43:00,406,0,3
8768,3,40,16,2026-04-26 14:34:00,2026-04-26 18:23:00,131,4,2
8769,4,44,6,2026-06-26 17:22:00,2026-06-26 20:47:00,86,6,1
8770,4,35,3,2026-02-11 21:15:00,2026-02-11 23:07:00,382,19,2
8771,1,31,13,2026-06-26 16:18:00,2026-06-26 16:51:00,400,6,3
8772,8,21,20,2026-03-29 15:45:00,2026-03-29 16:24:00,144,7,1
8773,2,16,20,2026-04-21 23:11:00,2026-04-22 00:31:00,256,4,1
8774,8,10,14,2026-01-10 11:00:00,2026-01-10 12:13:00,273,21,1
8775,2,18,12,2026-01-18 15:27:00,2026-01-18 16:17:00,284,11,3
8776,3,4,19,2026-05-15 20:55:00,2026-05-16 00:15:00,231,15,1
8777,6,7,12,2026-06-21 07:16:00,2026-06-21 11:11:00,116,5,2
8778,8,15,10,2026-02-08 01:47:00,2026-02-08 02:32:00,166,1,1
8779,3,3,13,2026-06-07 22:25:00,2026-06-07 23:43:00,227,14,3
8780,8,10,2,2026-01-09 15:56:00,2026-01-09 19:48:00,399,24,3
8781,5,41,8,2026-05-05 14:07:00,2026-05-05 15:05:00,133,3,1
8782,5,13,18,2026-05-13 13:54:00,2026-05-13 16:53:00,419,10,2
8783,5,38,13,2026-04-03 14:24:00,2026-04-03 18:17:00,104,6,2
8784,10,20,19,2026-06-05 16:16:00,2026-06-05 17:48:00,428,14,3
8785,4,35,17,2026-05-23 22:18:00,2026-05-24 01:28:00,453,21,1
8786,3,3,8,2026-04-27 11:10:00,2026-04-27 13:36:00,295,3,2
8787,4,27,14,2026-03-24 20:45:00,2026-03-24 22:34:00,121,3,3
8788,10,20,17,2026-05-23 11:21:00,2026-05-23 11:54:00,324,13,1
8789,10,24,5,2026-04-04 12:31:00,2026-04-04 13:18:00,377,4,1
8790,7,19,11,2026-02-20 13:23:00,2026-02-20 15:57:00,488,14,1
8791,5,41,3,2026-06-11 23:11:00,2026-06-12 02:04:00,96,5,3
8792,3,23,15,2026-06-24 20:11:00,2026-06-24 22:57:00,440,29,1
8793,2,18,16,2026-01-11 00:05:00,2026-01-11 03:35:00,70,2,3
8794,4,32,7,2026-02-09 11:01:00,2026-02-09 12:32:00,253,11,1
8795,4,29,13,2026-03-25 14:42:00,2026-03-25 16:17:00,433,10,1
8796,6,6,3,2026-03-07 18:33:00,2026-03-07 22:17:00,494,21,1
8797,3,46,18,2026-05-08 18:49:00,2026-05-08 22:17:00,379,19,2
8798,9,12,7,2026-01-17 02:33:00,2026-01-17 03:54:00,70,0,3
8799,2,36,12,2026-04-09 12:08:00,2026-04-09 16:02:00,444,23,1
8800,9,12,10,2026-01-11 22:49:00,2026-01-11 23:59:00,259,20,3
8801,8,10,11,2026-01-14 09:14:00,2026-01-14 09:58:00,80,0,3
8802,1,28,19,2026-03-24 09:38:00,2026-03-24 13:08:00,145,1,3
8803,10,20,12,2026-04-04 13:47:00,2026-04-04 14:44:00,196,0,3
8804,1,39,4,2026-06-14 15:46:00,2026-06-14 16:35:00,163,3,1
8805,9,12,1,2026-04-13 04:49:00,2026-04-13 06:54:00,394,7,3
8806,8,10,9,2026-03-28 21:25:00,2026-03-28 23:12:00,220,11,3
8807,2,5,7,2026-01-25 18:12:00,2026-01-25 21:00:00,302,13,2
8808,4,35,11,2026-04-23 16:09:00,2026-04-23 18:28:00,116,7,1
8809,3,34,17,2026-02-20 03:05:00,2026-02-20 03:37:00,272,19,1
8810,6,7,5,2026-02-04 03:16:00,2026-02-04 04:12:00,138,6,3
8811,2,16,19,2026-06-25 20:03:00,2026-06-25 22:03:00,231,4,3
8812,8,26,15,2026-01-13 02:35:00,2026-01-13 06:16:00,213,10,3
8813,10,30,6,2026-05-16 01:39:00,2026-05-16 05:38:00,281,1,2
8814,9,2,10,2026-04-19 16:56:00,2026-04-19 19:09:00,180,10,1
8815,3,23,11,2026-06-12 09:51:00,2026-06-12 12:34:00,332,16,3
8816,1,47,2,2026-01-16 02:14:00,2026-01-16 04:09:00,451,9,1
8817,7,9,6,2026-06-12 21:35:00,2026-06-13 01:19:00,452,24,2
8818,9,50,1,2026-01-30 09:00:00,2026-01-30 10:51:00,234,17,1
8819,4,27,19,2026-01-09 05:05:00,2026-01-09 07:08:00,159,2,2
8820,4,33,6,2026-02-27 08:50:00,2026-02-27 10:28:00,233,15,3
8821,1,47,8,2026-05-01 06:44:00,2026-05-01 07:52:00,278,19,3
8822,2,22,2,2026-01-16 23:51:00,2026-01-17 00:55:00,444,30,1
8823,3,14,13,2026-04-24 13:11:00,2026-04-24 14:33:00,55,1,1
8824,3,23,13,2026-01-07 21:39:00,2026-01-07 22:46:00,293,23,3
8825,3,3,14,2026-03-01 21:09:00,2026-03-01 23:42:00,439,20,2
8826,1,47,16,2026-01-07 14:58:00,2026-01-07 17:38:00,420,16,2
8827,9,50,10,2026-04-11 14:27:00,2026-04-11 16:14:00,174,9,3
8828,6,7,16,2026-01-20 13:47:00,2026-01-20 15:52:00,236,7,3
8829,8,26,2,2026-03-27 03:50:00,2026-03-27 05:04:00,147,10,2
8830,4,27,6,2026-04-16 13:11:00,2026-04-16 14:47:00,400,17,2
8831,2,16,10,2026-06-02 11:39:00,2026-06-02 13:30:00,467,29,2
8832,8,10,7,2026-03-18 21:55:00,2026-03-18 23:38:00,456,25,2
8833,1,31,5,2026-06-26 06:06:00,2026-06-26 07:33:00,485,30,3
8834,8,10,17,2026-06-09 16:13:00,2026-06-09 18:29:00,209,0,3
8835,4,27,16,2026-01-10 20:52:00,2026-01-10 21:44:00,340,11,3
8836,6,7,19,2026-01-24 01:29:00,2026-01-24 04:47:00,116,7,3
8837,7,9,17,2026-03-21 06:42:00,2026-03-21 10:33:00,409,29,1
8838,9,2,17,2026-05-10 08:40:00,2026-05-10 12:34:00,261,14,3
8839,4,44,19,2026-03-24 18:29:00,2026-03-24 19:00:00,490,22,1
8840,5,13,5,2026-04-01 20:36:00,2026-04-01 23:34:00,354,7,3
8841,2,11,10,2026-02-13 02:25:00,2026-02-13 06:14:00,188,6,2
8842,1,31,14,2026-05-19 04:02:00,2026-05-19 06:00:00,393,20,3
8843,2,36,6,2026-04-28 07:45:00,2026-04-28 11:21:00,388,27,3
8844,3,14,10,2026-01-27 02:39:00,2026-01-27 06:23:00,447,19,2
8845,9,50,5,2026-04-23 15:34:00,2026-04-23 19:19:00,312,16,1
8846,9,45,16,2026-06-09 12:22:00,2026-06-09 13:51:00,151,7,3
8847,2,11,17,2026-05-23 09:02:00,2026-05-23 11:18:00,107,5,2
8848,1,42,16,2026-01-20 15:06:00,2026-01-20 16:30:00,325,0,1
8849,9,12,15,2026-04-03 03:00:00,2026-04-03 05:12:00,103,3,2
8850,8,10,2,2026-05-15 07:54:00,2026-05-15 09:05:00,261,4,3
8851,8,26,8,2026-02-16 02:28:00,2026-02-16 06:20:00,473,20,3
8852,2,16,9,2026-02-06 17:55:00,2026-02-06 18:49:00,425,33,2
8853,6,6,17,2026-05-16 10:43:00,2026-05-16 11:44:00,351,12,1
8854,2,36,18,2026-02-13 15:56:00,2026-02-13 17:47:00,412,14,2
8855,5,41,19,2026-02-15 05:26:00,2026-02-15 06:19:00,312,23,3
8856,8,48,17,2026-04-24 17:59:00,2026-04-24 19:23:00,407,23,3
8857,2,22,6,2026-02-22 03:21:00,2026-02-22 07:19:00,139,1,1
8858,1,39,6,2026-04-04 09:33:00,2026-04-04 12:05:00,303,12,3
8859,1,8,13,2026-02-11 17:33:00,2026-02-11 19:48:00,439,9,3
8860,6,7,9,2026-06-27 01:00:00,2026-06-27 04:47:00,294,21,2
8861,9,50,3,2026-03-13 00:09:00,2026-03-13 02:39:00,151,2,1
8862,2,18,7,2026-03-28 22:59:00,2026-03-29 02:34:00,490,13,1
8863,1,28,17,2026-04-10 06:30:00,2026-04-10 10:12:00,67,4,3
8864,4,44,3,2026-05-05 00:56:00,2026-05-05 02:19:00,56,0,3
8865,9,50,13,2026-04-18 22:19:00,2026-04-18 23:56:00,246,19,3
8866,5,38,4,2026-05-11 14:30:00,2026-05-11 16:56:00,283,3,2
8867,1,8,5,2026-02-16 14:59:00,2026-02-16 16:26:00,126,5,2
8868,3,23,17,2026-05-19 21:07:00,2026-05-20 00:04:00,383,29,2
8869,7,19,4,2026-04-29 14:32:00,2026-04-29 16:13:00,351,3,3
8870,1,31,10,2026-06-11 19:53:00,2026-06-11 20:46:00,72,0,1
8871,9,50,18,2026-02-21 22:20:00,2026-02-22 01:54:00,368,16,1
8872,7,19,20,2026-03-31 10:38:00,2026-03-31 12:12:00,189,8,3
8873,3,49,5,2026-02-23 06:33:00,2026-02-23 10:24:00,351,22,1
8874,9,50,15,2026-02-19 17:57:00,2026-02-19 21:20:00,268,13,3
8875,10,30,2,2026-03-13 08:30:00,2026-03-13 11:09:00,398,18,3
8876,5,43,11,2026-04-24 20:18:00,2026-04-24 21:59:00,300,10,3
8877,4,44,9,2026-05-16 04:55:00,2026-05-16 06:58:00,483,22,3
8878,3,46,18,2026-05-29 16:35:00,2026-05-29 17:21:00,426,26,1
8879,1,42,4,2026-03-27 15:31:00,2026-03-27 16:39:00,280,0,2
8880,3,40,3,2026-03-18 08:13:00,2026-03-18 09:27:00,52,2,2
8881,4,27,5,2026-06-19 17:24:00,2026-06-19 20:32:00,87,2,1
8882,2,11,1,2026-01-11 16:42:00,2026-01-11 17:40:00,229,6,2
8883,10,20,11,2026-06-20 08:01:00,2026-06-20 11:46:00,155,6,1
8884,8,48,9,2026-06-06 15:20:00,2026-06-06 16:24:00,433,7,3
8885,10,30,4,2026-06-29 05:43:00,2026-06-29 07:32:00,184,9,2
8886,5,43,20,2026-03-08 07:15:00,2026-03-08 07:50:00,294,17,1
8887,7,19,2,2026-01-28 19:50:00,2026-01-28 22:45:00,339,0,1
8888,3,14,1,2026-01-23 03:15:00,2026-01-23 05:41:00,150,10,3
8889,3,23,5,2026-01-12 07:51:00,2026-01-12 11:07:00,387,22,1
8890,9,2,20,2026-03-26 18:42:00,2026-03-26 21:27:00,152,1,1
8891,1,39,16,2026-05-08 02:50:00,2026-05-08 06:05:00,394,18,3
8892,2,22,5,2026-02-21 06:15:00,2026-02-21 07:15:00,242,8,3
8893,3,34,1,2026-03-07 22:46:00,2026-03-08 00:03:00,409,14,3
8894,9,2,6,2026-03-09 07:06:00,2026-03-09 08:46:00,399,1,2
8895,4,35,1,2026-06-07 10:43:00,2026-06-07 12:42:00,208,8,1
8896,8,21,8,2026-06-09 13:22:00,2026-06-09 16:02:00,342,14,1
8897,3,4,14,2026-04-12 17:01:00,2026-04-12 18:22:00,370,4,2
8898,5,41,17,2026-05-14 16:44:00,2026-05-14 18:14:00,270,16,1
8899,3,49,10,2026-02-06 19:02:00,2026-02-06 21:42:00,414,19,1
8900,1,39,1,2026-05-22 14:14:00,2026-05-22 16:33:00,499,9,1
8901,2,36,6,2026-03-08 13:44:00,2026-03-08 17:44:00,305,15,2
8902,1,42,1,2026-06-27 15:07:00,2026-06-27 15:46:00,270,15,1
8903,4,25,2,2026-03-23 17:52:00,2026-03-23 21:25:00,458,16,3
8904,5,41,13,2026-04-14 21:49:00,2026-04-15 01:05:00,249,0,3
8905,1,31,15,2026-04-03 04:00:00,2026-04-03 04:31:00,452,30,2
8906,4,33,1,2026-04-02 00:04:00,2026-04-02 01:31:00,401,19,3
8907,9,50,18,2026-01-13 09:49:00,2026-01-13 12:07:00,350,14,1
8908,2,5,7,2026-02-14 08:31:00,2026-02-14 11:27:00,157,2,2
8909,4,35,10,2026-01-01 05:03:00,2026-01-01 06:53:00,358,16,3
8910,2,22,19,2026-03-30 21:37:00,2026-03-30 22:16:00,456,5,2
8911,4,32,5,2026-04-28 23:31:00,2026-04-29 01:17:00,222,3,1
8912,10,30,11,2026-06-23 05:50:00,2026-06-23 09:05:00,146,8,2
8913,7,9,18,2026-03-30 09:49:00,2026-03-30 12:26:00,87,4,2
8914,1,47,6,2026-02-05 17:03:00,2026-02-05 19:25:00,245,10,2
8915,7,9,6,2026-03-16 19:06:00,2026-03-16 21:18:00,361,18,1
8916,1,28,8,2026-01-24 05:12:00,2026-01-24 08:03:00,128,7,1
8917,6,7,7,2026-01-25 21:33:00,2026-01-25 23:56:00,154,3,2
8918,2,5,13,2026-02-09 17:30:00,2026-02-09 18:06:00,142,4,2
8919,3,23,8,2026-01-17 01:15:00,2026-01-17 02:00:00,264,4,1
8920,9,50,3,2026-06-19 02:19:00,2026-06-19 03:10:00,64,2,2
8921,6,7,9,2026-04-28 08:19:00,2026-04-28 11:20:00,244,15,1
8922,2,36,5,2026-04-06 13:33:00,2026-04-06 14:24:00,408,6,1
8923,1,31,18,2026-04-12 02:47:00,2026-04-12 04:33:00,331,13,3
8924,1,39,14,2026-05-15 03:56:00,2026-05-15 05:33:00,195,13,1
8925,1,31,17,2026-02-25 22:49:00,2026-02-26 01:16:00,418,21,2
8926,2,22,5,2026-01-19 01:49:00,2026-01-19 04:55:00,297,18,2
8927,1,39,18,2026-06-25 11:36:00,2026-06-25 13:46:00,131,9,3
8928,4,35,3,2026-06-05 15:54:00,2026-06-05 19:05:00,339,26,3
8929,7,37,7,2026-06-23 19:39:00,2026-06-23 23:00:00,313,4,1
8930,3,3,13,2026-02-06 10:51:00,2026-02-06 14:47:00,334,20,2
8931,8,48,15,2026-01-04 18:44:00,2026-01-04 21:19:00,371,0,3
8932,3,46,2,2026-03-23 14:43:00,2026-03-23 18:34:00,52,4,2
8933,10,20,10,2026-04-16 03:22:00,2026-04-16 05:04:00,131,6,3
8934,4,32,7,2026-06-24 17:24:00,2026-06-24 18:47:00,142,2,1
8935,9,12,6,2026-03-05 22:31:00,2026-03-06 01:33:00,489,10,3
8936,3,40,2,2026-05-30 00:32:00,2026-05-30 02:40:00,464,13,1
8937,6,6,8,2026-04-29 16:01:00,2026-04-29 17:32:00,397,7,3
8938,9,17,9,2026-04-04 20:04:00,2026-04-04 21:15:00,464,13,3
8939,3,4,1,2026-06-05 05:46:00,2026-06-05 07:19:00,54,2,2
8940,10,24,2,2026-06-28 14:09:00,2026-06-28 15:32:00,490,11,3
8941,3,23,7,2026-04-06 00:40:00,2026-04-06 03:18:00,475,37,1
8942,3,46,5,2026-06-07 20:47:00,2026-06-07 23:26:00,210,3,2
8943,9,45,3,2026-02-12 06:25:00,2026-02-12 09:22:00,430,13,2
8944,2,36,9,2026-04-11 20:20:00,2026-04-11 23:40:00,329,24,2
8945,5,38,8,2026-02-14 23:18:00,2026-02-15 00:54:00,112,4,1
8946,3,46,9,2026-01-28 08:00:00,2026-01-28 11:00:00,470,37,1
8947,5,41,16,2026-01-21 03:01:00,2026-01-21 05:04:00,415,10,1
8948,5,13,15,2026-02-16 00:06:00,2026-02-16 02:54:00,465,18,2
8949,1,47,11,2026-04-22 05:28:00,2026-04-22 06:22:00,137,8,2
8950,7,9,11,2026-03-15 01:44:00,2026-03-15 04:04:00,178,7,1
8951,4,27,14,2026-06-13 15:45:00,2026-06-13 16:44:00,299,17,2
8952,8,10,9,2026-05-19 16:25:00,2026-05-19 20:25:00,224,13,3
8953,8,21,18,2026-03-03 14:51:00,2026-03-03 16:21:00,208,12,1
8954,4,33,9,2026-04-01 12:47:00,2026-04-01 14:20:00,159,6,3
8955,2,5,19,2026-02-22 15:09:00,2026-02-22 18:58:00,458,16,3
8956,3,46,15,2026-03-18 02:40:00,2026-03-18 03:56:00,302,19,1
8957,3,14,5,2026-05-19 06:49:00,2026-05-19 07:24:00,305,19,1
8958,7,9,2,2026-06-01 22:38:00,2026-06-02 01:31:00,99,6,3
8959,4,25,3,2026-03-23 14:57:00,2026-03-23 16:46:00,336,3,2
8960,8,10,16,2026-03-30 17:11:00,2026-03-30 19:42:00,350,16,1
8961,5,43,12,2026-03-06 08:44:00,2026-03-06 10:43:00,216,17,3
8962,2,22,4,2026-03-25 22:38:00,2026-03-26 00:26:00,111,6,1
8963,4,32,6,2026-02-03 20:36:00,2026-02-03 21:34:00,170,8,2
8964,2,5,2,2026-03-05 14:50:00,2026-03-05 18:30:00,493,34,1
8965,3,3,13,2026-04-13 22:33:00,2026-04-14 02:01:00,173,12,1
8966,8,21,17,2026-01-09 05:02:00,2026-01-09 08:52:00,217,1,1
8967,6,7,20,2026-06-29 05:14:00,2026-06-29 07:25:00,338,5,3
8968,2,5,1,2026-03-31 02:47:00,2026-03-31 03:53:00,371,17,3
8969,3,14,2,2026-01-02 16:07:00,2026-01-02 17:45:00,173,5,1
8970,3,23,14,2026-03-26 06:38:00,2026-03-26 10:02:00,198,3,2
8971,8,26,6,2026-05-29 03:30:00,2026-05-29 04:04:00,480,37,3
8972,8,15,12,2026-05-25 04:08:00,2026-05-25 05:14:00,451,31,3
8973,2,22,2,2026-03-27 23:50:00,2026-03-28 00:22:00,278,15,1
8974,3,23,10,2026-05-04 23:45:00,2026-05-05 00:33:00,227,3,1
8975,6,6,14,2026-04-03 16:33:00,2026-04-03 19:32:00,317,2,2
8976,3,14,6,2026-04-04 02:59:00,2026-04-04 04:02:00,150,5,2
8977,1,47,16,2026-03-11 22:01:00,2026-03-12 00:18:00,162,10,2
8978,9,12,11,2026-06-25 15:52:00,2026-06-25 17:12:00,65,4,1
8979,10,24,2,2026-01-04 23:20:00,2026-01-05 01:27:00,346,19,3
8980,3,40,12,2026-02-11 14:21:00,2026-02-11 15:01:00,118,3,1
8981,3,34,13,2026-01-30 14:57:00,2026-01-30 16:01:00,329,6,2
8982,4,35,9,2026-05-10 12:47:00,2026-05-10 16:14:00,305,22,1
8983,4,27,12,2026-06-23 10:50:00,2026-06-23 13:22:00,356,25,1
8984,3,40,19,2026-02-03 00:11:00,2026-02-03 00:57:00,405,17,2
8985,1,31,14,2026-05-10 23:38:00,2026-05-11 01:49:00,181,13,3
8986,4,35,20,2026-02-25 21:13:00,2026-02-25 23:51:00,65,0,1
8987,1,8,16,2026-01-17 16:14:00,2026-01-17 19:33:00,339,18,2
8988,2,18,4,2026-04-01 14:09:00,2026-04-01 14:39:00,194,12,3
8989,4,33,13,2026-04-20 05:29:00,2026-04-20 07:05:00,181,2,3
8990,2,36,13,2026-03-04 21:01:00,2026-03-04 23:06:00,256,19,1
8991,2,16,6,2026-01-24 06:57:00,2026-01-24 08:40:00,332,7,1
8992,3,3,13,2026-06-25 23:22:00,2026-06-25 23:53:00,223,8,1
8993,1,39,11,2026-03-10 10:47:00,2026-03-10 12:54:00,275,20,3
8994,9,2,14,2026-06-21 11:17:00,2026-06-21 13:58:00,448,28,1
8995,2,11,9,2026-04-28 10:34:00,2026-04-28 13:49:00,175,8,3
8996,5,43,6,2026-01-23 10:20:00,2026-01-23 14:05:00,253,6,3
8997,4,29,3,2026-03-23 22:38:00,2026-03-24 01:58:00,255,18,3
8998,2,11,16,2026-05-06 23:01:00,2026-05-07 00:56:00,164,3,1
8999,1,31,5,2026-04-18 10:25:00,2026-04-18 12:27:00,388,19,3
9000,8,26,12,2026-03-09 08:15:00,2026-03-09 11:37:00,268,18,1
9001,4,25,4,2026-04-23 23:38:00,2026-04-24 00:28:00,56,1,3
9002,7,9,14,2026-03-29 05:20:00,2026-03-29 08:01:00,419,24,2
9003,4,35,5,2026-05-13 01:44:00,2026-05-13 04:18:00,53,1,1
9004,7,9,5,2026-03-17 10:04:00,2026-03-17 10:35:00,198,0,3
9005,2,11,6,2026-06-14 15:29:00,2026-06-14 16:34:00,104,2,2
9006,6,1,19,2026-06-06 05:29:00,2026-06-06 07:26:00,490,6,2
9007,3,46,14,2026-03-29 15:11:00,2026-03-29 17:22:00,430,21,3
9008,6,6,3,2026-01-16 04:15:00,2026-01-16 08:10:00,304,16,2
9009,1,8,7,2026-02-14 15:31:00,2026-02-14 16:16:00,461,35,3
9010,9,45,5,2026-01-24 02:39:00,2026-01-24 03:25:00,232,6,3
9011,3,49,4,2026-01-03 16:10:00,2026-01-03 18:42:00,134,3,2
9012,9,45,14,2026-01-10 15:23:00,2026-01-10 17:43:00,492,33,1
9013,8,15,14,2026-03-12 16:58:00,2026-03-12 18:28:00,58,3,3
9014,2,36,6,2026-05-14 06:53:00,2026-05-14 10:11:00,431,16,1
9015,3,3,11,2026-02-19 19:10:00,2026-02-19 20:41:00,140,3,2
9016,5,43,1,2026-05-15 20:19:00,2026-05-15 22:40:00,78,5,1
9017,7,19,1,2026-01-20 16:59:00,2026-01-20 19:39:00,212,13,3
9018,2,36,12,2026-02-28 13:41:00,2026-02-28 14:25:00,473,30,2
9019,1,31,5,2026-05-07 06:52:00,2026-05-07 09:30:00,133,8,2
9020,1,8,1,2026-01-12 01:12:00,2026-01-12 04:56:00,154,0,2
9021,6,1,6,2026-01-05 20:34:00,2026-01-05 23:21:00,335,6,1
9022,7,9,18,2026-04-18 02:27:00,2026-04-18 04:18:00,338,15,3
9023,9,2,10,2026-01-19 18:04:00,2026-01-19 19:35:00,191,2,3
9024,2,5,19,2026-02-11 13:37:00,2026-02-11 17:10:00,384,0,2
9025,1,42,5,2026-01-25 02:27:00,2026-01-25 05:07:00,119,6,1
9026,9,17,2,2026-02-15 18:34:00,2026-02-15 21:26:00,115,1,1
9027,8,15,1,2026-06-12 21:48:00,2026-06-13 01:42:00,302,4,1
9028,4,32,19,2026-05-23 16:48:00,2026-05-23 18:49:00,50,1,2
9029,6,7,9,2026-04-04 14:34:00,2026-04-04 15:56:00,457,0,2
9030,3,14,18,2026-05-19 22:25:00,2026-05-20 02:22:00,432,6,3
9031,3,49,18,2026-03-31 17:03:00,2026-03-31 17:36:00,110,0,2
9032,9,17,12,2026-01-20 03:13:00,2026-01-20 06:21:00,226,11,3
9033,3,3,3,2026-01-19 22:57:00,2026-01-20 01:18:00,63,1,1
9034,6,1,12,2026-02-08 09:28:00,2026-02-08 10:15:00,469,0,3
9035,7,19,16,2026-05-19 01:06:00,2026-05-19 01:46:00,88,2,2
9036,8,48,1,2026-03-14 05:34:00,2026-03-14 07:20:00,457,31,1
9037,1,39,11,2026-06-24 02:38:00,2026-06-24 05:11:00,381,12,2
9038,7,19,20,2026-03-30 06:57:00,2026-03-30 08:22:00,328,10,2
9039,8,10,16,2026-01-11 22:56:00,2026-01-12 00:11:00,54,1,1
9040,2,22,15,2026-01-26 10:22:00,2026-01-26 10:55:00,128,6,3
9041,9,45,17,2026-01-13 12:22:00,2026-01-13 13:31:00,279,4,2
9042,7,37,13,2026-06-13 01:16:00,2026-06-13 02:39:00,143,5,3
9043,9,17,3,2026-06-23 16:24:00,2026-06-23 18:36:00,302,1,2
9044,8,15,9,2026-03-12 21:56:00,2026-03-12 22:40:00,289,20,1
9045,3,14,8,2026-02-26 19:51:00,2026-02-26 23:03:00,393,3,3
9046,1,47,17,2026-02-09 19:00:00,2026-02-09 21:58:00,180,6,2
9047,2,36,16,2026-05-16 13:54:00,2026-05-16 16:56:00,117,8,3
9048,2,11,18,2026-03-06 19:15:00,2026-03-06 20:48:00,268,4,1
9049,5,38,11,2026-01-04 01:48:00,2026-01-04 04:11:00,60,3,1
9050,6,1,12,2026-01-10 05:45:00,2026-01-10 08:06:00,253,9,1
9051,3,49,12,2026-01-09 08:45:00,2026-01-09 10:00:00,462,12,1
9052,5,43,4,2026-05-20 17:44:00,2026-05-20 20:35:00,235,8,3
9053,1,42,2,2026-05-16 16:24:00,2026-05-16 19:48:00,458,8,3
9054,7,9,2,2026-04-23 20:59:00,2026-04-23 21:56:00,126,9,2
9055,3,40,10,2026-02-26 08:26:00,2026-02-26 11:50:00,180,3,3
9056,6,7,17,2026-01-24 04:19:00,2026-01-24 05:55:00,219,7,3
9057,6,1,7,2026-04-22 07:52:00,2026-04-22 10:36:00,55,0,3
9058,2,16,2,2026-05-25 20:17:00,2026-05-25 23:32:00,331,8,1
9059,9,12,17,2026-01-22 18:16:00,2026-01-22 19:18:00,331,17,2
9060,10,24,18,2026-06-25 03:56:00,2026-06-25 04:40:00,420,16,3
9061,8,10,14,2026-05-26 17:39:00,2026-05-26 19:54:00,420,31,2
9062,4,32,17,2026-02-04 03:13:00,2026-02-04 06:25:00,177,1,2
9063,8,15,6,2026-03-04 09:44:00,2026-03-04 12:32:00,206,9,3
9064,5,13,19,2026-04-24 22:01:00,2026-04-25 01:12:00,247,9,3
9065,9,50,7,2026-05-23 17:06:00,2026-05-23 20:37:00,126,7,1
9066,7,37,8,2026-06-24 17:28:00,2026-06-24 18:59:00,252,17,3
9067,4,25,5,2026-03-31 01:13:00,2026-03-31 03:39:00,443,18,3
9068,6,1,4,2026-05-15 20:34:00,2026-05-16 00:25:00,340,21,2
9069,4,27,5,2026-01-17 02:52:00,2026-01-17 04:10:00,98,6,1
9070,4,29,13,2026-05-31 09:58:00,2026-05-31 12:42:00,492,30,1
9071,2,22,2,2026-03-27 19:11:00,2026-03-27 21:24:00,283,5,3
9072,4,25,4,2026-06-25 07:23:00,2026-06-25 10:56:00,261,6,2
9073,2,5,2,2026-06-12 14:43:00,2026-06-12 17:43:00,324,12,1
9074,10,20,16,2026-03-22 05:25:00,2026-03-22 06:07:00,312,2,1
9075,8,21,7,2026-03-11 19:24:00,2026-03-11 20:20:00,64,0,1
9076,8,10,8,2026-05-02 19:57:00,2026-05-02 21:50:00,128,10,1
9077,2,18,19,2026-03-22 11:57:00,2026-03-22 15:53:00,130,9,1
9078,2,18,16,2026-03-04 03:39:00,2026-03-04 05:41:00,488,18,3
9079,2,22,7,2026-01-17 06:29:00,2026-01-17 09:31:00,244,2,2
9080,4,44,15,2026-05-19 10:38:00,2026-05-19 12:31:00,95,2,3
9081,6,6,19,2026-05-05 12:08:00,2026-05-05 14:56:00,445,6,2
9082,4,35,11,2026-01-24 05:27:00,2026-01-24 08:14:00,259,10,3
9083,4,33,4,2026-05-26 20:01:00,2026-05-26 21:59:00,415,23,2
9084,9,12,5,2026-02-23 11:01:00,2026-02-23 11:39:00,193,8,1
9085,3,14,8,2026-05-13 00:30:00,2026-05-13 02:59:00,486,20,1
9086,6,1,2,2026-04-26 02:33:00,2026-04-26 05:35:00,459,34,3
9087,2,5,20,2026-01-22 23:08:00,2026-01-23 00:25:00,348,13,1
9088,6,1,19,2026-02-15 16:36:00,2026-02-15 19:51:00,485,22,1
9089,9,12,6,2026-05-06 22:23:00,2026-05-07 00:35:00,336,25,2
9090,4,29,8,2026-02-04 22:42:00,2026-02-05 02:33:00,305,9,2
9091,5,38,5,2026-01-10 04:32:00,2026-01-10 06:51:00,463,2,3
9092,3,49,3,2026-04-11 18:11:00,2026-04-11 19:39:00,250,4,3
9093,8,48,20,2026-02-07 05:59:00,2026-02-07 09:57:00,321,25,2
9094,2,18,5,2026-05-20 16:37:00,2026-05-20 19:00:00,313,12,1
9095,7,37,1,2026-02-06 15:12:00,2026-02-06 16:02:00,260,17,3
9096,3,3,1,2026-04-30 12:09:00,2026-04-30 13:55:00,106,7,3
9097,3,3,15,2026-03-16 05:52:00,2026-03-16 08:29:00,203,1,3
9098,2,11,20,2026-06-01 15:45:00,2026-06-01 16:41:00,497,34,3
9099,9,45,9,2026-02-01 04:58:00,2026-02-01 06:33:00,281,18,2
9100,1,28,3,2026-04-03 00:03:00,2026-04-03 00:46:00,482,5,3
9101,3,3,3,2026-05-09 06:20:00,2026-05-09 07:40:00,62,3,1
9102,8,21,8,2026-06-15 04:44:00,2026-06-15 05:15:00,60,2,2
9103,1,42,15,2026-05-22 13:54:00,2026-05-22 14:35:00,468,34,3
9104,1,39,16,2026-03-17 10:16:00,2026-03-17 12:20:00,125,3,2
9105,3,4,13,2026-02-15 18:54:00,2026-02-15 21:18:00,482,28,1
9106,6,6,15,2026-05-10 14:26:00,2026-05-10 15:27:00,267,1,2
9107,2,5,1,2026-05-29 12:45:00,2026-05-29 15:53:00,94,2,2
9108,2,22,17,2026-01-20 22:15:00,2026-01-20 23:14:00,95,2,2
9109,3,34,1,2026-03-21 00:48:00,2026-03-21 03:55:00,174,3,1
9110,9,17,17,2026-05-23 16:15:00,2026-05-23 18:09:00,104,5,3
9111,4,29,5,2026-01-06 12:25:00,2026-01-06 14:05:00,473,16,1
9112,1,42,20,2026-05-23 22:51:00,2026-05-24 00:21:00,391,12,3
9113,9,50,13,2026-04-14 09:03:00,2026-04-14 10:50:00,52,1,2
9114,8,10,18,2026-02-25 12:49:00,2026-02-25 14:56:00,428,33,1
9115,1,47,9,2026-01-26 01:24:00,2026-01-26 04:31:00,289,7,1
9116,2,36,1,2026-04-07 01:15:00,2026-04-07 02:00:00,205,5,3
9117,1,31,5,2026-03-27 12:23:00,2026-03-27 15:03:00,387,2,1
9118,1,39,5,2026-03-12 21:33:00,2026-03-13 01:13:00,404,17,3
9119,9,12,17,2026-02-25 07:06:00,2026-02-25 10:46:00,403,15,1
9120,8,26,10,2026-01-26 13:10:00,2026-01-26 14:04:00,379,0,3
9121,3,46,12,2026-05-07 07:54:00,2026-05-07 11:29:00,416,14,1
9122,5,13,6,2026-02-09 20:33:00,2026-02-09 22:48:00,390,0,1
9123,2,22,5,2026-05-14 18:53:00,2026-05-14 21:39:00,350,12,1
9124,8,48,2,2026-04-13 22:45:00,2026-04-13 23:25:00,214,7,3
9125,9,17,6,2026-05-09 12:28:00,2026-05-09 13:42:00,77,1,1
9126,2,16,6,2026-05-13 17:35:00,2026-05-13 19:26:00,147,4,1
9127,7,37,18,2026-06-27 05:42:00,2026-06-27 08:15:00,210,6,2
9128,4,29,13,2026-06-20 20:15:00,2026-06-20 22:08:00,232,17,3
9129,9,12,17,2026-04-01 02:09:00,2026-04-01 03:56:00,136,0,3
9130,3,23,19,2026-01-07 06:38:00,2026-01-07 10:12:00,336,20,3
9131,7,37,18,2026-06-03 12:30:00,2026-06-03 13:11:00,125,8,2
9132,4,25,13,2026-06-01 21:49:00,2026-06-02 00:10:00,380,0,3
9133,8,15,11,2026-03-14 16:31:00,2026-03-14 19:02:00,57,2,3
9134,4,33,12,2026-02-28 08:34:00,2026-02-28 09:15:00,299,7,2
9135,10,24,18,2026-03-11 18:10:00,2026-03-11 21:05:00,311,14,3
9136,4,25,6,2026-05-08 23:14:00,2026-05-09 01:33:00,76,3,2
9137,8,48,5,2026-01-06 11:11:00,2026-01-06 13:53:00,131,2,1
9138,5,43,14,2026-05-27 20:37:00,2026-05-27 23:28:00,349,9,1
9139,3,49,18,2026-02-15 07:42:00,2026-02-15 09:18:00,422,32,1
9140,6,6,16,2026-04-04 22:04:00,2026-04-04 22:36:00,219,11,2
9141,3,14,16,2026-05-24 09:29:00,2026-05-24 12:40:00,95,7,1
9142,2,5,14,2026-03-01 11:08:00,2026-03-01 12:58:00,491,7,1
9143,9,12,15,2026-03-20 06:47:00,2026-03-20 10:40:00,189,7,3
9144,8,15,2,2026-01-09 03:05:00,2026-01-09 06:40:00,59,4,2
9145,9,45,2,2026-01-28 23:26:00,2026-01-29 01:46:00,348,19,1
9146,4,29,3,2026-01-21 18:33:00,2026-01-21 20:52:00,298,23,2
9147,4,32,1,2026-05-01 09:47:00,2026-05-01 10:42:00,286,0,3
9148,7,37,15,2026-01-13 14:14:00,2026-01-13 15:40:00,382,11,1
9149,9,17,7,2026-06-29 04:52:00,2026-06-29 07:59:00,368,25,1
9150,2,18,20,2026-02-03 01:56:00,2026-02-03 03:05:00,153,4,1
9151,5,43,7,2026-01-07 04:54:00,2026-01-07 08:17:00,210,9,1
9152,4,25,2,2026-04-03 16:03:00,2026-04-03 17:48:00,317,0,1
9153,1,28,1,2026-06-14 17:00:00,2026-06-14 20:19:00,409,1,2
9154,8,26,6,2026-04-21 06:19:00,2026-04-21 07:03:00,71,3,1
9155,6,1,15,2026-01-18 05:16:00,2026-01-18 07:31:00,477,33,3
9156,3,49,19,2026-05-28 10:24:00,2026-05-28 12:06:00,392,11,2
9157,9,45,11,2026-03-27 09:41:00,2026-03-27 12:55:00,77,0,2
9158,7,9,2,2026-05-07 15:57:00,2026-05-07 18:35:00,99,5,3
9159,6,7,3,2026-03-16 01:37:00,2026-03-16 04:50:00,146,1,1
9160,1,8,6,2026-01-27 10:58:00,2026-01-27 14:10:00,259,1,3
9161,1,42,1,2026-02-26 05:40:00,2026-02-26 08:35:00,351,16,2
9162,2,36,11,2026-02-13 00:22:00,2026-02-13 02:49:00,144,0,2
9163,3,49,16,2026-04-26 16:15:00,2026-04-26 19:41:00,431,14,3
9164,1,31,8,2026-01-09 02:31:00,2026-01-09 03:05:00,343,17,3
9165,4,32,3,2026-03-15 19:34:00,2026-03-15 22:32:00,123,7,2
9166,2,16,3,2026-01-05 08:49:00,2026-01-05 11:53:00,227,16,3
9167,10,30,11,2026-03-11 09:02:00,2026-03-11 12:40:00,487,0,1
9168,3,23,8,2026-03-30 18:13:00,2026-03-30 20:12:00,409,18,1
9169,7,9,4,2026-01-20 07:30:00,2026-01-20 08:13:00,94,5,3
9170,3,40,18,2026-02-10 13:48:00,2026-02-10 16:19:00,364,9,3
9171,9,50,12,2026-01-06 14:46:00,2026-01-06 18:39:00,101,1,2
9172,3,3,5,2026-05-16 23:13:00,2026-05-17 03:01:00,283,17,1
9173,9,17,20,2026-03-12 10:11:00,2026-03-12 13:56:00,342,22,1
9174,2,36,13,2026-06-12 04:46:00,2026-06-12 06:58:00,108,7,2
9175,3,14,17,2026-06-13 09:14:00,2026-06-13 12:14:00,197,15,3
9176,1,47,18,2026-04-19 19:02:00,2026-04-19 21:21:00,328,4,2
9177,9,45,3,2026-06-14 18:59:00,2026-06-14 22:49:00,166,7,1
9178,8,26,1,2026-04-25 23:56:00,2026-04-26 00:50:00,123,5,2
9179,1,28,11,2026-05-29 05:34:00,2026-05-29 09:00:00,445,8,2
9180,3,46,12,2026-04-19 20:00:00,2026-04-19 23:00:00,433,33,1
9181,7,37,6,2026-03-24 11:00:00,2026-03-24 14:59:00,358,5,3
9182,5,38,15,2026-06-29 06:08:00,2026-06-29 07:04:00,484,17,3
9183,4,27,18,2026-04-29 18:36:00,2026-04-29 21:42:00,443,18,3
9184,5,43,17,2026-02-22 20:51:00,2026-02-22 23:15:00,304,1,3
9185,5,41,15,2026-02-02 11:03:00,2026-02-02 14:38:00,440,24,3
9186,5,38,15,2026-06-24 15:00:00,2026-06-24 16:46:00,216,1,3
9187,9,12,20,2026-06-10 18:24:00,2026-06-10 21:11:00,175,10,3
9188,6,6,17,2026-05-15 01:52:00,2026-05-15 05:01:00,148,7,2
9189,4,44,11,2026-02-12 04:25:00,2026-02-12 07:30:00,368,4,3
9190,4,44,6,2026-03-15 11:06:00,2026-03-15 12:23:00,155,4,2
9191,9,12,18,2026-04-13 13:25:00,2026-04-13 15:47:00,78,2,3
9192,2,11,9,2026-04-18 15:14:00,2026-04-18 18:16:00,154,3,1
9193,1,39,5,2026-04-20 18:17:00,2026-04-20 19:54:00,150,5,2
9194,3,4,20,2026-01-29 05:53:00,2026-01-29 06:43:00,226,10,2
9195,9,45,20,2026-04-02 12:27:00,2026-04-02 13:20:00,194,0,2
9196,8,48,4,2026-04-23 15:11:00,2026-04-23 15:46:00,146,10,2
9197,9,2,11,2026-01-26 01:21:00,2026-01-26 02:16:00,185,13,1
9198,2,16,9,2026-06-19 03:19:00,2026-06-19 04:40:00,185,5,3
9199,5,13,12,2026-01-11 13:12:00,2026-01-11 15:48:00,55,1,2
9200,5,38,15,2026-01-15 07:26:00,2026-01-15 09:46:00,333,11,3
9201,9,45,10,2026-03-07 08:43:00,2026-03-07 11:30:00,192,1,1
9202,4,25,1,2026-04-06 19:46:00,2026-04-06 23:11:00,257,4,1
9203,1,47,7,2026-06-08 01:18:00,2026-06-08 02:38:00,162,7,3
9204,10,30,5,2026-06-15 15:54:00,2026-06-15 18:04:00,473,29,2
9205,2,5,4,2026-02-13 01:57:00,2026-02-13 05:13:00,376,18,2
9206,2,18,14,2026-03-17 10:23:00,2026-03-17 11:38:00,271,6,3
9207,4,32,15,2026-02-13 01:13:00,2026-02-13 04:32:00,265,3,2
9208,2,22,20,2026-06-16 19:48:00,2026-06-16 23:04:00,479,29,2
9209,6,6,13,2026-04-11 15:28:00,2026-04-11 17:39:00,316,0,3
9210,4,33,4,2026-02-14 20:04:00,2026-02-14 23:37:00,172,10,2
9211,5,38,15,2026-04-19 16:41:00,2026-04-19 19:01:00,447,4,3
9212,6,6,20,2026-01-03 12:13:00,2026-01-03 13:09:00,205,4,3
9213,8,15,19,2026-04-03 05:59:00,2026-04-03 07:14:00,277,1,3
9214,2,16,11,2026-01-22 06:54:00,2026-01-22 09:36:00,336,23,2
9215,3,4,5,2026-01-24 01:15:00,2026-01-24 04:38:00,143,5,3
9216,6,6,19,2026-05-09 21:44:00,2026-05-09 22:29:00,127,9,3
9217,3,23,18,2026-05-05 20:54:00,2026-05-05 22:21:00,54,2,1
9218,8,21,7,2026-01-16 02:18:00,2026-01-16 04:55:00,161,4,3
9219,7,19,20,2026-02-23 20:28:00,2026-02-24 00:12:00,477,37,1
9220,8,10,10,2026-05-10 07:13:00,2026-05-10 09:12:00,154,9,3
9221,9,17,1,2026-01-16 11:01:00,2026-01-16 13:57:00,400,0,1
9222,2,18,5,2026-01-27 02:42:00,2026-01-27 05:11:00,328,7,1
9223,10,24,15,2026-04-16 00:52:00,2026-04-16 03:16:00,184,0,1
9224,1,47,7,2026-04-28 19:01:00,2026-04-28 19:40:00,260,4,3
9225,8,21,11,2026-05-26 02:42:00,2026-05-26 04:59:00,368,5,1
9226,6,6,7,2026-01-27 00:59:00,2026-01-27 01:58:00,151,1,2
9227,3,4,15,2026-03-28 11:59:00,2026-03-28 13:36:00,461,19,1
9228,5,43,4,2026-04-06 17:39:00,2026-04-06 20:38:00,453,16,3
9229,3,34,8,2026-03-31 16:06:00,2026-03-31 17:44:00,191,11,1
9230,4,33,8,2026-03-25 08:03:00,2026-03-25 09:39:00,184,11,1
9231,2,11,15,2026-05-02 15:54:00,2026-05-02 17:59:00,495,15,2
9232,6,7,16,2026-06-02 22:42:00,2026-06-03 02:42:00,391,27,2
9233,10,30,12,2026-06-03 19:38:00,2026-06-03 20:46:00,59,2,1
9234,9,50,19,2026-04-05 00:55:00,2026-04-05 01:39:00,293,8,3
9235,5,13,18,2026-01-14 09:55:00,2026-01-14 11:42:00,461,11,3
9236,2,36,4,2026-06-04 15:47:00,2026-06-04 16:36:00,184,0,2
9237,1,28,3,2026-03-07 15:20:00,2026-03-07 17:42:00,480,5,3
9238,1,42,4,2026-06-16 02:52:00,2026-06-16 05:57:00,407,8,2
9239,8,26,5,2026-06-04 15:39:00,2026-06-04 17:03:00,496,0,2
9240,6,6,20,2026-05-15 12:21:00,2026-05-15 13:43:00,303,12,2
9241,2,16,10,2026-01-19 09:43:00,2026-01-19 11:50:00,337,11,2
9242,7,9,7,2026-06-21 20:15:00,2026-06-21 23:53:00,236,15,2
9243,8,48,9,2026-01-31 23:04:00,2026-02-01 03:00:00,481,24,2
9244,5,41,7,2026-06-21 16:01:00,2026-06-21 19:19:00,181,13,1
9245,1,42,12,2026-01-18 09:25:00,2026-01-18 12:06:00,355,14,3
9246,3,4,3,2026-05-27 03:17:00,2026-05-27 06:20:00,100,0,1
9247,7,37,10,2026-05-25 01:35:00,2026-05-25 03:59:00,428,5,1
9248,4,25,4,2026-06-06 16:09:00,2026-06-06 17:07:00,349,1,3
9249,4,29,14,2026-03-05 03:57:00,2026-03-05 04:38:00,140,8,3
9250,10,20,4,2026-03-29 14:29:00,2026-03-29 17:45:00,439,19,2
9251,5,13,14,2026-04-25 10:49:00,2026-04-25 13:33:00,484,21,3
9252,2,16,16,2026-05-31 03:03:00,2026-05-31 06:49:00,106,2,2
9253,5,41,8,2026-05-12 20:55:00,2026-05-13 00:43:00,460,1,1
9254,2,36,17,2026-03-27 21:36:00,2026-03-28 00:42:00,203,2,3
9255,3,34,15,2026-05-03 10:05:00,2026-05-03 12:41:00,369,9,2
9256,3,4,9,2026-01-11 17:31:00,2026-01-11 18:03:00,252,14,1
9257,3,3,12,2026-06-07 08:31:00,2026-06-07 10:27:00,274,8,3
9258,9,12,1,2026-05-30 17:44:00,2026-05-30 21:38:00,89,4,3
9259,2,5,7,2026-04-13 00:25:00,2026-04-13 04:16:00,481,8,2
9260,9,50,20,2026-03-22 17:38:00,2026-03-22 20:35:00,416,26,3
9261,2,18,12,2026-05-15 01:29:00,2026-05-15 03:38:00,493,36,1
9262,8,48,1,2026-01-11 19:55:00,2026-01-11 22:49:00,283,9,3
9263,7,9,8,2026-04-17 10:31:00,2026-04-17 13:08:00,180,3,1
9264,7,37,11,2026-01-30 13:41:00,2026-01-30 16:08:00,286,11,2
9265,10,20,15,2026-02-26 22:58:00,2026-02-27 00:07:00,189,6,3
9266,5,38,6,2026-02-10 19:29:00,2026-02-10 20:24:00,365,13,3
9267,2,5,5,2026-04-01 16:07:00,2026-04-01 18:55:00,285,11,2
9268,8,26,12,2026-04-18 03:55:00,2026-04-18 07:21:00,63,1,1
9269,2,36,1,2026-04-16 00:09:00,2026-04-16 03:33:00,399,0,1
9270,4,25,11,2026-01-18 20:25:00,2026-01-18 23:17:00,412,4,3
9271,3,40,12,2026-04-19 00:29:00,2026-04-19 04:02:00,353,0,3
9272,4,27,13,2026-01-24 15:03:00,2026-01-24 18:53:00,278,8,3
9273,6,6,6,2026-05-16 03:33:00,2026-05-16 04:20:00,159,9,2
9274,6,7,6,2026-06-16 09:50:00,2026-06-16 10:31:00,159,3,2
9275,1,8,6,2026-06-26 09:16:00,2026-06-26 13:05:00,484,4,2
9276,4,29,7,2026-02-01 20:12:00,2026-02-01 23:31:00,148,4,2
9277,7,37,1,2026-01-13 09:41:00,2026-01-13 12:29:00,314,21,3
9278,7,9,3,2026-04-21 16:37:00,2026-04-21 18:57:00,220,6,1
9279,10,20,16,2026-06-02 13:17:00,2026-06-02 15:52:00,473,15,3
9280,5,38,9,2026-04-28 02:30:00,2026-04-28 06:28:00,365,19,3
9281,4,35,6,2026-01-08 17:19:00,2026-01-08 18:31:00,65,4,1
9282,3,3,20,2026-02-10 19:38:00,2026-02-10 23:14:00,492,38,1
9283,1,39,11,2026-03-08 12:06:00,2026-03-08 15:17:00,61,4,1
9284,4,27,7,2026-02-17 06:23:00,2026-02-17 08:25:00,233,7,1
9285,10,20,20,2026-01-18 03:05:00,2026-01-18 06:47:00,218,15,2
9286,8,10,8,2026-06-20 17:21:00,2026-06-20 19:03:00,56,3,1
9287,9,2,18,2026-02-20 11:28:00,2026-02-20 14:43:00,446,21,2
9288,3,49,11,2026-05-15 00:45:00,2026-05-15 01:19:00,350,6,1
9289,9,45,6,2026-02-25 15:10:00,2026-02-25 17:26:00,192,11,3
9290,3,4,20,2026-05-02 07:40:00,2026-05-02 11:29:00,393,15,3
9291,7,37,2,2026-04-09 17:39:00,2026-04-09 19:57:00,170,3,3
9292,3,40,11,2026-01-16 23:50:00,2026-01-17 01:45:00,348,11,3
9293,3,34,3,2026-05-19 06:14:00,2026-05-19 09:01:00,191,8,2
9294,5,41,7,2026-03-01 23:48:00,2026-03-02 02:22:00,447,4,1
9295,10,24,3,2026-01-08 00:02:00,2026-01-08 01:47:00,400,2,3
9296,3,34,3,2026-04-15 01:31:00,2026-04-15 03:26:00,279,2,3
9297,3,49,20,2026-02-19 01:33:00,2026-02-19 02:47:00,132,0,3
9298,9,12,11,2026-02-18 04:38:00,2026-02-18 06:41:00,481,7,1
9299,8,21,13,2026-01-29 14:06:00,2026-01-29 15:59:00,106,2,2
9300,6,1,3,2026-06-06 07:45:00,2026-06-06 09:13:00,327,10,2
9301,4,25,2,2026-04-24 15:24:00,2026-04-24 16:28:00,355,15,2
9302,1,42,4,2026-04-02 05:50:00,2026-04-02 06:30:00,289,1,3
9303,5,43,7,2026-01-19 19:29:00,2026-01-19 21:19:00,142,5,1
9304,2,11,7,2026-05-22 16:37:00,2026-05-22 20:14:00,427,2,3
9305,3,46,19,2026-05-06 23:00:00,2026-05-07 00:55:00,225,9,3
9306,1,28,8,2026-03-06 22:32:00,2026-03-07 01:57:00,223,6,1
9307,2,16,6,2026-01-27 23:03:00,2026-01-28 01:43:00,472,5,3
9308,1,31,11,2026-04-08 02:15:00,2026-04-08 04:06:00,220,15,3
9309,5,13,12,2026-03-02 00:17:00,2026-03-02 04:17:00,498,2,3
9310,4,44,11,2026-05-29 12:58:00,2026-05-29 15:40:00,104,3,2
9311,9,50,7,2026-05-19 16:28:00,2026-05-19 18:51:00,189,1,2
9312,5,38,5,2026-02-18 21:38:00,2026-02-18 22:18:00,374,20,2
9313,3,3,17,2026-02-24 03:52:00,2026-02-24 07:14:00,418,16,3
9314,5,41,18,2026-06-04 04:57:00,2026-06-04 07:28:00,286,17,2
9315,2,11,9,2026-06-23 12:00:00,2026-06-23 15:58:00,389,5,1
9316,2,16,12,2026-05-17 08:43:00,2026-05-17 09:48:00,225,3,3
9317,10,30,1,2026-06-22 05:29:00,2026-06-22 07:09:00,190,7,2
9318,8,10,10,2026-05-05 09:30:00,2026-05-05 13:27:00,264,0,3
9319,8,21,11,2026-03-14 12:05:00,2026-03-14 14:07:00,365,11,1
9320,2,36,12,2026-03-08 02:23:00,2026-03-08 03:07:00,456,16,1
9321,6,1,17,2026-02-22 18:24:00,2026-02-22 20:40:00,365,17,1
9322,7,19,16,2026-03-06 16:10:00,2026-03-06 17:42:00,381,0,1
9323,6,6,11,2026-06-08 01:17:00,2026-06-08 05:04:00,87,0,3
9324,3,4,15,2026-06-01 22:15:00,2026-06-02 02:09:00,167,4,2
9325,2,11,4,2026-01-11 10:30:00,2026-01-11 12:15:00,179,9,3
9326,2,5,8,2026-01-04 12:14:00,2026-01-04 14:20:00,55,1,3
9327,3,40,20,2026-05-03 13:48:00,2026-05-03 15:52:00,299,21,3
9328,1,8,19,2026-03-11 09:17:00,2026-03-11 11:58:00,404,14,2
9329,2,16,14,2026-01-30 21:33:00,2026-01-30 22:42:00,265,17,2
9330,1,31,10,2026-03-23 18:44:00,2026-03-23 20:12:00,286,5,3
9331,9,17,3,2026-02-27 21:04:00,2026-02-28 00:36:00,95,3,2
9332,3,34,20,2026-05-28 23:38:00,2026-05-29 01:13:00,460,35,2
9333,3,14,19,2026-01-28 12:14:00,2026-01-28 13:09:00,250,1,1
9334,2,5,4,2026-01-12 01:32:00,2026-01-12 03:12:00,307,18,2
9335,4,35,14,2026-03-26 05:00:00,2026-03-26 07:56:00,105,5,3
9336,1,31,3,2026-06-18 14:13:00,2026-06-18 16:51:00,357,0,1
9337,2,22,20,2026-03-12 21:16:00,2026-03-13 00:31:00,418,2,3
9338,10,24,17,2026-01-04 16:47:00,2026-01-04 20:46:00,157,3,2
9339,6,1,10,2026-06-25 15:00:00,2026-06-25 18:30:00,280,0,3
9340,4,27,17,2026-02-21 19:31:00,2026-02-21 22:48:00,264,16,3
9341,3,3,8,2026-05-24 22:04:00,2026-05-24 23:59:00,462,35,1
9342,3,14,6,2026-05-30 06:14:00,2026-05-30 08:08:00,426,21,2
9343,1,39,1,2026-02-06 20:13:00,2026-02-06 20:54:00,130,5,2
9344,7,9,9,2026-06-14 14:41:00,2026-06-14 17:03:00,479,6,1
9345,9,50,19,2026-01-02 22:57:00,2026-01-03 01:59:00,392,7,2
9346,7,9,8,2026-06-23 15:46:00,2026-06-23 18:36:00,94,2,1
9347,7,19,6,2026-05-27 07:33:00,2026-05-27 10:58:00,152,4,2
9348,5,41,7,2026-01-04 10:46:00,2026-01-04 14:12:00,219,7,3
9349,3,4,17,2026-03-15 03:54:00,2026-03-15 06:34:00,190,12,2
9350,8,21,4,2026-05-21 21:20:00,2026-05-22 01:17:00,122,5,2
9351,1,39,5,2026-03-25 01:31:00,2026-03-25 05:12:00,238,5,3
9352,4,25,12,2026-02-09 15:30:00,2026-02-09 17:32:00,431,5,2
9353,8,15,6,2026-04-25 19:24:00,2026-04-25 20:12:00,220,16,1
9354,8,10,16,2026-02-06 20:49:00,2026-02-07 00:21:00,253,18,2
9355,8,26,6,2026-02-22 11:44:00,2026-02-22 14:31:00,440,32,2
9356,6,7,6,2026-06-27 11:40:00,2026-06-27 14:46:00,130,9,3
9357,2,11,4,2026-03-16 11:57:00,2026-03-16 13:57:00,228,13,3
9358,2,18,3,2026-04-05 03:48:00,2026-04-05 04:51:00,300,21,2
9359,4,27,10,2026-05-09 06:26:00,2026-05-09 08:52:00,427,28,3
9360,1,47,15,2026-01-19 18:38:00,2026-01-19 20:40:00,182,7,1
9361,7,9,11,2026-01-10 01:33:00,2026-01-10 04:15:00,260,10,2
9362,9,17,17,2026-04-23 13:36:00,2026-04-23 14:20:00,366,8,3
9363,3,14,14,2026-06-27 16:17:00,2026-06-27 18:18:00,171,8,1
9364,8,10,9,2026-05-27 18:04:00,2026-05-27 21:16:00,306,15,2
9365,4,35,11,2026-03-18 11:55:00,2026-03-18 14:42:00,314,24,3
9366,1,42,8,2026-01-05 18:43:00,2026-01-05 20:20:00,481,11,3
9367,3,14,9,2026-02-13 19:32:00,2026-02-13 20:08:00,257,7,3
9368,3,49,10,2026-03-29 06:14:00,2026-03-29 09:21:00,245,17,1
9369,6,7,11,2026-04-01 19:23:00,2026-04-01 23:10:00,198,12,1
9370,8,21,4,2026-04-23 10:06:00,2026-04-23 12:18:00,456,4,2
9371,1,39,18,2026-04-28 09:08:00,2026-04-28 10:08:00,113,2,2
9372,2,16,1,2026-02-15 21:04:00,2026-02-15 22:45:00,265,3,1
9373,4,27,8,2026-01-04 17:33:00,2026-01-04 21:16:00,155,12,2
9374,4,32,8,2026-02-06 05:57:00,2026-02-06 08:33:00,165,1,2
9375,3,46,3,2026-06-21 05:56:00,2026-06-21 09:18:00,254,1,2
9376,10,24,2,2026-01-23 09:19:00,2026-01-23 12:50:00,278,1,1
9377,6,7,6,2026-03-08 20:57:00,2026-03-09 00:44:00,239,16,1
9378,3,14,8,2026-02-23 10:12:00,2026-02-23 11:48:00,305,2,3
9379,9,12,7,2026-02-15 18:58:00,2026-02-15 20:04:00,373,5,1
9380,9,45,6,2026-01-08 07:33:00,2026-01-08 10:47:00,415,28,2
9381,8,21,12,2026-01-29 14:36:00,2026-01-29 16:38:00,305,24,1
9382,1,28,18,2026-04-22 17:20:00,2026-04-22 18:50:00,398,7,1
9383,2,16,14,2026-02-28 07:05:00,2026-02-28 09:07:00,321,5,3
9384,4,33,3,2026-05-16 00:34:00,2026-05-16 04:17:00,204,10,3
9385,6,1,15,2026-04-06 16:18:00,2026-04-06 20:05:00,474,4,3
9386,9,17,1,2026-02-14 05:48:00,2026-02-14 06:39:00,500,19,3
9387,8,21,7,2026-01-11 15:09:00,2026-01-11 16:13:00,101,4,1
9388,1,47,20,2026-05-04 23:19:00,2026-05-05 02:28:00,159,11,3
9389,3,4,17,2026-04-13 19:05:00,2026-04-13 21:59:00,323,1,3
9390,9,50,17,2026-02-21 23:10:00,2026-02-22 02:04:00,347,8,1
9391,1,28,6,2026-06-24 08:18:00,2026-06-24 10:28:00,290,16,3
9392,1,8,7,2026-05-20 19:18:00,2026-05-20 22:51:00,120,0,3
9393,5,38,5,2026-01-15 07:47:00,2026-01-15 11:10:00,50,3,3
9394,8,15,9,2026-03-05 08:50:00,2026-03-05 12:48:00,122,4,3
9395,3,34,6,2026-05-29 03:14:00,2026-05-29 07:10:00,376,3,3
9396,3,34,6,2026-06-28 14:51:00,2026-06-28 17:07:00,414,30,2
9397,3,4,10,2026-06-04 13:40:00,2026-06-04 15:22:00,244,8,3
9398,7,9,16,2026-02-19 17:16:00,2026-02-19 19:46:00,177,3,2
9399,9,17,9,2026-05-07 12:11:00,2026-05-07 12:53:00,112,8,1
9400,8,26,2,2026-01-18 12:02:00,2026-01-18 13:33:00,102,0,2
9401,2,18,11,2026-03-28 10:36:00,2026-03-28 11:18:00,457,36,1
9402,5,41,14,2026-01-30 03:28:00,2026-01-30 07:26:00,75,2,2
9403,4,27,16,2026-05-13 22:48:00,2026-05-14 00:24:00,448,19,2
9404,3,40,8,2026-03-23 05:28:00,2026-03-23 07:35:00,288,14,3
9405,2,36,4,2026-04-01 16:21:00,2026-04-01 20:17:00,205,15,1
9406,1,42,14,2026-06-05 14:42:00,2026-06-05 16:04:00,176,7,2
9407,2,16,7,2026-03-19 03:24:00,2026-03-19 06:51:00,87,1,2
9408,8,26,15,2026-03-06 14:54:00,2026-03-06 18:42:00,424,23,1
9409,3,3,6,2026-05-29 09:20:00,2026-05-29 10:21:00,95,0,2
9410,3,40,11,2026-04-14 23:38:00,2026-04-15 02:27:00,489,31,1
9411,8,21,17,2026-01-04 20:41:00,2026-01-04 22:38:00,412,12,2
9412,6,6,1,2026-05-11 23:23:00,2026-05-12 00:37:00,367,17,2
9413,3,40,7,2026-04-16 06:34:00,2026-04-16 09:32:00,445,6,3
9414,2,22,12,2026-01-13 10:08:00,2026-01-13 12:39:00,417,5,2
9415,7,9,9,2026-01-31 05:24:00,2026-01-31 06:55:00,430,32,1
9416,1,28,11,2026-02-21 21:00:00,2026-02-21 23:57:00,124,4,3
9417,3,46,5,2026-06-28 04:05:00,2026-06-28 05:23:00,52,1,2
9418,3,3,9,2026-06-17 22:58:00,2026-06-18 01:53:00,274,2,3
9419,10,30,14,2026-03-24 11:56:00,2026-03-24 14:57:00,391,19,1
9420,9,2,3,2026-05-16 02:53:00,2026-05-16 04:05:00,411,27,3
9421,4,35,12,2026-02-22 18:05:00,2026-02-22 19:35:00,280,16,1
9422,9,17,20,2026-02-01 06:22:00,2026-02-01 08:04:00,152,5,2
9423,3,14,2,2026-05-27 13:26:00,2026-05-27 16:20:00,436,3,2
9424,4,35,8,2026-05-24 13:21:00,2026-05-24 16:10:00,385,4,2
9425,10,30,13,2026-06-20 10:22:00,2026-06-20 12:28:00,306,22,1
9426,5,43,19,2026-06-22 16:08:00,2026-06-22 17:15:00,96,6,1
9427,3,3,16,2026-03-22 09:13:00,2026-03-22 12:53:00,489,31,3
9428,1,47,14,2026-03-04 05:56:00,2026-03-04 09:22:00,463,10,2
9429,3,4,8,2026-06-01 07:50:00,2026-06-01 10:35:00,417,14,2
9430,9,50,11,2026-02-04 22:56:00,2026-02-05 02:56:00,475,27,3
9431,8,10,13,2026-03-14 22:10:00,2026-03-15 00:22:00,414,1,1
9432,1,8,20,2026-05-19 15:17:00,2026-05-19 17:45:00,463,20,3
9433,2,16,11,2026-06-19 03:28:00,2026-06-19 05:39:00,213,14,3
9434,1,39,16,2026-02-16 07:48:00,2026-02-16 11:07:00,239,10,1
9435,4,25,17,2026-05-04 01:00:00,2026-05-04 04:33:00,331,18,2
9436,3,3,2,2026-06-01 13:12:00,2026-06-01 17:11:00,84,1,3
9437,1,8,15,2026-02-16 18:09:00,2026-02-16 20:32:00,93,4,3
9438,1,47,16,2026-01-02 05:11:00,2026-01-02 09:01:00,162,6,1
9439,9,2,12,2026-03-02 03:50:00,2026-03-02 04:56:00,150,10,2
9440,6,6,15,2026-03-07 03:03:00,2026-03-07 05:46:00,72,4,1
9441,4,32,2,2026-02-19 08:09:00,2026-02-19 11:02:00,138,4,2
9442,3,14,8,2026-04-26 08:26:00,2026-04-26 10:49:00,494,19,3
9443,5,41,12,2026-03-11 01:14:00,2026-03-11 02:00:00,299,22,3
9444,7,9,18,2026-04-16 22:02:00,2026-04-17 01:11:00,449,13,2
9445,3,4,4,2026-06-28 09:32:00,2026-06-28 10:21:00,222,15,2
9446,2,11,5,2026-03-18 14:04:00,2026-03-18 16:17:00,322,23,1
9447,4,33,1,2026-06-22 06:44:00,2026-06-22 09:37:00,303,0,2
9448,3,14,17,2026-06-20 18:18:00,2026-06-20 19:57:00,174,12,2
9449,1,47,11,2026-02-21 05:08:00,2026-02-21 06:02:00,391,12,1
9450,3,49,12,2026-03-19 03:20:00,2026-03-19 06:15:00,106,1,1
9451,4,33,5,2026-06-17 16:26:00,2026-06-17 18:13:00,160,2,3
9452,5,38,4,2026-05-11 14:33:00,2026-05-11 15:07:00,295,12,1
9453,3,46,12,2026-05-07 13:37:00,2026-05-07 16:50:00,457,12,1
9454,1,39,16,2026-06-18 08:07:00,2026-06-18 11:13:00,234,11,2
9455,8,26,11,2026-03-31 13:25:00,2026-03-31 14:59:00,99,0,1
9456,8,21,10,2026-05-01 11:43:00,2026-05-01 12:36:00,98,1,2
9457,8,21,16,2026-01-17 16:22:00,2026-01-17 18:28:00,447,17,3
9458,9,45,9,2026-04-28 06:42:00,2026-04-28 10:11:00,164,5,1
9459,2,36,12,2026-03-12 12:22:00,2026-03-12 15:00:00,153,12,3
9460,9,50,12,2026-02-11 08:46:00,2026-02-11 11:28:00,184,7,2
9461,8,10,16,2026-04-16 12:05:00,2026-04-16 15:15:00,202,15,1
9462,9,50,9,2026-02-01 15:49:00,2026-02-01 18:28:00,155,2,1
9463,2,11,7,2026-04-04 13:28:00,2026-04-04 16:48:00,277,2,3
9464,5,41,6,2026-03-12 19:17:00,2026-03-12 22:30:00,271,2,3
9465,9,2,11,2026-06-08 05:15:00,2026-06-08 07:42:00,232,2,1
9466,1,28,9,2026-06-17 23:25:00,2026-06-18 00:43:00,398,26,2
9467,10,30,3,2026-06-29 14:04:00,2026-06-29 15:10:00,452,33,3
9468,2,36,13,2026-02-16 05:16:00,2026-02-16 07:53:00,377,21,1
9469,1,28,20,2026-02-09 17:29:00,2026-02-09 20:14:00,419,26,1
9470,7,9,20,2026-04-24 07:50:00,2026-04-24 11:39:00,445,31,3
9471,5,43,16,2026-04-08 11:56:00,2026-04-08 13:55:00,82,2,2
9472,6,6,16,2026-02-09 08:53:00,2026-02-09 10:28:00,406,21,1
9473,4,25,20,2026-03-05 23:10:00,2026-03-06 01:12:00,204,7,1
9474,4,33,7,2026-06-18 04:31:00,2026-06-18 06:26:00,379,9,1
9475,8,48,11,2026-04-09 00:27:00,2026-04-09 03:11:00,253,19,1
9476,7,19,15,2026-06-08 11:48:00,2026-06-08 13:04:00,494,6,1
9477,2,16,8,2026-04-20 12:47:00,2026-04-20 14:56:00,284,10,1
9478,10,30,19,2026-02-26 07:24:00,2026-02-26 10:30:00,437,12,1
9479,1,47,5,2026-01-31 00:18:00,2026-01-31 04:06:00,381,12,3
9480,5,41,1,2026-04-20 09:09:00,2026-04-20 12:10:00,455,32,3
9481,10,20,17,2026-05-13 12:52:00,2026-05-13 16:29:00,496,21,1
9482,6,7,16,2026-06-29 20:52:00,2026-06-29 22:12:00,76,0,1
9483,3,46,13,2026-01-11 18:02:00,2026-01-11 22:01:00,91,2,1
9484,3,46,13,2026-03-10 02:38:00,2026-03-10 04:12:00,306,17,2
9485,8,26,13,2026-04-11 02:35:00,2026-04-11 06:09:00,68,1,2
9486,3,3,7,2026-01-13 13:33:00,2026-01-13 15:47:00,470,33,2
9487,3,49,2,2026-01-19 14:10:00,2026-01-19 16:53:00,279,12,2
9488,5,38,2,2026-01-28 09:28:00,2026-01-28 11:59:00,220,1,3
9489,1,47,17,2026-01-07 16:46:00,2026-01-07 17:24:00,431,34,3
9490,5,13,4,2026-01-03 19:43:00,2026-01-03 22:09:00,345,25,3
9491,6,6,8,2026-04-26 21:26:00,2026-04-26 23:09:00,147,4,2
9492,8,48,13,2026-01-06 09:24:00,2026-01-06 11:44:00,357,10,3
9493,3,34,7,2026-05-04 17:15:00,2026-05-04 17:58:00,117,1,3
9494,4,35,16,2026-04-29 13:36:00,2026-04-29 14:18:00,261,5,1
9495,2,11,11,2026-06-17 07:36:00,2026-06-17 11:34:00,496,30,1
9496,1,28,7,2026-06-08 16:49:00,2026-06-08 18:48:00,439,0,1
9497,8,10,1,2026-03-12 20:23:00,2026-03-12 21:22:00,433,33,1
9498,4,33,10,2026-06-25 05:03:00,2026-06-25 07:43:00,419,13,3
9499,1,8,18,2026-03-14 08:19:00,2026-03-14 10:00:00,170,8,3
9500,3,14,8,2026-04-10 05:30:00,2026-04-10 06:53:00,358,18,2
9501,3,14,15,2026-03-24 02:30:00,2026-03-24 03:36:00,270,1,2
9502,3,46,7,2026-04-18 17:04:00,2026-04-18 18:57:00,468,1,2
9503,2,11,11,2026-06-21 17:42:00,2026-06-21 18:59:00,76,4,2
9504,7,9,19,2026-06-12 07:05:00,2026-06-12 09:22:00,82,2,2
9505,5,41,11,2026-05-03 16:35:00,2026-05-03 17:23:00,260,13,1
9506,10,24,20,2026-05-21 01:24:00,2026-05-21 03:04:00,58,0,2
9507,4,44,16,2026-02-09 09:59:00,2026-02-09 11:10:00,82,5,2
9508,5,41,20,2026-05-31 21:40:00,2026-06-01 00:27:00,494,19,1
9509,8,10,9,2026-06-04 23:30:00,2026-06-05 03:02:00,299,12,2
9510,10,30,12,2026-03-16 23:10:00,2026-03-17 02:46:00,76,0,1
9511,2,18,2,2026-04-06 14:53:00,2026-04-06 15:31:00,354,13,3
9512,6,1,12,2026-01-06 10:24:00,2026-01-06 10:54:00,450,22,2
9513,4,33,12,2026-01-24 21:38:00,2026-01-25 00:22:00,64,3,2
9514,3,4,2,2026-03-01 14:22:00,2026-03-01 18:05:00,300,18,3
9515,5,43,10,2026-01-18 09:01:00,2026-01-18 11:33:00,410,6,3
9516,1,39,17,2026-05-06 05:25:00,2026-05-06 06:02:00,474,13,2
9517,9,2,2,2026-05-07 18:49:00,2026-05-07 22:32:00,123,3,1
9518,1,47,6,2026-03-30 04:57:00,2026-03-30 06:39:00,398,20,2
9519,1,28,13,2026-04-12 14:52:00,2026-04-12 17:07:00,359,21,3
9520,3,40,19,2026-06-12 12:35:00,2026-06-12 15:06:00,61,0,1
9521,2,18,13,2026-05-17 23:56:00,2026-05-18 03:33:00,69,3,2
9522,5,13,7,2026-05-01 04:45:00,2026-05-01 07:57:00,179,2,1
9523,8,15,1,2026-04-21 01:47:00,2026-04-21 02:32:00,143,8,1
9524,1,28,4,2026-03-28 02:09:00,2026-03-28 02:55:00,238,14,3
9525,6,1,16,2026-01-26 17:32:00,2026-01-26 19:19:00,378,19,2
9526,2,5,1,2026-06-22 18:38:00,2026-06-22 19:53:00,390,15,2
9527,1,28,13,2026-06-03 08:49:00,2026-06-03 11:41:00,262,7,1
9528,4,27,3,2026-02-09 19:04:00,2026-02-09 19:34:00,381,16,1
9529,4,32,13,2026-02-25 23:26:00,2026-02-26 03:19:00,286,11,2
9530,3,34,17,2026-02-17 10:45:00,2026-02-17 14:12:00,304,18,1
9531,1,31,11,2026-03-21 04:29:00,2026-03-21 05:53:00,387,22,3
9532,6,1,1,2026-04-25 23:03:00,2026-04-26 01:26:00,386,8,2
9533,9,17,4,2026-03-30 22:00:00,2026-03-31 00:38:00,271,6,1
9534,5,38,16,2026-05-29 08:41:00,2026-05-29 11:09:00,73,3,1
9535,4,29,12,2026-01-30 09:31:00,2026-01-30 13:21:00,196,7,3
9536,9,50,2,2026-06-09 21:36:00,2026-06-10 01:29:00,413,2,1
9537,9,12,4,2026-02-01 10:21:00,2026-02-01 14:03:00,500,2,3
9538,4,27,2,2026-01-29 03:16:00,2026-01-29 05:55:00,397,6,1
9539,4,29,4,2026-04-29 09:32:00,2026-04-29 10:43:00,475,27,1
9540,2,18,20,2026-05-02 07:31:00,2026-05-02 09:39:00,180,2,1
9541,10,20,13,2026-06-22 02:30:00,2026-06-22 04:01:00,447,17,2
9542,3,4,11,2026-06-19 17:22:00,2026-06-19 20:50:00,284,0,3
9543,1,28,20,2026-01-08 19:38:00,2026-01-08 22:21:00,329,12,2
9544,8,10,5,2026-03-19 05:36:00,2026-03-19 08:50:00,107,3,1
9545,5,41,16,2026-03-07 03:35:00,2026-03-07 05:37:00,131,1,1
9546,9,50,5,2026-03-28 17:23:00,2026-03-28 18:50:00,352,20,1
9547,9,17,12,2026-05-09 05:39:00,2026-05-09 06:42:00,231,6,2
9548,7,37,11,2026-01-18 01:47:00,2026-01-18 04:18:00,387,5,3
9549,3,46,2,2026-05-20 01:54:00,2026-05-20 02:27:00,72,2,2
9550,2,18,7,2026-02-19 00:51:00,2026-02-19 03:14:00,183,6,2
9551,3,46,6,2026-01-11 02:13:00,2026-01-11 04:09:00,376,24,2
9552,6,7,19,2026-02-11 05:51:00,2026-02-11 07:47:00,488,12,3
9553,4,27,16,2026-01-28 10:18:00,2026-01-28 12:22:00,243,17,2
9554,2,5,16,2026-03-29 18:31:00,2026-03-29 21:31:00,340,9,3
9555,6,1,11,2026-06-24 09:01:00,2026-06-24 12:33:00,68,3,2
9556,9,45,10,2026-03-19 04:39:00,2026-03-19 07:47:00,310,1,1
9557,6,6,6,2026-01-04 02:51:00,2026-01-04 05:56:00,471,17,3
9558,4,25,7,2026-03-27 12:53:00,2026-03-27 14:00:00,320,6,2
9559,8,48,16,2026-01-14 01:32:00,2026-01-14 03:37:00,236,9,2
9560,9,12,8,2026-05-26 22:00:00,2026-05-27 00:36:00,352,16,1
9561,4,35,9,2026-02-17 03:02:00,2026-02-17 06:54:00,311,15,2
9562,1,47,9,2026-06-01 17:11:00,2026-06-01 19:54:00,246,14,3
9563,2,36,16,2026-03-10 19:11:00,2026-03-10 21:00:00,402,7,3
9564,8,48,1,2026-06-25 14:10:00,2026-06-25 15:45:00,470,20,3
9565,10,30,18,2026-04-16 07:02:00,2026-04-16 08:00:00,184,14,1
9566,5,38,9,2026-05-30 05:24:00,2026-05-30 06:03:00,164,11,2
9567,10,24,3,2026-05-13 05:51:00,2026-05-13 07:44:00,150,7,1
9568,9,45,15,2026-06-18 02:44:00,2026-06-18 05:01:00,216,15,3
9569,4,44,6,2026-02-12 04:33:00,2026-02-12 07:14:00,385,6,3
9570,4,35,5,2026-02-18 17:12:00,2026-02-18 21:04:00,124,9,2
9571,4,29,16,2026-06-10 14:51:00,2026-06-10 18:44:00,56,1,3
9572,1,39,2,2026-05-06 15:56:00,2026-05-06 19:14:00,156,2,1
9573,4,27,12,2026-03-18 21:25:00,2026-03-18 23:21:00,85,0,3
9574,4,44,13,2026-04-01 10:58:00,2026-04-01 14:02:00,203,15,2
9575,4,35,1,2026-01-09 09:22:00,2026-01-09 09:58:00,357,6,3
9576,4,25,7,2026-05-28 19:08:00,2026-05-28 22:11:00,73,0,1
9577,3,23,15,2026-03-17 20:46:00,2026-03-17 23:05:00,447,21,1
9578,4,27,14,2026-04-20 22:00:00,2026-04-21 01:56:00,385,7,3
9579,1,28,2,2026-04-10 16:04:00,2026-04-10 18:33:00,235,15,3
9580,8,15,13,2026-02-04 22:07:00,2026-02-04 23:48:00,380,18,3
9581,3,46,13,2026-06-16 17:36:00,2026-06-16 18:42:00,359,13,3
9582,4,33,9,2026-06-19 11:07:00,2026-06-19 12:41:00,477,14,1
9583,9,45,17,2026-02-14 22:52:00,2026-02-15 02:39:00,327,22,2
9584,5,13,16,2026-03-04 02:13:00,2026-03-04 05:21:00,51,1,1
9585,3,46,10,2026-05-11 01:28:00,2026-05-11 02:41:00,150,2,1
9586,2,16,13,2026-05-17 00:59:00,2026-05-17 03:42:00,55,3,1
9587,4,29,19,2026-01-24 11:29:00,2026-01-24 15:04:00,296,14,3
9588,2,5,5,2026-02-07 05:22:00,2026-02-07 06:23:00,324,19,1
9589,8,26,10,2026-02-21 13:36:00,2026-02-21 15:01:00,328,24,3
9590,1,42,6,2026-06-11 03:52:00,2026-06-11 06:25:00,119,5,3
9591,9,50,3,2026-02-10 10:49:00,2026-02-10 12:51:00,125,8,3
9592,1,39,15,2026-06-21 18:44:00,2026-06-21 19:45:00,375,6,2
9593,2,11,9,2026-04-01 16:08:00,2026-04-01 16:38:00,278,12,3
9594,3,4,13,2026-03-13 13:31:00,2026-03-13 14:35:00,285,11,3
9595,10,30,1,2026-03-24 09:34:00,2026-03-24 13:06:00,139,0,1
9596,9,45,8,2026-01-12 04:34:00,2026-01-12 06:29:00,103,5,2
9597,8,10,8,2026-06-11 06:25:00,2026-06-11 07:41:00,290,17,3
9598,8,48,6,2026-01-02 02:03:00,2026-01-02 03:25:00,388,6,1
9599,1,31,17,2026-04-23 09:32:00,2026-04-23 11:59:00,335,14,2
9600,8,48,14,2026-01-21 12:11:00,2026-01-21 15:37:00,121,9,1
9601,10,30,20,2026-04-11 13:24:00,2026-04-11 16:58:00,165,0,1
9602,3,49,7,2026-05-11 16:58:00,2026-05-11 17:34:00,300,11,1
9603,5,13,5,2026-05-05 18:30:00,2026-05-05 20:25:00,469,34,1
9604,5,41,2,2026-06-26 12:47:00,2026-06-26 13:23:00,81,0,2
9605,9,50,8,2026-02-18 12:01:00,2026-02-18 14:55:00,68,1,1
9606,4,32,17,2026-01-08 15:36:00,2026-01-08 16:57:00,427,26,1
9607,9,45,2,2026-01-18 17:30:00,2026-01-18 20:34:00,103,5,1
9608,3,49,15,2026-04-27 00:36:00,2026-04-27 03:47:00,317,14,1
9609,8,10,9,2026-02-27 10:23:00,2026-02-27 10:56:00,136,6,2
9610,7,19,6,2026-03-15 11:13:00,2026-03-15 13:09:00,316,24,2
9611,3,49,11,2026-05-02 20:20:00,2026-05-02 23:52:00,50,0,2
9612,1,42,2,2026-01-16 04:28:00,2026-01-16 06:48:00,162,4,1
9613,2,16,3,2026-03-30 08:54:00,2026-03-30 09:59:00,488,38,1
9614,5,13,19,2026-04-19 21:55:00,2026-04-19 23:41:00,414,24,3
9615,7,9,17,2026-04-03 13:05:00,2026-04-03 14:38:00,332,7,2
9616,4,33,8,2026-06-17 13:45:00,2026-06-17 16:41:00,276,19,3
9617,8,26,3,2026-06-23 10:32:00,2026-06-23 11:41:00,499,7,3
9618,4,35,17,2026-01-05 21:50:00,2026-01-06 00:37:00,115,7,3
9619,2,5,18,2026-04-26 01:28:00,2026-04-26 05:08:00,262,19,2
9620,5,13,7,2026-06-07 11:10:00,2026-06-07 11:41:00,108,5,1
9621,1,28,10,2026-01-05 19:51:00,2026-01-05 22:15:00,143,9,2
9622,1,42,7,2026-01-06 11:21:00,2026-01-06 14:09:00,255,1,3
9623,3,34,12,2026-05-23 16:08:00,2026-05-23 18:30:00,428,20,2
9624,8,26,10,2026-04-27 05:48:00,2026-04-27 08:17:00,470,18,2
9625,10,20,5,2026-02-08 12:29:00,2026-02-08 14:39:00,359,15,1
9626,7,9,8,2026-04-24 18:46:00,2026-04-24 21:03:00,138,8,2
9627,10,24,13,2026-05-23 11:12:00,2026-05-23 12:19:00,188,2,3
9628,4,25,13,2026-04-17 17:09:00,2026-04-17 18:32:00,350,7,1
9629,2,18,15,2026-03-08 08:26:00,2026-03-08 09:25:00,229,15,3
9630,6,7,20,2026-03-06 21:00:00,2026-03-07 00:59:00,141,7,1
9631,2,22,10,2026-01-19 23:34:00,2026-01-20 00:34:00,485,12,1
9632,9,45,11,2026-03-18 13:13:00,2026-03-18 15:47:00,369,21,3
9633,9,45,13,2026-04-02 20:56:00,2026-04-02 22:07:00,438,15,1
9634,8,26,7,2026-03-11 18:49:00,2026-03-11 21:16:00,307,8,2
9635,6,7,18,2026-05-09 20:23:00,2026-05-10 00:02:00,101,1,3
9636,10,24,10,2026-01-06 19:21:00,2026-01-06 22:52:00,243,15,3
9637,4,44,12,2026-04-28 18:48:00,2026-04-28 22:36:00,118,0,3
9638,10,24,1,2026-01-08 06:45:00,2026-01-08 08:21:00,86,1,3
9639,3,34,11,2026-01-30 13:46:00,2026-01-30 15:23:00,357,7,1
9640,1,8,18,2026-06-21 12:51:00,2026-06-21 15:14:00,183,14,3
9641,8,15,14,2026-04-20 11:13:00,2026-04-20 14:53:00,102,6,3
9642,2,5,19,2026-01-05 18:34:00,2026-01-05 22:27:00,448,32,1
9643,4,32,17,2026-05-22 07:06:00,2026-05-22 08:56:00,174,10,3
9644,3,49,1,2026-04-25 01:27:00,2026-04-25 05:07:00,374,20,2
9645,1,42,11,2026-04-13 02:34:00,2026-04-13 03:51:00,496,19,2
9646,3,40,8,2026-04-08 03:33:00,2026-04-08 04:39:00,179,7,3
9647,2,11,15,2026-05-25 18:31:00,2026-05-25 20:51:00,273,5,3
9648,10,20,4,2026-06-10 05:20:00,2026-06-10 09:08:00,313,22,3
9649,3,14,13,2026-03-11 12:21:00,2026-03-11 14:09:00,165,7,3
9650,7,37,17,2026-06-09 22:56:00,2026-06-10 01:35:00,76,2,1
9651,3,4,4,2026-01-15 04:22:00,2026-01-15 05:36:00,287,5,1
9652,10,20,5,2026-02-21 19:43:00,2026-02-21 23:40:00,89,2,1
9653,7,9,14,2026-05-31 04:19:00,2026-05-31 07:22:00,80,6,3
9654,6,6,1,2026-04-14 12:59:00,2026-04-14 14:55:00,247,0,2
9655,8,21,16,2026-01-15 18:35:00,2026-01-15 21:19:00,132,7,1
9656,2,36,14,2026-02-23 02:10:00,2026-02-23 05:23:00,329,24,2
9657,2,16,15,2026-05-26 05:53:00,2026-05-26 08:15:00,319,21,3
9658,7,37,17,2026-03-20 00:14:00,2026-03-20 02:45:00,127,0,3
9659,6,7,7,2026-01-20 20:09:00,2026-01-20 22:04:00,333,18,3
9660,9,45,12,2026-06-06 01:56:00,2026-06-06 03:38:00,442,28,3
9661,9,12,9,2026-02-28 05:32:00,2026-02-28 08:13:00,491,12,1
9662,3,14,18,2026-03-21 15:58:00,2026-03-21 18:26:00,279,18,2
9663,5,38,18,2026-03-06 22:16:00,2026-03-07 01:53:00,393,12,3
9664,3,4,18,2026-01-14 01:38:00,2026-01-14 02:41:00,104,0,3
9665,4,32,9,2026-03-12 18:40:00,2026-03-12 22:07:00,411,7,3
9666,4,25,3,2026-06-09 23:40:00,2026-06-10 03:29:00,489,26,2
9667,5,38,11,2026-06-01 11:06:00,2026-06-01 12:23:00,217,8,2
9668,3,49,13,2026-02-25 08:20:00,2026-02-25 10:37:00,177,7,3
9669,2,22,8,2026-06-02 11:40:00,2026-06-02 12:21:00,254,9,2
9670,5,43,2,2026-03-11 19:51:00,2026-03-11 21:53:00,432,11,2
9671,7,37,1,2026-03-19 09:46:00,2026-03-19 12:19:00,413,19,3
9672,9,50,16,2026-02-22 02:04:00,2026-02-22 05:45:00,124,0,3
9673,3,49,5,2026-06-07 18:30:00,2026-06-07 21:48:00,221,1,1
9674,2,22,11,2026-06-21 05:06:00,2026-06-21 09:02:00,394,28,2
9675,9,50,6,2026-05-17 08:59:00,2026-05-17 11:08:00,192,15,3
9676,6,1,20,2026-04-05 17:27:00,2026-04-05 18:23:00,320,3,2
9677,1,39,14,2026-04-04 05:34:00,2026-04-04 09:24:00,451,3,2
9678,2,18,7,2026-04-28 07:58:00,2026-04-28 08:48:00,446,8,1
9679,1,47,7,2026-01-27 14:47:00,2026-01-27 17:33:00,266,17,3
9680,3,14,11,2026-03-13 22:50:00,2026-03-13 23:22:00,284,14,2
9681,6,7,3,2026-03-22 20:28:00,2026-03-22 21:21:00,402,15,2
9682,6,7,14,2026-01-03 01:09:00,2026-01-03 02:33:00,146,0,3
9683,2,5,10,2026-03-27 03:45:00,2026-03-27 05:08:00,229,15,1
9684,8,10,19,2026-02-18 09:31:00,2026-02-18 10:31:00,417,16,2
9685,9,2,10,2026-04-21 12:15:00,2026-04-21 15:00:00,119,0,1
9686,3,4,9,2026-06-17 11:52:00,2026-06-17 12:33:00,365,2,2
9687,3,23,3,2026-05-12 10:06:00,2026-05-12 14:01:00,160,4,2
9688,2,22,16,2026-05-10 22:01:00,2026-05-10 23:21:00,398,14,2
9689,5,43,18,2026-03-03 13:27:00,2026-03-03 13:59:00,428,4,3
9690,7,9,5,2026-04-11 10:09:00,2026-04-11 12:38:00,382,3,2
9691,4,29,6,2026-01-08 07:29:00,2026-01-08 08:16:00,373,17,1
9692,6,1,19,2026-04-18 15:09:00,2026-04-18 16:54:00,290,20,1
9693,9,45,13,2026-05-08 07:46:00,2026-05-08 08:53:00,396,8,2
9694,6,7,1,2026-06-24 13:16:00,2026-06-24 13:58:00,289,1,3
9695,3,14,2,2026-01-03 22:33:00,2026-01-03 23:09:00,162,5,3
9696,4,29,7,2026-06-04 07:26:00,2026-06-04 07:58:00,442,23,1
9697,2,5,13,2026-06-20 01:43:00,2026-06-20 03:11:00,463,9,1
9698,3,3,15,2026-01-18 15:08:00,2026-01-18 18:42:00,122,9,2
9699,4,27,12,2026-02-11 13:57:00,2026-02-11 14:39:00,98,5,2
9700,2,18,15,2026-06-04 12:04:00,2026-06-04 16:04:00,288,0,3
9701,8,21,16,2026-05-18 14:45:00,2026-05-18 15:56:00,214,6,1
9702,4,29,16,2026-02-28 18:32:00,2026-02-28 19:57:00,142,8,1
9703,4,32,11,2026-06-24 20:08:00,2026-06-24 22:16:00,131,5,3
9704,5,38,3,2026-05-28 02:26:00,2026-05-28 03:42:00,338,19,3
9705,1,31,12,2026-01-30 05:37:00,2026-01-30 09:34:00,231,18,3
9706,9,2,9,2026-02-24 14:11:00,2026-02-24 17:30:00,456,27,3
9707,3,3,12,2026-06-12 05:05:00,2026-06-12 07:03:00,239,4,1
9708,3,23,13,2026-05-03 05:23:00,2026-05-03 06:28:00,329,2,3
9709,6,1,17,2026-04-18 23:01:00,2026-04-19 00:31:00,361,15,1
9710,4,27,6,2026-03-08 01:40:00,2026-03-08 04:25:00,328,24,2
9711,2,22,6,2026-02-19 03:45:00,2026-02-19 05:32:00,151,3,2
9712,7,9,19,2026-05-09 21:04:00,2026-05-10 00:39:00,323,19,3
9713,4,27,3,2026-01-03 02:30:00,2026-01-03 04:10:00,135,2,3
9714,4,27,3,2026-03-10 10:04:00,2026-03-10 12:53:00,330,23,2
9715,9,50,17,2026-01-23 19:24:00,2026-01-23 20:42:00,315,18,3
9716,2,5,6,2026-01-02 14:37:00,2026-01-02 18:28:00,183,1,2
9717,1,28,3,2026-02-19 07:53:00,2026-02-19 08:47:00,384,8,1
9718,4,29,13,2026-06-14 17:02:00,2026-06-14 19:27:00,252,8,3
9719,7,9,15,2026-01-22 19:28:00,2026-01-22 21:11:00,253,1,3
9720,9,2,13,2026-06-03 23:41:00,2026-06-04 02:35:00,225,9,3
9721,3,23,16,2026-02-12 08:04:00,2026-02-12 09:37:00,318,3,3
9722,7,19,12,2026-06-04 16:04:00,2026-06-04 17:42:00,72,3,3
9723,10,20,8,2026-02-27 17:16:00,2026-02-27 20:35:00,456,12,2
9724,9,50,12,2026-02-05 00:44:00,2026-02-05 01:20:00,477,8,3
9725,2,18,15,2026-01-07 07:47:00,2026-01-07 09:39:00,154,3,3
9726,1,39,19,2026-05-18 04:05:00,2026-05-18 06:52:00,214,15,2
9727,8,48,2,2026-06-13 13:18:00,2026-06-13 16:28:00,66,4,3
9728,8,21,19,2026-02-27 12:55:00,2026-02-27 16:11:00,337,23,1
9729,8,10,16,2026-03-14 16:19:00,2026-03-14 17:19:00,446,9,1
9730,3,40,14,2026-01-04 18:48:00,2026-01-04 22:23:00,436,5,2
9731,3,4,5,2026-04-03 14:55:00,2026-04-03 15:27:00,233,0,2
9732,3,14,5,2026-02-11 22:19:00,2026-02-12 00:32:00,125,4,2
9733,1,47,4,2026-01-07 21:48:00,2026-01-07 22:20:00,312,8,1
9734,9,2,14,2026-04-08 00:02:00,2026-04-08 02:01:00,429,33,2
9735,8,26,16,2026-04-07 11:22:00,2026-04-07 12:16:00,189,4,1
9736,2,22,4,2026-05-21 01:16:00,2026-05-21 03:33:00,426,7,2
9737,9,12,6,2026-04-28 07:59:00,2026-04-28 10:00:00,277,12,3
9738,3,3,19,2026-05-07 02:01:00,2026-05-07 05:28:00,72,1,2
9739,8,15,1,2026-05-07 17:44:00,2026-05-07 20:51:00,275,0,2
9740,1,39,8,2026-04-23 06:51:00,2026-04-23 09:39:00,86,4,2
9741,3,4,12,2026-04-14 16:08:00,2026-04-14 18:24:00,63,1,2
9742,4,25,2,2026-03-03 05:52:00,2026-03-03 08:27:00,498,8,3
9743,5,41,9,2026-01-13 10:23:00,2026-01-13 12:30:00,308,9,1
9744,3,34,4,2026-04-14 00:04:00,2026-04-14 02:49:00,133,0,3
9745,1,31,4,2026-04-18 23:06:00,2026-04-19 00:25:00,88,3,1
9746,6,6,18,2026-03-10 08:22:00,2026-03-10 09:03:00,400,19,3
9747,8,15,7,2026-05-07 04:24:00,2026-05-07 06:01:00,72,3,2
9748,2,22,15,2026-01-07 21:02:00,2026-01-07 22:08:00,388,30,1
9749,3,3,17,2026-02-20 14:21:00,2026-02-20 16:50:00,316,21,1
9750,3,14,2,2026-05-15 22:35:00,2026-05-16 02:22:00,132,9,3
9751,5,43,10,2026-04-10 16:45:00,2026-04-10 18:16:00,216,16,1
9752,3,4,19,2026-06-27 13:58:00,2026-06-27 17:12:00,117,7,3
9753,4,29,5,2026-04-26 15:56:00,2026-04-26 18:18:00,454,7,3
9754,1,39,10,2026-05-03 15:24:00,2026-05-03 18:43:00,234,16,1
9755,3,4,4,2026-03-25 08:53:00,2026-03-25 10:25:00,294,22,1
9756,4,35,1,2026-05-21 08:54:00,2026-05-21 11:47:00,207,9,2
9757,8,26,20,2026-01-01 13:36:00,2026-01-01 17:12:00,170,3,3
9758,3,23,6,2026-03-08 12:08:00,2026-03-08 15:57:00,316,6,1
9759,9,17,1,2026-01-04 17:11:00,2026-01-04 21:11:00,492,1,2
9760,9,45,5,2026-03-15 04:36:00,2026-03-15 05:47:00,362,17,1
9761,9,12,9,2026-03-27 01:35:00,2026-03-27 04:12:00,106,6,2
9762,9,17,19,2026-01-28 07:12:00,2026-01-28 10:13:00,192,10,2
9763,1,47,3,2026-03-12 16:24:00,2026-03-12 18:33:00,53,2,1
9764,9,45,2,2026-01-18 21:01:00,2026-01-18 23:05:00,222,14,1
9765,9,2,10,2026-05-21 06:08:00,2026-05-21 07:01:00,231,12,2
9766,7,37,18,2026-05-05 13:00:00,2026-05-05 16:56:00,457,6,3
9767,3,23,10,2026-06-10 17:10:00,2026-06-10 18:10:00,306,21,1
9768,3,14,7,2026-04-08 10:00:00,2026-04-08 12:24:00,410,18,3
9769,2,18,8,2026-04-26 02:18:00,2026-04-26 03:27:00,388,19,2
9770,3,40,18,2026-04-10 12:58:00,2026-04-10 16:11:00,137,8,2
9771,5,41,16,2026-04-19 23:02:00,2026-04-20 01:55:00,160,11,1
9772,2,18,3,2026-03-10 14:00:00,2026-03-10 15:57:00,201,10,3
9773,5,41,16,2026-03-19 20:26:00,2026-03-19 21:41:00,253,14,2
9774,2,11,2,2026-03-26 12:39:00,2026-03-26 13:40:00,468,5,1
9775,9,17,5,2026-04-07 18:20:00,2026-04-07 20:04:00,221,8,2
9776,9,2,9,2026-03-01 01:46:00,2026-03-01 02:18:00,81,3,3
9777,7,37,11,2026-05-28 08:49:00,2026-05-28 11:32:00,493,12,1
9778,2,36,11,2026-04-18 02:27:00,2026-04-18 02:57:00,271,7,1
9779,10,20,17,2026-03-27 14:55:00,2026-03-27 17:47:00,394,18,3
9780,7,9,12,2026-06-11 17:57:00,2026-06-11 20:34:00,247,12,3
9781,5,13,5,2026-04-29 02:54:00,2026-04-29 06:05:00,238,8,2
9782,10,20,1,2026-04-07 02:00:00,2026-04-07 03:46:00,107,1,3
9783,9,50,4,2026-01-21 05:26:00,2026-01-21 06:46:00,500,14,2
9784,2,18,18,2026-05-31 14:36:00,2026-05-31 18:01:00,371,19,3
9785,5,13,16,2026-03-27 00:13:00,2026-03-27 00:57:00,500,0,2
9786,1,42,4,2026-05-20 12:38:00,2026-05-20 15:50:00,178,5,2
9787,1,8,8,2026-01-20 13:29:00,2026-01-20 15:32:00,275,8,3
9788,10,24,16,2026-02-26 22:04:00,2026-02-27 00:57:00,384,30,1
9789,7,37,20,2026-05-24 21:06:00,2026-05-24 22:55:00,68,3,3
9790,5,13,18,2026-04-05 07:42:00,2026-04-05 08:14:00,337,10,1
9791,1,31,18,2026-03-26 00:51:00,2026-03-26 01:53:00,357,25,2
9792,6,6,10,2026-06-15 15:41:00,2026-06-15 18:01:00,136,7,3
9793,3,14,15,2026-01-03 23:51:00,2026-01-04 02:30:00,54,2,1
9794,1,39,14,2026-01-05 19:33:00,2026-01-05 20:34:00,278,12,3
9795,7,37,18,2026-05-03 18:45:00,2026-05-03 21:33:00,295,20,2
9796,8,26,14,2026-05-26 01:39:00,2026-05-26 04:14:00,410,20,1
9797,10,24,14,2026-03-14 02:16:00,2026-03-14 04:51:00,362,2,3
9798,8,26,17,2026-01-11 03:43:00,2026-01-11 04:30:00,411,27,1
9799,2,18,15,2026-04-30 14:09:00,2026-04-30 18:03:00,218,6,2
9800,5,41,2,2026-04-29 23:37:00,2026-04-30 01:10:00,452,27,1
9801,2,36,15,2026-04-02 07:23:00,2026-04-02 10:22:00,417,32,1
9802,9,50,5,2026-06-15 17:11:00,2026-06-15 19:59:00,407,13,3
9803,8,21,12,2026-05-19 16:35:00,2026-05-19 18:55:00,225,9,1
9804,1,28,6,2026-06-25 23:52:00,2026-06-26 02:34:00,266,5,2
9805,1,28,11,2026-02-22 16:19:00,2026-02-22 17:48:00,299,23,2
9806,8,10,5,2026-01-30 09:42:00,2026-01-30 10:19:00,195,12,3
9807,4,33,17,2026-02-12 08:56:00,2026-02-12 11:08:00,61,3,1
9808,3,4,7,2026-06-19 01:14:00,2026-06-19 02:34:00,360,24,1
9809,2,18,13,2026-06-23 10:03:00,2026-06-23 12:12:00,245,1,1
9810,8,26,11,2026-01-08 03:53:00,2026-01-08 05:50:00,260,17,1
9811,5,43,1,2026-01-24 21:06:00,2026-01-25 00:44:00,479,1,3
9812,2,22,20,2026-01-04 03:03:00,2026-01-04 03:54:00,271,10,1
9813,5,41,20,2026-04-03 19:02:00,2026-04-03 21:18:00,176,3,2
9814,1,39,4,2026-02-21 11:32:00,2026-02-21 15:11:00,252,1,3
9815,1,39,5,2026-02-14 08:09:00,2026-02-14 10:18:00,148,11,3
9816,10,20,6,2026-05-02 15:17:00,2026-05-02 17:42:00,230,0,1
9817,2,16,20,2026-01-27 13:17:00,2026-01-27 14:34:00,191,6,1
9818,2,11,1,2026-02-04 14:14:00,2026-02-04 16:43:00,87,2,3
9819,8,48,12,2026-04-27 22:09:00,2026-04-28 00:13:00,75,3,3
9820,4,29,19,2026-05-29 03:30:00,2026-05-29 05:36:00,416,2,3
9821,6,6,19,2026-05-17 04:24:00,2026-05-17 05:50:00,394,16,2
9822,7,37,7,2026-02-27 01:12:00,2026-02-27 02:31:00,260,13,1
9823,9,50,11,2026-04-09 10:58:00,2026-04-09 14:15:00,298,11,3
9824,5,38,4,2026-01-23 00:59:00,2026-01-23 04:58:00,177,0,2
9825,4,25,12,2026-03-23 12:14:00,2026-03-23 16:04:00,294,21,3
9826,3,23,14,2026-01-19 22:37:00,2026-01-19 23:08:00,256,14,2
9827,1,8,13,2026-03-03 02:20:00,2026-03-03 04:42:00,422,19,2
9828,7,9,4,2026-02-08 00:24:00,2026-02-08 02:01:00,415,4,2
9829,4,33,16,2026-06-16 21:08:00,2026-06-17 00:08:00,241,15,2
9830,8,15,7,2026-05-14 21:10:00,2026-05-14 22:18:00,423,0,3
9831,9,17,10,2026-06-04 02:45:00,2026-06-04 05:36:00,411,25,1
9832,3,23,1,2026-04-13 20:17:00,2026-04-13 23:46:00,493,33,1
9833,3,49,15,2026-01-18 12:14:00,2026-01-18 14:53:00,243,7,2
9834,2,36,3,2026-05-05 00:48:00,2026-05-05 03:06:00,251,17,3
9835,3,40,17,2026-01-26 03:40:00,2026-01-26 05:19:00,115,6,2
9836,5,13,2,2026-04-18 07:34:00,2026-04-18 10:09:00,193,13,1
9837,3,3,17,2026-03-23 08:26:00,2026-03-23 11:04:00,301,0,3
9838,4,35,5,2026-01-08 09:36:00,2026-01-08 13:30:00,96,1,3
9839,1,8,4,2026-05-10 17:24:00,2026-05-10 18:16:00,310,2,3
9840,10,30,10,2026-06-25 00:29:00,2026-06-25 02:11:00,285,22,1
9841,9,17,9,2026-03-23 21:45:00,2026-03-24 01:23:00,310,14,1
9842,1,47,4,2026-02-23 16:30:00,2026-02-23 18:07:00,226,11,3
9843,7,19,3,2026-06-27 09:12:00,2026-06-27 12:33:00,197,9,1
9844,7,19,19,2026-06-07 15:20:00,2026-06-07 18:22:00,91,6,2
9845,6,6,10,2026-04-29 16:33:00,2026-04-29 18:47:00,264,6,3
9846,8,21,15,2026-04-03 08:15:00,2026-04-03 11:12:00,270,8,1
9847,4,25,2,2026-04-26 09:08:00,2026-04-26 11:40:00,494,2,3
9848,4,32,16,2026-06-23 21:32:00,2026-06-24 00:37:00,341,27,1
9849,1,28,10,2026-01-06 22:35:00,2026-01-07 00:00:00,167,9,2
9850,5,38,13,2026-04-27 09:15:00,2026-04-27 11:50:00,444,32,2
9851,1,28,3,2026-03-13 05:17:00,2026-03-13 06:18:00,447,24,3
9852,9,45,20,2026-01-19 08:18:00,2026-01-19 10:29:00,250,0,2
9853,8,26,15,2026-04-25 06:31:00,2026-04-25 09:07:00,479,19,3
9854,5,38,16,2026-06-11 09:39:00,2026-06-11 12:43:00,307,4,2
9855,3,4,20,2026-02-27 18:39:00,2026-02-27 21:53:00,225,13,2
9856,5,41,14,2026-01-24 00:09:00,2026-01-24 02:36:00,247,11,2
9857,4,25,14,2026-03-13 15:52:00,2026-03-13 19:37:00,435,11,1
9858,3,4,4,2026-06-28 15:19:00,2026-06-28 18:28:00,244,15,1
9859,3,4,4,2026-03-21 01:44:00,2026-03-21 03:49:00,99,6,3
9860,9,45,16,2026-06-16 21:35:00,2026-06-16 23:29:00,314,2,2
9861,8,21,7,2026-01-22 12:47:00,2026-01-22 14:57:00,229,1,1
9862,2,36,9,2026-02-11 07:55:00,2026-02-11 09:59:00,167,2,2
9863,3,23,13,2026-06-22 06:59:00,2026-06-22 07:38:00,479,35,2
9864,8,21,3,2026-03-29 17:41:00,2026-03-29 19:03:00,96,2,1
9865,9,50,16,2026-02-25 17:10:00,2026-02-25 18:29:00,131,2,1
9866,1,28,15,2026-02-01 13:08:00,2026-02-01 15:18:00,487,11,1
9867,3,4,8,2026-06-13 07:06:00,2026-06-13 10:39:00,418,19,2
9868,4,29,10,2026-01-03 20:09:00,2026-01-03 23:46:00,339,19,3
9869,9,50,19,2026-03-03 09:23:00,2026-03-03 10:23:00,230,0,1
9870,8,48,14,2026-06-14 23:35:00,2026-06-15 01:42:00,250,11,2
9871,5,43,11,2026-03-24 07:25:00,2026-03-24 11:04:00,210,8,2
9872,9,2,12,2026-02-16 08:36:00,2026-02-16 09:07:00,304,17,3
9873,2,36,10,2026-03-14 23:47:00,2026-03-15 01:25:00,289,10,3
9874,5,41,20,2026-03-01 14:19:00,2026-03-01 17:41:00,138,5,1
9875,8,15,13,2026-06-21 10:45:00,2026-06-21 11:20:00,110,3,1
9876,3,14,15,2026-03-11 07:59:00,2026-03-11 09:43:00,392,12,3
9877,10,20,17,2026-03-23 16:24:00,2026-03-23 18:39:00,455,5,2
9878,4,35,9,2026-01-06 11:45:00,2026-01-06 13:34:00,287,12,2
9879,7,19,11,2026-05-29 11:00:00,2026-05-29 14:15:00,76,5,3
9880,1,47,16,2026-01-21 20:08:00,2026-01-21 20:52:00,298,10,1
9881,4,35,19,2026-04-22 10:08:00,2026-04-22 13:48:00,468,3,1
9882,2,18,6,2026-01-18 21:48:00,2026-01-18 22:44:00,168,11,2
9883,1,47,2,2026-04-08 07:04:00,2026-04-08 10:11:00,207,7,1
9884,9,50,20,2026-02-24 20:23:00,2026-02-24 21:00:00,421,4,3
9885,1,47,15,2026-02-03 18:57:00,2026-02-03 20:00:00,316,19,3
9886,4,35,14,2026-06-29 09:39:00,2026-06-29 12:14:00,62,0,3
9887,9,17,13,2026-03-20 15:27:00,2026-03-20 19:02:00,409,24,1
9888,9,45,3,2026-03-20 03:11:00,2026-03-20 03:51:00,301,11,3
9889,8,21,10,2026-01-16 12:54:00,2026-01-16 15:23:00,158,1,1
9890,7,37,7,2026-02-11 01:07:00,2026-02-11 02:52:00,343,9,1
9891,2,16,4,2026-03-21 23:09:00,2026-03-22 00:57:00,91,6,2
9892,1,42,20,2026-05-31 09:56:00,2026-05-31 13:09:00,78,6,2
9893,4,25,12,2026-03-23 12:25:00,2026-03-23 15:08:00,468,23,2
9894,4,25,6,2026-05-26 11:54:00,2026-05-26 15:31:00,417,2,3
9895,4,25,8,2026-04-15 14:36:00,2026-04-15 15:30:00,300,1,1
9896,8,21,8,2026-03-04 03:08:00,2026-03-04 05:47:00,307,8,1
9897,8,15,17,2026-03-21 13:06:00,2026-03-21 13:43:00,374,1,2
9898,3,49,1,2026-01-20 21:46:00,2026-01-20 22:21:00,102,0,1
9899,2,11,10,2026-03-22 07:59:00,2026-03-22 09:48:00,209,7,1
9900,8,10,6,2026-05-28 11:14:00,2026-05-28 14:02:00,291,11,2
9901,8,21,12,2026-03-13 23:32:00,2026-03-14 02:28:00,266,20,1
9902,5,41,11,2026-03-17 00:57:00,2026-03-17 02:45:00,391,13,2
9903,9,50,13,2026-04-21 17:44:00,2026-04-21 18:36:00,450,15,1
9904,3,14,19,2026-03-04 14:32:00,2026-03-04 17:21:00,194,0,1
9905,8,15,7,2026-02-09 00:50:00,2026-02-09 02:28:00,477,5,3
9906,4,32,1,2026-05-27 14:47:00,2026-05-27 17:41:00,318,17,2
9907,10,30,9,2026-06-16 18:47:00,2026-06-16 19:51:00,450,6,2
9908,4,32,7,2026-02-23 09:32:00,2026-02-23 11:24:00,243,3,2
9909,3,14,12,2026-01-20 21:17:00,2026-01-20 22:13:00,257,9,1
9910,5,38,18,2026-01-18 17:49:00,2026-01-18 20:08:00,128,10,1
9911,3,49,14,2026-03-06 19:14:00,2026-03-06 23:04:00,478,0,2
9912,1,39,3,2026-05-13 14:18:00,2026-05-13 17:36:00,369,1,1
9913,1,42,7,2026-04-18 13:39:00,2026-04-18 15:26:00,54,2,3
9914,1,42,18,2026-06-01 11:33:00,2026-06-01 12:58:00,417,27,2
9915,9,12,15,2026-05-08 19:22:00,2026-05-08 21:26:00,143,11,1
9916,3,34,3,2026-05-28 21:55:00,2026-05-29 00:42:00,253,3,3
9917,3,3,16,2026-05-21 07:12:00,2026-05-21 08:46:00,174,12,2
9918,3,23,10,2026-05-10 16:46:00,2026-05-10 18:00:00,489,29,3
9919,10,20,12,2026-04-10 19:51:00,2026-04-10 21:39:00,50,0,3
9920,7,37,9,2026-01-26 20:51:00,2026-01-26 21:24:00,446,26,3
9921,7,19,11,2026-03-29 01:39:00,2026-03-29 04:41:00,496,33,2
9922,10,20,5,2026-04-21 15:28:00,2026-04-21 17:19:00,239,13,2
9923,5,38,6,2026-03-18 18:29:00,2026-03-18 19:35:00,410,19,2
9924,9,12,4,2026-01-17 16:22:00,2026-01-17 17:26:00,143,9,2
9925,10,24,4,2026-04-08 14:35:00,2026-04-08 18:04:00,315,15,3
9926,3,14,2,2026-05-13 17:50:00,2026-05-13 18:33:00,351,19,2
9927,2,11,5,2026-02-14 01:21:00,2026-02-14 04:42:00,110,0,2
9928,3,46,16,2026-01-30 20:26:00,2026-01-30 22:13:00,453,9,3
9929,2,22,13,2026-05-19 18:08:00,2026-05-19 21:30:00,86,5,1
9930,10,24,19,2026-02-14 22:55:00,2026-02-15 00:39:00,153,6,1
9931,2,5,18,2026-02-09 11:27:00,2026-02-09 13:08:00,254,1,1
9932,10,24,14,2026-03-17 14:14:00,2026-03-17 16:50:00,446,3,1
9933,7,19,3,2026-03-03 17:53:00,2026-03-03 20:27:00,149,5,2
9934,6,7,5,2026-05-01 10:36:00,2026-05-01 14:22:00,436,17,3
9935,2,16,17,2026-04-26 01:16:00,2026-04-26 01:57:00,210,14,1
9936,10,30,12,2026-03-09 23:03:00,2026-03-10 01:27:00,355,24,2
9937,10,24,7,2026-06-28 17:18:00,2026-06-28 19:58:00,188,13,3
9938,9,45,17,2026-03-31 02:21:00,2026-03-31 04:28:00,495,29,1
9939,2,18,17,2026-03-13 17:00:00,2026-03-13 20:40:00,121,7,1
9940,9,45,5,2026-01-08 20:38:00,2026-01-08 23:01:00,74,2,1
9941,4,32,12,2026-06-05 15:36:00,2026-06-05 16:46:00,418,6,1
9942,4,27,9,2026-06-03 05:38:00,2026-06-03 07:55:00,277,3,2
9943,2,36,7,2026-04-11 06:49:00,2026-04-11 08:20:00,328,22,3
9944,3,23,9,2026-05-25 13:03:00,2026-05-25 16:16:00,249,0,2
9945,4,25,8,2026-06-17 16:10:00,2026-06-17 17:12:00,54,0,3
9946,8,21,16,2026-04-07 10:48:00,2026-04-07 12:44:00,223,5,1
9947,1,42,11,2026-01-05 21:24:00,2026-01-05 23:33:00,402,31,3
9948,9,45,6,2026-03-13 10:31:00,2026-03-13 12:17:00,444,6,2
9949,8,15,14,2026-06-22 05:34:00,2026-06-22 08:34:00,101,5,3
9950,8,15,11,2026-02-28 15:53:00,2026-02-28 19:20:00,126,7,3
9951,9,17,10,2026-06-05 02:19:00,2026-06-05 05:30:00,196,6,1
9952,4,25,7,2026-01-10 04:23:00,2026-01-10 08:02:00,79,4,3
9953,2,22,3,2026-03-26 17:56:00,2026-03-26 18:26:00,334,10,3
9954,8,48,20,2026-03-04 13:12:00,2026-03-04 15:17:00,174,13,3
9955,4,44,1,2026-04-10 22:28:00,2026-04-11 01:54:00,497,33,3
9956,2,22,2,2026-03-11 17:05:00,2026-03-11 18:04:00,373,14,3
9957,9,12,17,2026-03-21 09:08:00,2026-03-21 10:05:00,315,22,2
9958,2,22,10,2026-01-27 11:02:00,2026-01-27 14:34:00,455,10,3
9959,6,7,2,2026-02-15 18:45:00,2026-02-15 22:20:00,244,9,3
9960,9,2,12,2026-04-11 12:55:00,2026-04-11 15:33:00,459,31,3
9961,2,18,18,2026-05-31 06:21:00,2026-05-31 08:56:00,212,4,3
9962,10,24,14,2026-05-06 07:34:00,2026-05-06 10:13:00,408,29,1
9963,5,13,9,2026-03-09 02:37:00,2026-03-09 04:22:00,294,7,2
9964,3,46,5,2026-01-24 12:05:00,2026-01-24 13:53:00,51,3,3
9965,4,44,9,2026-02-12 23:13:00,2026-02-13 02:25:00,497,5,1
9966,8,48,3,2026-01-05 01:25:00,2026-01-05 04:02:00,411,17,1
9967,8,21,7,2026-05-14 10:09:00,2026-05-14 14:03:00,335,2,2
9968,10,30,7,2026-05-22 04:17:00,2026-05-22 07:53:00,61,3,3
9969,1,47,13,2026-06-11 00:50:00,2026-06-11 04:16:00,305,2,3
9970,2,18,4,2026-02-19 17:22:00,2026-02-19 18:51:00,263,8,3
9971,3,34,6,2026-01-31 13:31:00,2026-01-31 14:13:00,50,2,2
9972,8,48,13,2026-03-02 10:37:00,2026-03-02 13:48:00,251,16,1
9973,2,5,16,2026-06-08 18:26:00,2026-06-08 21:41:00,131,9,1
9974,9,12,19,2026-01-05 21:11:00,2026-01-06 00:51:00,203,1,2
9975,2,5,14,2026-05-22 08:33:00,2026-05-22 09:34:00,101,3,3
9976,1,42,15,2026-03-16 10:56:00,2026-03-16 13:44:00,442,10,2
9977,3,14,19,2026-03-15 21:15:00,2026-03-16 00:03:00,205,6,1
9978,2,5,7,2026-02-24 00:51:00,2026-02-24 02:55:00,341,3,2
9979,9,12,3,2026-01-14 00:17:00,2026-01-14 03:30:00,101,5,1
9980,2,5,3,2026-02-02 03:47:00,2026-02-02 06:57:00,499,27,1
9981,2,22,17,2026-01-18 13:40:00,2026-01-18 16:09:00,299,16,3
9982,3,49,4,2026-01-14 05:29:00,2026-01-14 08:17:00,110,7,2
9983,3,23,10,2026-03-16 01:16:00,2026-03-16 03:57:00,167,12,1
9984,9,50,17,2026-06-23 15:38:00,2026-06-23 18:13:00,455,32,3
9985,6,6,5,2026-01-14 09:31:00,2026-01-14 12:39:00,423,4,3
9986,4,33,19,2026-06-13 02:23:00,2026-06-13 04:01:00,138,0,3
9987,10,20,4,2026-04-05 18:22:00,2026-04-05 22:21:00,399,30,1
9988,6,7,19,2026-06-12 07:28:00,2026-06-12 10:50:00,185,6,1
9989,9,12,13,2026-05-14 02:45:00,2026-05-14 05:15:00,316,1,2
9990,5,38,17,2026-05-09 05:51:00,2026-05-09 07:05:00,406,31,3
9991,3,4,6,2026-01-09 01:18:00,2026-01-09 03:01:00,322,5,2
9992,1,39,8,2026-02-13 07:55:00,2026-02-13 09:25:00,144,1,1
9993,4,32,18,2026-01-10 08:43:00,2026-01-10 12:18:00,449,17,3
9994,9,17,2,2026-03-15 07:21:00,2026-03-15 09:12:00,168,9,1
9995,1,28,6,2026-06-08 17:31:00,2026-06-08 18:56:00,277,9,3
9996,2,36,7,2026-04-28 09:51:00,2026-04-28 13:18:00,164,9,2
9997,4,35,9,2026-05-16 16:13:00,2026-05-16 18:48:00,378,9,3
9998,3,23,2,2026-01-03 03:16:00,2026-01-03 04:00:00,57,2,3
9999,3,40,5,2026-05-16 10:21:00,2026-05-16 14:08:00,281,17,3
10000,8,48,12,2026-03-15 15:43:00,2026-03-15 16:42:00,150,10,1
